ISO-10303-21;
HEADER;
FILE_DESCRIPTION(('FreeCAD Model'),'2;1');
FILE_NAME('Open CASCADE Shape Model','2026-04-03T00:34:54',(''),(''),
  'Open CASCADE STEP processor 7.8','FreeCAD','Unknown');
FILE_SCHEMA(('AUTOMOTIVE_DESIGN { 1 0 10303 214 1 1 1 1 }'));
ENDSEC;
DATA;
#1 = APPLICATION_PROTOCOL_DEFINITION('international standard',
  'automotive_design',2000,#2);
#2 = APPLICATION_CONTEXT(
  'core data for automotive mechanical design processes');
#3 = SHAPE_DEFINITION_REPRESENTATION(#4,#10);
#4 = PRODUCT_DEFINITION_SHAPE('','',#5);
#5 = PRODUCT_DEFINITION('design','',#6,#9);
#6 = PRODUCT_DEFINITION_FORMATION('','',#7);
#7 = PRODUCT('M2x10-Screw002','M2x10-Screw002','',(#8));
#8 = PRODUCT_CONTEXT('',#2,'mechanical');
#9 = PRODUCT_DEFINITION_CONTEXT('part definition',#2,'design');
#10 = ADVANCED_BREP_SHAPE_REPRESENTATION('',(#11,#15),#10626);
#11 = AXIS2_PLACEMENT_3D('',#12,#13,#14);
#12 = CARTESIAN_POINT('',(0.,0.,0.));
#13 = DIRECTION('',(0.,0.,1.));
#14 = DIRECTION('',(1.,0.,-0.));
#15 = MANIFOLD_SOLID_BREP('',#16);
#16 = CLOSED_SHELL('',(#17,#45,#71,#442,#467,#517,#560,#603,#646,#689,
    #732,#775,#818,#861,#904,#947,#991,#1016,#1053,#1073,#1082,#1108,
    #1329,#1369,#1461,#1488,#1662,#1711,#1820,#1854,#2037,#2086,#2195,
    #2229,#2412,#2461,#2570,#2604,#2778,#2827,#2936,#2970,#3144,#3193,
    #3302,#3336,#3519,#3568,#3677,#3711,#3880,#3929,#4038,#4072,#4255,
    #4304,#4413,#4447,#4616,#4665,#4774,#4808,#4982,#5031,#5140,#5174,
    #5368,#5417,#5526,#5560,#5729,#5778,#5887,#5921,#6090,#6139,#6248,
    #6282,#6471,#6520,#6629,#6663,#6837,#6886,#6995,#7029,#7212,#7261,
    #7370,#7404,#7573,#7622,#7731,#7765,#7965,#8014,#8123,#8157,#8346,
    #8395,#8504,#8538,#8721,#8770,#8879,#8913,#9092,#9141,#9250,#9284,
    #9467,#9516,#9625,#9659,#9842,#9891,#10000,#10034,#10087,#10136,
    #10245,#10322,#10366,#10422,#10550,#10596,#10613));
#17 = ADVANCED_FACE('',(#18,#29),#40,.T.);
#18 = FACE_BOUND('',#19,.F.);
#19 = EDGE_LOOP('',(#20));
#20 = ORIENTED_EDGE('',*,*,#21,.F.);
#21 = EDGE_CURVE('',#22,#22,#24,.T.);
#22 = VERTEX_POINT('',#23);
#23 = CARTESIAN_POINT('',(1.7,0.,2.));
#24 = CIRCLE('',#25,1.7);
#25 = AXIS2_PLACEMENT_3D('',#26,#27,#28);
#26 = CARTESIAN_POINT('',(0.,0.,2.));
#27 = DIRECTION('',(0.,0.,1.));
#28 = DIRECTION('',(1.,0.,-0.));
#29 = FACE_BOUND('',#30,.F.);
#30 = EDGE_LOOP('',(#31));
#31 = ORIENTED_EDGE('',*,*,#32,.F.);
#32 = EDGE_CURVE('',#33,#33,#35,.T.);
#33 = VERTEX_POINT('',#34);
#34 = CARTESIAN_POINT('',(-0.88375,-0.,2.));
#35 = CIRCLE('',#36,0.88375);
#36 = AXIS2_PLACEMENT_3D('',#37,#38,#39);
#37 = CARTESIAN_POINT('',(0.,0.,2.));
#38 = DIRECTION('',(0.,0.,-1.));
#39 = DIRECTION('',(-1.,0.,-0.));
#40 = PLANE('',#41);
#41 = AXIS2_PLACEMENT_3D('',#42,#43,#44);
#42 = CARTESIAN_POINT('',(0.,0.,2.));
#43 = DIRECTION('',(0.,0.,1.));
#44 = DIRECTION('',(1.,0.,-0.));
#45 = ADVANCED_FACE('',(#46),#66,.T.);
#46 = FACE_BOUND('',#47,.F.);
#47 = EDGE_LOOP('',(#48,#49,#58,#65));
#48 = ORIENTED_EDGE('',*,*,#21,.T.);
#49 = ORIENTED_EDGE('',*,*,#50,.T.);
#50 = EDGE_CURVE('',#22,#51,#53,.T.);
#51 = VERTEX_POINT('',#52);
#52 = CARTESIAN_POINT('',(1.9,0.,1.8));
#53 = CIRCLE('',#54,0.2);
#54 = AXIS2_PLACEMENT_3D('',#55,#56,#57);
#55 = CARTESIAN_POINT('',(1.7,0.,1.8));
#56 = DIRECTION('',(0.,1.,0.));
#57 = DIRECTION('',(0.,-0.,1.));
#58 = ORIENTED_EDGE('',*,*,#59,.F.);
#59 = EDGE_CURVE('',#51,#51,#60,.T.);
#60 = CIRCLE('',#61,1.9);
#61 = AXIS2_PLACEMENT_3D('',#62,#63,#64);
#62 = CARTESIAN_POINT('',(0.,0.,1.8));
#63 = DIRECTION('',(0.,0.,1.));
#64 = DIRECTION('',(1.,0.,-0.));
#65 = ORIENTED_EDGE('',*,*,#50,.F.);
#66 = TOROIDAL_SURFACE('',#67,1.7,0.2);
#67 = AXIS2_PLACEMENT_3D('',#68,#69,#70);
#68 = CARTESIAN_POINT('',(0.,0.,1.8));
#69 = DIRECTION('',(-0.,-0.,-1.));
#70 = DIRECTION('',(1.,0.,-0.));
#71 = ADVANCED_FACE('',(#72),#437,.F.);
#72 = FACE_BOUND('',#73,.F.);
#73 = EDGE_LOOP('',(#74,#107,#124,#130,#131,#132,#149,#180,#207,#238,
    #265,#296,#323,#354,#381,#412));
#74 = ORIENTED_EDGE('',*,*,#75,.T.);
#75 = EDGE_CURVE('',#76,#78,#80,.T.);
#76 = VERTEX_POINT('',#77);
#77 = CARTESIAN_POINT('',(-0.498479820879,0.587088945624,1.963094298935)
  );
#78 = VERTEX_POINT('',#79);
#79 = CARTESIAN_POINT('',(-0.757673851631,0.138151715343,1.963094298935)
  );
#80 = B_SPLINE_CURVE_WITH_KNOTS('',7,(#81,#82,#83,#84,#85,#86,#87,#88,
    #89,#90,#91,#92,#93,#94,#95,#96,#97,#98,#99,#100,#101,#102,#103,#104
    ,#105,#106),.UNSPECIFIED.,.F.,.F.,(8,6,6,6,8),(0.,0.199214032947,
    0.499732673052,0.800272606462,1.),.UNSPECIFIED.);
#81 = CARTESIAN_POINT('',(-0.498479820879,0.587088945624,1.963094298935)
  );
#82 = CARTESIAN_POINT('',(-0.492352785471,0.570856695515,1.957785336049)
  );
#83 = CARTESIAN_POINT('',(-0.487212496157,0.554270595502,1.952613104291)
  );
#84 = CARTESIAN_POINT('',(-0.483087239292,0.537415362152,1.947615795649)
  );
#85 = CARTESIAN_POINT('',(-0.479993767392,0.520380320366,1.942834743947)
  );
#86 = CARTESIAN_POINT('',(-0.477937043391,0.503256679913,1.938312284243)
  );
#87 = CARTESIAN_POINT('',(-0.476909984895,0.486134811964,1.934089612232)
  );
#88 = CARTESIAN_POINT('',(-0.476867900776,0.443406447975,1.924344085204)
  );
#89 = CARTESIAN_POINT('',(-0.479141776116,0.417905442525,1.919250120889)
  );
#90 = CARTESIAN_POINT('',(-0.483652260608,0.392903111165,1.915054074112)
  );
#91 = CARTESIAN_POINT('',(-0.490271570119,0.368627710454,1.911852733526)
  );
#92 = CARTESIAN_POINT('',(-0.498873152463,0.34521524308,1.909700594846)
  );
#93 = CARTESIAN_POINT('',(-0.509370911745,0.322766416879,1.90862207806)
  );
#94 = CARTESIAN_POINT('',(-0.534036953101,0.279998287572,1.908610628045)
  );
#95 = CARTESIAN_POINT('',(-0.548211321582,0.25966903301,1.909677844025)
  );
#96 = CARTESIAN_POINT('',(-0.564168941418,0.240499207447,1.911818995241)
  );
#97 = CARTESIAN_POINT('',(-0.581865705116,0.222613410396,1.915009859563)
  );
#98 = CARTESIAN_POINT('',(-0.601247437247,0.206188892702,1.919196199812)
  );
#99 = CARTESIAN_POINT('',(-0.622180913202,0.191450336199,1.924281486437)
  );
#100 = CARTESIAN_POINT('',(-0.659222848936,0.170067500146,1.934024330152
    ));
#101 = CARTESIAN_POINT('',(-0.674597265784,0.162364722421,1.938254021193
    ));
#102 = CARTESIAN_POINT('',(-0.690491472417,0.155556847619,1.942785471182
    ));
#103 = CARTESIAN_POINT('',(-0.706830225774,0.149695674674,1.947577176323
    ));
#104 = CARTESIAN_POINT('',(-0.723531463256,0.144822885392,1.952586471329
    ));
#105 = CARTESIAN_POINT('',(-0.740508770912,0.140968897109,1.957771685521
    ));
#106 = CARTESIAN_POINT('',(-0.757673851631,0.138151715343,1.963094298935
    ));
#107 = ORIENTED_EDGE('',*,*,#108,.T.);
#108 = EDGE_CURVE('',#78,#109,#111,.T.);
#109 = VERTEX_POINT('',#110);
#110 = CARTESIAN_POINT('',(-0.875,0.,1.997156952658));
#111 = B_SPLINE_CURVE_WITH_KNOTS('',6,(#112,#113,#114,#115,#116,#117,
    #118,#119,#120,#121,#122,#123),.UNSPECIFIED.,.F.,.F.,(7,5,7),(0.,
    0.533782739681,1.),.UNSPECIFIED.);
#112 = CARTESIAN_POINT('',(-0.757673851631,0.138151715343,1.963094298935
    ));
#113 = CARTESIAN_POINT('',(-0.774980161953,0.135311354573,1.968460705361
    ));
#114 = CARTESIAN_POINT('',(-0.791855193557,0.129870138676,1.973555293831
    ));
#115 = CARTESIAN_POINT('',(-0.807812513595,0.121910392157,1.978253369854
    ));
#116 = CARTESIAN_POINT('',(-0.822386900728,0.111634717959,1.982456416051
    ));
#117 = CARTESIAN_POINT('',(-0.83517853625,9.935691626335E-02,
    1.986088840375));
#118 = CARTESIAN_POINT('',(-0.855235046445,7.333581650034E-02,
    1.991722649944));
#119 = CARTESIAN_POINT('',(-0.862994750596,5.997481889102E-02,
    1.993872283045));
#120 = CARTESIAN_POINT('',(-0.868960066051,4.564441530096E-02,
    1.995508594649));
#121 = CARTESIAN_POINT('',(-0.872987065703,3.065105486408E-02,
    1.996607482639));
#122 = CARTESIAN_POINT('',(-0.875,1.532536727462E-02,1.997156952658));
#123 = CARTESIAN_POINT('',(-0.875,0.,1.997156952658));
#124 = ORIENTED_EDGE('',*,*,#125,.F.);
#125 = EDGE_CURVE('',#33,#109,#126,.T.);
#126 = LINE('',#127,#128);
#127 = CARTESIAN_POINT('',(-3.34589682974,-8.2E-16,2.8));
#128 = VECTOR('',#129,1.);
#129 = DIRECTION('',(0.951056516295,2.3E-16,-0.309016994375));
#130 = ORIENTED_EDGE('',*,*,#32,.T.);
#131 = ORIENTED_EDGE('',*,*,#125,.T.);
#132 = ORIENTED_EDGE('',*,*,#133,.T.);
#133 = EDGE_CURVE('',#109,#134,#136,.T.);
#134 = VERTEX_POINT('',#135);
#135 = CARTESIAN_POINT('',(-0.757673851631,-0.138151715343,
    1.963094298935));
#136 = B_SPLINE_CURVE_WITH_KNOTS('',6,(#137,#138,#139,#140,#141,#142,
    #143,#144,#145,#146,#147,#148),.UNSPECIFIED.,.F.,.F.,(7,5,7),(0.,
    0.466127374749,1.),.UNSPECIFIED.);
#137 = CARTESIAN_POINT('',(-0.875,0.,1.997156952658));
#138 = CARTESIAN_POINT('',(-0.875,-1.532241510057E-02,1.997156952658));
#139 = CARTESIAN_POINT('',(-0.872987840991,-3.064515018982E-02,
    1.996607694325));
#140 = CARTESIAN_POINT('',(-0.868962393174,-4.563575049696E-02,
    1.995509229641));
#141 = CARTESIAN_POINT('',(-0.862999346909,-5.996377668537E-02,
    1.993873543759));
#142 = CARTESIAN_POINT('',(-0.855242519508,-7.332294707315E-02,
    1.991724720235));
#143 = CARTESIAN_POINT('',(-0.835189293755,-9.934659090466E-02,
    1.986091895152));
#144 = CARTESIAN_POINT('',(-0.822396708334,-0.111627800402,
    1.982459244405));
#145 = CARTESIAN_POINT('',(-0.807820570202,-0.121906374407,
    1.978255741797));
#146 = CARTESIAN_POINT('',(-0.791860865565,-0.129868313223,
    1.973557006399));
#147 = CARTESIAN_POINT('',(-0.774983059292,-0.135310879054,
    1.968461603779));
#148 = CARTESIAN_POINT('',(-0.757673851631,-0.138151715343,
    1.963094298935));
#149 = ORIENTED_EDGE('',*,*,#150,.T.);
#150 = EDGE_CURVE('',#134,#151,#153,.T.);
#151 = VERTEX_POINT('',#152);
#152 = CARTESIAN_POINT('',(-0.498479820879,-0.587088945624,
    1.963094298935));
#153 = B_SPLINE_CURVE_WITH_KNOTS('',7,(#154,#155,#156,#157,#158,#159,
    #160,#161,#162,#163,#164,#165,#166,#167,#168,#169,#170,#171,#172,
    #173,#174,#175,#176,#177,#178,#179),.UNSPECIFIED.,.F.,.F.,(8,6,6,6,8
    ),(0.,0.199214032947,0.499732673052,0.800272606461,1.),
  .UNSPECIFIED.);
#154 = CARTESIAN_POINT('',(-0.757673851631,-0.138151715343,
    1.963094298935));
#155 = CARTESIAN_POINT('',(-0.740552792972,-0.140961672084,
    1.957785336049));
#156 = CARTESIAN_POINT('',(-0.723618664354,-0.144803100962,
    1.952613104291));
#157 = CARTESIAN_POINT('',(-0.706958975653,-0.149658140395,
    1.947615795649));
#158 = CARTESIAN_POINT('',(-0.690659460762,-0.155496636036,
    1.942834743947));
#159 = CARTESIAN_POINT('',(-0.674801591125,-0.16227728103,1.938312284243
    ));
#160 = CARTESIAN_POINT('',(-0.659460089273,-0.169948756256,
    1.934089612232));
#161 = CARTESIAN_POINT('',(-0.622435198537,-0.191276492334,
    1.924344085204));
#162 = CARTESIAN_POINT('',(-0.601487617664,-0.205996228868,
    1.919250120889));
#163 = CARTESIAN_POINT('',(-0.582090205799,-0.222403588702,
    1.915054074112));
#164 = CARTESIAN_POINT('',(-0.564376746852,-0.240273779249,
    1.911852733526));
#165 = CARTESIAN_POINT('',(-0.548401746512,-0.259429201759,
    1.909700594846));
#166 = CARTESIAN_POINT('',(-0.534209372378,-0.27974494108,1.90862207806)
  );
#167 = CARTESIAN_POINT('',(-0.509504106604,-0.322490424159,
    1.908610628045));
#168 = CARTESIAN_POINT('',(-0.498985639953,-0.344930414627,
    1.909677844025));
#169 = CARTESIAN_POINT('',(-0.490362893948,-0.368335031571,
    1.911818995241));
#170 = CARTESIAN_POINT('',(-0.483721721184,-0.392603777024,
    1.915009859563));
#171 = CARTESIAN_POINT('',(-0.479188537682,-0.417601108265,
    1.919196199812));
#172 = CARTESIAN_POINT('',(-0.476891311312,-0.443099308483,
    1.924281486437));
#173 = CARTESIAN_POINT('',(-0.476894199952,-0.485869983861,
    1.934024330152));
#174 = CARTESIAN_POINT('',(-0.477910607188,-0.503036008282,
    1.938254021193));
#175 = CARTESIAN_POINT('',(-0.479961917979,-0.5202047324,1.942785471182)
  );
#176 = CARTESIAN_POINT('',(-0.483055369991,-0.537285094346,
    1.947577176323));
#177 = CARTESIAN_POINT('',(-0.487186029427,-0.554185184921,
    1.952586471329));
#178 = CARTESIAN_POINT('',(-0.492337031496,-0.570814958781,
    1.957771685521));
#179 = CARTESIAN_POINT('',(-0.498479820879,-0.587088945624,
    1.963094298935));
#180 = ORIENTED_EDGE('',*,*,#181,.T.);
#181 = EDGE_CURVE('',#151,#182,#184,.T.);
#182 = VERTEX_POINT('',#183);
#183 = CARTESIAN_POINT('',(-0.259194030752,-0.725240660967,
    1.963094298935));
#184 = B_SPLINE_CURVE_WITH_KNOTS('',6,(#185,#186,#187,#188,#189,#190,
    #191,#192,#193,#194,#195,#196,#197,#198,#199,#200,#201,#202,#203,
    #204,#205,#206),.UNSPECIFIED.,.F.,.F.,(7,5,5,5,7),(0.,0.266891348662
    ,0.50002393,0.733156537911,1.),.UNSPECIFIED.);
#185 = CARTESIAN_POINT('',(-0.498479820879,-0.587088945624,
    1.963094298935));
#186 = CARTESIAN_POINT('',(-0.504673151457,-0.603496830393,
    1.968460705361));
#187 = CARTESIAN_POINT('',(-0.508398436064,-0.620831644401,
    1.973555293831));
#188 = CARTESIAN_POINT('',(-0.50948375339,-0.63863096219,1.978253369854)
  );
#189 = CARTESIAN_POINT('',(-0.507871952061,-0.656390588791,
    1.982456416051));
#190 = CARTESIAN_POINT('',(-0.503634881651,-0.673607370956,
    1.986088840375));
#191 = CARTESIAN_POINT('',(-0.491127603757,-0.703988824575,
    1.991722920025));
#192 = CARTESIAN_POINT('',(-0.483435510376,-0.717390723888,
    1.993872725123));
#193 = CARTESIAN_POINT('',(-0.474006347755,-0.729723088392,
    1.995509099415));
#194 = CARTESIAN_POINT('',(-0.463033612257,-0.740707966389,
    1.996607934596));
#195 = CARTESIAN_POINT('',(-0.450765850963,-0.750114380605,
    1.997157235097));
#196 = CARTESIAN_POINT('',(-0.424217770144,-0.765439531639,
    1.997156670045));
#197 = CARTESIAN_POINT('',(-0.409936895262,-0.771358588502,
    1.996606804357));
#198 = CARTESIAN_POINT('',(-0.394936802579,-0.775366790586,
    1.995507411328));
#199 = CARTESIAN_POINT('',(-0.379541811119,-0.777364422804,
    1.993870493938));
#200 = CARTESIAN_POINT('',(-0.364089385653,-0.777322934152,
    1.991720167952));
#201 = CARTESIAN_POINT('',(-0.331528347092,-0.772959847391,
    1.986085575086));
#202 = CARTESIAN_POINT('',(-0.314503313564,-0.768019924523,
    1.982453394075));
#203 = CARTESIAN_POINT('',(-0.298320742726,-0.760536050829,
    1.978250837376));
#204 = CARTESIAN_POINT('',(-0.283452022783,-0.750697505128,
    1.973553460805));
#205 = CARTESIAN_POINT('',(-0.270305003824,-0.738805735079,
    1.968459736349));
#206 = CARTESIAN_POINT('',(-0.259194030752,-0.725240660967,
    1.963094298935));
#207 = ORIENTED_EDGE('',*,*,#208,.T.);
#208 = EDGE_CURVE('',#182,#209,#211,.T.);
#209 = VERTEX_POINT('',#210);
#210 = CARTESIAN_POINT('',(0.259194030752,-0.725240660967,1.963094298935
    ));
#211 = B_SPLINE_CURVE_WITH_KNOTS('',7,(#212,#213,#214,#215,#216,#217,
    #218,#219,#220,#221,#222,#223,#224,#225,#226,#227,#228,#229,#230,
    #231,#232,#233,#234,#235,#236,#237),.UNSPECIFIED.,.F.,.F.,(8,6,6,6,8
    ),(0.,0.199214032947,0.499732673052,0.800272606461,1.),
  .UNSPECIFIED.);
#212 = CARTESIAN_POINT('',(-0.259194030752,-0.725240660967,
    1.963094298935));
#213 = CARTESIAN_POINT('',(-0.248200007501,-0.711818367599,
    1.957785336049));
#214 = CARTESIAN_POINT('',(-0.236406168197,-0.699073696464,
    1.952613104291));
#215 = CARTESIAN_POINT('',(-0.223871736362,-0.687073502547,
    1.947615795649));
#216 = CARTESIAN_POINT('',(-0.210665693371,-0.675876956402,
    1.942834743947));
#217 = CARTESIAN_POINT('',(-0.196864547733,-0.665533960943,
    1.938312284243));
#218 = CARTESIAN_POINT('',(-0.182550104377,-0.65608356822,1.934089612232
    ));
#219 = CARTESIAN_POINT('',(-0.14556729776,-0.634682940309,1.924344085204
    ));
#220 = CARTESIAN_POINT('',(-0.122345841549,-0.623901671393,
    1.919250120889));
#221 = CARTESIAN_POINT('',(-9.843794519072E-02,-0.615306699867,
    1.915054074112));
#222 = CARTESIAN_POINT('',(-7.410517673301E-02,-0.608901489703,
    1.911852733526));
#223 = CARTESIAN_POINT('',(-4.952859404936E-02,-0.604644444838,
    1.909700594846));
#224 = CARTESIAN_POINT('',(-2.483846063353E-02,-0.602511357959,
    1.90862207806));
#225 = CARTESIAN_POINT('',(2.453284649644E-02,-0.602488711731,
    1.908610628045));
#226 = CARTESIAN_POINT('',(4.922568162818E-02,-0.604599447637,
    1.909677844025));
#227 = CARTESIAN_POINT('',(7.380604747018E-02,-0.608834239017,
    1.911818995241));
#228 = CARTESIAN_POINT('',(9.814398393184E-02,-0.61521718742,
    1.915009859563));
#229 = CARTESIAN_POINT('',(0.122058899565,-0.623790000967,1.919196199812
    ));
#230 = CARTESIAN_POINT('',(0.145289601889,-0.634549644682,1.924281486437
    ));
#231 = CARTESIAN_POINT('',(0.182328648984,-0.655937484007,1.934024330152
    ));
#232 = CARTESIAN_POINT('',(0.196686658597,-0.665400730703,1.938254021193
    ));
#233 = CARTESIAN_POINT('',(0.210529554438,-0.675761580019,1.942785471182
    ));
#234 = CARTESIAN_POINT('',(0.223774855783,-0.68698076902,1.947577176323)
  );
#235 = CARTESIAN_POINT('',(0.236345433829,-0.699008070313,1.952586471329
    ));
#236 = CARTESIAN_POINT('',(0.248171739416,-0.71178385589,1.957771685521)
  );
#237 = CARTESIAN_POINT('',(0.259194030752,-0.725240660967,1.963094298935
    ));
#238 = ORIENTED_EDGE('',*,*,#239,.T.);
#239 = EDGE_CURVE('',#209,#240,#242,.T.);
#240 = VERTEX_POINT('',#241);
#241 = CARTESIAN_POINT('',(0.498479820879,-0.587088945624,1.963094298935
    ));
#242 = B_SPLINE_CURVE_WITH_KNOTS('',6,(#243,#244,#245,#246,#247,#248,
    #249,#250,#251,#252,#253,#254,#255,#256,#257,#258,#259,#260,#261,
    #262,#263,#264),.UNSPECIFIED.,.F.,.F.,(7,5,5,5,7),(0.,0.266891348662
    ,0.50002393,0.733156537911,1.),.UNSPECIFIED.);
#243 = CARTESIAN_POINT('',(0.259194030752,-0.725240660967,1.963094298935
    ));
#244 = CARTESIAN_POINT('',(0.270307010495,-0.738808184967,1.968460705361
    ));
#245 = CARTESIAN_POINT('',(0.283456757492,-0.750701783077,1.973555293831
    ));
#246 = CARTESIAN_POINT('',(0.298328760205,-0.760541354347,1.978253369854
    ));
#247 = CARTESIAN_POINT('',(0.314514948667,-0.76802530675,1.982456416051)
  );
#248 = CARTESIAN_POINT('',(0.331543654599,-0.772964287219,1.986088840375
    ));
#249 = CARTESIAN_POINT('',(0.364108404184,-0.777323393641,1.991722920025
    ));
#250 = CARTESIAN_POINT('',(0.379560836138,-0.777362795021,1.993872725123
    ));
#251 = CARTESIAN_POINT('',(0.394955558398,-0.775363082907,1.995509099415
    ));
#252 = CARTESIAN_POINT('',(0.40995510955,-0.771352854215,1.996607934596)
  );
#253 = CARTESIAN_POINT('',(0.424235183867,-0.765431868395,1.997157235097
    ));
#254 = CARTESIAN_POINT('',(0.450781194388,-0.7501031315,1.997156670045)
  );
#255 = CARTESIAN_POINT('',(0.463047685439,-0.740695059496,1.996606804357
    ));
#256 = CARTESIAN_POINT('',(0.474018936609,-0.729708699215,1.995507411328
    ));
#257 = CARTESIAN_POINT('',(0.483446432587,-0.717375061629,1.993870493938
    ));
#258 = CARTESIAN_POINT('',(0.491136715093,-0.7039721243,1.991720167952)
  );
#259 = CARTESIAN_POINT('',(0.5036386904,-0.673591894352,1.986085575086)
  );
#260 = CARTESIAN_POINT('',(0.507873108468,-0.656377821382,1.982453394075
    ));
#261 = CARTESIAN_POINT('',(0.509483169148,-0.638621367091,1.978250837376
    ));
#262 = CARTESIAN_POINT('',(0.508397098607,-0.620825405048,1.973553460804
    ));
#263 = CARTESIAN_POINT('',(0.504672033128,-0.603493867621,1.968459736349
    ));
#264 = CARTESIAN_POINT('',(0.498479820879,-0.587088945624,1.963094298935
    ));
#265 = ORIENTED_EDGE('',*,*,#266,.T.);
#266 = EDGE_CURVE('',#240,#267,#269,.T.);
#267 = VERTEX_POINT('',#268);
#268 = CARTESIAN_POINT('',(0.757673851631,-0.138151715343,1.963094298935
    ));
#269 = B_SPLINE_CURVE_WITH_KNOTS('',7,(#270,#271,#272,#273,#274,#275,
    #276,#277,#278,#279,#280,#281,#282,#283,#284,#285,#286,#287,#288,
    #289,#290,#291,#292,#293,#294,#295),.UNSPECIFIED.,.F.,.F.,(8,6,6,6,8
    ),(0.,0.199214032947,0.499732673052,0.800272606461,1.),
  .UNSPECIFIED.);
#270 = CARTESIAN_POINT('',(0.498479820879,-0.587088945624,1.963094298935
    ));
#271 = CARTESIAN_POINT('',(0.492352785471,-0.570856695515,1.957785336049
    ));
#272 = CARTESIAN_POINT('',(0.487212496157,-0.554270595502,1.952613104291
    ));
#273 = CARTESIAN_POINT('',(0.483087239292,-0.537415362152,1.947615795649
    ));
#274 = CARTESIAN_POINT('',(0.479993767392,-0.520380320366,1.942834743947
    ));
#275 = CARTESIAN_POINT('',(0.477937043391,-0.503256679913,1.938312284243
    ));
#276 = CARTESIAN_POINT('',(0.476909984895,-0.486134811964,1.934089612232
    ));
#277 = CARTESIAN_POINT('',(0.476867900776,-0.443406447975,1.924344085204
    ));
#278 = CARTESIAN_POINT('',(0.479141776116,-0.417905442525,1.919250120889
    ));
#279 = CARTESIAN_POINT('',(0.483652260608,-0.392903111165,1.915054074112
    ));
#280 = CARTESIAN_POINT('',(0.490271570119,-0.368627710454,1.911852733526
    ));
#281 = CARTESIAN_POINT('',(0.498873152463,-0.34521524308,1.909700594846)
  );
#282 = CARTESIAN_POINT('',(0.509370911745,-0.322766416879,1.90862207806)
  );
#283 = CARTESIAN_POINT('',(0.534036953101,-0.279998287572,1.908610628045
    ));
#284 = CARTESIAN_POINT('',(0.548211321582,-0.25966903301,1.909677844025)
  );
#285 = CARTESIAN_POINT('',(0.564168941418,-0.240499207447,1.911818995241
    ));
#286 = CARTESIAN_POINT('',(0.581865705116,-0.222613410396,1.915009859563
    ));
#287 = CARTESIAN_POINT('',(0.601247437247,-0.206188892702,1.919196199812
    ));
#288 = CARTESIAN_POINT('',(0.622180913202,-0.191450336199,1.924281486437
    ));
#289 = CARTESIAN_POINT('',(0.659222848936,-0.170067500146,1.934024330152
    ));
#290 = CARTESIAN_POINT('',(0.674597265784,-0.162364722421,1.938254021193
    ));
#291 = CARTESIAN_POINT('',(0.690491472417,-0.155556847619,1.942785471182
    ));
#292 = CARTESIAN_POINT('',(0.706830225774,-0.149695674674,1.947577176323
    ));
#293 = CARTESIAN_POINT('',(0.723531463256,-0.144822885392,1.952586471329
    ));
#294 = CARTESIAN_POINT('',(0.740508770912,-0.140968897109,1.957771685521
    ));
#295 = CARTESIAN_POINT('',(0.757673851631,-0.138151715343,1.963094298935
    ));
#296 = ORIENTED_EDGE('',*,*,#297,.T.);
#297 = EDGE_CURVE('',#267,#298,#300,.T.);
#298 = VERTEX_POINT('',#299);
#299 = CARTESIAN_POINT('',(0.757673851631,0.138151715343,1.963094298935)
  );
#300 = B_SPLINE_CURVE_WITH_KNOTS('',6,(#301,#302,#303,#304,#305,#306,
    #307,#308,#309,#310,#311,#312,#313,#314,#315,#316,#317,#318,#319,
    #320,#321,#322),.UNSPECIFIED.,.F.,.F.,(7,5,5,5,7),(0.,0.266891348662
    ,0.50002393,0.733156537911,1.),.UNSPECIFIED.);
#301 = CARTESIAN_POINT('',(0.757673851631,-0.138151715343,1.963094298935
    ));
#302 = CARTESIAN_POINT('',(0.774980161953,-0.135311354573,1.968460705361
    ));
#303 = CARTESIAN_POINT('',(0.791855193557,-0.129870138676,1.973555293831
    ));
#304 = CARTESIAN_POINT('',(0.807812513595,-0.121910392157,1.978253369854
    ));
#305 = CARTESIAN_POINT('',(0.822386900728,-0.111634717959,1.982456416051
    ));
#306 = CARTESIAN_POINT('',(0.83517853625,-9.935691626336E-02,
    1.986088840375));
#307 = CARTESIAN_POINT('',(0.855236007941,-7.33345690656E-02,
    1.991722920025));
#308 = CARTESIAN_POINT('',(0.862996346514,-5.997207113296E-02,
    1.993872725123));
#309 = CARTESIAN_POINT('',(0.868961906154,-4.56399945149E-02,
    1.995509099415));
#310 = CARTESIAN_POINT('',(0.872988721806,-3.064488782621E-02,
    1.996607934596));
#311 = CARTESIAN_POINT('',(0.87500103483,-1.531748778959E-02,
    1.997157235097));
#312 = CARTESIAN_POINT('',(0.874998964532,1.533640013821E-02,
    1.997156670045));
#313 = CARTESIAN_POINT('',(0.872984580701,3.066352900555E-02,
    1.996606804357));
#314 = CARTESIAN_POINT('',(0.868955739188,4.565809137061E-02,
    1.995507411328));
#315 = CARTESIAN_POINT('',(0.862988243706,5.998936117483E-02,
    1.993870493938));
#316 = CARTESIAN_POINT('',(0.855226100746,7.335080985204E-02,
    1.991720167952));
#317 = CARTESIAN_POINT('',(0.835167037492,9.936795303892E-02,
    1.986085575086));
#318 = CARTESIAN_POINT('',(0.822376422032,0.111642103141,1.982453394075)
  );
#319 = CARTESIAN_POINT('',(0.807803911875,0.121914683737,1.978250837376)
  );
#320 = CARTESIAN_POINT('',(0.79184912139,0.12987210008,1.973553460805));
#321 = CARTESIAN_POINT('',(0.774977036952,0.135311867457,1.968459736349)
  );
#322 = CARTESIAN_POINT('',(0.757673851631,0.138151715343,1.963094298935)
  );
#323 = ORIENTED_EDGE('',*,*,#324,.T.);
#324 = EDGE_CURVE('',#298,#325,#327,.T.);
#325 = VERTEX_POINT('',#326);
#326 = CARTESIAN_POINT('',(0.498479820879,0.587088945624,1.963094298935)
  );
#327 = B_SPLINE_CURVE_WITH_KNOTS('',7,(#328,#329,#330,#331,#332,#333,
    #334,#335,#336,#337,#338,#339,#340,#341,#342,#343,#344,#345,#346,
    #347,#348,#349,#350,#351,#352,#353),.UNSPECIFIED.,.F.,.F.,(8,6,6,6,8
    ),(0.,0.199214032947,0.499732673052,0.800272606461,1.),
  .UNSPECIFIED.);
#328 = CARTESIAN_POINT('',(0.757673851631,0.138151715343,1.963094298935)
  );
#329 = CARTESIAN_POINT('',(0.740552792972,0.140961672084,1.957785336049)
  );
#330 = CARTESIAN_POINT('',(0.723618664354,0.144803100962,1.952613104291)
  );
#331 = CARTESIAN_POINT('',(0.706958975653,0.149658140395,1.947615795649)
  );
#332 = CARTESIAN_POINT('',(0.690659460762,0.155496636036,1.942834743947)
  );
#333 = CARTESIAN_POINT('',(0.674801591125,0.16227728103,1.938312284243)
  );
#334 = CARTESIAN_POINT('',(0.659460089273,0.169948756256,1.934089612232)
  );
#335 = CARTESIAN_POINT('',(0.622435198537,0.191276492334,1.924344085204)
  );
#336 = CARTESIAN_POINT('',(0.601487617664,0.205996228868,1.919250120889)
  );
#337 = CARTESIAN_POINT('',(0.582090205799,0.222403588702,1.915054074112)
  );
#338 = CARTESIAN_POINT('',(0.564376746852,0.240273779249,1.911852733526)
  );
#339 = CARTESIAN_POINT('',(0.548401746512,0.259429201759,1.909700594846)
  );
#340 = CARTESIAN_POINT('',(0.534209372378,0.27974494108,1.90862207806));
#341 = CARTESIAN_POINT('',(0.509504106604,0.322490424159,1.908610628045)
  );
#342 = CARTESIAN_POINT('',(0.498985639953,0.344930414627,1.909677844025)
  );
#343 = CARTESIAN_POINT('',(0.490362893948,0.36833503157,1.911818995241)
  );
#344 = CARTESIAN_POINT('',(0.483721721184,0.392603777024,1.915009859563)
  );
#345 = CARTESIAN_POINT('',(0.479188537682,0.417601108264,1.919196199812)
  );
#346 = CARTESIAN_POINT('',(0.476891311312,0.443099308483,1.924281486437)
  );
#347 = CARTESIAN_POINT('',(0.476894199952,0.485869983861,1.934024330152)
  );
#348 = CARTESIAN_POINT('',(0.477910607188,0.503036008282,1.938254021193)
  );
#349 = CARTESIAN_POINT('',(0.479961917979,0.5202047324,1.942785471182));
#350 = CARTESIAN_POINT('',(0.483055369991,0.537285094346,1.947577176323)
  );
#351 = CARTESIAN_POINT('',(0.487186029427,0.554185184921,1.952586471329)
  );
#352 = CARTESIAN_POINT('',(0.492337031496,0.570814958781,1.957771685521)
  );
#353 = CARTESIAN_POINT('',(0.498479820879,0.587088945624,1.963094298935)
  );
#354 = ORIENTED_EDGE('',*,*,#355,.T.);
#355 = EDGE_CURVE('',#325,#356,#358,.T.);
#356 = VERTEX_POINT('',#357);
#357 = CARTESIAN_POINT('',(0.259194030752,0.725240660967,1.963094298935)
  );
#358 = B_SPLINE_CURVE_WITH_KNOTS('',6,(#359,#360,#361,#362,#363,#364,
    #365,#366,#367,#368,#369,#370,#371,#372,#373,#374,#375,#376,#377,
    #378,#379,#380),.UNSPECIFIED.,.F.,.F.,(7,5,5,5,7),(0.,0.266891348662
    ,0.50002393,0.733156537911,1.),.UNSPECIFIED.);
#359 = CARTESIAN_POINT('',(0.498479820879,0.587088945624,1.963094298935)
  );
#360 = CARTESIAN_POINT('',(0.504673151457,0.603496830393,1.968460705361)
  );
#361 = CARTESIAN_POINT('',(0.508398436064,0.620831644401,1.973555293831)
  );
#362 = CARTESIAN_POINT('',(0.50948375339,0.63863096219,1.978253369854));
#363 = CARTESIAN_POINT('',(0.507871952061,0.656390588791,1.982456416051)
  );
#364 = CARTESIAN_POINT('',(0.503634881651,0.673607370956,1.986088840375)
  );
#365 = CARTESIAN_POINT('',(0.491127603757,0.703988824575,1.991722920025)
  );
#366 = CARTESIAN_POINT('',(0.483435510376,0.717390723888,1.993872725123)
  );
#367 = CARTESIAN_POINT('',(0.474006347755,0.729723088392,1.995509099415)
  );
#368 = CARTESIAN_POINT('',(0.463033612257,0.740707966389,1.996607934596)
  );
#369 = CARTESIAN_POINT('',(0.450765850963,0.750114380605,1.997157235097)
  );
#370 = CARTESIAN_POINT('',(0.424217770144,0.765439531639,1.997156670045)
  );
#371 = CARTESIAN_POINT('',(0.409936895262,0.771358588502,1.996606804357)
  );
#372 = CARTESIAN_POINT('',(0.394936802579,0.775366790586,1.995507411328)
  );
#373 = CARTESIAN_POINT('',(0.379541811119,0.777364422804,1.993870493938)
  );
#374 = CARTESIAN_POINT('',(0.364089385653,0.777322934152,1.991720167952)
  );
#375 = CARTESIAN_POINT('',(0.331528347092,0.772959847391,1.986085575086)
  );
#376 = CARTESIAN_POINT('',(0.314503313564,0.768019924523,1.982453394075)
  );
#377 = CARTESIAN_POINT('',(0.298320742726,0.760536050829,1.978250837376)
  );
#378 = CARTESIAN_POINT('',(0.283452022783,0.750697505128,1.973553460804)
  );
#379 = CARTESIAN_POINT('',(0.270305003824,0.738805735079,1.968459736349)
  );
#380 = CARTESIAN_POINT('',(0.259194030752,0.725240660967,1.963094298935)
  );
#381 = ORIENTED_EDGE('',*,*,#382,.T.);
#382 = EDGE_CURVE('',#356,#383,#385,.T.);
#383 = VERTEX_POINT('',#384);
#384 = CARTESIAN_POINT('',(-0.259194030752,0.725240660967,1.963094298935
    ));
#385 = B_SPLINE_CURVE_WITH_KNOTS('',7,(#386,#387,#388,#389,#390,#391,
    #392,#393,#394,#395,#396,#397,#398,#399,#400,#401,#402,#403,#404,
    #405,#406,#407,#408,#409,#410,#411),.UNSPECIFIED.,.F.,.F.,(8,6,6,6,8
    ),(0.,0.199214032947,0.499732673052,0.800272606461,1.),
  .UNSPECIFIED.);
#386 = CARTESIAN_POINT('',(0.259194030752,0.725240660967,1.963094298935)
  );
#387 = CARTESIAN_POINT('',(0.248200007501,0.711818367599,1.957785336049)
  );
#388 = CARTESIAN_POINT('',(0.236406168197,0.699073696464,1.952613104291)
  );
#389 = CARTESIAN_POINT('',(0.223871736362,0.687073502547,1.947615795649)
  );
#390 = CARTESIAN_POINT('',(0.210665693371,0.675876956402,1.942834743947)
  );
#391 = CARTESIAN_POINT('',(0.196864547733,0.665533960943,1.938312284243)
  );
#392 = CARTESIAN_POINT('',(0.182550104377,0.65608356822,1.934089612232)
  );
#393 = CARTESIAN_POINT('',(0.14556729776,0.634682940309,1.924344085204)
  );
#394 = CARTESIAN_POINT('',(0.122345841549,0.623901671393,1.919250120889)
  );
#395 = CARTESIAN_POINT('',(9.843794519078E-02,0.615306699867,
    1.915054074112));
#396 = CARTESIAN_POINT('',(7.410517673296E-02,0.608901489703,
    1.911852733526));
#397 = CARTESIAN_POINT('',(4.952859404939E-02,0.604644444838,
    1.909700594846));
#398 = CARTESIAN_POINT('',(2.483846063353E-02,0.602511357959,
    1.90862207806));
#399 = CARTESIAN_POINT('',(-2.453284649642E-02,0.602488711731,
    1.908610628045));
#400 = CARTESIAN_POINT('',(-4.922568162824E-02,0.604599447637,
    1.909677844025));
#401 = CARTESIAN_POINT('',(-7.380604747004E-02,0.608834239017,
    1.911818995241));
#402 = CARTESIAN_POINT('',(-9.8143983932E-02,0.61521718742,
    1.915009859563));
#403 = CARTESIAN_POINT('',(-0.122058899565,0.623790000967,1.919196199812
    ));
#404 = CARTESIAN_POINT('',(-0.145289601889,0.634549644682,1.924281486437
    ));
#405 = CARTESIAN_POINT('',(-0.182328648984,0.655937484007,1.934024330152
    ));
#406 = CARTESIAN_POINT('',(-0.196686658597,0.665400730703,1.938254021193
    ));
#407 = CARTESIAN_POINT('',(-0.210529554438,0.675761580019,1.942785471182
    ));
#408 = CARTESIAN_POINT('',(-0.223774855783,0.68698076902,1.947577176323)
  );
#409 = CARTESIAN_POINT('',(-0.236345433829,0.699008070313,1.952586471329
    ));
#410 = CARTESIAN_POINT('',(-0.248171739416,0.71178385589,1.957771685521)
  );
#411 = CARTESIAN_POINT('',(-0.259194030752,0.725240660967,1.963094298935
    ));
#412 = ORIENTED_EDGE('',*,*,#413,.T.);
#413 = EDGE_CURVE('',#383,#76,#414,.T.);
#414 = B_SPLINE_CURVE_WITH_KNOTS('',6,(#415,#416,#417,#418,#419,#420,
    #421,#422,#423,#424,#425,#426,#427,#428,#429,#430,#431,#432,#433,
    #434,#435,#436),.UNSPECIFIED.,.F.,.F.,(7,5,5,5,7),(0.,0.266891348663
    ,0.50002393,0.733156537912,1.),.UNSPECIFIED.);
#415 = CARTESIAN_POINT('',(-0.259194030752,0.725240660967,1.963094298935
    ));
#416 = CARTESIAN_POINT('',(-0.270307010495,0.738808184967,1.968460705361
    ));
#417 = CARTESIAN_POINT('',(-0.283456757492,0.750701783077,1.973555293831
    ));
#418 = CARTESIAN_POINT('',(-0.298328760205,0.760541354347,1.978253369854
    ));
#419 = CARTESIAN_POINT('',(-0.314514948667,0.76802530675,1.982456416051)
  );
#420 = CARTESIAN_POINT('',(-0.331543654599,0.772964287219,1.986088840375
    ));
#421 = CARTESIAN_POINT('',(-0.364108404184,0.777323393641,1.991722920025
    ));
#422 = CARTESIAN_POINT('',(-0.379560836138,0.777362795021,1.993872725123
    ));
#423 = CARTESIAN_POINT('',(-0.394955558398,0.775363082907,1.995509099415
    ));
#424 = CARTESIAN_POINT('',(-0.40995510955,0.771352854215,1.996607934596)
  );
#425 = CARTESIAN_POINT('',(-0.424235183867,0.765431868395,1.997157235097
    ));
#426 = CARTESIAN_POINT('',(-0.450781194388,0.7501031315,1.997156670045)
  );
#427 = CARTESIAN_POINT('',(-0.463047685439,0.740695059496,1.996606804357
    ));
#428 = CARTESIAN_POINT('',(-0.474018936609,0.729708699215,1.995507411328
    ));
#429 = CARTESIAN_POINT('',(-0.483446432587,0.717375061629,1.993870493938
    ));
#430 = CARTESIAN_POINT('',(-0.491136715093,0.7039721243,1.991720167952)
  );
#431 = CARTESIAN_POINT('',(-0.5036386904,0.673591894352,1.986085575086)
  );
#432 = CARTESIAN_POINT('',(-0.507873108468,0.656377821382,1.982453394075
    ));
#433 = CARTESIAN_POINT('',(-0.509483169148,0.638621367091,1.978250837376
    ));
#434 = CARTESIAN_POINT('',(-0.508397098607,0.620825405048,1.973553460804
    ));
#435 = CARTESIAN_POINT('',(-0.504672033128,0.603493867621,1.968459736349
    ));
#436 = CARTESIAN_POINT('',(-0.498479820879,0.587088945624,1.963094298935
    ));
#437 = CONICAL_SURFACE('',#438,3.34589682974,1.256637061436);
#438 = AXIS2_PLACEMENT_3D('',#439,#440,#441);
#439 = CARTESIAN_POINT('',(0.,0.,2.8));
#440 = DIRECTION('',(0.,0.,1.));
#441 = DIRECTION('',(-1.,0.,0.));
#442 = ADVANCED_FACE('',(#443),#462,.T.);
#443 = FACE_BOUND('',#444,.F.);
#444 = EDGE_LOOP('',(#445,#446,#454,#461));
#445 = ORIENTED_EDGE('',*,*,#59,.T.);
#446 = ORIENTED_EDGE('',*,*,#447,.T.);
#447 = EDGE_CURVE('',#51,#448,#450,.T.);
#448 = VERTEX_POINT('',#449);
#449 = CARTESIAN_POINT('',(1.9,0.,0.16));
#450 = LINE('',#451,#452);
#451 = CARTESIAN_POINT('',(1.9,0.,1.8));
#452 = VECTOR('',#453,1.);
#453 = DIRECTION('',(0.,0.,-1.));
#454 = ORIENTED_EDGE('',*,*,#455,.F.);
#455 = EDGE_CURVE('',#448,#448,#456,.T.);
#456 = CIRCLE('',#457,1.9);
#457 = AXIS2_PLACEMENT_3D('',#458,#459,#460);
#458 = CARTESIAN_POINT('',(0.,0.,0.16));
#459 = DIRECTION('',(0.,0.,1.));
#460 = DIRECTION('',(1.,0.,-0.));
#461 = ORIENTED_EDGE('',*,*,#447,.F.);
#462 = CYLINDRICAL_SURFACE('',#463,1.9);
#463 = AXIS2_PLACEMENT_3D('',#464,#465,#466);
#464 = CARTESIAN_POINT('',(0.,0.,1.8));
#465 = DIRECTION('',(-0.,-0.,-1.));
#466 = DIRECTION('',(1.,0.,0.));
#467 = ADVANCED_FACE('',(#468),#512,.T.);
#468 = FACE_BOUND('',#469,.F.);
#469 = EDGE_LOOP('',(#470,#471,#479,#506));
#470 = ORIENTED_EDGE('',*,*,#75,.F.);
#471 = ORIENTED_EDGE('',*,*,#472,.T.);
#472 = EDGE_CURVE('',#76,#473,#475,.T.);
#473 = VERTEX_POINT('',#474);
#474 = CARTESIAN_POINT('',(-0.498479820879,0.587088945624,1.139474022277
    ));
#475 = LINE('',#476,#477);
#476 = CARTESIAN_POINT('',(-0.498479820879,0.587088945624,2.8));
#477 = VECTOR('',#478,1.);
#478 = DIRECTION('',(0.,0.,-1.));
#479 = ORIENTED_EDGE('',*,*,#480,.T.);
#480 = EDGE_CURVE('',#473,#481,#483,.T.);
#481 = VERTEX_POINT('',#482);
#482 = CARTESIAN_POINT('',(-0.757673851631,0.138151715343,1.139474022277
    ));
#483 = B_SPLINE_CURVE_WITH_KNOTS('',6,(#484,#485,#486,#487,#488,#489,
    #490,#491,#492,#493,#494,#495,#496,#497,#498,#499,#500,#501,#502,
    #503,#504,#505),.UNSPECIFIED.,.F.,.F.,(7,5,5,5,7),(0.,0.261520512093
    ,0.499736358837,0.737962727257,1.),.UNSPECIFIED.);
#484 = CARTESIAN_POINT('',(-0.498479820879,0.587088945624,1.139474022277
    ));
#485 = CARTESIAN_POINT('',(-0.489234980541,0.562596748243,1.125240183302
    ));
#486 = CARTESIAN_POINT('',(-0.4822792554,0.537218521022,1.111541511131)
  );
#487 = CARTESIAN_POINT('',(-0.477734142467,0.511253845081,1.098634395579
    ));
#488 = CARTESIAN_POINT('',(-0.475661080538,0.485041550047,1.086812738415
    ));
#489 = CARTESIAN_POINT('',(-0.476040787405,0.458918393428,1.07638703809)
  );
#490 = CARTESIAN_POINT('',(-0.481287635146,0.40977631305,1.059597704482)
  );
#491 = CARTESIAN_POINT('',(-0.485752504714,0.386681164194,1.052952439802
    ));
#492 = CARTESIAN_POINT('',(-0.49211840825,0.364150807598,1.047848924668)
  );
#493 = CARTESIAN_POINT('',(-0.500281974963,0.34234889303,1.044407168885)
  );
#494 = CARTESIAN_POINT('',(-0.510166170061,0.321387528795,1.042681599764
    ));
#495 = CARTESIAN_POINT('',(-0.533241330545,0.281377807206,1.042662566439
    ));
#496 = CARTESIAN_POINT('',(-0.546435177713,0.262324790269,1.044369251678
    ));
#497 = CARTESIAN_POINT('',(-0.561217957508,0.244340623474,1.04779263196)
  );
#498 = CARTESIAN_POINT('',(-0.577531192511,0.227547851476,1.052878672868
    ));
#499 = CARTESIAN_POINT('',(-0.595285206057,0.212117636348,1.059507810284
    ));
#500 = CARTESIAN_POINT('',(-0.635233200582,0.18293695678,1.076283815886)
  );
#501 = CARTESIAN_POINT('',(-0.657700906733,0.169503374704,1.086719141087
    ));
#502 = CARTESIAN_POINT('',(-0.681478933617,0.158156732363,1.098557797369
    ));
#503 = CARTESIAN_POINT('',(-0.706283687257,0.149083226289,1.111487252101
    ));
#504 = CARTESIAN_POINT('',(-0.731789467442,0.142399933942,1.125212028408
    ));
#505 = CARTESIAN_POINT('',(-0.757673851631,0.138151715343,1.139474022277
    ));
#506 = ORIENTED_EDGE('',*,*,#507,.F.);
#507 = EDGE_CURVE('',#78,#481,#508,.T.);
#508 = LINE('',#509,#510);
#509 = CARTESIAN_POINT('',(-0.757673851631,0.138151715343,2.8));
#510 = VECTOR('',#511,1.);
#511 = DIRECTION('',(0.,0.,-1.));
#512 = CYLINDRICAL_SURFACE('',#513,0.335043068793);
#513 = AXIS2_PLACEMENT_3D('',#514,#515,#516);
#514 = CARTESIAN_POINT('',(-0.811936114716,0.468771534396,2.8));
#515 = DIRECTION('',(0.,0.,1.));
#516 = DIRECTION('',(0.935570149136,0.353140901122,0.));
#517 = ADVANCED_FACE('',(#518),#555,.F.);
#518 = FACE_BOUND('',#519,.F.);
#519 = EDGE_LOOP('',(#520,#521,#529,#554));
#520 = ORIENTED_EDGE('',*,*,#413,.F.);
#521 = ORIENTED_EDGE('',*,*,#522,.T.);
#522 = EDGE_CURVE('',#383,#523,#525,.T.);
#523 = VERTEX_POINT('',#524);
#524 = CARTESIAN_POINT('',(-0.259194030752,0.725240660967,1.139474022277
    ));
#525 = LINE('',#526,#527);
#526 = CARTESIAN_POINT('',(-0.259194030752,0.725240660967,2.8));
#527 = VECTOR('',#528,1.);
#528 = DIRECTION('',(0.,0.,-1.));
#529 = ORIENTED_EDGE('',*,*,#530,.T.);
#530 = EDGE_CURVE('',#523,#473,#531,.T.);
#531 = B_SPLINE_CURVE_WITH_KNOTS('',6,(#532,#533,#534,#535,#536,#537,
    #538,#539,#540,#541,#542,#543,#544,#545,#546,#547,#548,#549,#550,
    #551,#552,#553),.UNSPECIFIED.,.F.,.F.,(7,5,5,5,7),(0.,0.125915259474
    ,0.500023885498,0.87413274214,1.),.UNSPECIFIED.);
#532 = CARTESIAN_POINT('',(-0.259194030752,0.725240660967,1.139474022277
    ));
#533 = CARTESIAN_POINT('',(-0.264419344646,0.731620099542,1.143957641853
    ));
#534 = CARTESIAN_POINT('',(-0.27009653983,0.737631366667,1.148335697914)
  );
#535 = CARTESIAN_POINT('',(-0.276193225909,0.743234396119,1.152585303015
    ));
#536 = CARTESIAN_POINT('',(-0.28267304635,0.748393430257,1.156685589997)
  );
#537 = CARTESIAN_POINT('',(-0.289495678492,0.753077020021,1.160617711989
    ));
#538 = CARTESIAN_POINT('',(-0.31777459903,0.769680268357,1.175497995119)
  );
#539 = CARTESIAN_POINT('',(-0.341570746457,0.777668229774,1.18499909918)
  );
#540 = CARTESIAN_POINT('',(-0.366852857795,0.780518065406,1.192422666539
    ));
#541 = CARTESIAN_POINT('',(-0.392205095104,0.777912799307,1.197475498771
    ));
#542 = CARTESIAN_POINT('',(-0.416160216048,0.770094680422,1.200000807283
    ));
#543 = CARTESIAN_POINT('',(-0.458856173854,0.745440312748,1.199999192407
    ));
#544 = CARTESIAN_POINT('',(-0.477602151186,0.728601088247,1.1974722657)
  );
#545 = CARTESIAN_POINT('',(-0.492531699451,0.707946020893,1.192417871069
    ));
#546 = CARTESIAN_POINT('',(-0.502701568343,0.684624785669,1.184992854643
    ));
#547 = CARTESIAN_POINT('',(-0.507678540321,0.660022072408,1.175490469513
    ));
#548 = CARTESIAN_POINT('',(-0.50743475983,0.627233373971,1.16061020614)
  );
#549 = CARTESIAN_POINT('',(-0.50678932527,0.618986248217,1.156679330046)
  );
#550 = CARTESIAN_POINT('',(-0.505561189319,0.610798293307,1.152580436691
    ));
#551 = CARTESIAN_POINT('',(-0.503757422585,0.602720093757,1.148332352018
    ));
#552 = CARTESIAN_POINT('',(-0.501390804012,0.594800963449,1.143955923928
    ));
#553 = CARTESIAN_POINT('',(-0.498479820879,0.587088945624,1.139474022277
    ));
#554 = ORIENTED_EDGE('',*,*,#472,.F.);
#555 = CYLINDRICAL_SURFACE('',#556,0.14);
#556 = AXIS2_PLACEMENT_3D('',#557,#558,#559);
#557 = CARTESIAN_POINT('',(-0.3675,0.636528671782,2.8));
#558 = DIRECTION('',(0.,0.,1.));
#559 = DIRECTION('',(0.773614066055,0.633657065613,0.));
#560 = ADVANCED_FACE('',(#561),#598,.T.);
#561 = FACE_BOUND('',#562,.F.);
#562 = EDGE_LOOP('',(#563,#564,#572,#597));
#563 = ORIENTED_EDGE('',*,*,#382,.F.);
#564 = ORIENTED_EDGE('',*,*,#565,.T.);
#565 = EDGE_CURVE('',#356,#566,#568,.T.);
#566 = VERTEX_POINT('',#567);
#567 = CARTESIAN_POINT('',(0.259194030752,0.725240660967,1.139474022277)
  );
#568 = LINE('',#569,#570);
#569 = CARTESIAN_POINT('',(0.259194030752,0.725240660967,2.8));
#570 = VECTOR('',#571,1.);
#571 = DIRECTION('',(0.,0.,-1.));
#572 = ORIENTED_EDGE('',*,*,#573,.T.);
#573 = EDGE_CURVE('',#566,#523,#574,.T.);
#574 = B_SPLINE_CURVE_WITH_KNOTS('',6,(#575,#576,#577,#578,#579,#580,
    #581,#582,#583,#584,#585,#586,#587,#588,#589,#590,#591,#592,#593,
    #594,#595,#596),.UNSPECIFIED.,.F.,.F.,(7,5,5,5,7),(0.,0.261520512093
    ,0.499736358837,0.737962727257,1.),.UNSPECIFIED.);
#575 = CARTESIAN_POINT('',(0.259194030752,0.725240660967,1.139474022277)
  );
#576 = CARTESIAN_POINT('',(0.242605585794,0.70498829569,1.125240183302)
  );
#577 = CARTESIAN_POINT('',(0.224105258889,0.686275347406,1.111541511131)
  );
#578 = CARTESIAN_POINT('',(0.203891746389,0.669356826172,1.098634395579)
  );
#579 = CARTESIAN_POINT('',(0.182227763963,0.654455354361,1.086812738415)
  );
#580 = CARTESIAN_POINT('',(0.15941459327,0.641722611844,1.07638703809));
#581 = CARTESIAN_POINT('',(0.114232879398,0.621695475089,1.059597704482)
  );
#582 = CARTESIAN_POINT('',(9.199945900015E-02,0.614014591131,
    1.052952439802));
#583 = CARTESIAN_POINT('',(6.930464606391E-02,0.608262447013,
    1.047848924668));
#584 = CARTESIAN_POINT('',(4.634185084026E-02,0.604431345888,
    1.044407168885));
#585 = CARTESIAN_POINT('',(2.3246679366E-02,0.602510627822,
    1.042681599764));
#586 = CARTESIAN_POINT('',(-2.29403361711E-02,0.602489442203,
    1.042662566439));
#587 = CARTESIAN_POINT('',(-4.603765644144E-02,0.604389140555,
    1.044369251678));
#588 = CARTESIAN_POINT('',(-6.900379164936E-02,0.608199319999,
    1.04779263196));
#589 = CARTESIAN_POINT('',(-9.170337630063E-02,0.613930609931,
    1.052878672868));
#590 = CARTESIAN_POINT('',(-0.11394334136,0.621590929117,1.059507810284)
  );
#591 = CARTESIAN_POINT('',(-0.159188548429,0.641596567421,1.076283815886
    ));
#592 = CARTESIAN_POINT('',(-0.182056224846,0.654337380675,1.086719141087
    ));
#593 = CARTESIAN_POINT('',(-0.203771718803,0.669256434838,1.098557797369
    ));
#594 = CARTESIAN_POINT('',(-0.224031982384,0.686201228587,1.111487252101
    ));
#595 = CARTESIAN_POINT('',(-0.24257277343,0.704948235998,1.125212028408)
  );
#596 = CARTESIAN_POINT('',(-0.259194030752,0.725240660967,1.139474022277
    ));
#597 = ORIENTED_EDGE('',*,*,#522,.F.);
#598 = CYLINDRICAL_SURFACE('',#599,0.335043068793);
#599 = AXIS2_PLACEMENT_3D('',#600,#601,#602);
#600 = CARTESIAN_POINT('',(1.8E-16,0.937543068793,2.8));
#601 = DIRECTION('',(0.,0.,1.));
#602 = DIRECTION('',(0.773614066055,-0.633657065613,0.));
#603 = ADVANCED_FACE('',(#604),#641,.F.);
#604 = FACE_BOUND('',#605,.F.);
#605 = EDGE_LOOP('',(#606,#607,#615,#640));
#606 = ORIENTED_EDGE('',*,*,#355,.F.);
#607 = ORIENTED_EDGE('',*,*,#608,.T.);
#608 = EDGE_CURVE('',#325,#609,#611,.T.);
#609 = VERTEX_POINT('',#610);
#610 = CARTESIAN_POINT('',(0.498479820879,0.587088945624,1.139474022277)
  );
#611 = LINE('',#612,#613);
#612 = CARTESIAN_POINT('',(0.498479820879,0.587088945624,2.8));
#613 = VECTOR('',#614,1.);
#614 = DIRECTION('',(0.,0.,-1.));
#615 = ORIENTED_EDGE('',*,*,#616,.T.);
#616 = EDGE_CURVE('',#609,#566,#617,.T.);
#617 = B_SPLINE_CURVE_WITH_KNOTS('',6,(#618,#619,#620,#621,#622,#623,
    #624,#625,#626,#627,#628,#629,#630,#631,#632,#633,#634,#635,#636,
    #637,#638,#639),.UNSPECIFIED.,.F.,.F.,(7,5,5,5,7),(0.,0.125915259474
    ,0.500023885498,0.87413274214,1.),.UNSPECIFIED.);
#618 = CARTESIAN_POINT('',(0.498479820879,0.587088945624,1.139474022277)
  );
#619 = CARTESIAN_POINT('',(0.5013919198,0.594803919486,1.143957641853));
#620 = CARTESIAN_POINT('',(0.503759232247,0.602726148301,1.148335697914)
  );
#621 = CARTESIAN_POINT('',(0.505563255051,0.61080754805,1.152585303015)
  );
#622 = CARTESIAN_POINT('',(0.506791199453,0.618998754232,1.156685589997)
  );
#623 = CARTESIAN_POINT('',(0.507435991099,0.62724912187,1.160617711989)
  );
#624 = CARTESIAN_POINT('',(0.507675365673,0.660041009616,1.175497995119)
  );
#625 = CARTESIAN_POINT('',(0.502695069472,0.684643058508,1.18499909918)
  );
#626 = CARTESIAN_POINT('',(0.492522043856,0.707962927004,1.192422666539)
  );
#627 = CARTESIAN_POINT('',(0.477589698577,0.728615975507,1.197475498771)
  );
#628 = CARTESIAN_POINT('',(0.458841448541,0.745452659353,1.200000807283)
  );
#629 = CARTESIAN_POINT('',(0.416142160917,0.770101259615,1.199999192407)
  );
#630 = CARTESIAN_POINT('',(0.392185976054,0.777916139953,1.1974722657));
#631 = CARTESIAN_POINT('',(0.366833388876,0.78051797434,1.192417871069)
  );
#632 = CARTESIAN_POINT('',(0.341551672278,0.777664721542,1.184992854643)
  );
#633 = CARTESIAN_POINT('',(0.317756611604,0.769673549078,1.175490469513)
  );
#634 = CARTESIAN_POINT('',(0.289482656046,0.753068079761,1.16061020614)
  );
#635 = CARTESIAN_POINT('',(0.282663152914,0.748385554159,1.156679330046)
  );
#636 = CARTESIAN_POINT('',(0.276186243932,0.743227979771,1.152580436691)
  );
#637 = CARTESIAN_POINT('',(0.270092201273,0.737626772182,1.148332352018)
  );
#638 = CARTESIAN_POINT('',(0.264417342536,0.731617655223,1.143955923928)
  );
#639 = CARTESIAN_POINT('',(0.259194030752,0.725240660967,1.139474022277)
  );
#640 = ORIENTED_EDGE('',*,*,#565,.F.);
#641 = CYLINDRICAL_SURFACE('',#642,0.14);
#642 = AXIS2_PLACEMENT_3D('',#643,#644,#645);
#643 = CARTESIAN_POINT('',(0.3675,0.636528671782,2.8));
#644 = DIRECTION('',(0.,0.,1.));
#645 = DIRECTION('',(0.935570149136,-0.353140901122,0.));
#646 = ADVANCED_FACE('',(#647),#684,.T.);
#647 = FACE_BOUND('',#648,.F.);
#648 = EDGE_LOOP('',(#649,#650,#658,#683));
#649 = ORIENTED_EDGE('',*,*,#324,.F.);
#650 = ORIENTED_EDGE('',*,*,#651,.T.);
#651 = EDGE_CURVE('',#298,#652,#654,.T.);
#652 = VERTEX_POINT('',#653);
#653 = CARTESIAN_POINT('',(0.757673851631,0.138151715343,1.139474022277)
  );
#654 = LINE('',#655,#656);
#655 = CARTESIAN_POINT('',(0.757673851631,0.138151715343,2.8));
#656 = VECTOR('',#657,1.);
#657 = DIRECTION('',(0.,0.,-1.));
#658 = ORIENTED_EDGE('',*,*,#659,.T.);
#659 = EDGE_CURVE('',#652,#609,#660,.T.);
#660 = B_SPLINE_CURVE_WITH_KNOTS('',6,(#661,#662,#663,#664,#665,#666,
    #667,#668,#669,#670,#671,#672,#673,#674,#675,#676,#677,#678,#679,
    #680,#681,#682),.UNSPECIFIED.,.F.,.F.,(7,5,5,5,7),(0.,0.261520512093
    ,0.499736358837,0.737962727257,1.),.UNSPECIFIED.);
#661 = CARTESIAN_POINT('',(0.757673851631,0.138151715343,1.139474022277)
  );
#662 = CARTESIAN_POINT('',(0.731840566336,0.142391547447,1.125240183302)
  );
#663 = CARTESIAN_POINT('',(0.706384514289,0.149056826384,1.111541511131)
  );
#664 = CARTESIAN_POINT('',(0.681625888856,0.158102981091,1.098634395579)
  );
#665 = CARTESIAN_POINT('',(0.657888844501,0.169413804314,1.086812738415)
  );
#666 = CARTESIAN_POINT('',(0.635455380675,0.182804218417,1.07638703809)
  );
#667 = CARTESIAN_POINT('',(0.595520514544,0.211919162039,1.059597704482)
  );
#668 = CARTESIAN_POINT('',(0.577751963714,0.227333426937,1.052952439802)
  );
#669 = CARTESIAN_POINT('',(0.561423054313,0.244111639415,1.047848924668)
  );
#670 = CARTESIAN_POINT('',(0.546623825803,0.262082452858,1.044407168885)
  );
#671 = CARTESIAN_POINT('',(0.533412849427,0.281123099026,1.042681599764)
  );
#672 = CARTESIAN_POINT('',(0.510300994374,0.321111634997,1.042662566439)
  );
#673 = CARTESIAN_POINT('',(0.500397521271,0.342064350287,1.044369251678)
  );
#674 = CARTESIAN_POINT('',(0.492214165859,0.363858696525,1.04779263196)
  );
#675 = CARTESIAN_POINT('',(0.485827816211,0.386382758455,1.052878672868)
  );
#676 = CARTESIAN_POINT('',(0.481341864697,0.409473292769,1.059507810284)
  );
#677 = CARTESIAN_POINT('',(0.476044652153,0.458659610641,1.076283815886)
  );
#678 = CARTESIAN_POINT('',(0.475644681887,0.484834005971,1.086719141087)
  );
#679 = CARTESIAN_POINT('',(0.477707214815,0.511099702475,1.098557797369)
  );
#680 = CARTESIAN_POINT('',(0.482251704873,0.537118002299,1.111487252101)
  );
#681 = CARTESIAN_POINT('',(0.489216694013,0.562548302056,1.125212028408)
  );
#682 = CARTESIAN_POINT('',(0.498479820879,0.587088945624,1.139474022277)
  );
#683 = ORIENTED_EDGE('',*,*,#608,.F.);
#684 = CYLINDRICAL_SURFACE('',#685,0.335043068793);
#685 = AXIS2_PLACEMENT_3D('',#686,#687,#688);
#686 = CARTESIAN_POINT('',(0.811936114716,0.468771534396,2.8));
#687 = DIRECTION('',(0.,0.,1.));
#688 = DIRECTION('',(-0.161956083081,-0.986797966735,-0.));
#689 = ADVANCED_FACE('',(#690),#727,.F.);
#690 = FACE_BOUND('',#691,.F.);
#691 = EDGE_LOOP('',(#692,#693,#701,#726));
#692 = ORIENTED_EDGE('',*,*,#297,.F.);
#693 = ORIENTED_EDGE('',*,*,#694,.T.);
#694 = EDGE_CURVE('',#267,#695,#697,.T.);
#695 = VERTEX_POINT('',#696);
#696 = CARTESIAN_POINT('',(0.757673851631,-0.138151715343,1.139474022277
    ));
#697 = LINE('',#698,#699);
#698 = CARTESIAN_POINT('',(0.757673851631,-0.138151715343,2.8));
#699 = VECTOR('',#700,1.);
#700 = DIRECTION('',(0.,0.,-1.));
#701 = ORIENTED_EDGE('',*,*,#702,.T.);
#702 = EDGE_CURVE('',#695,#652,#703,.T.);
#703 = B_SPLINE_CURVE_WITH_KNOTS('',6,(#704,#705,#706,#707,#708,#709,
    #710,#711,#712,#713,#714,#715,#716,#717,#718,#719,#720,#721,#722,
    #723,#724,#725),.UNSPECIFIED.,.F.,.F.,(7,5,5,5,7),(0.,0.125915259474
    ,0.500023885498,0.87413274214,1.),.UNSPECIFIED.);
#704 = CARTESIAN_POINT('',(0.757673851631,-0.138151715343,1.139474022277
    ));
#705 = CARTESIAN_POINT('',(0.765811264445,-0.136816180056,1.143957641853
    ));
#706 = CARTESIAN_POINT('',(0.773855772077,-0.134905218366,1.148335697914
    ));
#707 = CARTESIAN_POINT('',(0.78175648096,-0.13242684807,1.152585303015)
  );
#708 = CARTESIAN_POINT('',(0.789464245803,-0.129394676025,1.156685589997
    ));
#709 = CARTESIAN_POINT('',(0.796931669591,-0.125827898151,1.160617711989
    ));
#710 = CARTESIAN_POINT('',(0.825449964704,-0.109639258741,1.175497995119
    ));
#711 = CARTESIAN_POINT('',(0.844265815928,-9.302517126579E-02,
    1.18499909918));
#712 = CARTESIAN_POINT('',(0.859374901652,-7.255513840129E-02,
    1.192422666539));
#713 = CARTESIAN_POINT('',(0.869794793681,-4.929682379945E-02,
    1.197475498771));
#714 = CARTESIAN_POINT('',(0.875001664589,-2.464202106928E-02,
    1.200000807283));
#715 = CARTESIAN_POINT('',(0.874998334772,2.466094686717E-02,
    1.199999192407));
#716 = CARTESIAN_POINT('',(0.86978812724,4.931505170564E-02,1.1974722657
    ));
#717 = CARTESIAN_POINT('',(0.859365088327,7.257195344698E-02,
    1.192417871069));
#718 = CARTESIAN_POINT('',(0.844253240622,9.303993587285E-02,
    1.184992854643));
#719 = CARTESIAN_POINT('',(0.825435151924,0.10965147667,1.175490469513)
  );
#720 = CARTESIAN_POINT('',(0.796917415875,0.12583470579,1.16061020614));
#721 = CARTESIAN_POINT('',(0.789452478184,0.129399305942,1.156679330046)
  );
#722 = CARTESIAN_POINT('',(0.781747433251,0.132429686464,1.152580436691)
  );
#723 = CARTESIAN_POINT('',(0.773849623858,0.134906678425,1.148332352018)
  );
#724 = CARTESIAN_POINT('',(0.765808146548,0.136816691774,1.143955923928)
  );
#725 = CARTESIAN_POINT('',(0.757673851631,0.138151715343,1.139474022277)
  );
#726 = ORIENTED_EDGE('',*,*,#651,.F.);
#727 = CYLINDRICAL_SURFACE('',#728,0.14);
#728 = AXIS2_PLACEMENT_3D('',#729,#730,#731);
#729 = CARTESIAN_POINT('',(0.735,1.E-17,2.8));
#730 = DIRECTION('',(0.,0.,1.));
#731 = DIRECTION('',(0.161956083081,-0.986797966735,0.));
#732 = ADVANCED_FACE('',(#733),#770,.T.);
#733 = FACE_BOUND('',#734,.F.);
#734 = EDGE_LOOP('',(#735,#736,#744,#769));
#735 = ORIENTED_EDGE('',*,*,#266,.F.);
#736 = ORIENTED_EDGE('',*,*,#737,.T.);
#737 = EDGE_CURVE('',#240,#738,#740,.T.);
#738 = VERTEX_POINT('',#739);
#739 = CARTESIAN_POINT('',(0.498479820879,-0.587088945624,1.139474022277
    ));
#740 = LINE('',#741,#742);
#741 = CARTESIAN_POINT('',(0.498479820879,-0.587088945624,2.8));
#742 = VECTOR('',#743,1.);
#743 = DIRECTION('',(0.,0.,-1.));
#744 = ORIENTED_EDGE('',*,*,#745,.T.);
#745 = EDGE_CURVE('',#738,#695,#746,.T.);
#746 = B_SPLINE_CURVE_WITH_KNOTS('',6,(#747,#748,#749,#750,#751,#752,
    #753,#754,#755,#756,#757,#758,#759,#760,#761,#762,#763,#764,#765,
    #766,#767,#768),.UNSPECIFIED.,.F.,.F.,(7,5,5,5,7),(0.,0.261520512093
    ,0.499736358837,0.737962727257,1.),.UNSPECIFIED.);
#747 = CARTESIAN_POINT('',(0.498479820879,-0.587088945624,1.139474022277
    ));
#748 = CARTESIAN_POINT('',(0.489234980541,-0.562596748243,1.125240183302
    ));
#749 = CARTESIAN_POINT('',(0.4822792554,-0.537218521022,1.111541511131)
  );
#750 = CARTESIAN_POINT('',(0.477734142467,-0.511253845081,1.098634395579
    ));
#751 = CARTESIAN_POINT('',(0.475661080538,-0.485041550047,1.086812738415
    ));
#752 = CARTESIAN_POINT('',(0.476040787405,-0.458918393428,1.07638703809)
  );
#753 = CARTESIAN_POINT('',(0.481287635146,-0.40977631305,1.059597704482)
  );
#754 = CARTESIAN_POINT('',(0.485752504714,-0.386681164194,1.052952439801
    ));
#755 = CARTESIAN_POINT('',(0.49211840825,-0.364150807598,1.047848924668)
  );
#756 = CARTESIAN_POINT('',(0.500281974963,-0.34234889303,1.044407168885)
  );
#757 = CARTESIAN_POINT('',(0.510166170061,-0.321387528795,1.042681599764
    ));
#758 = CARTESIAN_POINT('',(0.533241330545,-0.281377807206,1.042662566439
    ));
#759 = CARTESIAN_POINT('',(0.546435177713,-0.262324790269,1.044369251678
    ));
#760 = CARTESIAN_POINT('',(0.561217957508,-0.244340623474,1.04779263196)
  );
#761 = CARTESIAN_POINT('',(0.577531192511,-0.227547851476,1.052878672868
    ));
#762 = CARTESIAN_POINT('',(0.595285206057,-0.212117636348,1.059507810284
    ));
#763 = CARTESIAN_POINT('',(0.635233200582,-0.18293695678,1.076283815886)
  );
#764 = CARTESIAN_POINT('',(0.657700906733,-0.169503374703,1.086719141087
    ));
#765 = CARTESIAN_POINT('',(0.681478933617,-0.158156732363,1.098557797369
    ));
#766 = CARTESIAN_POINT('',(0.706283687257,-0.149083226289,1.111487252101
    ));
#767 = CARTESIAN_POINT('',(0.731789467442,-0.142399933942,1.125212028408
    ));
#768 = CARTESIAN_POINT('',(0.757673851631,-0.138151715343,1.139474022277
    ));
#769 = ORIENTED_EDGE('',*,*,#694,.F.);
#770 = CYLINDRICAL_SURFACE('',#771,0.335043068793);
#771 = AXIS2_PLACEMENT_3D('',#772,#773,#774);
#772 = CARTESIAN_POINT('',(0.811936114716,-0.468771534396,2.8));
#773 = DIRECTION('',(0.,0.,1.));
#774 = DIRECTION('',(-0.935570149136,-0.353140901122,-0.));
#775 = ADVANCED_FACE('',(#776),#813,.F.);
#776 = FACE_BOUND('',#777,.F.);
#777 = EDGE_LOOP('',(#778,#779,#787,#812));
#778 = ORIENTED_EDGE('',*,*,#239,.F.);
#779 = ORIENTED_EDGE('',*,*,#780,.T.);
#780 = EDGE_CURVE('',#209,#781,#783,.T.);
#781 = VERTEX_POINT('',#782);
#782 = CARTESIAN_POINT('',(0.259194030752,-0.725240660967,1.139474022277
    ));
#783 = LINE('',#784,#785);
#784 = CARTESIAN_POINT('',(0.259194030752,-0.725240660967,2.8));
#785 = VECTOR('',#786,1.);
#786 = DIRECTION('',(0.,0.,-1.));
#787 = ORIENTED_EDGE('',*,*,#788,.T.);
#788 = EDGE_CURVE('',#781,#738,#789,.T.);
#789 = B_SPLINE_CURVE_WITH_KNOTS('',6,(#790,#791,#792,#793,#794,#795,
    #796,#797,#798,#799,#800,#801,#802,#803,#804,#805,#806,#807,#808,
    #809,#810,#811),.UNSPECIFIED.,.F.,.F.,(7,5,5,5,7),(0.,0.125915259474
    ,0.500023885498,0.87413274214,1.),.UNSPECIFIED.);
#790 = CARTESIAN_POINT('',(0.259194030752,-0.725240660967,1.139474022277
    ));
#791 = CARTESIAN_POINT('',(0.264419344646,-0.731620099542,1.143957641853
    ));
#792 = CARTESIAN_POINT('',(0.27009653983,-0.737631366667,1.148335697914)
  );
#793 = CARTESIAN_POINT('',(0.276193225909,-0.743234396119,1.152585303015
    ));
#794 = CARTESIAN_POINT('',(0.28267304635,-0.748393430257,1.156685589997)
  );
#795 = CARTESIAN_POINT('',(0.289495678492,-0.753077020021,1.160617711989
    ));
#796 = CARTESIAN_POINT('',(0.31777459903,-0.769680268357,1.175497995119)
  );
#797 = CARTESIAN_POINT('',(0.341570746457,-0.777668229774,1.18499909918)
  );
#798 = CARTESIAN_POINT('',(0.366852857795,-0.780518065406,1.192422666539
    ));
#799 = CARTESIAN_POINT('',(0.392205095104,-0.777912799307,1.197475498771
    ));
#800 = CARTESIAN_POINT('',(0.416160216048,-0.770094680422,1.200000807283
    ));
#801 = CARTESIAN_POINT('',(0.458856173854,-0.745440312748,1.199999192407
    ));
#802 = CARTESIAN_POINT('',(0.477602151186,-0.728601088247,1.1974722657)
  );
#803 = CARTESIAN_POINT('',(0.492531699451,-0.707946020893,1.192417871069
    ));
#804 = CARTESIAN_POINT('',(0.502701568343,-0.684624785669,1.184992854643
    ));
#805 = CARTESIAN_POINT('',(0.507678540321,-0.660022072408,1.175490469513
    ));
#806 = CARTESIAN_POINT('',(0.50743475983,-0.627233373971,1.16061020614)
  );
#807 = CARTESIAN_POINT('',(0.50678932527,-0.618986248217,1.156679330046)
  );
#808 = CARTESIAN_POINT('',(0.505561189319,-0.610798293307,1.152580436691
    ));
#809 = CARTESIAN_POINT('',(0.503757422585,-0.602720093757,1.148332352018
    ));
#810 = CARTESIAN_POINT('',(0.501390804012,-0.594800963449,1.143955923928
    ));
#811 = CARTESIAN_POINT('',(0.498479820879,-0.587088945624,1.139474022277
    ));
#812 = ORIENTED_EDGE('',*,*,#737,.F.);
#813 = CYLINDRICAL_SURFACE('',#814,0.14);
#814 = AXIS2_PLACEMENT_3D('',#815,#816,#817);
#815 = CARTESIAN_POINT('',(0.3675,-0.636528671782,2.8));
#816 = DIRECTION('',(0.,0.,1.));
#817 = DIRECTION('',(-0.773614066055,-0.633657065613,0.));
#818 = ADVANCED_FACE('',(#819),#856,.T.);
#819 = FACE_BOUND('',#820,.F.);
#820 = EDGE_LOOP('',(#821,#822,#830,#855));
#821 = ORIENTED_EDGE('',*,*,#208,.F.);
#822 = ORIENTED_EDGE('',*,*,#823,.T.);
#823 = EDGE_CURVE('',#182,#824,#826,.T.);
#824 = VERTEX_POINT('',#825);
#825 = CARTESIAN_POINT('',(-0.259194030752,-0.725240660967,
    1.139474022277));
#826 = LINE('',#827,#828);
#827 = CARTESIAN_POINT('',(-0.259194030752,-0.725240660967,2.8));
#828 = VECTOR('',#829,1.);
#829 = DIRECTION('',(0.,0.,-1.));
#830 = ORIENTED_EDGE('',*,*,#831,.T.);
#831 = EDGE_CURVE('',#824,#781,#832,.T.);
#832 = B_SPLINE_CURVE_WITH_KNOTS('',6,(#833,#834,#835,#836,#837,#838,
    #839,#840,#841,#842,#843,#844,#845,#846,#847,#848,#849,#850,#851,
    #852,#853,#854),.UNSPECIFIED.,.F.,.F.,(7,5,5,5,7),(0.,0.261520512093
    ,0.499736358837,0.737962727257,1.),.UNSPECIFIED.);
#833 = CARTESIAN_POINT('',(-0.259194030752,-0.725240660967,
    1.139474022277));
#834 = CARTESIAN_POINT('',(-0.242605585794,-0.70498829569,1.125240183302
    ));
#835 = CARTESIAN_POINT('',(-0.224105258889,-0.686275347406,
    1.111541511131));
#836 = CARTESIAN_POINT('',(-0.203891746389,-0.669356826172,
    1.098634395579));
#837 = CARTESIAN_POINT('',(-0.182227763963,-0.654455354361,
    1.086812738415));
#838 = CARTESIAN_POINT('',(-0.15941459327,-0.641722611844,1.07638703809)
  );
#839 = CARTESIAN_POINT('',(-0.114232879398,-0.621695475089,
    1.059597704482));
#840 = CARTESIAN_POINT('',(-9.199945900013E-02,-0.614014591131,
    1.052952439801));
#841 = CARTESIAN_POINT('',(-6.930464606392E-02,-0.608262447013,
    1.047848924668));
#842 = CARTESIAN_POINT('',(-4.634185084025E-02,-0.604431345888,
    1.044407168885));
#843 = CARTESIAN_POINT('',(-2.3246679366E-02,-0.602510627822,
    1.042681599764));
#844 = CARTESIAN_POINT('',(2.294033617109E-02,-0.602489442203,
    1.042662566439));
#845 = CARTESIAN_POINT('',(4.603765644144E-02,-0.604389140555,
    1.044369251678));
#846 = CARTESIAN_POINT('',(6.900379164936E-02,-0.608199319999,
    1.04779263196));
#847 = CARTESIAN_POINT('',(9.170337630062E-02,-0.613930609931,
    1.052878672868));
#848 = CARTESIAN_POINT('',(0.113943341361,-0.621590929117,1.059507810284
    ));
#849 = CARTESIAN_POINT('',(0.159188548429,-0.641596567421,1.076283815886
    ));
#850 = CARTESIAN_POINT('',(0.182056224846,-0.654337380675,1.086719141087
    ));
#851 = CARTESIAN_POINT('',(0.203771718803,-0.669256434838,1.098557797369
    ));
#852 = CARTESIAN_POINT('',(0.224031982384,-0.686201228587,1.111487252101
    ));
#853 = CARTESIAN_POINT('',(0.24257277343,-0.704948235998,1.125212028408)
  );
#854 = CARTESIAN_POINT('',(0.259194030752,-0.725240660967,1.139474022277
    ));
#855 = ORIENTED_EDGE('',*,*,#780,.F.);
#856 = CYLINDRICAL_SURFACE('',#857,0.335043068793);
#857 = AXIS2_PLACEMENT_3D('',#858,#859,#860);
#858 = CARTESIAN_POINT('',(-5.E-16,-0.937543068793,2.8));
#859 = DIRECTION('',(0.,0.,1.));
#860 = DIRECTION('',(-0.773614066055,0.633657065613,0.));
#861 = ADVANCED_FACE('',(#862),#899,.F.);
#862 = FACE_BOUND('',#863,.F.);
#863 = EDGE_LOOP('',(#864,#865,#873,#898));
#864 = ORIENTED_EDGE('',*,*,#181,.F.);
#865 = ORIENTED_EDGE('',*,*,#866,.T.);
#866 = EDGE_CURVE('',#151,#867,#869,.T.);
#867 = VERTEX_POINT('',#868);
#868 = CARTESIAN_POINT('',(-0.498479820879,-0.587088945624,
    1.139474022277));
#869 = LINE('',#870,#871);
#870 = CARTESIAN_POINT('',(-0.498479820879,-0.587088945624,2.8));
#871 = VECTOR('',#872,1.);
#872 = DIRECTION('',(0.,0.,-1.));
#873 = ORIENTED_EDGE('',*,*,#874,.T.);
#874 = EDGE_CURVE('',#867,#824,#875,.T.);
#875 = B_SPLINE_CURVE_WITH_KNOTS('',6,(#876,#877,#878,#879,#880,#881,
    #882,#883,#884,#885,#886,#887,#888,#889,#890,#891,#892,#893,#894,
    #895,#896,#897),.UNSPECIFIED.,.F.,.F.,(7,5,5,5,7),(0.,0.125915259474
    ,0.500023885498,0.87413274214,1.),.UNSPECIFIED.);
#876 = CARTESIAN_POINT('',(-0.498479820879,-0.587088945624,
    1.139474022277));
#877 = CARTESIAN_POINT('',(-0.5013919198,-0.594803919486,1.143957641853)
  );
#878 = CARTESIAN_POINT('',(-0.503759232247,-0.602726148301,
    1.148335697914));
#879 = CARTESIAN_POINT('',(-0.505563255051,-0.61080754805,1.152585303015
    ));
#880 = CARTESIAN_POINT('',(-0.506791199453,-0.618998754232,
    1.156685589997));
#881 = CARTESIAN_POINT('',(-0.507435991099,-0.62724912187,1.160617711989
    ));
#882 = CARTESIAN_POINT('',(-0.507675365673,-0.660041009616,
    1.175497995119));
#883 = CARTESIAN_POINT('',(-0.502695069472,-0.684643058508,1.18499909918
    ));
#884 = CARTESIAN_POINT('',(-0.492522043856,-0.707962927004,
    1.192422666539));
#885 = CARTESIAN_POINT('',(-0.477589698577,-0.728615975507,
    1.197475498771));
#886 = CARTESIAN_POINT('',(-0.458841448541,-0.745452659353,
    1.200000807283));
#887 = CARTESIAN_POINT('',(-0.416142160917,-0.770101259615,
    1.199999192407));
#888 = CARTESIAN_POINT('',(-0.392185976054,-0.777916139953,1.1974722657)
  );
#889 = CARTESIAN_POINT('',(-0.366833388876,-0.78051797434,1.192417871069
    ));
#890 = CARTESIAN_POINT('',(-0.341551672278,-0.777664721542,
    1.184992854643));
#891 = CARTESIAN_POINT('',(-0.317756611604,-0.769673549078,
    1.175490469513));
#892 = CARTESIAN_POINT('',(-0.289482656046,-0.753068079761,1.16061020614
    ));
#893 = CARTESIAN_POINT('',(-0.282663152914,-0.748385554159,
    1.156679330046));
#894 = CARTESIAN_POINT('',(-0.276186243932,-0.743227979771,
    1.152580436691));
#895 = CARTESIAN_POINT('',(-0.270092201273,-0.737626772182,
    1.148332352018));
#896 = CARTESIAN_POINT('',(-0.264417342536,-0.731617655223,
    1.143955923928));
#897 = CARTESIAN_POINT('',(-0.259194030752,-0.725240660967,
    1.139474022277));
#898 = ORIENTED_EDGE('',*,*,#823,.F.);
#899 = CYLINDRICAL_SURFACE('',#900,0.14);
#900 = AXIS2_PLACEMENT_3D('',#901,#902,#903);
#901 = CARTESIAN_POINT('',(-0.3675,-0.636528671782,2.8));
#902 = DIRECTION('',(0.,0.,1.));
#903 = DIRECTION('',(-0.935570149136,0.353140901122,0.));
#904 = ADVANCED_FACE('',(#905),#942,.T.);
#905 = FACE_BOUND('',#906,.F.);
#906 = EDGE_LOOP('',(#907,#908,#916,#941));
#907 = ORIENTED_EDGE('',*,*,#150,.F.);
#908 = ORIENTED_EDGE('',*,*,#909,.T.);
#909 = EDGE_CURVE('',#134,#910,#912,.T.);
#910 = VERTEX_POINT('',#911);
#911 = CARTESIAN_POINT('',(-0.757673851631,-0.138151715343,
    1.139474022277));
#912 = LINE('',#913,#914);
#913 = CARTESIAN_POINT('',(-0.757673851631,-0.138151715343,2.8));
#914 = VECTOR('',#915,1.);
#915 = DIRECTION('',(0.,0.,-1.));
#916 = ORIENTED_EDGE('',*,*,#917,.T.);
#917 = EDGE_CURVE('',#910,#867,#918,.T.);
#918 = B_SPLINE_CURVE_WITH_KNOTS('',6,(#919,#920,#921,#922,#923,#924,
    #925,#926,#927,#928,#929,#930,#931,#932,#933,#934,#935,#936,#937,
    #938,#939,#940),.UNSPECIFIED.,.F.,.F.,(7,5,5,5,7),(0.,0.261520512093
    ,0.499736358837,0.737962727257,1.),.UNSPECIFIED.);
#919 = CARTESIAN_POINT('',(-0.757673851631,-0.138151715343,
    1.139474022277));
#920 = CARTESIAN_POINT('',(-0.731840566336,-0.142391547447,
    1.125240183302));
#921 = CARTESIAN_POINT('',(-0.706384514289,-0.149056826384,
    1.111541511131));
#922 = CARTESIAN_POINT('',(-0.681625888856,-0.158102981091,
    1.098634395579));
#923 = CARTESIAN_POINT('',(-0.657888844501,-0.169413804314,
    1.086812738415));
#924 = CARTESIAN_POINT('',(-0.635455380675,-0.182804218417,1.07638703809
    ));
#925 = CARTESIAN_POINT('',(-0.595520514543,-0.211919162039,
    1.059597704482));
#926 = CARTESIAN_POINT('',(-0.577751963714,-0.227333426937,
    1.052952439802));
#927 = CARTESIAN_POINT('',(-0.561423054313,-0.244111639415,
    1.047848924668));
#928 = CARTESIAN_POINT('',(-0.546623825803,-0.262082452858,
    1.044407168885));
#929 = CARTESIAN_POINT('',(-0.533412849427,-0.281123099026,
    1.042681599764));
#930 = CARTESIAN_POINT('',(-0.510300994374,-0.321111634997,
    1.042662566439));
#931 = CARTESIAN_POINT('',(-0.500397521271,-0.342064350287,
    1.044369251678));
#932 = CARTESIAN_POINT('',(-0.492214165859,-0.363858696525,1.04779263196
    ));
#933 = CARTESIAN_POINT('',(-0.485827816211,-0.386382758455,
    1.052878672868));
#934 = CARTESIAN_POINT('',(-0.481341864697,-0.409473292769,
    1.059507810284));
#935 = CARTESIAN_POINT('',(-0.476044652153,-0.458659610641,
    1.076283815886));
#936 = CARTESIAN_POINT('',(-0.475644681887,-0.484834005972,
    1.086719141087));
#937 = CARTESIAN_POINT('',(-0.477707214815,-0.511099702475,
    1.098557797369));
#938 = CARTESIAN_POINT('',(-0.482251704873,-0.537118002299,
    1.111487252101));
#939 = CARTESIAN_POINT('',(-0.489216694013,-0.562548302056,
    1.125212028408));
#940 = CARTESIAN_POINT('',(-0.498479820879,-0.587088945624,
    1.139474022277));
#941 = ORIENTED_EDGE('',*,*,#866,.F.);
#942 = CYLINDRICAL_SURFACE('',#943,0.335043068793);
#943 = AXIS2_PLACEMENT_3D('',#944,#945,#946);
#944 = CARTESIAN_POINT('',(-0.811936114716,-0.468771534396,2.8));
#945 = DIRECTION('',(0.,0.,1.));
#946 = DIRECTION('',(0.161956083081,0.986797966735,0.));
#947 = ADVANCED_FACE('',(#948),#986,.F.);
#948 = FACE_BOUND('',#949,.F.);
#949 = EDGE_LOOP('',(#950,#951,#952,#969,#984,#985));
#950 = ORIENTED_EDGE('',*,*,#108,.F.);
#951 = ORIENTED_EDGE('',*,*,#507,.T.);
#952 = ORIENTED_EDGE('',*,*,#953,.T.);
#953 = EDGE_CURVE('',#481,#954,#956,.T.);
#954 = VERTEX_POINT('',#955);
#955 = CARTESIAN_POINT('',(-0.875,0.,1.2));
#956 = B_SPLINE_CURVE_WITH_KNOTS('',6,(#957,#958,#959,#960,#961,#962,
    #963,#964,#965,#966,#967,#968),.UNSPECIFIED.,.F.,.F.,(7,5,7),(0.,
    0.251830531603,1.),.UNSPECIFIED.);
#957 = CARTESIAN_POINT('',(-0.757673851631,0.138151715343,1.139474022277
    ));
#958 = CARTESIAN_POINT('',(-0.765811264445,0.136816180056,1.143957641853
    ));
#959 = CARTESIAN_POINT('',(-0.773855772077,0.134905218366,1.148335697914
    ));
#960 = CARTESIAN_POINT('',(-0.78175648096,0.13242684807,1.152585303015)
  );
#961 = CARTESIAN_POINT('',(-0.789464245803,0.129394676025,1.156685589997
    ));
#962 = CARTESIAN_POINT('',(-0.796931669591,0.125827898151,1.160617711989
    ));
#963 = CARTESIAN_POINT('',(-0.825448600988,0.109640032865,1.175497283559
    ));
#964 = CARTESIAN_POINT('',(-0.844263410208,9.302729528249E-02,
    1.184997884358));
#965 = CARTESIAN_POINT('',(-0.859372003672,7.255906446622E-02,
    1.192421242767));
#966 = CARTESIAN_POINT('',(-0.869792129671,4.930277071271E-02,
    1.197474206841));
#967 = CARTESIAN_POINT('',(-0.875,2.464990082511E-02,1.2));
#968 = CARTESIAN_POINT('',(-0.875,1.E-17,1.2));
#969 = ORIENTED_EDGE('',*,*,#970,.T.);
#970 = EDGE_CURVE('',#954,#910,#971,.T.);
#971 = B_SPLINE_CURVE_WITH_KNOTS('',6,(#972,#973,#974,#975,#976,#977,
    #978,#979,#980,#981,#982,#983),.UNSPECIFIED.,.F.,.F.,(7,5,7),(0.,
    0.749135540241,1.),.UNSPECIFIED.);
#972 = CARTESIAN_POINT('',(-0.875,0.,1.2));
#973 = CARTESIAN_POINT('',(-0.875,-2.468173024241E-02,1.2));
#974 = CARTESIAN_POINT('',(-0.869778673479,-4.936644473739E-02,
    1.197467679857));
#975 = CARTESIAN_POINT('',(-0.859331601,-7.264915863634E-02,
    1.192401652605));
#976 = CARTESIAN_POINT('',(-0.844185326392,-9.313298822124E-02,
    1.184959516271));
#977 = CARTESIAN_POINT('',(-0.825327061489,-0.109747231088,
    1.175435909364));
#978 = CARTESIAN_POINT('',(-0.796788385143,-0.125896242727,1.16054225436
    ));
#979 = CARTESIAN_POINT('',(-0.789345941347,-0.129441161683,
    1.156622651347));
#980 = CARTESIAN_POINT('',(-0.781665534765,-0.132455350272,
    1.152536384417));
#981 = CARTESIAN_POINT('',(-0.773794033415,-0.13491987518,1.148302098507
    ));
#982 = CARTESIAN_POINT('',(-0.765780031945,-0.136821306023,
    1.143940433109));
#983 = CARTESIAN_POINT('',(-0.757673851631,-0.138151715343,
    1.139474022277));
#984 = ORIENTED_EDGE('',*,*,#909,.F.);
#985 = ORIENTED_EDGE('',*,*,#133,.F.);
#986 = CYLINDRICAL_SURFACE('',#987,0.14);
#987 = AXIS2_PLACEMENT_3D('',#988,#989,#990);
#988 = CARTESIAN_POINT('',(-0.735,2.3E-16,2.8));
#989 = DIRECTION('',(0.,0.,1.));
#990 = DIRECTION('',(-0.161956083081,0.986797966735,0.));
#991 = ADVANCED_FACE('',(#992),#1011,.T.);
#992 = FACE_BOUND('',#993,.F.);
#993 = EDGE_LOOP('',(#994,#995,#1003,#1010));
#994 = ORIENTED_EDGE('',*,*,#455,.T.);
#995 = ORIENTED_EDGE('',*,*,#996,.T.);
#996 = EDGE_CURVE('',#448,#997,#999,.T.);
#997 = VERTEX_POINT('',#998);
#998 = CARTESIAN_POINT('',(1.74,0.,0.));
#999 = LINE('',#1000,#1001);
#1000 = CARTESIAN_POINT('',(1.9,0.,0.16));
#1001 = VECTOR('',#1002,1.);
#1002 = DIRECTION('',(-0.707106781187,0.,-0.707106781187));
#1003 = ORIENTED_EDGE('',*,*,#1004,.F.);
#1004 = EDGE_CURVE('',#997,#997,#1005,.T.);
#1005 = CIRCLE('',#1006,1.74);
#1006 = AXIS2_PLACEMENT_3D('',#1007,#1008,#1009);
#1007 = CARTESIAN_POINT('',(0.,0.,0.));
#1008 = DIRECTION('',(0.,0.,1.));
#1009 = DIRECTION('',(1.,0.,-0.));
#1010 = ORIENTED_EDGE('',*,*,#996,.F.);
#1011 = CONICAL_SURFACE('',#1012,1.9,0.785398163397);
#1012 = AXIS2_PLACEMENT_3D('',#1013,#1014,#1015);
#1013 = CARTESIAN_POINT('',(0.,0.,0.16));
#1014 = DIRECTION('',(0.,0.,1.));
#1015 = DIRECTION('',(1.,0.,0.));
#1016 = ADVANCED_FACE('',(#1017),#1048,.F.);
#1017 = FACE_BOUND('',#1018,.F.);
#1018 = EDGE_LOOP('',(#1019,#1027,#1034,#1035,#1036,#1037,#1038,#1039,
    #1040,#1041,#1042,#1043,#1044,#1045,#1046,#1047));
#1019 = ORIENTED_EDGE('',*,*,#1020,.T.);
#1020 = EDGE_CURVE('',#954,#1021,#1023,.T.);
#1021 = VERTEX_POINT('',#1022);
#1022 = CARTESIAN_POINT('',(-0.12124355653,0.,0.764818514459));
#1023 = LINE('',#1024,#1025);
#1024 = CARTESIAN_POINT('',(-3.64628129211,-8.9E-16,2.8));
#1025 = VECTOR('',#1026,1.);
#1026 = DIRECTION('',(0.866025403784,2.1E-16,-0.5));
#1027 = ORIENTED_EDGE('',*,*,#1028,.F.);
#1028 = EDGE_CURVE('',#1021,#1021,#1029,.T.);
#1029 = CIRCLE('',#1030,0.12124355653);
#1030 = AXIS2_PLACEMENT_3D('',#1031,#1032,#1033);
#1031 = CARTESIAN_POINT('',(0.,0.,0.764818514459));
#1032 = DIRECTION('',(0.,0.,-1.));
#1033 = DIRECTION('',(-1.,0.,0.));
#1034 = ORIENTED_EDGE('',*,*,#1020,.F.);
#1035 = ORIENTED_EDGE('',*,*,#953,.F.);
#1036 = ORIENTED_EDGE('',*,*,#480,.F.);
#1037 = ORIENTED_EDGE('',*,*,#530,.F.);
#1038 = ORIENTED_EDGE('',*,*,#573,.F.);
#1039 = ORIENTED_EDGE('',*,*,#616,.F.);
#1040 = ORIENTED_EDGE('',*,*,#659,.F.);
#1041 = ORIENTED_EDGE('',*,*,#702,.F.);
#1042 = ORIENTED_EDGE('',*,*,#745,.F.);
#1043 = ORIENTED_EDGE('',*,*,#788,.F.);
#1044 = ORIENTED_EDGE('',*,*,#831,.F.);
#1045 = ORIENTED_EDGE('',*,*,#874,.F.);
#1046 = ORIENTED_EDGE('',*,*,#917,.F.);
#1047 = ORIENTED_EDGE('',*,*,#970,.F.);
#1048 = CONICAL_SURFACE('',#1049,3.64628129211,1.047197551197);
#1049 = AXIS2_PLACEMENT_3D('',#1050,#1051,#1052);
#1050 = CARTESIAN_POINT('',(0.,0.,2.8));
#1051 = DIRECTION('',(0.,0.,1.));
#1052 = DIRECTION('',(-1.,0.,0.));
#1053 = ADVANCED_FACE('',(#1054,#1057),#1068,.F.);
#1054 = FACE_BOUND('',#1055,.F.);
#1055 = EDGE_LOOP('',(#1056));
#1056 = ORIENTED_EDGE('',*,*,#1004,.T.);
#1057 = FACE_BOUND('',#1058,.F.);
#1058 = EDGE_LOOP('',(#1059));
#1059 = ORIENTED_EDGE('',*,*,#1060,.F.);
#1060 = EDGE_CURVE('',#1061,#1061,#1063,.T.);
#1061 = VERTEX_POINT('',#1062);
#1062 = CARTESIAN_POINT('',(1.1,0.,-0.));
#1063 = CIRCLE('',#1064,1.1);
#1064 = AXIS2_PLACEMENT_3D('',#1065,#1066,#1067);
#1065 = CARTESIAN_POINT('',(0.,0.,-1.E-17));
#1066 = DIRECTION('',(0.,0.,1.));
#1067 = DIRECTION('',(1.,0.,-0.));
#1068 = PLANE('',#1069);
#1069 = AXIS2_PLACEMENT_3D('',#1070,#1071,#1072);
#1070 = CARTESIAN_POINT('',(0.,0.,0.));
#1071 = DIRECTION('',(0.,0.,1.));
#1072 = DIRECTION('',(1.,0.,-0.));
#1073 = ADVANCED_FACE('',(#1074),#1077,.F.);
#1074 = FACE_BOUND('',#1075,.F.);
#1075 = EDGE_LOOP('',(#1076));
#1076 = ORIENTED_EDGE('',*,*,#1028,.T.);
#1077 = PLANE('',#1078);
#1078 = AXIS2_PLACEMENT_3D('',#1079,#1080,#1081);
#1079 = CARTESIAN_POINT('',(0.,0.,0.764818514459));
#1080 = DIRECTION('',(0.,0.,-1.));
#1081 = DIRECTION('',(-1.,0.,0.));
#1082 = ADVANCED_FACE('',(#1083),#1103,.F.);
#1083 = FACE_BOUND('',#1084,.F.);
#1084 = EDGE_LOOP('',(#1085,#1086,#1095,#1102));
#1085 = ORIENTED_EDGE('',*,*,#1060,.T.);
#1086 = ORIENTED_EDGE('',*,*,#1087,.T.);
#1087 = EDGE_CURVE('',#1061,#1088,#1090,.T.);
#1088 = VERTEX_POINT('',#1089);
#1089 = CARTESIAN_POINT('',(1.,0.,-0.1));
#1090 = CIRCLE('',#1091,0.1);
#1091 = AXIS2_PLACEMENT_3D('',#1092,#1093,#1094);
#1092 = CARTESIAN_POINT('',(1.1,0.,-0.1));
#1093 = DIRECTION('',(0.,-1.,0.));
#1094 = DIRECTION('',(0.,0.,1.));
#1095 = ORIENTED_EDGE('',*,*,#1096,.F.);
#1096 = EDGE_CURVE('',#1088,#1088,#1097,.T.);
#1097 = CIRCLE('',#1098,1.);
#1098 = AXIS2_PLACEMENT_3D('',#1099,#1100,#1101);
#1099 = CARTESIAN_POINT('',(0.,0.,-1.E-01));
#1100 = DIRECTION('',(0.,0.,1.));
#1101 = DIRECTION('',(1.,0.,-0.));
#1102 = ORIENTED_EDGE('',*,*,#1087,.F.);
#1103 = TOROIDAL_SURFACE('',#1104,1.1,0.1);
#1104 = AXIS2_PLACEMENT_3D('',#1105,#1106,#1107);
#1105 = CARTESIAN_POINT('',(0.,0.,-0.1));
#1106 = DIRECTION('',(0.,0.,1.));
#1107 = DIRECTION('',(1.,0.,-0.));
#1108 = ADVANCED_FACE('',(#1109),#1324,.T.);
#1109 = FACE_BOUND('',#1110,.F.);
#1110 = EDGE_LOOP('',(#1111,#1119,#1120,#1121,#1203,#1211,#1242,#1289));
#1111 = ORIENTED_EDGE('',*,*,#1112,.F.);
#1112 = EDGE_CURVE('',#1088,#1113,#1115,.T.);
#1113 = VERTEX_POINT('',#1114);
#1114 = CARTESIAN_POINT('',(1.,1.3513E-11,-0.165004292727));
#1115 = LINE('',#1116,#1117);
#1116 = CARTESIAN_POINT('',(1.,0.,-1.E-01));
#1117 = VECTOR('',#1118,1.);
#1118 = DIRECTION('',(0.,0.,-1.));
#1119 = ORIENTED_EDGE('',*,*,#1096,.T.);
#1120 = ORIENTED_EDGE('',*,*,#1112,.T.);
#1121 = ORIENTED_EDGE('',*,*,#1122,.T.);
#1122 = EDGE_CURVE('',#1113,#1123,#1125,.T.);
#1123 = VERTEX_POINT('',#1124);
#1124 = CARTESIAN_POINT('',(1.,1.246E-11,-0.565004120991));
#1125 = B_SPLINE_CURVE_WITH_KNOTS('',6,(#1126,#1127,#1128,#1129,#1130,
    #1131,#1132,#1133,#1134,#1135,#1136,#1137,#1138,#1139,#1140,#1141,
    #1142,#1143,#1144,#1145,#1146,#1147,#1148,#1149,#1150,#1151,#1152,
    #1153,#1154,#1155,#1156,#1157,#1158,#1159,#1160,#1161,#1162,#1163,
    #1164,#1165,#1166,#1167,#1168,#1169,#1170,#1171,#1172,#1173,#1174,
    #1175,#1176,#1177,#1178,#1179,#1180,#1181,#1182,#1183,#1184,#1185,
    #1186,#1187,#1188,#1189,#1190,#1191,#1192,#1193,#1194,#1195,#1196,
    #1197,#1198,#1199,#1200,#1201,#1202),.UNSPECIFIED.,.F.,.F.,(7,5,5,5,
    5,5,5,5,5,5,5,5,5,5,5,7),(0.,5.11108633357E-02,9.611029241843E-02,
    0.148005064558,0.262002076192,0.362092319821,0.429974192338,
    0.497973089249,0.564385042381,0.631641824625,0.737640759716,
    0.794588607224,0.845590889946,0.946484561771,0.973484081078,1.),
  .UNSPECIFIED.);
#1126 = CARTESIAN_POINT('',(1.,2.70256E-11,-0.165004292727));
#1127 = CARTESIAN_POINT('',(1.000000000001,-5.352207905103E-02,
    -0.168411594451));
#1128 = CARTESIAN_POINT('',(0.996562433591,-0.107044554647,
    -0.171819334402));
#1129 = CARTESIAN_POINT('',(0.989687353921,-0.160290012616,
    -0.175226991242));
#1130 = CARTESIAN_POINT('',(0.979404527862,-0.212983119997,
    -0.178634255909));
#1131 = CARTESIAN_POINT('',(0.965772816804,-0.264853461777,
    -0.182041009451));
#1132 = CARTESIAN_POINT('',(0.934006260924,-0.360350833513,
    -0.188446294773));
#1133 = CARTESIAN_POINT('',(0.916604583933,-0.404222502596,
    -0.191444963225));
#1134 = CARTESIAN_POINT('',(0.896734096004,-0.447074301673,
    -0.194443325316));
#1135 = CARTESIAN_POINT('',(0.874470958427,-0.488733493316,
    -0.197441554855));
#1136 = CARTESIAN_POINT('',(0.84990721281,-0.529035194246,
    -0.200439857886));
#1137 = CARTESIAN_POINT('',(0.792292881519,-0.61255623339,
    -0.206896306923));
#1138 = CARTESIAN_POINT('',(0.758518117805,-0.65527704532,
    -0.210354566653));
#1139 = CARTESIAN_POINT('',(0.721990350751,-0.695747563165,
    -0.213813303435));
#1140 = CARTESIAN_POINT('',(0.682899226691,-0.733748252139,
    -0.217272710875));
#1141 = CARTESIAN_POINT('',(0.641457048745,-0.769081349862,
    -0.22073287156));
#1142 = CARTESIAN_POINT('',(0.502206790186,-0.872948595034,
    -0.231795851034));
#1143 = CARTESIAN_POINT('',(0.396271364421,-0.930631601011,
    -0.239402716253));
#1144 = CARTESIAN_POINT('',(0.282586844495,-0.972744038123,
    -0.247009967961));
#1145 = CARTESIAN_POINT('',(0.164035569679,-0.998096730066,
    -0.25461572431));
#1146 = CARTESIAN_POINT('',(4.368644171398E-02,-1.006151898415,
    -0.262220107425));
#1147 = CARTESIAN_POINT('',(-0.179861512196,-0.989259944519,
    -0.276492629486));
#1148 = CARTESIAN_POINT('',(-0.283395442863,-0.968216485075,
    -0.28316392314));
#1149 = CARTESIAN_POINT('',(-0.383852358084,-0.934179332157,
    -0.289832098429));
#1150 = CARTESIAN_POINT('',(-0.479219875565,-0.887752957609,
    -0.296499586308));
#1151 = CARTESIAN_POINT('',(-0.567640497648,-0.829921822517,
    -0.303168836075));
#1152 = CARTESIAN_POINT('',(-0.701685279456,-0.716024385684,
    -0.314361866295));
#1153 = CARTESIAN_POINT('',(-0.751931235495,-0.665373233624,
    -0.31888595317));
#1154 = CARTESIAN_POINT('',(-0.797756112883,-0.610521281021,
    -0.323410651186));
#1155 = CARTESIAN_POINT('',(-0.838728811548,-0.551956427616,
    -0.327936076337));
#1156 = CARTESIAN_POINT('',(-0.874491269845,-0.490222359185,
    -0.33246219994));
#1157 = CARTESIAN_POINT('',(-0.935093979736,-0.361482542477,
    -0.341522613096));
#1158 = CARTESIAN_POINT('',(-0.959916922911,-0.294464420422,
    -0.346057152425));
#1159 = CARTESIAN_POINT('',(-0.978956897221,-0.225445369485,
    -0.350591609075));
#1160 = CARTESIAN_POINT('',(-0.992022583443,-0.155050880189,
    -0.35512585126));
#1161 = CARTESIAN_POINT('',(-0.999012716585,-8.392708739473E-02,
    -0.359659822192));
#1162 = CARTESIAN_POINT('',(-1.000804130063,5.680990944991E-02,
    -0.368620843958));
#1163 = CARTESIAN_POINT('',(-0.995886119397,0.12642316207,
    -0.373048146923));
#1164 = CARTESIAN_POINT('',(-0.985157196236,0.195503098738,
    -0.377474862735));
#1165 = CARTESIAN_POINT('',(-0.968694297855,0.263445493047,
    -0.38190124287));
#1166 = CARTESIAN_POINT('',(-0.946656838114,0.329662398022,
    -0.386327632848));
#1167 = CARTESIAN_POINT('',(-0.891563909703,0.458338404615,
    -0.395236746969));
#1168 = CARTESIAN_POINT('',(-0.858370436989,0.520742277001,
    -0.399719696077));
#1169 = CARTESIAN_POINT('',(-0.819952960167,0.580223571292,
    -0.404202877433));
#1170 = CARTESIAN_POINT('',(-0.776640039708,0.636241120781,
    -0.408686651201));
#1171 = CARTESIAN_POINT('',(-0.728832575421,0.688304854181,
    -0.413171264168));
#1172 = CARTESIAN_POINT('',(-0.595301081115,0.811133715342,
    -0.424725048196));
#1173 = CARTESIAN_POINT('',(-0.503582421944,0.875411531962,
    -0.431796373949));
#1174 = CARTESIAN_POINT('',(-0.403678007247,0.927118042039,
    -0.438867597229));
#1175 = CARTESIAN_POINT('',(-0.297766851876,0.965025675499,
    -0.445938571413));
#1176 = CARTESIAN_POINT('',(-0.188231191834,0.988377307736,
    -0.453008707882));
#1177 = CARTESIAN_POINT('',(-1.811280599192E-02,1.00161276371,
    -0.463871669916));
#1178 = CARTESIAN_POINT('',(4.167323153682E-02,1.001983821244,
    -0.467667466925));
#1179 = CARTESIAN_POINT('',(0.101408865881,0.998070572386,
    -0.471462412685));
#1180 = CARTESIAN_POINT('',(0.160711028198,0.989889033549,
    -0.475256634276));
#1181 = CARTESIAN_POINT('',(0.219201206997,0.977500453628,
    -0.479050374123));
#1182 = CARTESIAN_POINT('',(0.327837185974,0.946242710312,
    -0.486241175196));
#1183 = CARTESIAN_POINT('',(0.378217678077,0.928184890316,
    -0.489638367547));
#1184 = CARTESIAN_POINT('',(0.427387834693,0.906913371205,
    -0.493035501331));
#1185 = CARTESIAN_POINT('',(0.475092703235,0.882532045913,
    -0.496432847766));
#1186 = CARTESIAN_POINT('',(0.521089778294,0.855171336599,
    -0.499830659191));
#1187 = CARTESIAN_POINT('',(0.652316396316,0.765275394865,
    -0.509951676001));
#1188 = CARTESIAN_POINT('',(0.731922014737,0.694504519443,
    -0.516677445057));
#1189 = CARTESIAN_POINT('',(0.802186159249,0.613887653681,
    -0.523405378968));
#1190 = CARTESIAN_POINT('',(0.861638014483,0.524999620977,
    -0.530136412773));
#1191 = CARTESIAN_POINT('',(0.909145281465,0.429670743341,
    -0.536867829504));
#1192 = CARTESIAN_POINT('',(0.953331418044,0.303246671969,
    -0.545397274729));
#1193 = CARTESIAN_POINT('',(0.961754069585,0.276240780688,
    -0.547197802538));
#1194 = CARTESIAN_POINT('',(0.969257797048,0.248956854954,
    -0.548998183245));
#1195 = CARTESIAN_POINT('',(0.975831376265,0.221433954644,
    -0.550798410183));
#1196 = CARTESIAN_POINT('',(0.98146580346,0.193711716257,-0.552598494564
    ));
#1197 = CARTESIAN_POINT('',(0.990758809392,0.138448385061,
    -0.556166196318));
#1198 = CARTESIAN_POINT('',(0.994450988815,0.110912848407,
    -0.557933819372));
#1199 = CARTESIAN_POINT('',(0.99722441382,8.326184247649E-02,
    -0.559701365695));
#1200 = CARTESIAN_POINT('',(0.999074800352,5.553366651013E-02,
    -0.561468884085));
#1201 = CARTESIAN_POINT('',(1.,2.776681946689E-02,-0.563236441086));
#1202 = CARTESIAN_POINT('',(1.,2.493594E-11,-0.565004120991));
#1203 = ORIENTED_EDGE('',*,*,#1204,.F.);
#1204 = EDGE_CURVE('',#1205,#1123,#1207,.T.);
#1205 = VERTEX_POINT('',#1206);
#1206 = CARTESIAN_POINT('',(1.,8.6259E-11,-0.514972601634));
#1207 = LINE('',#1208,#1209);
#1208 = CARTESIAN_POINT('',(1.,0.,-1.E-01));
#1209 = VECTOR('',#1210,1.);
#1210 = DIRECTION('',(0.,0.,-1.));
#1211 = ORIENTED_EDGE('',*,*,#1212,.F.);
#1212 = EDGE_CURVE('',#1213,#1205,#1215,.T.);
#1213 = VERTEX_POINT('',#1214);
#1214 = CARTESIAN_POINT('',(-0.646635843956,0.762798849836,
    -0.252407595093));
#1215 = B_SPLINE_CURVE_WITH_KNOTS('',7,(#1216,#1217,#1218,#1219,#1220,
    #1221,#1222,#1223,#1224,#1225,#1226,#1227,#1228,#1229,#1230,#1231,
    #1232,#1233,#1234,#1235,#1236,#1237,#1238,#1239,#1240,#1241),
  .UNSPECIFIED.,.F.,.F.,(8,6,6,6,8),(0.,0.22108722492,0.427753494011,
    0.627501581279,1.),.UNSPECIFIED.);
#1216 = CARTESIAN_POINT('',(-0.646635843956,0.762798849836,
    -0.252407595093));
#1217 = CARTESIAN_POINT('',(-0.59425181635,0.807205563229,
    -0.261587455129));
#1218 = CARTESIAN_POINT('',(-0.538136547582,0.847562217948,
    -0.271008741637));
#1219 = CARTESIAN_POINT('',(-0.478641871678,0.883484971645,
    -0.280629220764));
#1220 = CARTESIAN_POINT('',(-0.41617003539,0.914621878187,
    -0.290404601643));
#1221 = CARTESIAN_POINT('',(-0.351171036986,0.940662511648,
    -0.30028956523));
#1222 = CARTESIAN_POINT('',(-0.284139965045,0.961347590314,
    -0.310238793142));
#1223 = CARTESIAN_POINT('',(-0.151558461389,0.990622653816,
    -0.329526934134));
#1224 = CARTESIAN_POINT('',(-8.619306679569E-02,0.999914444319,
    -0.338863822286));
#1225 = CARTESIAN_POINT('',(-1.995743136744E-02,1.004191618617,
    -0.348182028199));
#1226 = CARTESIAN_POINT('',(4.668411373885E-02,1.003341098281,
    -0.357446648469));
#1227 = CARTESIAN_POINT('',(0.113248762614,0.997303957715,
    -0.366624363322));
#1228 = CARTESIAN_POINT('',(0.179241813104,0.986080301841,
    -0.375683290873));
#1229 = CARTESIAN_POINT('',(0.30691142365,0.953935175634,-0.393204143512
    ));
#1230 = CARTESIAN_POINT('',(0.368662467587,0.933349931126,
    -0.401676404844));
#1231 = CARTESIAN_POINT('',(0.428964369731,0.908036128026,
    -0.409981824631));
#1232 = CARTESIAN_POINT('',(0.487368710208,0.878105756898,
    -0.418094586411));
#1233 = CARTESIAN_POINT('',(0.543437893,0.843725575929,-0.425990638933)
  );
#1234 = CARTESIAN_POINT('',(0.596752382279,0.80511760575,-0.433647477063
    ));
#1235 = CARTESIAN_POINT('',(0.74046872418,0.683195756352,-0.454837117581
    ));
#1236 = CARTESIAN_POINT('',(0.823132370755,0.590042002772,
    -0.467734176847));
#1237 = CARTESIAN_POINT('',(0.892249588682,0.484935523193,
    -0.479584261627));
#1238 = CARTESIAN_POINT('',(0.94568681361,0.370342547139,-0.490283480699
    ));
#1239 = CARTESIAN_POINT('',(0.981898687052,0.249139034732,
    -0.499758811866));
#1240 = CARTESIAN_POINT('',(0.999999999989,0.124561084635,
    -0.507985786206));
#1241 = CARTESIAN_POINT('',(1.,1.7251749E-10,-0.514972601634));
#1242 = ORIENTED_EDGE('',*,*,#1243,.F.);
#1243 = EDGE_CURVE('',#1244,#1213,#1246,.T.);
#1244 = VERTEX_POINT('',#1245);
#1245 = CARTESIAN_POINT('',(-0.64697789221,0.762508758633,
    -0.152378369761));
#1246 = B_SPLINE_CURVE_WITH_KNOTS('',6,(#1247,#1248,#1249,#1250,#1251,
    #1252,#1253,#1254,#1255,#1256,#1257,#1258,#1259,#1260,#1261,#1262,
    #1263,#1264,#1265,#1266,#1267,#1268,#1269,#1270,#1271,#1272,#1273,
    #1274,#1275,#1276,#1277,#1278,#1279,#1280,#1281,#1282,#1283,#1284,
    #1285,#1286,#1287,#1288),.UNSPECIFIED.,.F.,.F.,(7,5,5,5,5,5,5,5,7),(
    0.,0.255670128606,0.367515675814,0.41430321587,0.498490383515,
    0.602534594143,0.669185647161,0.880410126275,1.),.UNSPECIFIED.);
#1247 = CARTESIAN_POINT('',(-0.64697789221,0.762508758633,
    -0.152378369761));
#1248 = CARTESIAN_POINT('',(-0.674152350689,0.739451615132,
    -0.15222986637));
#1249 = CARTESIAN_POINT('',(-0.699894358069,0.715611113977,
    -0.152508847465));
#1250 = CARTESIAN_POINT('',(-0.72403509342,0.691253327139,
    -0.153229824816));
#1251 = CARTESIAN_POINT('',(-0.746337027602,0.666791198212,
    -0.154424634156));
#1252 = CARTESIAN_POINT('',(-0.766527672501,0.642842104245,
    -0.15613948485));
#1253 = CARTESIAN_POINT('',(-0.791923532913,0.610747289945,
    -0.159496508725));
#1254 = CARTESIAN_POINT('',(-0.799165127141,0.601295761546,
    -0.160636410296));
#1255 = CARTESIAN_POINT('',(-0.805885010849,0.592252203203,
    -0.161902507749));
#1256 = CARTESIAN_POINT('',(-0.812035683376,0.583739750985,
    -0.163304108113));
#1257 = CARTESIAN_POINT('',(-0.817560655414,0.575905272226,
    -0.164850367537));
#1258 = CARTESIAN_POINT('',(-0.824422059395,0.565986679543,
    -0.167259245044));
#1259 = CARTESIAN_POINT('',(-0.826325394456,0.563208550029,
    -0.167996268913));
#1260 = CARTESIAN_POINT('',(-0.828103623801,0.560590009654,
    -0.168760351819));
#1261 = CARTESIAN_POINT('',(-0.829752059792,0.558143242222,
    -0.169551821423));
#1262 = CARTESIAN_POINT('',(-0.831266052582,0.555880305008,
    -0.170370819032));
#1263 = CARTESIAN_POINT('',(-0.835114984179,0.55009355484,
    -0.172740414542));
#1264 = CARTESIAN_POINT('',(-0.837139351928,0.547006660083,
    -0.17435272885));
#1265 = CARTESIAN_POINT('',(-0.838686943466,0.544621774462,
    -0.176053284718));
#1266 = CARTESIAN_POINT('',(-0.83973534824,0.542996763099,
    -0.177838605631));
#1267 = CARTESIAN_POINT('',(-0.840271314045,0.542166137571,
    -0.179701884992));
#1268 = CARTESIAN_POINT('',(-0.840324643912,0.542083476774,
    -0.184017757725));
#1269 = CARTESIAN_POINT('',(-0.839571890634,0.543249937596,
    -0.186506702453));
#1270 = CARTESIAN_POINT('',(-0.838036688635,0.545631097976,
    -0.189078194539));
#1271 = CARTESIAN_POINT('',(-0.83575077281,0.549145813001,
    -0.191709038804));
#1272 = CARTESIAN_POINT('',(-0.832764077382,0.553666166363,
    -0.194376470723));
#1273 = CARTESIAN_POINT('',(-0.826803610816,0.562506106754,
    -0.198780665259));
#1274 = CARTESIAN_POINT('',(-0.824210484918,0.566314780678,
    -0.200507739263));
#1275 = CARTESIAN_POINT('',(-0.821365143497,0.570445336462,
    -0.202237535729));
#1276 = CARTESIAN_POINT('',(-0.818281253021,0.574862329453,
    -0.203966066094));
#1277 = CARTESIAN_POINT('',(-0.814971746318,0.579532059087,
    -0.20569003734));
#1278 = CARTESIAN_POINT('',(-0.800280699276,0.599929931678,
    -0.212847750524));
#1279 = CARTESIAN_POINT('',(-0.78697492383,0.617655313397,
    -0.218210513579));
#1280 = CARTESIAN_POINT('',(-0.771874108107,0.636670682796,
    -0.223426979739));
#1281 = CARTESIAN_POINT('',(-0.755223964842,0.656329974423,
    -0.228455914361));
#1282 = CARTESIAN_POINT('',(-0.737208481132,0.676232843268,
    -0.23327621203));
#1283 = CARTESIAN_POINT('',(-0.707010474136,0.707376928478,
    -0.240483909693));
#1284 = CARTESIAN_POINT('',(-0.69569412889,0.718623843553,
    -0.243018122623));
#1285 = CARTESIAN_POINT('',(-0.684002830586,0.729806223854,
    -0.245477972421));
#1286 = CARTESIAN_POINT('',(-0.671959419019,0.740881226102,
    -0.24786074739));
#1287 = CARTESIAN_POINT('',(-0.659585435709,0.751813607829,
    -0.250163948913));
#1288 = CARTESIAN_POINT('',(-0.646901754218,0.762573354104,
    -0.25238523345));
#1289 = ORIENTED_EDGE('',*,*,#1290,.F.);
#1290 = EDGE_CURVE('',#1113,#1244,#1291,.T.);
#1291 = B_SPLINE_CURVE_WITH_KNOTS('',7,(#1292,#1293,#1294,#1295,#1296,
    #1297,#1298,#1299,#1300,#1301,#1302,#1303,#1304,#1305,#1306,#1307,
    #1308,#1309,#1310,#1311,#1312,#1313,#1314,#1315,#1316,#1317,#1318,
    #1319,#1320,#1321,#1322,#1323),.UNSPECIFIED.,.F.,.F.,(8,6,6,6,6,8),(
    0.,2.941843159819E-02,0.409617604626,0.603992608102,0.794531805173,
    1.),.UNSPECIFIED.);
#1292 = CARTESIAN_POINT('',(1.,2.702572E-11,-0.165004292727));
#1293 = CARTESIAN_POINT('',(1.,9.792784127949E-03,-0.164454994527));
#1294 = CARTESIAN_POINT('',(0.999888118294,1.958587855115E-02,
    -0.163913348116));
#1295 = CARTESIAN_POINT('',(0.999664342089,2.937769696378E-02,
    -0.163379352676));
#1296 = CARTESIAN_POINT('',(0.999328688472,3.916665337405E-02,
    -0.162853005862));
#1297 = CARTESIAN_POINT('',(0.99888120442,4.895116213128E-02,
    -0.162334303806));
#1298 = CARTESIAN_POINT('',(0.998321966791,5.872963792586E-02,
    -0.161823241117));
#1299 = CARTESIAN_POINT('',(0.988980677311,0.194777522729,
    -0.154813557818));
#1300 = CARTESIAN_POINT('',(0.961657500679,0.319854333342,-0.14957837425
    ));
#1301 = CARTESIAN_POINT('',(0.915882829167,0.440169317721,
    -0.145609216449));
#1302 = CARTESIAN_POINT('',(0.852806313815,0.552382690896,
    -0.142837546958));
#1303 = CARTESIAN_POINT('',(0.774257032334,0.653580751086,
    -0.141146876247));
#1304 = CARTESIAN_POINT('',(0.68267109072,0.741324588236,-0.140392575198
    ));
#1305 = CARTESIAN_POINT('',(0.529034702456,0.850999526787,
    -0.140403329217));
#1306 = CARTESIAN_POINT('',(0.47440738821,0.884150237077,-0.140606004286
    ));
#1307 = CARTESIAN_POINT('',(0.417506757987,0.913123869647,
    -0.140984578767));
#1308 = CARTESIAN_POINT('',(0.358731720532,0.937746127813,
    -0.141514290547));
#1309 = CARTESIAN_POINT('',(0.298494062238,0.95789315553,-0.142168886007
    ));
#1310 = CARTESIAN_POINT('',(0.237212144116,0.973490861706,
    -0.142920752995));
#1311 = CARTESIAN_POINT('',(0.114618740104,0.995320091318,
    -0.144545166732));
#1312 = CARTESIAN_POINT('',(5.332845779026E-02,1.001730966856,
    -0.145415057996));
#1313 = CARTESIAN_POINT('',(-8.172594020933E-03,1.00372320866,
    -0.14632362896));
#1314 = CARTESIAN_POINT('',(-6.949719705662E-02,1.001319250087,
    -0.147242579499));
#1315 = CARTESIAN_POINT('',(-0.130268961751,0.994584153448,
    -0.148142735676));
#1316 = CARTESIAN_POINT('',(-0.190126720064,0.983622143146,
    -0.148994377436));
#1317 = CARTESIAN_POINT('',(-0.311922676153,0.952345025087,
    -0.150601335522));
#1318 = CARTESIAN_POINT('',(-0.37365940031,0.931363548243,
    -0.151343919564));
#1319 = CARTESIAN_POINT('',(-0.433510816531,0.905803965021,
    -0.151957957981));
#1320 = CARTESIAN_POINT('',(-0.491082261703,0.875886989001,
    -0.152405936893));
#1321 = CARTESIAN_POINT('',(-0.546014596552,0.841871718919,
    -0.152651350492));
#1322 = CARTESIAN_POINT('',(-0.597986118361,0.804048566999,
    -0.152659862552));
#1323 = CARTESIAN_POINT('',(-0.646714473684,0.76273218729,
    -0.152400467945));
#1324 = CYLINDRICAL_SURFACE('',#1325,1.);
#1325 = AXIS2_PLACEMENT_3D('',#1326,#1327,#1328);
#1326 = CARTESIAN_POINT('',(0.,0.,-1.E-01));
#1327 = DIRECTION('',(-0.,-0.,-1.));
#1328 = DIRECTION('',(1.,0.,0.));
#1329 = ADVANCED_FACE('',(#1330),#1352,.T.);
#1330 = FACE_BOUND('',#1331,.T.);
#1331 = EDGE_LOOP('',(#1332,#1346,#1347));
#1332 = ORIENTED_EDGE('',*,*,#1333,.F.);
#1333 = EDGE_CURVE('',#1244,#1334,#1336,.T.);
#1334 = VERTEX_POINT('',#1335);
#1335 = CARTESIAN_POINT('',(0.783515380613,1.576296194E-06,
    -0.290024760404));
#1336 = ( BOUNDED_CURVE() B_SPLINE_CURVE(8,(#1337,#1338,#1339,#1340,
    #1341,#1342,#1343,#1344,#1345),.UNSPECIFIED.,.F.,.F.) 
B_SPLINE_CURVE_WITH_KNOTS((9,9),(0.,3.147952414045),
.PIECEWISE_BEZIER_KNOTS.) CURVE() GEOMETRIC_REPRESENTATION_ITEM() 
RATIONAL_B_SPLINE_CURVE((1.056590953773,1.056590953773,1.056590953773,
    1.056590953773,1.056590953773,1.056590953773,1.056590953773,
1.056590953773,1.056590953773)) REPRESENTATION_ITEM('') );
#1337 = CARTESIAN_POINT('',(-1.053426069993,-1.54041698108E-06,
    -9.002412075496E-02));
#1338 = CARTESIAN_POINT('',(-1.053426884469,0.360661834941,
    -0.115024359337));
#1339 = CARTESIAN_POINT('',(-0.891535807561,0.721463215734,
    -0.140036099088));
#1340 = CARTESIAN_POINT('',(-0.567943932706,0.997054449713,
    -0.165007257847));
#1341 = CARTESIAN_POINT('',(-0.135000558354,1.104084626605,
    -0.19002444065));
#1342 = CARTESIAN_POINT('',(0.298091498989,0.997055878671,
    -0.215041623209));
#1343 = CARTESIAN_POINT('',(0.621601742203,0.721465594885,
    -0.240012782103));
#1344 = CARTESIAN_POINT('',(0.783514552043,0.360664951654,
    -0.265024521825));
#1345 = CARTESIAN_POINT('',(0.783515380613,1.57629619346E-06,
    -0.290024760404));
#1346 = ORIENTED_EDGE('',*,*,#1290,.F.);
#1347 = ORIENTED_EDGE('',*,*,#1348,.F.);
#1348 = EDGE_CURVE('',#1334,#1113,#1349,.T.);
#1349 = B_SPLINE_CURVE_WITH_KNOTS('',1,(#1350,#1351),.UNSPECIFIED.,.F.,
  .F.,(2,2),(0.,0.28),.PIECEWISE_BEZIER_KNOTS.);
#1350 = CARTESIAN_POINT('',(0.783515380613,1.57629619357E-06,
    -0.290024760404));
#1351 = CARTESIAN_POINT('',(1.0259864804,-1.8918589895E-07,
    -0.149997028275));
#1352 = B_SPLINE_SURFACE_WITH_KNOTS('',1,7,(
    (#1353,#1354,#1355,#1356,#1357,#1358,#1359,#1360)
    ,(#1361,#1362,#1363,#1364,#1365,#1366,#1367,#1368
  )),.UNSPECIFIED.,.F.,.F.,.F.,(2,2),(8,8),(0.,0.28),(0.,3.147952414045)
  ,.PIECEWISE_BEZIER_KNOTS.);
#1353 = CARTESIAN_POINT('',(-1.053426069993,-1.54041698075E-06,
    -9.002412075495E-02));
#1354 = CARTESIAN_POINT('',(-1.053427000823,0.412185174278,
    -0.118595821991));
#1355 = CARTESIAN_POINT('',(-0.837572076474,0.82455589622,-0.14718285812
    ));
#1356 = CARTESIAN_POINT('',(-0.406214170823,1.102201167897,
    -0.175701897761));
#1357 = CARTESIAN_POINT('',(0.136320766978,1.102202174253,
    -0.204346983363));
#1358 = CARTESIAN_POINT('',(0.567630845045,0.824558029516,
    -0.232866023081));
#1359 = CARTESIAN_POINT('',(0.783514433676,0.412188290991,-0.26145305917
    ));
#1360 = CARTESIAN_POINT('',(0.783515380613,1.57629619357E-06,
    -0.290024760404));
#1361 = CARTESIAN_POINT('',(-1.29589758352,1.8487903053E-07,
    5.000289494244E-02));
#1362 = CARTESIAN_POINT('',(-1.295897563499,0.521032389211,
    2.143149910101E-02));
#1363 = CARTESIAN_POINT('',(-1.023027559516,1.042050447906,
    -7.138055978578E-03));
#1364 = CARTESIAN_POINT('',(-0.477869851465,1.393310715239,
    -3.571577319666E-02));
#1365 = CARTESIAN_POINT('',(0.207964729944,1.393310627166,
    -6.427836012815E-02));
#1366 = CARTESIAN_POINT('',(0.75310949161,1.042050095825,
    -9.285607736475E-02));
#1367 = CARTESIAN_POINT('',(1.025986502354,0.521032015146,
    -0.121425632434));
#1368 = CARTESIAN_POINT('',(1.0259864804,-1.8918589895E-07,
    -0.149997028275));
#1369 = ADVANCED_FACE('',(#1370),#1397,.T.);
#1370 = FACE_BOUND('',#1371,.T.);
#1371 = EDGE_LOOP('',(#1372,#1385,#1386,#1387));
#1372 = ORIENTED_EDGE('',*,*,#1373,.F.);
#1373 = EDGE_CURVE('',#1213,#1374,#1376,.T.);
#1374 = VERTEX_POINT('',#1375);
#1375 = CARTESIAN_POINT('',(0.783526817528,1.576254496E-06,
    -0.39002475975));
#1376 = B_SPLINE_CURVE_WITH_KNOTS('',7,(#1377,#1378,#1379,#1380,#1381,
    #1382,#1383,#1384),.UNSPECIFIED.,.F.,.F.,(8,8),(0.,3.147952414045),
  .PIECEWISE_BEZIER_KNOTS.);
#1377 = CARTESIAN_POINT('',(-1.053437211437,-1.54037715283E-06,
    -0.190024120134));
#1378 = CARTESIAN_POINT('',(-1.0534382682,0.412190242036,-0.218595821357
    ));
#1379 = CARTESIAN_POINT('',(-0.837587864576,0.824566088446,
    -0.247182856682));
#1380 = CARTESIAN_POINT('',(-0.406211826147,1.102214699139,
    -0.275701899036));
#1381 = CARTESIAN_POINT('',(0.136329783517,1.102215750397,
    -0.304346980797));
#1382 = CARTESIAN_POINT('',(0.5676323272,0.824568089757,-0.332866023266)
  );
#1383 = CARTESIAN_POINT('',(0.783525744659,0.412193358667,
    -0.361453058531));
#1384 = CARTESIAN_POINT('',(0.783526817528,1.57625449493E-06,
    -0.39002475975));
#1385 = ORIENTED_EDGE('',*,*,#1243,.F.);
#1386 = ORIENTED_EDGE('',*,*,#1333,.T.);
#1387 = ORIENTED_EDGE('',*,*,#1388,.F.);
#1388 = EDGE_CURVE('',#1374,#1334,#1389,.T.);
#1389 = ( BOUNDED_CURVE() B_SPLINE_CURVE(6,(#1390,#1391,#1392,#1393,
#1394,#1395,#1396),.UNSPECIFIED.,.F.,.F.) B_SPLINE_CURVE_WITH_KNOTS((7,7
),(0.,2.094395102393),.PIECEWISE_BEZIER_KNOTS.) CURVE() 
GEOMETRIC_REPRESENTATION_ITEM() RATIONAL_B_SPLINE_CURVE((1.056590953773,
    1.017435169568,0.996326512422,0.989390034249,0.996326512422,
1.017435169568,1.056590953773)) REPRESENTATION_ITEM('') );
#1390 = CARTESIAN_POINT('',(0.783526817528,1.57625449509E-06,
    -0.39002475975));
#1391 = CARTESIAN_POINT('',(0.765401101976,1.70822286732E-06,
    -0.379562636844));
#1392 = CARTESIAN_POINT('',(0.752626676221,1.80122566695E-06,
    -0.361853107223));
#1393 = CARTESIAN_POINT('',(0.748007703625,1.83484717725E-06,
    -0.340028821714));
#1394 = CARTESIAN_POINT('',(0.75262168405,1.80124386839E-06,
    -0.318203480239));
#1395 = CARTESIAN_POINT('',(0.765392058624,1.70825583906E-06,
    -0.300491029081));
#1396 = CARTESIAN_POINT('',(0.783515380613,1.57629619346E-06,
    -0.290024760404));
#1397 = ( BOUNDED_SURFACE() B_SPLINE_SURFACE(6,8,(
    (#1398,#1399,#1400,#1401,#1402,#1403,#1404,#1405,#1406)
    ,(#1407,#1408,#1409,#1410,#1411,#1412,#1413,#1414,#1415)
    ,(#1416,#1417,#1418,#1419,#1420,#1421,#1422,#1423,#1424)
    ,(#1425,#1426,#1427,#1428,#1429,#1430,#1431,#1432,#1433)
    ,(#1434,#1435,#1436,#1437,#1438,#1439,#1440,#1441,#1442)
    ,(#1443,#1444,#1445,#1446,#1447,#1448,#1449,#1450,#1451)
    ,(#1452,#1453,#1454,#1455,#1456,#1457,#1458,#1459,#1460
)),.UNSPECIFIED.,.F.,.F.,.F.) B_SPLINE_SURFACE_WITH_KNOTS((7,7),(9,9),(
    0.,2.094395102393),(0.,3.147952414045),.PIECEWISE_BEZIER_KNOTS.) 
GEOMETRIC_REPRESENTATION_ITEM() RATIONAL_B_SPLINE_SURFACE((
    (1.056590953773,1.056590953773,1.056590953773,1.056590953773
      ,1.056590953773,1.056590953773,1.056590953773,1.056590953773
      ,1.056590953773)
    ,(1.017435169568,1.017435169568,1.017435169568,1.017435169568
      ,1.017435169568,1.017435169568,1.017435169568,1.017435169568
      ,1.017435169568)
    ,(0.996326512422,0.996326512422,0.996326512422,0.996326512422
      ,0.996326512422,0.996326512422,0.996326512422,0.996326512422
      ,0.996326512422)
    ,(0.989390034249,0.989390034249,0.989390034249,0.989390034249
      ,0.989390034249,0.989390034249,0.989390034249,0.989390034249
      ,0.989390034249)
    ,(0.996326512422,0.996326512422,0.996326512422,0.996326512422
      ,0.996326512422,0.996326512422,0.996326512422,0.996326512422
      ,0.996326512422)
    ,(1.017435169568,1.017435169568,1.017435169568,1.017435169568
      ,1.017435169568,1.017435169568,1.017435169568,1.017435169568
      ,1.017435169568)
    ,(1.056590953773,1.056590953773,1.056590953773,1.056590953773
      ,1.056590953773,1.056590953773,1.056590953773,1.056590953773
,1.056590953773))) REPRESENTATION_ITEM('') SURFACE() );
#1398 = CARTESIAN_POINT('',(-1.053437211437,-1.540377153E-06,
    -0.190024120134));
#1399 = CARTESIAN_POINT('',(-1.053438136105,0.360666269234,
    -0.215024358704));
#1400 = CARTESIAN_POINT('',(-0.891550465482,0.721472126843,
    -0.240036097851));
#1401 = CARTESIAN_POINT('',(-0.567932888379,0.997066728778,
    -0.265007258082));
#1402 = CARTESIAN_POINT('',(-0.135023219585,1.104098180382,
    -0.290024440046));
#1403 = CARTESIAN_POINT('',(0.298113189577,0.997068136306,
    -0.315041621651));
#1404 = CARTESIAN_POINT('',(0.621605681565,0.721474406984,
    -0.340012782082));
#1405 = CARTESIAN_POINT('',(0.783525878768,0.360669385866,
    -0.365024521183));
#1406 = CARTESIAN_POINT('',(0.783526817528,1.57625449509E-06,
    -0.39002475975));
#1407 = CARTESIAN_POINT('',(-1.035311526798,-1.66934145546E-06,
    -0.179561943672));
#1408 = CARTESIAN_POINT('',(-1.035312490591,0.353546583989,
    -0.204562202218));
#1409 = CARTESIAN_POINT('',(-0.876620278259,0.707243984502,-0.2295749243
    ));
#1410 = CARTESIAN_POINT('',(-0.559388021429,0.977368827704,
    -0.25454366974));
#1411 = CARTESIAN_POINT('',(-0.135021005366,1.082336483677,
    -0.27956229036));
#1412 = CARTESIAN_POINT('',(0.289564614295,0.977370360507,
    -0.304580910629));
#1413 = CARTESIAN_POINT('',(0.606676410917,0.707246489919,
    -0.329549656263));
#1414 = CARTESIAN_POINT('',(0.76540012291,0.353549961553,-0.354562378302
    ));
#1415 = CARTESIAN_POINT('',(0.765401101976,1.70822286732E-06,
    -0.379562636844));
#1416 = CARTESIAN_POINT('',(-1.022537153369,-1.7602270847E-06,
    -0.161852376307));
#1417 = CARTESIAN_POINT('',(-1.022538133344,0.348528863088,
    -0.18685264893));
#1418 = CARTESIAN_POINT('',(-0.866097417497,0.697216450814,
    -0.211866063753));
#1419 = CARTESIAN_POINT('',(-0.55336757091,0.963486391269,-0.23683310733
    ));
#1420 = CARTESIAN_POINT('',(-0.135017102544,1.066999552798,
    -0.261852741861));
#1421 = CARTESIAN_POINT('',(0.283538166748,0.963488014567,-0.28687237606
    ));
#1422 = CARTESIAN_POINT('',(0.596155304029,0.697219125218,
    -0.311839419821));
#1423 = CARTESIAN_POINT('',(0.752625680142,0.348532424541,
    -0.336852834602));
#1424 = CARTESIAN_POINT('',(0.752626676221,1.80122566695E-06,
    -0.361853107223));
#1425 = CARTESIAN_POINT('',(-1.017918245258,-1.79308307302E-06,
    -0.14002807715));
#1426 = CARTESIAN_POINT('',(-1.017919214086,0.346714566197,
    -0.165028354864));
#1427 = CARTESIAN_POINT('',(-0.862291757326,0.693590708794,
    -0.190042020165));
#1428 = CARTESIAN_POINT('',(-0.551193233157,0.958466807653,
    -0.215008448391));
#1429 = CARTESIAN_POINT('',(-0.135012196786,1.061454057808,
    -0.240028449521));
#1430 = CARTESIAN_POINT('',(0.281356612607,0.958468466966,
    -0.265048450343));
#1431 = CARTESIAN_POINT('',(0.592351930939,0.693593459547,
    -0.290014878739));
#1432 = CARTESIAN_POINT('',(0.748006718392,0.346718194127,
    -0.315028544003));
#1433 = CARTESIAN_POINT('',(0.748007703625,1.83484717725E-06,
    -0.340028821714));
#1434 = CARTESIAN_POINT('',(-1.022532290171,-1.76024446941E-06,
    -0.118202749309));
#1435 = CARTESIAN_POINT('',(-1.022533222047,0.348526927536,
    -0.143203021938));
#1436 = CARTESIAN_POINT('',(-0.866091019369,0.697212561148,
    -0.168216437024));
#1437 = CARTESIAN_POINT('',(-0.553372391717,0.963481031502,
    -0.193183479959));
#1438 = CARTESIAN_POINT('',(-0.135007211001,1.066993636625,
    -0.218203114855));
#1439 = CARTESIAN_POINT('',(0.283528698887,0.963482664156,
    -0.243222749471));
#1440 = CARTESIAN_POINT('',(0.596153584512,0.69721527877,-0.268189792561
    ));
#1441 = CARTESIAN_POINT('',(0.752620736069,0.348530489024,
    -0.293203207613));
#1442 = CARTESIAN_POINT('',(0.75262168405,1.80124386839E-06,
    -0.318203480239));
#1443 = CARTESIAN_POINT('',(-1.035302717079,-1.6693729481E-06,
    -0.100490335883));
#1444 = CARTESIAN_POINT('',(-1.035303593742,0.353543077722,
    -0.125490594438));
#1445 = CARTESIAN_POINT('',(-0.876608688005,0.707236938345,
    -0.150503316999));
#1446 = CARTESIAN_POINT('',(-0.559396754356,0.97735911845,
    -0.175472061275));
#1447 = CARTESIAN_POINT('',(-0.135003086766,1.082325766487,
    -0.200490682557));
#1448 = CARTESIAN_POINT('',(0.289547463199,0.977360668198,
    -0.225509303581));
#1449 = CARTESIAN_POINT('',(0.606673296,0.707239522051,-0.250478048));
#1450 = CARTESIAN_POINT('',(0.765391166687,0.353546455351,
    -0.275490770529));
#1451 = CARTESIAN_POINT('',(0.765392058624,1.70825583906E-06,
    -0.300491029081));
#1452 = CARTESIAN_POINT('',(-1.053426069993,-1.54041698108E-06,
    -9.002412075496E-02));
#1453 = CARTESIAN_POINT('',(-1.053426884469,0.360661834941,
    -0.115024359337));
#1454 = CARTESIAN_POINT('',(-0.891535807561,0.721463215734,
    -0.140036099088));
#1455 = CARTESIAN_POINT('',(-0.567943932706,0.997054449713,
    -0.165007257847));
#1456 = CARTESIAN_POINT('',(-0.135000558354,1.104084626605,
    -0.19002444065));
#1457 = CARTESIAN_POINT('',(0.298091498989,0.997055878671,
    -0.215041623209));
#1458 = CARTESIAN_POINT('',(0.621601742203,0.721465594885,
    -0.240012782103));
#1459 = CARTESIAN_POINT('',(0.783514552043,0.360664951654,
    -0.265024521825));
#1460 = CARTESIAN_POINT('',(0.783515380613,1.57629619346E-06,
    -0.290024760404));
#1461 = ADVANCED_FACE('',(#1462),#1471,.T.);
#1462 = FACE_BOUND('',#1463,.T.);
#1463 = EDGE_LOOP('',(#1464,#1469,#1470));
#1464 = ORIENTED_EDGE('',*,*,#1465,.F.);
#1465 = EDGE_CURVE('',#1205,#1374,#1466,.T.);
#1466 = B_SPLINE_CURVE_WITH_KNOTS('',1,(#1467,#1468),.UNSPECIFIED.,.F.,
  .F.,(2,2),(0.,0.28),.PIECEWISE_BEZIER_KNOTS.);
#1467 = CARTESIAN_POINT('',(1.026029940676,-1.8934435375E-07,
    -0.52999702579));
#1468 = CARTESIAN_POINT('',(0.783526817528,1.57625449493E-06,
    -0.39002475975));
#1469 = ORIENTED_EDGE('',*,*,#1212,.F.);
#1470 = ORIENTED_EDGE('',*,*,#1373,.T.);
#1471 = B_SPLINE_SURFACE_WITH_KNOTS('',1,7,(
    (#1472,#1473,#1474,#1475,#1476,#1477,#1478,#1479)
    ,(#1480,#1481,#1482,#1483,#1484,#1485,#1486,#1487
  )),.UNSPECIFIED.,.F.,.F.,.F.,(2,2),(8,8),(0.,0.28),(0.,3.147952414045)
  ,.PIECEWISE_BEZIER_KNOTS.);
#1472 = CARTESIAN_POINT('',(-1.295939921008,1.8503037658E-07,
    -0.329997102699));
#1473 = CARTESIAN_POINT('',(-1.29594037953,0.521051646692,
    -0.358568498487));
#1474 = CARTESIAN_POINT('',(-1.023087554305,1.042089178365,
    -0.387138050514));
#1475 = CARTESIAN_POINT('',(-0.477860941696,1.393362133958,
    -0.415715778041));
#1476 = CARTESIAN_POINT('',(0.207998992792,1.393362216516,
    -0.444278350376));
#1477 = CARTESIAN_POINT('',(0.7531151238,1.042088324737,-0.472856078067)
  );
#1478 = CARTESIAN_POINT('',(1.02602948409,0.521051272317,-0.501425630003
    ));
#1479 = CARTESIAN_POINT('',(1.026029940676,-1.8934435375E-07,
    -0.52999702579));
#1480 = CARTESIAN_POINT('',(-1.053437211437,-1.54037715283E-06,
    -0.190024120134));
#1481 = CARTESIAN_POINT('',(-1.0534382682,0.412190242036,-0.218595821357
    ));
#1482 = CARTESIAN_POINT('',(-0.837587864576,0.824566088446,
    -0.247182856682));
#1483 = CARTESIAN_POINT('',(-0.406211826147,1.102214699139,
    -0.275701899036));
#1484 = CARTESIAN_POINT('',(0.136329783517,1.102215750397,
    -0.304346980797));
#1485 = CARTESIAN_POINT('',(0.5676323272,0.824568089757,-0.332866023266)
  );
#1486 = CARTESIAN_POINT('',(0.783525744659,0.412193358667,
    -0.361453058531));
#1487 = CARTESIAN_POINT('',(0.783526817528,1.57625449493E-06,
    -0.39002475975));
#1488 = ADVANCED_FACE('',(#1489),#1657,.T.);
#1489 = FACE_BOUND('',#1490,.F.);
#1490 = EDGE_LOOP('',(#1491,#1568,#1569,#1651));
#1491 = ORIENTED_EDGE('',*,*,#1492,.F.);
#1492 = EDGE_CURVE('',#1205,#1493,#1495,.T.);
#1493 = VERTEX_POINT('',#1494);
#1494 = CARTESIAN_POINT('',(1.,7.9494E-11,-0.914973697397));
#1495 = B_SPLINE_CURVE_WITH_KNOTS('',6,(#1496,#1497,#1498,#1499,#1500,
    #1501,#1502,#1503,#1504,#1505,#1506,#1507,#1508,#1509,#1510,#1511,
    #1512,#1513,#1514,#1515,#1516,#1517,#1518,#1519,#1520,#1521,#1522,
    #1523,#1524,#1525,#1526,#1527,#1528,#1529,#1530,#1531,#1532,#1533,
    #1534,#1535,#1536,#1537,#1538,#1539,#1540,#1541,#1542,#1543,#1544,
    #1545,#1546,#1547,#1548,#1549,#1550,#1551,#1552,#1553,#1554,#1555,
    #1556,#1557,#1558,#1559,#1560,#1561,#1562,#1563,#1564,#1565,#1566,
    #1567),.UNSPECIFIED.,.F.,.F.,(7,5,5,5,5,5,5,5,5,5,5,5,5,5,7),(0.,
    5.299977434003E-02,9.899959373452E-02,0.152578131009,0.255577011423,
    0.365063142557,0.433219144306,0.496014130695,0.566951356768,
    0.634229264124,0.737895209263,0.84966333383,0.902574981071,
    0.948574366626,1.),.UNSPECIFIED.);
#1496 = CARTESIAN_POINT('',(1.,1.7251911E-10,-0.514972601634));
#1497 = CARTESIAN_POINT('',(1.000000000005,-5.54999939717E-02,
    -0.518505977749));
#1498 = CARTESIAN_POINT('',(0.996303663386,-0.111000503414,
    -0.522039143871));
#1499 = CARTESIAN_POINT('',(0.988911041771,-0.166192110653,
    -0.525572537686));
#1500 = CARTESIAN_POINT('',(0.977856559811,-0.220767850943,
    -0.529106476942));
#1501 = CARTESIAN_POINT('',(0.963208250344,-0.274426641814,
    -0.532641038207));
#1502 = CARTESIAN_POINT('',(0.929321739133,-0.372399430643,
    -0.539243960821));
#1503 = CARTESIAN_POINT('',(0.910945058263,-0.417012291602,
    -0.542312290094));
#1504 = CARTESIAN_POINT('',(0.890002852825,-0.460524743671,
    -0.545380768811));
#1505 = CARTESIAN_POINT('',(0.866579058317,-0.502753401244,
    -0.548449221052));
#1506 = CARTESIAN_POINT('',(0.840774818617,-0.543523716331,
    -0.551517465066));
#1507 = CARTESIAN_POINT('',(0.780016296171,-0.628269416406,
    -0.558158639473));
#1508 = CARTESIAN_POINT('',(0.744254362434,-0.671666948724,
    -0.561731497159));
#1509 = CARTESIAN_POINT('',(0.705607762198,-0.712604757463,
    -0.565303588491));
#1510 = CARTESIAN_POINT('',(0.664290453122,-0.750845764301,
    -0.568874866421));
#1511 = CARTESIAN_POINT('',(0.6205415465,-0.786178225479,-0.572445417257
    ));
#1512 = CARTESIAN_POINT('',(0.486347866556,-0.880397356724,-0.5828780904
    ));
#1513 = CARTESIAN_POINT('',(0.390038337658,-0.93095955252,
    -0.589739607745));
#1514 = CARTESIAN_POINT('',(0.287568629089,-0.968780210037,
    -0.596598788082));
#1515 = CARTESIAN_POINT('',(0.181060626352,-0.992991250955,
    -0.603459471047));
#1516 = CARTESIAN_POINT('',(7.27649834883E-02,-1.003164187857,
    -0.610323921731));
#1517 = CARTESIAN_POINT('',(-0.149605703329,-0.995370688442,
    -0.624488034688));
#1518 = CARTESIAN_POINT('',(-0.2636545562,-0.975590159311,
    -0.631790323344));
#1519 = CARTESIAN_POINT('',(-0.374412371165,-0.94013151259,
    -0.639093560369));
#1520 = CARTESIAN_POINT('',(-0.479224227882,-0.889738793892,
    -0.646397263402));
#1521 = CARTESIAN_POINT('',(-0.575648412606,-0.825696195991,
    -0.653701312366));
#1522 = CARTESIAN_POINT('',(-0.715137586254,-0.702618141033,
    -0.665547529367));
#1523 = CARTESIAN_POINT('',(-0.764612448424,-0.650811737079,
    -0.670092098763));
#1524 = CARTESIAN_POINT('',(-0.809550249126,-0.594856205954,
    -0.674635826291));
#1525 = CARTESIAN_POINT('',(-0.849524208327,-0.535253704064,
    -0.679178970166));
#1526 = CARTESIAN_POINT('',(-0.884182858971,-0.47256161853,
    -0.683721906745));
#1527 = CARTESIAN_POINT('',(-0.940046268713,-0.347328377468,
    -0.692450012956));
#1528 = CARTESIAN_POINT('',(-0.962096069051,-0.285160557052,
    -0.696635400947));
#1529 = CARTESIAN_POINT('',(-0.979197910035,-0.221348096318,
    -0.700820803402));
#1530 = CARTESIAN_POINT('',(-0.991205887459,-0.156384496549,
    -0.705006498677));
#1531 = CARTESIAN_POINT('',(-0.998039662406,-9.077800913179E-02,
    -0.709192691646));
#1532 = CARTESIAN_POINT('',(-1.001546611165,4.92156510941E-02,
    -0.718108506802));
#1533 = CARTESIAN_POINT('',(-0.996787468566,0.123642355163,
    -0.722838466951));
#1534 = CARTESIAN_POINT('',(-0.985390332744,0.197494715315,
    -0.727568727461));
#1535 = CARTESIAN_POINT('',(-0.967447032587,0.270035475891,
    -0.732299242449));
#1536 = CARTESIAN_POINT('',(-0.943156694835,0.340548781586,
    -0.737029871558));
#1537 = CARTESIAN_POINT('',(-0.884053291962,0.472666041109,
    -0.74624611806));
#1538 = CARTESIAN_POINT('',(-0.849846099058,0.534545562782,
    -0.750732042802));
#1539 = CARTESIAN_POINT('',(-0.810459500572,0.593416653852,
    -0.755217268201));
#1540 = CARTESIAN_POINT('',(-0.766231069392,0.648743016403,
    -0.759701757222));
#1541 = CARTESIAN_POINT('',(-0.717569979045,0.700040669966,
    -0.764185613453));
#1542 = CARTESIAN_POINT('',(-0.583868659781,0.819074033373,
    -0.775576656839));
#1543 = CARTESIAN_POINT('',(-0.493371934226,0.880708179857,
    -0.782484155653));
#1544 = CARTESIAN_POINT('',(-0.395202784183,0.930228671798,
    -0.789389558251));
#1545 = CARTESIAN_POINT('',(-0.291410512419,0.966510079356,
    -0.796295727877));
#1546 = CARTESIAN_POINT('',(-0.184227023182,0.988860284522,
    -0.803205488094));
#1547 = CARTESIAN_POINT('',(4.071572842971E-02,1.006002240042,
    -0.81756805495));
#1548 = CARTESIAN_POINT('',(0.15868970846,0.998506797201,-0.825023763693
    ));
#1549 = CARTESIAN_POINT('',(0.275005611434,0.974387998602,
    -0.832480842028));
#1550 = CARTESIAN_POINT('',(0.386770032725,0.934135237947,
    -0.839939203851));
#1551 = CARTESIAN_POINT('',(0.491257746412,0.878842949585,-0.84739699652
    ));
#1552 = CARTESIAN_POINT('',(0.630986151498,0.777770287987,
    -0.858378825374));
#1553 = CARTESIAN_POINT('',(0.673722090536,0.742310191519,
    -0.861906661642));
#1554 = CARTESIAN_POINT('',(0.714050006058,0.70404490392,-0.865433700138
    ));
#1555 = CARTESIAN_POINT('',(0.751742223213,0.663181256069,
    -0.868960042179));
#1556 = CARTESIAN_POINT('',(0.786595285677,0.619949887891,
    -0.872485914169));
#1557 = CARTESIAN_POINT('',(0.846110858363,0.535179126842,-0.87907655098
    ));
#1558 = CARTESIAN_POINT('',(0.871510235205,0.49415592864,-0.882141423184
    ));
#1559 = CARTESIAN_POINT('',(0.894514888726,0.451698063486,
    -0.885206274272));
#1560 = CARTESIAN_POINT('',(0.915025418269,0.407981065508,
    -0.888271340868));
#1561 = CARTESIAN_POINT('',(0.932959718154,0.36318912788,-0.891336815443
    ));
#1562 = CARTESIAN_POINT('',(0.965351977336,0.26644965185,-0.897830250839
    ));
#1563 = CARTESIAN_POINT('',(0.97915053585,0.214280531022,-0.901258357953
    ));
#1564 = CARTESIAN_POINT('',(0.98955997712,0.161273405397,-0.904687053835
    ));
#1565 = CARTESIAN_POINT('',(0.996519972744,0.107703618537,-0.90811616277
    ));
#1566 = CARTESIAN_POINT('',(0.999999999996,5.385160784244E-02,
    -0.91154527139));
#1567 = CARTESIAN_POINT('',(1.,1.5898605E-10,-0.914973697397));
#1568 = ORIENTED_EDGE('',*,*,#1204,.T.);
#1569 = ORIENTED_EDGE('',*,*,#1570,.T.);
#1570 = EDGE_CURVE('',#1123,#1571,#1573,.T.);
#1571 = VERTEX_POINT('',#1572);
#1572 = CARTESIAN_POINT('',(1.,1.1438E-11,-0.965003949257));
#1573 = B_SPLINE_CURVE_WITH_KNOTS('',6,(#1574,#1575,#1576,#1577,#1578,
    #1579,#1580,#1581,#1582,#1583,#1584,#1585,#1586,#1587,#1588,#1589,
    #1590,#1591,#1592,#1593,#1594,#1595,#1596,#1597,#1598,#1599,#1600,
    #1601,#1602,#1603,#1604,#1605,#1606,#1607,#1608,#1609,#1610,#1611,
    #1612,#1613,#1614,#1615,#1616,#1617,#1618,#1619,#1620,#1621,#1622,
    #1623,#1624,#1625,#1626,#1627,#1628,#1629,#1630,#1631,#1632,#1633,
    #1634,#1635,#1636,#1637,#1638,#1639,#1640,#1641,#1642,#1643,#1644,
    #1645,#1646,#1647,#1648,#1649,#1650),.UNSPECIFIED.,.F.,.F.,(7,5,5,5,
    5,5,5,5,5,5,5,5,5,5,5,7),(0.,5.111061761641E-02,9.611017454019E-02,
    0.148010703107,0.262008038428,0.362476023053,0.430348486576,
    0.499347482436,0.598252104039,0.631829968505,0.737829127118,
    0.795066046823,0.845068407354,0.946534762778,0.973534352965,1.),
  .UNSPECIFIED.);
#1574 = CARTESIAN_POINT('',(1.,2.490286E-11,-0.565004120991));
#1575 = CARTESIAN_POINT('',(1.000000000001,-5.352166967156E-02,
    -0.568411396653));
#1576 = CARTESIAN_POINT('',(0.996562486179,-0.107043735868,
    -0.57181911053));
#1577 = CARTESIAN_POINT('',(0.989687511681,-0.160288790803,
    -0.575226741304));
#1578 = CARTESIAN_POINT('',(0.979404842469,-0.21298150782,
    -0.578633979921));
#1579 = CARTESIAN_POINT('',(0.965773338139,-0.264851478026,
    -0.582040707429));
#1580 = CARTESIAN_POINT('',(0.934007146044,-0.360348539328,
    -0.588445966751));
#1581 = CARTESIAN_POINT('',(0.916605576822,-0.404220251135,
    -0.591444635229));
#1582 = CARTESIAN_POINT('',(0.896735194161,-0.447072098996,
    -0.594442997346));
#1583 = CARTESIAN_POINT('',(0.874472158927,-0.4887313453,-0.597441226905
    ));
#1584 = CARTESIAN_POINT('',(0.849908512322,-0.529033106543,
    -0.600439529948));
#1585 = CARTESIAN_POINT('',(0.792291051079,-0.612559122009,
    -0.606896352746));
#1586 = CARTESIAN_POINT('',(0.758512426386,-0.655284416966,
    -0.610354986292));
#1587 = CARTESIAN_POINT('',(0.721980215498,-0.695758912287,
    -0.613814096999));
#1588 = CARTESIAN_POINT('',(0.682884128453,-0.73376300358,
    -0.617273878536));
#1589 = CARTESIAN_POINT('',(0.641436541562,-0.769098868592,
    -0.620734413496));
#1590 = CARTESIAN_POINT('',(0.50217816964,-0.872965059751,
    -0.631797767965));
#1591 = CARTESIAN_POINT('',(0.3962408532,-0.930644592252,-0.639404633645
    ));
#1592 = CARTESIAN_POINT('',(0.282554953337,-0.972753301932,
    -0.64701188529));
#1593 = CARTESIAN_POINT('',(0.164002848003,-0.998102107191,
    -0.65461764101));
#1594 = CARTESIAN_POINT('',(4.36534564032E-02,-1.006153330048,
    -0.662222023352));
#1595 = CARTESIAN_POINT('',(-0.180288078043,-0.989224252526,
    -0.676519707894));
#1596 = CARTESIAN_POINT('',(-0.284208208727,-0.968048251696,
    -0.683216164095));
#1597 = CARTESIAN_POINT('',(-0.385019573325,-0.933780991172,
    -0.689909467079));
#1598 = CARTESIAN_POINT('',(-0.48068727787,-0.88703570265,
    -0.696602089521));
#1599 = CARTESIAN_POINT('',(-0.569334065031,-0.828811018551,
    -0.703296514327));
#1600 = CARTESIAN_POINT('',(-0.703397511688,-0.714341419455,
    -0.714514097474));
#1601 = CARTESIAN_POINT('',(-0.753515001435,-0.663577399746,
    -0.719037566155));
#1602 = CARTESIAN_POINT('',(-0.799202629798,-0.608624351124,
    -0.723561646193));
#1603 = CARTESIAN_POINT('',(-0.840030648346,-0.549971007563,
    -0.728086449671));
#1604 = CARTESIAN_POINT('',(-0.875642451471,-0.488161664878,
    -0.732611946242));
#1605 = CARTESIAN_POINT('',(-0.93638264141,-0.358340818516,
    -0.74173841098));
#1606 = CARTESIAN_POINT('',(-0.961328903309,-0.290239768237,
    -0.746339645671));
#1607 = CARTESIAN_POINT('',(-0.980311838218,-0.220101478142,
    -0.75094077825));
#1608 = CARTESIAN_POINT('',(-0.993134439611,-0.148580451136,
    -0.755541676468));
#1609 = CARTESIAN_POINT('',(-0.999695284094,-7.635255305287E-02,
    -0.76014229019));
#1610 = CARTESIAN_POINT('',(-1.000416323171,9.946588374958E-02,
    -0.771336098631));
#1611 = CARTESIAN_POINT('',(-0.987969621938,0.203098530801,
    -0.777929753153));
#1612 = CARTESIAN_POINT('',(-0.962637592775,0.30476852074,
    -0.784521428155));
#1613 = CARTESIAN_POINT('',(-0.924841920509,0.402493875143,
    -0.791112717839));
#1614 = CARTESIAN_POINT('',(-0.875377621306,0.494409788858,
    -0.797705692057));
#1615 = CARTESIAN_POINT('',(-0.795069735355,0.607536415445,
    -0.806537442517));
#1616 = CARTESIAN_POINT('',(-0.7735056494,0.635349848783,-0.808775997164
    ));
#1617 = CARTESIAN_POINT('',(-0.750777147282,0.662240505891,
    -0.811014705318));
#1618 = CARTESIAN_POINT('',(-0.726933886832,0.688147917186,
    -0.813253575586));
#1619 = CARTESIAN_POINT('',(-0.702029655739,0.713015257255,
    -0.815492607285));
#1620 = CARTESIAN_POINT('',(-0.594337827777,0.811839778303,
    -0.824800480889));
#1621 = CARTESIAN_POINT('',(-0.502542945966,0.876008668771,
    -0.831871817184));
#1622 = CARTESIAN_POINT('',(-0.402577242847,0.927596546147,
    -0.838943043431));
#1623 = CARTESIAN_POINT('',(-0.296621185715,0.965378432871,
    -0.846014007111));
#1624 = CARTESIAN_POINT('',(-0.187057900769,0.988600032117,
    -0.853084123212));
#1625 = CARTESIAN_POINT('',(-1.662224435995E-02,1.001656668801,
    -0.863966312959));
#1626 = CARTESIAN_POINT('',(4.346921866837E-02,1.001936587451,
    -0.867781353804));
#1627 = CARTESIAN_POINT('',(0.103502665141,0.997888525345,
    -0.871595533642));
#1628 = CARTESIAN_POINT('',(0.163089176811,0.98952944282,-0.875408984362
    ));
#1629 = CARTESIAN_POINT('',(0.221844582123,0.97692244766,-0.87922195525)
  );
#1630 = CARTESIAN_POINT('',(0.32967125873,0.945546712389,-0.886365368422
    ));
#1631 = CARTESIAN_POINT('',(0.37902888972,0.927757932283,-0.88969594908)
  );
#1632 = CARTESIAN_POINT('',(0.42721890462,0.906882300124,-0.893026479838
    ));
#1633 = CARTESIAN_POINT('',(0.474001178822,0.883017918002,
    -0.896357214249));
#1634 = CARTESIAN_POINT('',(0.519147083682,0.856287399109,
    -0.899688388489));
#1635 = CARTESIAN_POINT('',(0.650297718683,0.767074327195,
    -0.909780830167));
#1636 = CARTESIAN_POINT('',(0.730545345703,0.696101584814,
    -0.916544711407));
#1637 = CARTESIAN_POINT('',(0.801367493373,0.615146793651,
    -0.923310765529));
#1638 = CARTESIAN_POINT('',(0.861264800341,0.525809039602,
    -0.930079993778));
#1639 = CARTESIAN_POINT('',(0.909083540584,0.42994909267,-0.936849629332
    ));
#1640 = CARTESIAN_POINT('',(0.953427278887,0.302945144564,
    -0.945417244903));
#1641 = CARTESIAN_POINT('',(0.961841389122,0.275936589744,
    -0.947217771446));
#1642 = CARTESIAN_POINT('',(0.96933648738,0.248650290869,-0.949018150802
    ));
#1643 = CARTESIAN_POINT('',(0.975901361813,0.221125311374,
    -0.950818376397));
#1644 = CARTESIAN_POINT('',(0.981527021153,0.193401290652,
    -0.952618459549));
#1645 = CARTESIAN_POINT('',(0.99079382316,0.138187007857,-0.956182803247
    ));
#1646 = CARTESIAN_POINT('',(0.994472029563,0.110702870922,
    -0.957947070005));
#1647 = CARTESIAN_POINT('',(0.997234942442,8.31039201585E-02,
    -0.959711260592));
#1648 = CARTESIAN_POINT('',(0.999078309976,5.542823887947E-02,
    -0.961475423551));
#1649 = CARTESIAN_POINT('',(1.,2.771410679697E-02,-0.963239625124));
#1650 = CARTESIAN_POINT('',(1.,2.288802E-11,-0.965003949257));
#1651 = ORIENTED_EDGE('',*,*,#1652,.F.);
#1652 = EDGE_CURVE('',#1493,#1571,#1653,.T.);
#1653 = LINE('',#1654,#1655);
#1654 = CARTESIAN_POINT('',(1.,0.,-1.E-01));
#1655 = VECTOR('',#1656,1.);
#1656 = DIRECTION('',(0.,0.,-1.));
#1657 = CYLINDRICAL_SURFACE('',#1658,1.);
#1658 = AXIS2_PLACEMENT_3D('',#1659,#1660,#1661);
#1659 = CARTESIAN_POINT('',(0.,0.,-1.E-01));
#1660 = DIRECTION('',(-0.,-0.,-1.));
#1661 = DIRECTION('',(1.,0.,0.));
#1662 = ADVANCED_FACE('',(#1663),#1688,.T.);
#1663 = FACE_BOUND('',#1664,.T.);
#1664 = EDGE_LOOP('',(#1665,#1681,#1682,#1683));
#1665 = ORIENTED_EDGE('',*,*,#1666,.F.);
#1666 = EDGE_CURVE('',#1334,#1667,#1669,.T.);
#1667 = VERTEX_POINT('',#1668);
#1668 = CARTESIAN_POINT('',(0.783514511295,1.513247295E-06,
    -0.690023770034));
#1669 = ( BOUNDED_CURVE() B_SPLINE_CURVE(10,(#1670,#1671,#1672,#1673,
    #1674,#1675,#1676,#1677,#1678,#1679,#1680),.UNSPECIFIED.,.F.,.F.) 
B_SPLINE_CURVE_WITH_KNOTS((11,11),(0.,6.295904828089),
.PIECEWISE_BEZIER_KNOTS.) CURVE() GEOMETRIC_REPRESENTATION_ITEM() 
RATIONAL_B_SPLINE_CURVE((1.056590953773,1.056590953773,1.056590953773,
    1.056590953773,1.056590953773,1.056590953773,1.056590953773,
    1.056590953773,1.056590953773,1.056590953773,1.056590953773)) 
REPRESENTATION_ITEM('') );
#1670 = CARTESIAN_POINT('',(0.783515380613,1.57629619468E-06,
    -0.290024760404));
#1671 = CARTESIAN_POINT('',(0.783515172667,-0.492324726469,
    -0.330023395418));
#1672 = CARTESIAN_POINT('',(0.439859894952,-0.984347575276,
    -0.36999864249));
#1673 = CARTESIAN_POINT('',(-0.247973302756,-1.206224998488,
    -0.41009657911));
#1674 = CARTESIAN_POINT('',(-1.034064678282,-0.895287516208,
    -0.449950146596));
#1675 = CARTESIAN_POINT('',(-1.449741275304,-2.108282872285E-05,
    -0.490024264719));
#1676 = CARTESIAN_POINT('',(-1.033934984671,0.895310328734,
    -0.530098384639));
#1677 = CARTESIAN_POINT('',(-0.248106379228,1.20621371456,
    -0.569951950944));
#1678 = CARTESIAN_POINT('',(0.439900609938,0.984350982751,
    -0.610049888039));
#1679 = CARTESIAN_POINT('',(0.783514758841,0.492327816013,
    -0.650025135021));
#1680 = CARTESIAN_POINT('',(0.783514511295,1.51324731029E-06,
    -0.690023770034));
#1681 = ORIENTED_EDGE('',*,*,#1348,.T.);
#1682 = ORIENTED_EDGE('',*,*,#1122,.T.);
#1683 = ORIENTED_EDGE('',*,*,#1684,.F.);
#1684 = EDGE_CURVE('',#1667,#1123,#1685,.T.);
#1685 = B_SPLINE_CURVE_WITH_KNOTS('',1,(#1686,#1687),.UNSPECIFIED.,.F.,
  .F.,(2,2),(0.,0.28),.PIECEWISE_BEZIER_KNOTS.);
#1686 = CARTESIAN_POINT('',(0.783514511295,1.51324731107E-06,
    -0.690023770034));
#1687 = CARTESIAN_POINT('',(1.025986251675,-1.8161763819E-07,
    -0.549997147157));
#1688 = B_SPLINE_SURFACE_WITH_KNOTS('',1,10,(
    (#1689,#1690,#1691,#1692,#1693,#1694,#1695,#1696,#1697,#1698,#1699)
    ,(#1700,#1701,#1702,#1703,#1704,#1705,#1706,#1707,#1708,#1709,#1710
    )),.UNSPECIFIED.,.F.,.F.,.F.,(2,2),(11,11),(0.,0.28),(0.,
    6.295904828089),.PIECEWISE_BEZIER_KNOTS.);
#1689 = CARTESIAN_POINT('',(0.783515380613,1.57629619407E-06,
    -0.290024760404));
#1690 = CARTESIAN_POINT('',(0.783515172667,-0.492324726469,
    -0.330023395418));
#1691 = CARTESIAN_POINT('',(0.439859894952,-0.984347575276,
    -0.36999864249));
#1692 = CARTESIAN_POINT('',(-0.247973302756,-1.206224998488,
    -0.41009657911));
#1693 = CARTESIAN_POINT('',(-1.034064678283,-0.895287516208,
    -0.449950146597));
#1694 = CARTESIAN_POINT('',(-1.449741275303,-2.108282882363E-05,
    -0.490024264719));
#1695 = CARTESIAN_POINT('',(-1.033934984671,0.895310328735,
    -0.530098384639));
#1696 = CARTESIAN_POINT('',(-0.248106379228,1.20621371456,
    -0.569951950944));
#1697 = CARTESIAN_POINT('',(0.439900609938,0.984350982751,
    -0.610049888039));
#1698 = CARTESIAN_POINT('',(0.783514758841,0.492327816013,
    -0.650025135021));
#1699 = CARTESIAN_POINT('',(0.783514511295,1.51324731107E-06,
    -0.690023770034));
#1700 = CARTESIAN_POINT('',(1.0259864804,-1.8918589843E-07,
    -0.149997028275));
#1701 = CARTESIAN_POINT('',(1.025986046314,-0.64464291295,
    -0.189997192126));
#1702 = CARTESIAN_POINT('',(0.576031544962,-1.289304021865,
    -0.230000163426));
#1703 = CARTESIAN_POINT('',(-0.324911500334,-1.578751209227,
    -0.269988407249));
#1704 = CARTESIAN_POINT('',(-1.353729063183,-1.173080670842,
    -0.3100059849));
#1705 = CARTESIAN_POINT('',(-1.898740399458,-4.45112504055E-06,
    -0.349997087581));
#1706 = CARTESIAN_POINT('',(-1.353693583548,1.17308823378,
    -0.389988190748));
#1707 = CARTESIAN_POINT('',(-0.324944695336,1.578748615676,
    -0.43000576808));
#1708 = CARTESIAN_POINT('',(0.576043746159,1.289304253713,
    -0.469994012029));
#1709 = CARTESIAN_POINT('',(1.025986681007,0.644642542147,
    -0.509996983308));
#1710 = CARTESIAN_POINT('',(1.025986251675,-1.8161763819E-07,
    -0.549997147157));
#1711 = ADVANCED_FACE('',(#1712),#1742,.T.);
#1712 = FACE_BOUND('',#1713,.T.);
#1713 = EDGE_LOOP('',(#1714,#1730,#1731,#1732));
#1714 = ORIENTED_EDGE('',*,*,#1715,.F.);
#1715 = EDGE_CURVE('',#1374,#1716,#1718,.T.);
#1716 = VERTEX_POINT('',#1717);
#1717 = CARTESIAN_POINT('',(0.783525490733,1.51320886E-06,
    -0.790023769431));
#1718 = B_SPLINE_CURVE_WITH_KNOTS('',10,(#1719,#1720,#1721,#1722,#1723,
    #1724,#1725,#1726,#1727,#1728,#1729),.UNSPECIFIED.,.F.,.F.,(11,11),(
    0.,6.295904828089),.PIECEWISE_BEZIER_KNOTS.);
#1719 = CARTESIAN_POINT('',(0.783526817528,1.5762544949E-06,
    -0.39002475975));
#1720 = CARTESIAN_POINT('',(0.783525979033,-0.492331767296,
    -0.430023394836));
#1721 = CARTESIAN_POINT('',(0.439854453217,-0.984361231661,
    -0.469998643211));
#1722 = CARTESIAN_POINT('',(-0.247943090288,-1.206244929892,
    -0.510096574635));
#1723 = CARTESIAN_POINT('',(-1.034114513777,-0.89529328229,
    -0.549950150019));
#1724 = CARTESIAN_POINT('',(-1.449762030166,-3.067220356812E-05,
    -0.590024263823));
#1725 = CARTESIAN_POINT('',(-1.033914706332,0.895330243775,
    -0.630098380387));
#1726 = CARTESIAN_POINT('',(-0.248143699974,1.206228223405,
    -0.669951953958));
#1727 = CARTESIAN_POINT('',(0.439918639351,0.984365519279,
    -0.710049886107));
#1728 = CARTESIAN_POINT('',(0.783526368825,0.49233485676,-0.750025134349
    ));
#1729 = CARTESIAN_POINT('',(0.783525490733,1.51320887551E-06,
    -0.790023769431));
#1730 = ORIENTED_EDGE('',*,*,#1388,.T.);
#1731 = ORIENTED_EDGE('',*,*,#1666,.T.);
#1732 = ORIENTED_EDGE('',*,*,#1733,.F.);
#1733 = EDGE_CURVE('',#1716,#1667,#1734,.T.);
#1734 = ( BOUNDED_CURVE() B_SPLINE_CURVE(6,(#1735,#1736,#1737,#1738,
#1739,#1740,#1741),.UNSPECIFIED.,.F.,.F.) B_SPLINE_CURVE_WITH_KNOTS((7,7
),(0.,2.094395102393),.PIECEWISE_BEZIER_KNOTS.) CURVE() 
GEOMETRIC_REPRESENTATION_ITEM() RATIONAL_B_SPLINE_CURVE((1.056590953773,
    1.017435169568,0.996326512422,0.989390034249,0.996326512422,
1.017435169568,1.056590953773)) REPRESENTATION_ITEM('') );
#1735 = CARTESIAN_POINT('',(0.783525490733,1.51320887531E-06,
    -0.790023769431));
#1736 = CARTESIAN_POINT('',(0.765399823042,1.6398983391E-06,
    -0.779561563605));
#1737 = CARTESIAN_POINT('',(0.752625478305,1.7291807394E-06,
    -0.761851975543));
#1738 = CARTESIAN_POINT('',(0.74800660555,1.76145703851E-06,
    -0.740027668904));
#1739 = CARTESIAN_POINT('',(0.752620685821,1.72919751568E-06,
    -0.718202348538));
#1740 = CARTESIAN_POINT('',(0.765391141425,1.63992873012E-06,
    -0.700489955801));
#1741 = CARTESIAN_POINT('',(0.783514511295,1.51324731029E-06,
    -0.690023770034));
#1742 = ( BOUNDED_SURFACE() B_SPLINE_SURFACE(6,10,(
    (#1743,#1744,#1745,#1746,#1747,#1748,#1749,#1750,#1751,#1752,#1753)
    ,(#1754,#1755,#1756,#1757,#1758,#1759,#1760,#1761,#1762,#1763,#1764)
    ,(#1765,#1766,#1767,#1768,#1769,#1770,#1771,#1772,#1773,#1774,#1775)
    ,(#1776,#1777,#1778,#1779,#1780,#1781,#1782,#1783,#1784,#1785,#1786)
    ,(#1787,#1788,#1789,#1790,#1791,#1792,#1793,#1794,#1795,#1796,#1797)
    ,(#1798,#1799,#1800,#1801,#1802,#1803,#1804,#1805,#1806,#1807,#1808)
    ,(#1809,#1810,#1811,#1812,#1813,#1814,#1815,#1816,#1817,#1818,#1819
)),.UNSPECIFIED.,.F.,.F.,.F.) B_SPLINE_SURFACE_WITH_KNOTS((7,7),(11,11),
  (0.,2.094395102393),(0.,6.295904828089),.PIECEWISE_BEZIER_KNOTS.) 
GEOMETRIC_REPRESENTATION_ITEM() RATIONAL_B_SPLINE_SURFACE((
    (1.056590953773,1.056590953773,1.056590953773,1.056590953773
      ,1.056590953773,1.056590953773,1.056590953773,1.056590953773
      ,1.056590953773,1.056590953773,1.056590953773)
    ,(1.017435169568,1.017435169568,1.017435169568,1.017435169568
      ,1.017435169569,1.017435169568,1.017435169568,1.017435169568
      ,1.017435169568,1.017435169568,1.017435169568)
    ,(0.996326512422,0.996326512422,0.996326512422,0.996326512422
      ,0.996326512423,0.996326512422,0.996326512423,0.996326512422
      ,0.996326512422,0.996326512422,0.996326512422)
    ,(0.989390034249,0.989390034249,0.989390034249,0.989390034248
      ,0.989390034249,0.989390034248,0.989390034249,0.989390034248
      ,0.989390034249,0.989390034249,0.989390034249)
    ,(0.996326512422,0.996326512422,0.996326512422,0.996326512422
      ,0.996326512423,0.996326512422,0.996326512423,0.996326512422
      ,0.996326512422,0.996326512422,0.996326512422)
    ,(1.017435169568,1.017435169568,1.017435169568,1.017435169568
      ,1.017435169569,1.017435169568,1.017435169569,1.017435169568
      ,1.017435169568,1.017435169568,1.017435169568)
    ,(1.056590953773,1.056590953773,1.056590953773,1.056590953773
      ,1.056590953773,1.056590953773,1.056590953773,1.056590953773
      ,1.056590953773,1.056590953773,1.056590953773
))) REPRESENTATION_ITEM('') SURFACE() );
#1743 = CARTESIAN_POINT('',(0.783526817528,1.57625449479E-06,
    -0.39002475975));
#1744 = CARTESIAN_POINT('',(0.783525979033,-0.492331767296,
    -0.430023394836));
#1745 = CARTESIAN_POINT('',(0.439854453217,-0.98436123166,
    -0.469998643211));
#1746 = CARTESIAN_POINT('',(-0.247943090288,-1.206244929892,
    -0.510096574636));
#1747 = CARTESIAN_POINT('',(-1.034114513777,-0.89529328229,
    -0.549950150019));
#1748 = CARTESIAN_POINT('',(-1.449762030167,-3.067220355363E-05,
    -0.590024263823));
#1749 = CARTESIAN_POINT('',(-1.033914706332,0.895330243775,
    -0.630098380387));
#1750 = CARTESIAN_POINT('',(-0.248143699975,1.206228223405,
    -0.669951953958));
#1751 = CARTESIAN_POINT('',(0.439918639351,0.984365519279,
    -0.710049886107));
#1752 = CARTESIAN_POINT('',(0.783526368825,0.49233485676,-0.750025134349
    ));
#1753 = CARTESIAN_POINT('',(0.783525490733,1.51320887531E-06,
    -0.790023769431));
#1754 = CARTESIAN_POINT('',(0.765401101976,1.70822286871E-06,
    -0.379562636844));
#1755 = CARTESIAN_POINT('',(0.765400412348,-0.480945384219,
    -0.419561157643));
#1756 = CARTESIAN_POINT('',(0.429677543397,-0.961564630843,
    -0.459534333519));
#1757 = CARTESIAN_POINT('',(-0.242198724925,-1.178396564054,
    -0.499640464937));
#1758 = CARTESIAN_POINT('',(-1.010211007344,-0.874528632837,
    -0.53948177985));
#1759 = CARTESIAN_POINT('',(-1.416197580964,-2.990842601727E-05,
    -0.579562099486));
#1760 = CARTESIAN_POINT('',(-1.010018831644,0.874563772991,
    -0.619642421777));
#1761 = CARTESIAN_POINT('',(-0.242392666562,1.178380342866,
    -0.659483734945));
#1762 = CARTESIAN_POINT('',(0.429738948639,0.961568971621,
    -0.699589867062));
#1763 = CARTESIAN_POINT('',(0.765400555584,0.48094873234,-0.739563042809
    ));
#1764 = CARTESIAN_POINT('',(0.765399823042,1.6398983391E-06,
    -0.779561563605));
#1765 = CARTESIAN_POINT('',(0.752626676221,1.80122566795E-06,
    -0.361853107223));
#1766 = CARTESIAN_POINT('',(0.752626156678,-0.472920639732,
    -0.401851547476));
#1767 = CARTESIAN_POINT('',(0.422506408472,-0.945498389472,
    -0.441823262721));
#1768 = CARTESIAN_POINT('',(-0.238153777255,-1.158769680802,
    -0.481935173235));
#1769 = CARTESIAN_POINT('',(-0.993360986647,-0.859895129007,
    -0.521767847344));
#1770 = CARTESIAN_POINT('',(-1.392542472312,-2.837895110233E-05,
    -0.561852540692));
#1771 = CARTESIAN_POINT('',(-0.993181436615,0.859927523109,
    -0.601937236525));
#1772 = CARTESIAN_POINT('',(-0.238336039097,1.158754362126,
    -0.641769909001));
#1773 = CARTESIAN_POINT('',(0.422563427837,0.945502676734,-0.68188182017
    ));
#1774 = CARTESIAN_POINT('',(0.752626043098,0.472924170138,
    -0.721853535292));
#1775 = CARTESIAN_POINT('',(0.752625478305,1.7291807394E-06,
    -0.761851975543));
#1776 = CARTESIAN_POINT('',(0.748007703625,1.83484717775E-06,
    -0.340028821714));
#1777 = CARTESIAN_POINT('',(0.74800734281,-0.470019077466,
    -0.380027232843));
#1778 = CARTESIAN_POINT('',(0.419915301423,-0.939689275519,
    -0.419998419955));
#1779 = CARTESIAN_POINT('',(-0.236696424741,-1.151672635,-0.460112420076
    ));
#1780 = CARTESIAN_POINT('',(-0.987263002234,-0.854605082923,
    -0.49994196982));
#1781 = CARTESIAN_POINT('',(-1.383989331348,-2.63471351786E-05,
    -0.540028244677));
#1782 = CARTESIAN_POINT('',(-0.987098829527,0.854634302249,
    -0.580114521806));
#1783 = CARTESIAN_POINT('',(-0.236864049152,1.151658478869,
    -0.619944070056));
#1784 = CARTESIAN_POINT('',(0.419967115517,0.93969340769,-0.660058070778
    ));
#1785 = CARTESIAN_POINT('',(0.748007012461,0.47002267377,-0.700029257776
    ));
#1786 = CARTESIAN_POINT('',(0.74800660555,1.76145703851E-06,
    -0.740027668904));
#1787 = CARTESIAN_POINT('',(0.75262168405,1.80124386831E-06,
    -0.318203480239));
#1788 = CARTESIAN_POINT('',(0.75262143974,-0.472917566437,
    -0.358201920461));
#1789 = CARTESIAN_POINT('',(0.422508783769,-0.945492428511,
    -0.398173635138));
#1790 = CARTESIAN_POINT('',(-0.238166964885,-1.158760980818,
    -0.43828554792));
#1791 = CARTESIAN_POINT('',(-0.99333923364,-0.859892612133,
    -0.478118218581));
#1792 = CARTESIAN_POINT('',(-1.392533412891,-2.41932249733E-05,
    -0.518202913815));
#1793 = CARTESIAN_POINT('',(-0.993190288034,0.859918830269,
    -0.558287611112));
#1794 = CARTESIAN_POINT('',(-0.238319748731,1.158748029069,
    -0.598120280417));
#1795 = CARTESIAN_POINT('',(0.422555558065,0.945496331593,
    -0.638232193745));
#1796 = CARTESIAN_POINT('',(0.752620975384,0.472921096878,
    -0.678203908317));
#1797 = CARTESIAN_POINT('',(0.752620685821,1.72919751568E-06,
    -0.718202348538));
#1798 = CARTESIAN_POINT('',(0.765392058624,1.70825583931E-06,
    -0.300491029081));
#1799 = CARTESIAN_POINT('',(0.76539186758,-0.480939816924,
    -0.340489549823));
#1800 = CARTESIAN_POINT('',(0.429681846264,-0.96155383252,
    -0.380462724669));
#1801 = CARTESIAN_POINT('',(-0.242222614409,-1.178380803973,
    -0.420568860195));
#1802 = CARTESIAN_POINT('',(-1.010171601617,-0.874524073503,
    -0.460410168864));
#1803 = CARTESIAN_POINT('',(-1.41618116976,-2.23259531392E-05,
    -0.500490491914));
#1804 = CARTESIAN_POINT('',(-1.010034866052,0.874548025849,
    -0.540570816859));
#1805 = CARTESIAN_POINT('',(-0.242363156447,1.178368870489,
    -0.580412124282));
#1806 = CARTESIAN_POINT('',(0.429724692492,0.961557477355,-0.62051826031
    ));
#1807 = CARTESIAN_POINT('',(0.765391375383,0.480943165108,-0.66049143506
    ));
#1808 = CARTESIAN_POINT('',(0.765391141425,1.63992873012E-06,
    -0.700489955801));
#1809 = CARTESIAN_POINT('',(0.783515380613,1.57629619468E-06,
    -0.290024760404));
#1810 = CARTESIAN_POINT('',(0.783515172667,-0.492324726469,
    -0.330023395418));
#1811 = CARTESIAN_POINT('',(0.439859894952,-0.984347575276,
    -0.36999864249));
#1812 = CARTESIAN_POINT('',(-0.247973302756,-1.206224998488,
    -0.41009657911));
#1813 = CARTESIAN_POINT('',(-1.034064678282,-0.895287516208,
    -0.449950146596));
#1814 = CARTESIAN_POINT('',(-1.449741275304,-2.108282872285E-05,
    -0.490024264719));
#1815 = CARTESIAN_POINT('',(-1.033934984671,0.895310328734,
    -0.530098384639));
#1816 = CARTESIAN_POINT('',(-0.248106379228,1.20621371456,
    -0.569951950944));
#1817 = CARTESIAN_POINT('',(0.439900609938,0.984350982751,
    -0.610049888039));
#1818 = CARTESIAN_POINT('',(0.783514758841,0.492327816013,
    -0.650025135021));
#1819 = CARTESIAN_POINT('',(0.783514511295,1.51324731029E-06,
    -0.690023770034));
#1820 = ADVANCED_FACE('',(#1821),#1831,.T.);
#1821 = FACE_BOUND('',#1822,.T.);
#1822 = EDGE_LOOP('',(#1823,#1824,#1825,#1826));
#1823 = ORIENTED_EDGE('',*,*,#1492,.F.);
#1824 = ORIENTED_EDGE('',*,*,#1465,.T.);
#1825 = ORIENTED_EDGE('',*,*,#1715,.T.);
#1826 = ORIENTED_EDGE('',*,*,#1827,.F.);
#1827 = EDGE_CURVE('',#1493,#1716,#1828,.T.);
#1828 = B_SPLINE_CURVE_WITH_KNOTS('',1,(#1829,#1830),.UNSPECIFIED.,.F.,
  .F.,(2,2),(0.,0.28),.PIECEWISE_BEZIER_KNOTS.);
#1829 = CARTESIAN_POINT('',(1.026027973537,-1.8176368928E-07,
    -0.929997144867));
#1830 = CARTESIAN_POINT('',(0.783525490733,1.51320887551E-06,
    -0.790023769431));
#1831 = B_SPLINE_SURFACE_WITH_KNOTS('',1,10,(
    (#1832,#1833,#1834,#1835,#1836,#1837,#1838,#1839,#1840,#1841,#1842)
    ,(#1843,#1844,#1845,#1846,#1847,#1848,#1849,#1850,#1851,#1852,#1853
    )),.UNSPECIFIED.,.F.,.F.,.F.,(2,2),(11,11),(0.,0.28),(0.,
    6.295904828089),.PIECEWISE_BEZIER_KNOTS.);
#1832 = CARTESIAN_POINT('',(1.026029940676,-1.8934435293E-07,
    -0.52999702579));
#1833 = CARTESIAN_POINT('',(1.026027110506,-0.644669668093,
    -0.569997189915));
#1834 = CARTESIAN_POINT('',(0.576010866366,-1.289355916126,
    -0.610000166167));
#1835 = CARTESIAN_POINT('',(-0.324796692953,-1.578826948561,
    -0.649988390247));
#1836 = CARTESIAN_POINT('',(-1.353918438063,-1.173102581955,
    -0.690005997907));
#1837 = CARTESIAN_POINT('',(-1.898819267938,-4.089074871327E-05,
    -0.729997084175));
#1838 = CARTESIAN_POINT('',(-1.353616525859,1.173163910932,
    -0.76998817459));
#1839 = CARTESIAN_POINT('',(-0.325086514172,1.578803749287,
    -0.810005779532));
#1840 = CARTESIAN_POINT('',(0.576112257929,1.289359492519,
    -0.849994004687));
#1841 = CARTESIAN_POINT('',(1.026030798946,0.644669296986,
    -0.889996980755));
#1842 = CARTESIAN_POINT('',(1.026027973537,-1.8176368928E-07,
    -0.929997144867));
#1843 = CARTESIAN_POINT('',(0.783526817528,1.5762544949E-06,
    -0.39002475975));
#1844 = CARTESIAN_POINT('',(0.783525979033,-0.492331767296,
    -0.430023394836));
#1845 = CARTESIAN_POINT('',(0.439854453217,-0.984361231661,
    -0.469998643211));
#1846 = CARTESIAN_POINT('',(-0.247943090288,-1.206244929892,
    -0.510096574635));
#1847 = CARTESIAN_POINT('',(-1.034114513777,-0.89529328229,
    -0.549950150019));
#1848 = CARTESIAN_POINT('',(-1.449762030166,-3.067220356812E-05,
    -0.590024263823));
#1849 = CARTESIAN_POINT('',(-1.033914706332,0.895330243775,
    -0.630098380387));
#1850 = CARTESIAN_POINT('',(-0.248143699974,1.206228223405,
    -0.669951953958));
#1851 = CARTESIAN_POINT('',(0.439918639351,0.984365519279,
    -0.710049886107));
#1852 = CARTESIAN_POINT('',(0.783526368825,0.49233485676,-0.750025134349
    ));
#1853 = CARTESIAN_POINT('',(0.783525490733,1.51320887551E-06,
    -0.790023769431));
#1854 = ADVANCED_FACE('',(#1855),#2032,.T.);
#1855 = FACE_BOUND('',#1856,.F.);
#1856 = EDGE_LOOP('',(#1857,#1934,#1935,#2026));
#1857 = ORIENTED_EDGE('',*,*,#1858,.F.);
#1858 = EDGE_CURVE('',#1493,#1859,#1861,.T.);
#1859 = VERTEX_POINT('',#1860);
#1860 = CARTESIAN_POINT('',(1.,7.2992E-11,-1.314974793173));
#1861 = B_SPLINE_CURVE_WITH_KNOTS('',6,(#1862,#1863,#1864,#1865,#1866,
    #1867,#1868,#1869,#1870,#1871,#1872,#1873,#1874,#1875,#1876,#1877,
    #1878,#1879,#1880,#1881,#1882,#1883,#1884,#1885,#1886,#1887,#1888,
    #1889,#1890,#1891,#1892,#1893,#1894,#1895,#1896,#1897,#1898,#1899,
    #1900,#1901,#1902,#1903,#1904,#1905,#1906,#1907,#1908,#1909,#1910,
    #1911,#1912,#1913,#1914,#1915,#1916,#1917,#1918,#1919,#1920,#1921,
    #1922,#1923,#1924,#1925,#1926,#1927,#1928,#1929,#1930,#1931,#1932,
    #1933),.UNSPECIFIED.,.F.,.F.,(7,5,5,5,5,5,5,5,5,5,5,5,5,5,7),(0.,
    5.299977447881E-02,9.899959399341E-02,0.152578146473,0.255577027152,
    0.365063192791,0.433219410366,0.49601458187,0.566952030681,
    0.634232361955,0.737901157092,0.849676564703,0.902594335961,
    0.948593720786,1.),.UNSPECIFIED.);
#1862 = CARTESIAN_POINT('',(1.,1.589715E-10,-0.914973697397));
#1863 = CARTESIAN_POINT('',(1.000000000004,-5.549999398597E-02,
    -0.918507073513));
#1864 = CARTESIAN_POINT('',(0.996303663385,-0.111000503419,
    -0.922040239635));
#1865 = CARTESIAN_POINT('',(0.988911041769,-0.166192110663,
    -0.925573633452));
#1866 = CARTESIAN_POINT('',(0.977856559808,-0.220767850959,
    -0.929107572715));
#1867 = CARTESIAN_POINT('',(0.96320825034,-0.274426641827,
    -0.932642133993));
#1868 = CARTESIAN_POINT('',(0.929321739128,-0.372399430656,
    -0.939245056638));
#1869 = CARTESIAN_POINT('',(0.910945058257,-0.417012291614,
    -0.942313385928));
#1870 = CARTESIAN_POINT('',(0.890002852819,-0.460524743683,
    -0.945381864665));
#1871 = CARTESIAN_POINT('',(0.866579058311,-0.502753401255,
    -0.948450316924));
#1872 = CARTESIAN_POINT('',(0.84077481861,-0.543523716342,
    -0.951518560956));
#1873 = CARTESIAN_POINT('',(0.780016286972,-0.628269429236,
    -0.958159736395));
#1874 = CARTESIAN_POINT('',(0.744254342316,-0.671666973138,
    -0.961732595096));
#1875 = CARTESIAN_POINT('',(0.705607729591,-0.712604792003,
    -0.965304687435));
#1876 = CARTESIAN_POINT('',(0.664290406644,-0.750845807318,
    -0.968875966364));
#1877 = CARTESIAN_POINT('',(0.620541484985,-0.78617827516,-0.97244651819
    ));
#1878 = CARTESIAN_POINT('',(0.48634778321,-0.880397402766,
    -0.982879192277));
#1879 = CARTESIAN_POINT('',(0.390038249524,-0.930959589445,
    -0.989740709561));
#1880 = CARTESIAN_POINT('',(0.287568537376,-0.968780237261,
    -0.996599889824));
#1881 = CARTESIAN_POINT('',(0.181060532345,-0.992991268096,
    -1.003460572731));
#1882 = CARTESIAN_POINT('',(7.276488851953E-02,-1.003164194745,
    -1.010325023385));
#1883 = CARTESIAN_POINT('',(-0.149605833372,-0.995370673024,
    -1.024489138611));
#1884 = CARTESIAN_POINT('',(-0.263654719876,-0.975590121985,
    -1.031791429575));
#1885 = CARTESIAN_POINT('',(-0.374412564055,-0.940131443884,
    -1.039094668933));
#1886 = CARTESIAN_POINT('',(-0.479224443179,-0.889738685503,
    -1.046398374304));
#1887 = CARTESIAN_POINT('',(-0.575648641486,-0.825696041399,
    -1.053702425593));
#1888 = CARTESIAN_POINT('',(-0.715137973219,-0.702617770112,
    -1.065548659294));
#1889 = CARTESIAN_POINT('',(-0.764612963104,-0.650811172395,
    -1.070093243077));
#1890 = CARTESIAN_POINT('',(-0.809550859955,-0.594855424039,
    -1.074636984977));
#1891 = CARTESIAN_POINT('',(-0.849524880052,-0.535252686564,
    -1.079180143214));
#1892 = CARTESIAN_POINT('',(-0.884183553664,-0.472560352833,
    -1.083723094155));
#1893 = CARTESIAN_POINT('',(-0.940046925816,-0.347326635676,
    -1.092451227045));
#1894 = CARTESIAN_POINT('',(-0.962096673651,-0.285158589215,
    -1.096636627354));
#1895 = CARTESIAN_POINT('',(-0.979198429628,-0.221345902374,
    -1.100822042132));
#1896 = CARTESIAN_POINT('',(-0.991206289262,-0.156382081112,
    -1.105007749738));
#1897 = CARTESIAN_POINT('',(-0.99803991416,-9.077538151656E-02,
    -1.109193955048));
#1898 = CARTESIAN_POINT('',(-1.001546477876,4.921871521079E-02,
    -1.118109797403));
#1899 = CARTESIAN_POINT('',(-0.996787089189,0.123645639881,
    -1.122839772417));
#1900 = CARTESIAN_POINT('',(-0.985389667189,0.197498195934,
    -1.127570047792));
#1901 = CARTESIAN_POINT('',(-0.967446044062,0.270039121036,
    -1.132300577643));
#1902 = CARTESIAN_POINT('',(-0.943155351117,0.340552553858,
    -1.137031221605));
#1903 = CARTESIAN_POINT('',(-0.884050258385,0.47267209324,
    -1.146247644553));
#1904 = CARTESIAN_POINT('',(-0.849841375652,0.534553612288,
    -1.150733730894));
#1905 = CARTESIAN_POINT('',(-0.810452736183,0.593426441147,
    -1.155219117803));
#1906 = CARTESIAN_POINT('',(-0.766221954538,0.648754226832,
    -1.159703768256));
#1907 = CARTESIAN_POINT('',(-0.71755825561,0.7000529422,-1.164187785879)
  );
#1908 = CARTESIAN_POINT('',(-0.583850495964,0.819087376484,
    -1.175579180269));
#1909 = CARTESIAN_POINT('',(-0.493349823797,0.880721167399,
    -1.182486868851));
#1910 = CARTESIAN_POINT('',(-0.395176589223,0.930240444537,
    -1.189392461152));
#1911 = CARTESIAN_POINT('',(-0.29138029495,0.966519737848,
    -1.196298820846));
#1912 = CARTESIAN_POINT('',(-0.184193052192,0.988866940386,
    -1.203208771709));
#1913 = CARTESIAN_POINT('',(4.07609193801E-02,1.006001297293,
    -1.217572015559));
#1914 = CARTESIAN_POINT('',(0.158742394091,0.998499890322,
    -1.225028211509));
#1915 = CARTESIAN_POINT('',(0.275064760908,0.974373005483,
    -1.232485776737));
#1916 = CARTESIAN_POINT('',(0.386834069887,0.934110290507,
    -1.239944624692));
#1917 = CARTESIAN_POINT('',(0.491324628042,0.87880657635,-1.247402902533
    ));
#1918 = CARTESIAN_POINT('',(0.631056004656,0.777714069533,
    -1.258385622869));
#1919 = CARTESIAN_POINT('',(0.673793691588,0.742245970239,
    -1.261913866479));
#1920 = CARTESIAN_POINT('',(0.714122535268,0.703972251701,-1.2654413121)
  );
#1921 = CARTESIAN_POINT('',(0.75181480148,0.663099838747,-1.268968061233
    ));
#1922 = CARTESIAN_POINT('',(0.786666988237,0.619859473716,
    -1.272494340506));
#1923 = CARTESIAN_POINT('',(0.846175934367,0.535076228588,
    -1.279085384482));
#1924 = CARTESIAN_POINT('',(0.871570321447,0.494049943233,
    -1.282150256541));
#1925 = CARTESIAN_POINT('',(0.894569810947,0.451589282206,
    -1.285215107826));
#1926 = CARTESIAN_POINT('',(0.91507502359,0.40786979161,-1.288280174947)
  );
#1927 = CARTESIAN_POINT('',(0.933003876099,0.363075674492,-1.29134565029
    ));
#1928 = CARTESIAN_POINT('',(0.965377938395,0.266351479888,
    -1.297837797553));
#1929 = CARTESIAN_POINT('',(0.979166203659,0.214200731894,
    -1.301264615362));
#1930 = CARTESIAN_POINT('',(0.989567834102,0.161212920413,
    -1.304692021342));
#1931 = CARTESIAN_POINT('',(0.996522591782,0.107663082664,
    -1.308119839731));
#1932 = CARTESIAN_POINT('',(0.999999999996,5.383134024161E-02,
    -1.311547657487));
#1933 = CARTESIAN_POINT('',(1.,1.4597945E-10,-1.314974793173));
#1934 = ORIENTED_EDGE('',*,*,#1652,.T.);
#1935 = ORIENTED_EDGE('',*,*,#1936,.T.);
#1936 = EDGE_CURVE('',#1571,#1937,#1939,.T.);
#1937 = VERTEX_POINT('',#1938);
#1938 = CARTESIAN_POINT('',(1.,1.0452E-11,-1.365003777525));
#1939 = B_SPLINE_CURVE_WITH_KNOTS('',7,(#1940,#1941,#1942,#1943,#1944,
    #1945,#1946,#1947,#1948,#1949,#1950,#1951,#1952,#1953,#1954,#1955,
    #1956,#1957,#1958,#1959,#1960,#1961,#1962,#1963,#1964,#1965,#1966,
    #1967,#1968,#1969,#1970,#1971,#1972,#1973,#1974,#1975,#1976,#1977,
    #1978,#1979,#1980,#1981,#1982,#1983,#1984,#1985,#1986,#1987,#1988,
    #1989,#1990,#1991,#1992,#1993,#1994,#1995,#1996,#1997,#1998,#1999,
    #2000,#2001,#2002,#2003,#2004,#2005,#2006,#2007,#2008,#2009,#2010,
    #2011,#2012,#2013,#2014,#2015,#2016,#2017,#2018,#2019,#2020,#2021,
    #2022,#2023,#2024,#2025),.UNSPECIFIED.,.F.,.F.,(8,6,6,6,6,6,6,6,6,6,
    6,6,6,6,8),(0.,5.111338760234E-02,9.611563192468E-02,0.148023325481,
    0.262027468661,0.443562588908,0.461563671313,0.499565263651,
    0.598200427725,0.631566466049,0.737571995029,0.794369340532,
    0.845374788185,0.946267754369,1.),.UNSPECIFIED.);
#1940 = CARTESIAN_POINT('',(1.,2.28676E-11,-0.965003949257));
#1941 = CARTESIAN_POINT('',(1.000000000001,-4.587546341629E-02,
    -0.967924455119));
#1942 = CARTESIAN_POINT('',(0.997544660115,-9.175121005999E-02,
    -0.970845273984));
#1943 = CARTESIAN_POINT('',(0.992634010712,-0.137468723823,
    -0.973766107966));
#1944 = CARTESIAN_POINT('',(0.985280815943,-0.182870380497,
    -0.976686750144));
#1945 = CARTESIAN_POINT('',(0.975510396837,-0.227800258202,
    -0.979607078233));
#1946 = CARTESIAN_POINT('',(0.963360454399,-0.272104947842,
    -0.982527048249));
#1947 = CARTESIAN_POINT('',(0.93613251496,-0.353959379627,
    -0.988017254434));
#1948 = CARTESIAN_POINT('',(0.921578148634,-0.391683841351,
    -0.990587588216));
#1949 = CARTESIAN_POINT('',(0.905251833022,-0.42870541531,
    -0.993157700439));
#1950 = CARTESIAN_POINT('',(0.887194718189,-0.464924487688,
    -0.995727668319));
#1951 = CARTESIAN_POINT('',(0.867454861697,-0.500244595223,
    -0.99829760038));
#1952 = CARTESIAN_POINT('',(0.846087025339,-0.534572856166,
    -1.000867601473));
#1953 = CARTESIAN_POINT('',(0.796698685145,-0.60616967485,
    -1.006402253212));
#1954 = CARTESIAN_POINT('',(0.768160132621,-0.643081608942,
    -1.009366985174));
#1955 = CARTESIAN_POINT('',(0.73763090771,-0.678419694501,
    -1.012332033151));
#1956 = CARTESIAN_POINT('',(0.705215857854,-0.712055666485,
    -1.015297505031));
#1957 = CARTESIAN_POINT('',(0.671029893222,-0.743870233321,
    -1.018263479763));
#1958 = CARTESIAN_POINT('',(0.635197295396,-0.773753806414,
    -1.021229969997));
#1959 = CARTESIAN_POINT('',(0.51582793576,-0.862781314525,
    -1.030713078203));
#1960 = CARTESIAN_POINT('',(0.426486929977,-0.914174862729,
    -1.037232586159));
#1961 = CARTESIAN_POINT('',(0.331254790726,-0.954714585362,
    -1.043752977344));
#1962 = CARTESIAN_POINT('',(0.231723530358,-0.983622583222,
    -1.050272837411));
#1963 = CARTESIAN_POINT('',(0.129593531121,-1.000405536849,
    -1.056791663772));
#1964 = CARTESIAN_POINT('',(2.662466813002E-02,-1.004868460735,
    -1.063309053613));
#1965 = CARTESIAN_POINT('',(-0.237871421599,-0.984867300194,
    -1.080195997848));
#1966 = CARTESIAN_POINT('',(-0.398191926792,-0.941684739321,
    -1.09057554117));
#1967 = CARTESIAN_POINT('',(-0.548961352064,-0.868034740066,
    -1.100939799024));
#1968 = CARTESIAN_POINT('',(-0.683357155483,-0.766724858569,
    -1.111302644414));
#1969 = CARTESIAN_POINT('',(-0.795670387977,-0.642056616963,
    -1.121675929247));
#1970 = CARTESIAN_POINT('',(-0.881321783347,-0.499818207559,
    -1.132062567142));
#1971 = CARTESIAN_POINT('',(-0.943467036988,-0.331859871131,
    -1.143466580624));
#1972 = CARTESIAN_POINT('',(-0.948787836038,-0.316601916097,
    -1.144495394798));
#1973 = CARTESIAN_POINT('',(-0.953820632424,-0.301244771856,
    -1.145524211674));
#1974 = CARTESIAN_POINT('',(-0.95856322091,-0.285794963849,
    -1.146553028588));
#1975 = CARTESIAN_POINT('',(-0.963013582394,-0.270259074382,
    -1.147581842964));
#1976 = CARTESIAN_POINT('',(-0.967169883901,-0.254643742626,
    -1.148610652312));
#1977 = CARTESIAN_POINT('',(-0.979180474361,-0.205836992548,
    -1.151811329779));
#1978 = CARTESIAN_POINT('',(-0.986012647676,-0.172393923182,
    -1.153983174655));
#1979 = CARTESIAN_POINT('',(-0.99151146669,-0.138689745028,
    -1.15615496476));
#1980 = CARTESIAN_POINT('',(-0.995665233872,-0.10478821418,
    -1.158326681046));
#1981 = CARTESIAN_POINT('',(-0.998466086006,-7.075355431453E-02,
    -1.160498309501));
#1982 = CARTESIAN_POINT('',(-0.999909994186,-3.665045669134E-02,
    -1.162669841155));
#1983 = CARTESIAN_POINT('',(-1.000221979052,8.598084311387E-02,
    -1.170477337101));
#1984 = CARTESIAN_POINT('',(-0.991304375927,0.174538158293,
    -1.176113307836));
#1985 = CARTESIAN_POINT('',(-0.97323789578,0.261978524001,
    -1.181748142221));
#1986 = CARTESIAN_POINT('',(-0.946201004593,0.347172485095,
    -1.187382256069));
#1987 = CARTESIAN_POINT('',(-0.910539169604,0.429030407168,
    -1.193016684627));
#1988 = CARTESIAN_POINT('',(-0.866757604739,0.506525917595,
    -1.198652117693));
#1989 = CARTESIAN_POINT('',(-0.798193215073,0.603145438572,
    -1.206194234529));
#1990 = CARTESIAN_POINT('',(-0.780008767623,0.626962627219,
    -1.208100756388));
#1991 = CARTESIAN_POINT('',(-0.760996456839,0.650138475473,
    -1.210007383872));
#1992 = CARTESIAN_POINT('',(-0.741183523565,0.672638560696,
    -1.211914123141));
#1993 = CARTESIAN_POINT('',(-0.72059893517,0.694429981239,
    -1.213820976482));
#1994 = CARTESIAN_POINT('',(-0.699273385558,0.715481356447,
    -1.215727942311));
#1995 = CARTESIAN_POINT('',(-0.607235916711,0.800198045402,
    -1.223693878537));
#1996 = CARTESIAN_POINT('',(-0.530070509357,0.856871590427,
    -1.229754633895));
#1997 = CARTESIAN_POINT('',(-0.446792750659,0.904810740555,
    -1.235815710278));
#1998 = CARTESIAN_POINT('',(-0.35859875025,0.943245905316,
    -1.241876652828));
#1999 = CARTESIAN_POINT('',(-0.266791536282,0.971609598746,
    -1.247937251684));
#2000 = CARTESIAN_POINT('',(-0.172748525091,0.989550341654,
    -1.253996853163));
#2001 = CARTESIAN_POINT('',(-2.707435030213E-02,1.00093235774,
    -1.263299170024));
#2002 = CARTESIAN_POINT('',(2.398398923155E-02,1.00188074172,
    -1.266544009749));
#2003 = CARTESIAN_POINT('',(7.506241777458E-02,0.999789717153,
    -1.269788270622));
#2004 = CARTESIAN_POINT('',(0.125943934513,0.994661754315,
    -1.273031980728));
#2005 = CARTESIAN_POINT('',(0.176412691823,0.986518574606,
    -1.276275244081));
#2006 = CARTESIAN_POINT('',(0.226255522527,0.97540100427,-1.279518186702
    ));
#2007 = CARTESIAN_POINT('',(0.319273836503,0.948767580276,
    -1.285672943382));
#2008 = CARTESIAN_POINT('',(0.362611664887,0.933815645109,
    -1.288584850105));
#2009 = CARTESIAN_POINT('',(0.405125749178,0.916556277719,
    -1.291496694496));
#2010 = CARTESIAN_POINT('',(0.446668965808,0.897044675376,
    -1.294408610674));
#2011 = CARTESIAN_POINT('',(0.487099097487,0.875347600412,
    -1.297320748344));
#2012 = CARTESIAN_POINT('',(0.526279659931,0.851543003127,
    -1.300233225898));
#2013 = CARTESIAN_POINT('',(0.638854348215,0.774638920009,-1.3089079552)
  );
#2014 = CARTESIAN_POINT('',(0.708239735942,0.715652739041,
    -1.314672030645));
#2015 = CARTESIAN_POINT('',(0.771217610251,0.649453009167,
    -1.320437782314));
#2016 = CARTESIAN_POINT('',(0.82690205561,0.576886652759,-1.326205486895
    ));
#2017 = CARTESIAN_POINT('',(0.874548200248,0.498925371262,
    -1.331974643874));
#2018 = CARTESIAN_POINT('',(0.913568794215,0.416643296569,
    -1.337743662182));
#2019 = CARTESIAN_POINT('',(0.959531842373,0.285699612631,-1.3465822091)
  );
#2020 = CARTESIAN_POINT('',(0.972944016674,0.239297655577,
    -1.349653287824));
#2021 = CARTESIAN_POINT('',(0.983735359546,0.192170092921,
    -1.352723885283));
#2022 = CARTESIAN_POINT('',(0.991859864729,0.144494628076,
    -1.355794015531));
#2023 = CARTESIAN_POINT('',(0.997286610604,9.645219110518E-02,
    -1.358863840874));
#2024 = CARTESIAN_POINT('',(0.999999999999,4.822589634218E-02,
    -1.361933640234));
#2025 = CARTESIAN_POINT('',(1.,2.090939E-11,-1.365003777525));
#2026 = ORIENTED_EDGE('',*,*,#2027,.F.);
#2027 = EDGE_CURVE('',#1859,#1937,#2028,.T.);
#2028 = LINE('',#2029,#2030);
#2029 = CARTESIAN_POINT('',(1.,0.,-1.E-01));
#2030 = VECTOR('',#2031,1.);
#2031 = DIRECTION('',(0.,0.,-1.));
#2032 = CYLINDRICAL_SURFACE('',#2033,1.);
#2033 = AXIS2_PLACEMENT_3D('',#2034,#2035,#2036);
#2034 = CARTESIAN_POINT('',(0.,0.,-1.E-01));
#2035 = DIRECTION('',(-0.,-0.,-1.));
#2036 = DIRECTION('',(1.,0.,0.));
#2037 = ADVANCED_FACE('',(#2038),#2063,.T.);
#2038 = FACE_BOUND('',#2039,.T.);
#2039 = EDGE_LOOP('',(#2040,#2056,#2057,#2058));
#2040 = ORIENTED_EDGE('',*,*,#2041,.F.);
#2041 = EDGE_CURVE('',#1667,#2042,#2044,.T.);
#2042 = VERTEX_POINT('',#2043);
#2043 = CARTESIAN_POINT('',(0.783513641982,1.450198156E-06,
    -1.090022779661));
#2044 = ( BOUNDED_CURVE() B_SPLINE_CURVE(10,(#2045,#2046,#2047,#2048,
    #2049,#2050,#2051,#2052,#2053,#2054,#2055),.UNSPECIFIED.,.F.,.F.) 
B_SPLINE_CURVE_WITH_KNOTS((11,11),(0.,6.295904828089),
.PIECEWISE_BEZIER_KNOTS.) CURVE() GEOMETRIC_REPRESENTATION_ITEM() 
RATIONAL_B_SPLINE_CURVE((1.056590953773,1.056590953773,1.056590953773,
    1.056590953773,1.056590953773,1.056590953773,1.056590953773,
    1.056590953773,1.056590953773,1.056590953773,1.056590953773)) 
REPRESENTATION_ITEM('') );
#2045 = CARTESIAN_POINT('',(0.783514511295,1.513247294E-06,
    -0.690023770034));
#2046 = CARTESIAN_POINT('',(0.78351426375,-0.492324243429,
    -0.730022405043));
#2047 = CARTESIAN_POINT('',(0.439859327616,-0.984346517353,
    -0.769997652014));
#2048 = CARTESIAN_POINT('',(-0.247973124296,-1.206223642859,
    -0.81009558903));
#2049 = CARTESIAN_POINT('',(-1.034063603928,-0.895286437222,
    -0.849949155926));
#2050 = CARTESIAN_POINT('',(-1.44973966554,-2.096597853854E-05,
    -0.890023274347));
#2051 = CARTESIAN_POINT('',(-1.033933766546,0.89530941587,
    -0.930097394567));
#2052 = CARTESIAN_POINT('',(-0.248106006365,1.206212398974,
    -0.96995096028));
#2053 = CARTESIAN_POINT('',(0.439900200964,0.984349854009,
    -1.010048897772));
#2054 = CARTESIAN_POINT('',(0.783513929128,0.492327206874,
    -1.050024144653));
#2055 = CARTESIAN_POINT('',(0.783513641982,1.45019816372E-06,
    -1.090022779661));
#2056 = ORIENTED_EDGE('',*,*,#1684,.T.);
#2057 = ORIENTED_EDGE('',*,*,#1570,.T.);
#2058 = ORIENTED_EDGE('',*,*,#2059,.F.);
#2059 = EDGE_CURVE('',#2042,#1571,#2060,.T.);
#2060 = B_SPLINE_CURVE_WITH_KNOTS('',1,(#2061,#2062),.UNSPECIFIED.,.F.,
  .F.,(2,2),(0.,0.28),.PIECEWISE_BEZIER_KNOTS.);
#2061 = CARTESIAN_POINT('',(0.783513641982,1.45019816306E-06,
    -1.090022779661));
#2062 = CARTESIAN_POINT('',(1.025986022949,-1.7404947073E-07,
    -0.949997266038));
#2063 = B_SPLINE_SURFACE_WITH_KNOTS('',1,10,(
    (#2064,#2065,#2066,#2067,#2068,#2069,#2070,#2071,#2072,#2073,#2074)
    ,(#2075,#2076,#2077,#2078,#2079,#2080,#2081,#2082,#2083,#2084,#2085
    )),.UNSPECIFIED.,.F.,.F.,.F.,(2,2),(11,11),(0.,0.28),(0.,
    6.295904828089),.PIECEWISE_BEZIER_KNOTS.);
#2064 = CARTESIAN_POINT('',(0.783514511295,1.51324729342E-06,
    -0.690023770034));
#2065 = CARTESIAN_POINT('',(0.78351426375,-0.492324243429,
    -0.730022405043));
#2066 = CARTESIAN_POINT('',(0.439859327616,-0.984346517353,
    -0.769997652015));
#2067 = CARTESIAN_POINT('',(-0.247973124296,-1.206223642859,
    -0.81009558903));
#2068 = CARTESIAN_POINT('',(-1.034063603928,-0.895286437223,
    -0.849949155927));
#2069 = CARTESIAN_POINT('',(-1.449739665539,-2.096597847667E-05,
    -0.890023274347));
#2070 = CARTESIAN_POINT('',(-1.033933766546,0.89530941587,
    -0.930097394567));
#2071 = CARTESIAN_POINT('',(-0.248106006365,1.206212398974,
    -0.96995096028));
#2072 = CARTESIAN_POINT('',(0.439900200964,0.984349854009,
    -1.010048897772));
#2073 = CARTESIAN_POINT('',(0.783513929128,0.492327206874,
    -1.050024144653));
#2074 = CARTESIAN_POINT('',(0.783513641982,1.45019816306E-06,
    -1.090022779661));
#2075 = CARTESIAN_POINT('',(1.025986251675,-1.8161765459E-07,
    -0.549997147157));
#2076 = CARTESIAN_POINT('',(1.025985822343,-0.6446427617,-0.589997311006
    ));
#2077 = CARTESIAN_POINT('',(0.576031426028,-1.289303729949,
    -0.63000028228));
#2078 = CARTESIAN_POINT('',(-0.324911416137,-1.578750860218,
    -0.669988526207));
#2079 = CARTESIAN_POINT('',(-1.353728752968,-1.173080418776,
    -0.710006103703));
#2080 = CARTESIAN_POINT('',(-1.898739975913,-4.46515011321E-06,
    -0.749997206462));
#2081 = CARTESIAN_POINT('',(-1.353693290589,1.173087961771,
    -0.789988309708));
#2082 = CARTESIAN_POINT('',(-0.324944634475,1.578748261861,
    -0.830005886885));
#2083 = CARTESIAN_POINT('',(0.576043608216,1.289303970297,
    -0.869994130937));
#2084 = CARTESIAN_POINT('',(1.025986447528,0.644642406033,-0.90999710219
    ));
#2085 = CARTESIAN_POINT('',(1.025986022949,-1.7404947073E-07,
    -0.949997266038));
#2086 = ADVANCED_FACE('',(#2087),#2117,.T.);
#2087 = FACE_BOUND('',#2088,.T.);
#2088 = EDGE_LOOP('',(#2089,#2105,#2106,#2107));
#2089 = ORIENTED_EDGE('',*,*,#2090,.F.);
#2090 = EDGE_CURVE('',#1716,#2091,#2093,.T.);
#2091 = VERTEX_POINT('',#2092);
#2092 = CARTESIAN_POINT('',(0.783524163942,1.450162851E-06,
    -1.190022779107));
#2093 = B_SPLINE_CURVE_WITH_KNOTS('',10,(#2094,#2095,#2096,#2097,#2098,
    #2099,#2100,#2101,#2102,#2103,#2104),.UNSPECIFIED.,.F.,.F.,(11,11),(
    0.,6.295904828089),.PIECEWISE_BEZIER_KNOTS.);
#2094 = CARTESIAN_POINT('',(0.783525490733,1.51320885883E-06,
    -0.790023769431));
#2095 = CARTESIAN_POINT('',(0.783524612641,-0.492330996873,
    -0.83002240451));
#2096 = CARTESIAN_POINT('',(0.439853628992,-0.984359598369,
    -0.869997652732));
#2097 = CARTESIAN_POINT('',(-0.247942766755,-1.2062428714,
    -0.910095584759));
#2098 = CARTESIAN_POINT('',(-1.034112836211,-0.895291679206,
    -0.949949159243));
#2099 = CARTESIAN_POINT('',(-1.449759573264,-3.055535714336E-05,
    -0.990023273501));
#2100 = CARTESIAN_POINT('',(-1.033912885002,0.895328806799,
    -1.030097390521));
#2101 = CARTESIAN_POINT('',(-0.24814318205,1.206226204956,
    -1.069950963191));
#2102 = CARTESIAN_POINT('',(0.439917973482,0.984363815172,
    -1.110048895944));
#2103 = CARTESIAN_POINT('',(0.783525081632,0.492333960245,
    -1.150024144033));
#2104 = CARTESIAN_POINT('',(0.783524163942,1.45016285885E-06,
    -1.190022779107));
#2105 = ORIENTED_EDGE('',*,*,#1733,.T.);
#2106 = ORIENTED_EDGE('',*,*,#2041,.T.);
#2107 = ORIENTED_EDGE('',*,*,#2108,.F.);
#2108 = EDGE_CURVE('',#2091,#2042,#2109,.T.);
#2109 = ( BOUNDED_CURVE() B_SPLINE_CURVE(6,(#2110,#2111,#2112,#2113,
#2114,#2115,#2116),.UNSPECIFIED.,.F.,.F.) B_SPLINE_CURVE_WITH_KNOTS((7,7
),(0.,2.094395102393),.PIECEWISE_BEZIER_KNOTS.) CURVE() 
GEOMETRIC_REPRESENTATION_ITEM() RATIONAL_B_SPLINE_CURVE((1.056590953773,
    1.017435169568,0.996326512422,0.989390034249,0.996326512422,
1.017435169568,1.056590953773)) REPRESENTATION_ITEM('') );
#2110 = CARTESIAN_POINT('',(0.783524163942,1.45016285868E-06,
    -1.190022779107));
#2111 = CARTESIAN_POINT('',(0.765398544114,1.57157342842E-06,
    -1.17956049036));
#2112 = CARTESIAN_POINT('',(0.752624280394,1.65713545316E-06,
    -1.161850843859));
#2113 = CARTESIAN_POINT('',(0.748005507481,1.68806657236E-06,
    -1.140026516089));
#2114 = CARTESIAN_POINT('',(0.752619687598,1.65715086409E-06,
    -1.118201216832));
#2115 = CARTESIAN_POINT('',(0.765390224231,1.57160134473E-06,
    -1.100488882517));
#2116 = CARTESIAN_POINT('',(0.783513641982,1.45019816372E-06,
    -1.090022779661));
#2117 = ( BOUNDED_SURFACE() B_SPLINE_SURFACE(6,10,(
    (#2118,#2119,#2120,#2121,#2122,#2123,#2124,#2125,#2126,#2127,#2128)
    ,(#2129,#2130,#2131,#2132,#2133,#2134,#2135,#2136,#2137,#2138,#2139)
    ,(#2140,#2141,#2142,#2143,#2144,#2145,#2146,#2147,#2148,#2149,#2150)
    ,(#2151,#2152,#2153,#2154,#2155,#2156,#2157,#2158,#2159,#2160,#2161)
    ,(#2162,#2163,#2164,#2165,#2166,#2167,#2168,#2169,#2170,#2171,#2172)
    ,(#2173,#2174,#2175,#2176,#2177,#2178,#2179,#2180,#2181,#2182,#2183)
    ,(#2184,#2185,#2186,#2187,#2188,#2189,#2190,#2191,#2192,#2193,#2194
)),.UNSPECIFIED.,.F.,.F.,.F.) B_SPLINE_SURFACE_WITH_KNOTS((7,7),(11,11),
  (0.,2.094395102393),(0.,6.295904828089),.PIECEWISE_BEZIER_KNOTS.) 
GEOMETRIC_REPRESENTATION_ITEM() RATIONAL_B_SPLINE_SURFACE((
    (1.056590953773,1.056590953773,1.056590953773,1.056590953773
      ,1.056590953773,1.056590953773,1.056590953773,1.056590953773
      ,1.056590953773,1.056590953773,1.056590953773)
    ,(1.017435169568,1.017435169568,1.017435169568,1.017435169568
      ,1.017435169569,1.017435169568,1.017435169568,1.017435169568
      ,1.017435169568,1.017435169568,1.017435169568)
    ,(0.996326512422,0.996326512422,0.996326512422,0.996326512422
      ,0.996326512423,0.996326512422,0.996326512423,0.996326512422
      ,0.996326512422,0.996326512422,0.996326512422)
    ,(0.989390034249,0.989390034249,0.989390034249,0.989390034248
      ,0.989390034249,0.989390034248,0.989390034249,0.989390034248
      ,0.989390034249,0.989390034249,0.989390034249)
    ,(0.996326512422,0.996326512422,0.996326512422,0.996326512422
      ,0.996326512423,0.996326512422,0.996326512423,0.996326512422
      ,0.996326512422,0.996326512422,0.996326512422)
    ,(1.017435169568,1.017435169568,1.017435169568,1.017435169568
      ,1.017435169569,1.017435169568,1.017435169569,1.017435169568
      ,1.017435169568,1.017435169568,1.017435169568)
    ,(1.056590953773,1.056590953773,1.056590953773,1.056590953773
      ,1.056590953773,1.056590953773,1.056590953773,1.056590953773
      ,1.056590953773,1.056590953773,1.056590953773
))) REPRESENTATION_ITEM('') SURFACE() );
#2118 = CARTESIAN_POINT('',(0.783525490733,1.51320886022E-06,
    -0.790023769431));
#2119 = CARTESIAN_POINT('',(0.783524612641,-0.492330996873,
    -0.83002240451));
#2120 = CARTESIAN_POINT('',(0.439853628992,-0.984359598369,
    -0.869997652732));
#2121 = CARTESIAN_POINT('',(-0.247942766755,-1.2062428714,
    -0.910095584759));
#2122 = CARTESIAN_POINT('',(-1.034112836211,-0.895291679205,
    -0.949949159243));
#2123 = CARTESIAN_POINT('',(-1.449759573264,-3.055535738783E-05,
    -0.990023273501));
#2124 = CARTESIAN_POINT('',(-1.033912885002,0.895328806799,
    -1.030097390521));
#2125 = CARTESIAN_POINT('',(-0.24814318205,1.206226204956,
    -1.069950963191));
#2126 = CARTESIAN_POINT('',(0.439917973482,0.984363815172,
    -1.110048895944));
#2127 = CARTESIAN_POINT('',(0.783525081632,0.492333960245,
    -1.150024144033));
#2128 = CARTESIAN_POINT('',(0.783524163942,1.45016285868E-06,
    -1.190022779107));
#2129 = CARTESIAN_POINT('',(0.765399823043,1.63989832336E-06,
    -0.779561563605));
#2130 = CARTESIAN_POINT('',(0.765399090502,-0.480944649141,
    -0.819560084397));
#2131 = CARTESIAN_POINT('',(0.429676739419,-0.961563060712,
    -0.859533260124));
#2132 = CARTESIAN_POINT('',(-0.242198424707,-1.178394577421,
    -0.899639392124));
#2133 = CARTESIAN_POINT('',(-1.010209398906,-0.87452707763,
    -0.939480706169));
#2134 = CARTESIAN_POINT('',(-1.416195212691,-2.97817968811E-05,
    -0.979561026243));
#2135 = CARTESIAN_POINT('',(-1.010017067404,0.874562397804,
    -1.019641348975));
#2136 = CARTESIAN_POINT('',(-0.242392155676,1.178378399627,
    -1.059482661274));
#2137 = CARTESIAN_POINT('',(0.429738316276,0.961567324746,
    -1.099588793973));
#2138 = CARTESIAN_POINT('',(0.765399319569,0.480947860613,
    -1.139561969571));
#2139 = CARTESIAN_POINT('',(0.765398544114,1.57157342842E-06,
    -1.17956049036));
#2140 = CARTESIAN_POINT('',(0.752625478305,1.72918072225E-06,
    -0.761851975543));
#2141 = CARTESIAN_POINT('',(0.752624913513,-0.472919959268,
    -0.80185041579));
#2142 = CARTESIAN_POINT('',(0.422505645317,-0.945496923325,
    -0.841822130896));
#2143 = CARTESIAN_POINT('',(-0.238153508464,-1.158767817461,
    -0.881934041955));
#2144 = CARTESIAN_POINT('',(-0.993359489276,-0.859893661715,
    -0.921766715251));
#2145 = CARTESIAN_POINT('',(-1.392540254063,-2.824542741886E-05,
    -0.96185140901));
#2146 = CARTESIAN_POINT('',(-0.993179774959,0.85992624564,
    -1.001936105255));
#2147 = CARTESIAN_POINT('',(-0.238335548167,1.158752544543,
    -1.041768776917));
#2148 = CARTESIAN_POINT('',(0.42256284564,0.945501129663,-1.081880688631
    ));
#2149 = CARTESIAN_POINT('',(0.752624890437,0.472923345584,
    -1.121852403615));
#2150 = CARTESIAN_POINT('',(0.752624280394,1.65713545316E-06,
    -1.161850843859));
#2151 = CARTESIAN_POINT('',(0.74800660555,1.76145702269E-06,
    -0.740027668904));
#2152 = CARTESIAN_POINT('',(0.748006198641,-0.470018461066,
    -0.780026080028));
#2153 = CARTESIAN_POINT('',(0.419914592643,-0.939687935698,
    -0.819997267011));
#2154 = CARTESIAN_POINT('',(-0.236696189684,-1.151670924628,
    -0.860111267632));
#2155 = CARTESIAN_POINT('',(-0.987261638042,-0.854603728242,
    -0.899940816631));
#2156 = CARTESIAN_POINT('',(-1.383987297982,-2.621111862219E-05,
    -0.940027091864));
#2157 = CARTESIAN_POINT('',(-0.987097297984,0.854633140934,
    -0.980113369372));
#2158 = CARTESIAN_POINT('',(-0.236863587807,1.151656815108,
    -1.019942916876));
#2159 = CARTESIAN_POINT('',(0.419966591074,0.939691985434,
    -1.060056918097));
#2160 = CARTESIAN_POINT('',(0.748005960486,0.470021910589,
    -1.100028104967));
#2161 = CARTESIAN_POINT('',(0.748005507481,1.68806657236E-06,
    -1.140026516089));
#2162 = CARTESIAN_POINT('',(0.752620685821,1.72919749933E-06,
    -0.718202348538));
#2163 = CARTESIAN_POINT('',(0.75262039626,-0.472917011414,
    -0.758200788754));
#2164 = CARTESIAN_POINT('',(0.422508132745,-0.94549121351,
    -0.798172503314));
#2165 = CARTESIAN_POINT('',(-0.238166759418,-1.158759424275,
    -0.838284416551));
#2166 = CARTESIAN_POINT('',(-0.993337999568,-0.859891373609,
    -0.878117086534));
#2167 = CARTESIAN_POINT('',(-1.392531564415,-2.405969938166E-05,
    -0.918201782111));
#2168 = CARTESIAN_POINT('',(-0.993188889675,0.859917781572,
    -0.958286479752));
#2169 = CARTESIAN_POINT('',(-0.238319321119,1.158746518283,
    -0.998119148378));
#2170 = CARTESIAN_POINT('',(0.422555088002,0.945495035668,-1.03823106216
    ));
#2171 = CARTESIAN_POINT('',(0.752620022411,0.472920397762,
    -1.078202776617));
#2172 = CARTESIAN_POINT('',(0.752619687598,1.65715086409E-06,
    -1.118201216832));
#2173 = CARTESIAN_POINT('',(0.765391141425,1.63992871449E-06,
    -0.700489955801));
#2174 = CARTESIAN_POINT('',(0.765390907467,-0.480939309084,
    -0.740488476539));
#2175 = CARTESIAN_POINT('',(0.429681245412,-0.961552717342,
    -0.780461651277));
#2176 = CARTESIAN_POINT('',(-0.242222428903,-1.178379373105,
    -0.820567787221));
#2177 = CARTESIAN_POINT('',(-1.010170470148,-0.87452293271,
    -0.860409095267));
#2178 = CARTESIAN_POINT('',(-1.416179471333,-2.21993206862E-05,
    -0.900489418632));
#2179 = CARTESIAN_POINT('',(-1.010033578776,0.874547065084,
    -0.940569743893));
#2180 = CARTESIAN_POINT('',(-0.242362760264,1.178367483016,
    -0.980411050692));
#2181 = CARTESIAN_POINT('',(0.42972426326,0.961556285429,-1.020517187138
    ));
#2182 = CARTESIAN_POINT('',(0.765390501105,0.480942520614,
    -1.060490361781));
#2183 = CARTESIAN_POINT('',(0.765390224231,1.57160134473E-06,
    -1.100488882517));
#2184 = CARTESIAN_POINT('',(0.783514511295,1.513247294E-06,
    -0.690023770034));
#2185 = CARTESIAN_POINT('',(0.78351426375,-0.492324243429,
    -0.730022405043));
#2186 = CARTESIAN_POINT('',(0.439859327616,-0.984346517353,
    -0.769997652014));
#2187 = CARTESIAN_POINT('',(-0.247973124296,-1.206223642859,
    -0.81009558903));
#2188 = CARTESIAN_POINT('',(-1.034063603928,-0.895286437222,
    -0.849949155926));
#2189 = CARTESIAN_POINT('',(-1.44973966554,-2.096597853854E-05,
    -0.890023274347));
#2190 = CARTESIAN_POINT('',(-1.033933766546,0.89530941587,
    -0.930097394567));
#2191 = CARTESIAN_POINT('',(-0.248106006365,1.206212398974,
    -0.96995096028));
#2192 = CARTESIAN_POINT('',(0.439900200964,0.984349854009,
    -1.010048897772));
#2193 = CARTESIAN_POINT('',(0.783513929128,0.492327206874,
    -1.050024144653));
#2194 = CARTESIAN_POINT('',(0.783513641982,1.45019816372E-06,
    -1.090022779661));
#2195 = ADVANCED_FACE('',(#2196),#2206,.T.);
#2196 = FACE_BOUND('',#2197,.T.);
#2197 = EDGE_LOOP('',(#2198,#2199,#2200,#2201));
#2198 = ORIENTED_EDGE('',*,*,#1858,.F.);
#2199 = ORIENTED_EDGE('',*,*,#1827,.T.);
#2200 = ORIENTED_EDGE('',*,*,#2090,.T.);
#2201 = ORIENTED_EDGE('',*,*,#2202,.F.);
#2202 = EDGE_CURVE('',#1859,#2091,#2203,.T.);
#2203 = B_SPLINE_CURVE_WITH_KNOTS('',1,(#2204,#2205),.UNSPECIFIED.,.F.,
  .F.,(2,2),(0.,0.28),.PIECEWISE_BEZIER_KNOTS.);
#2204 = CARTESIAN_POINT('',(1.026026006399,-1.7418362794E-07,
    -1.329997263934));
#2205 = CARTESIAN_POINT('',(0.783524163942,1.45016285885E-06,
    -1.190022779107));
#2206 = B_SPLINE_SURFACE_WITH_KNOTS('',1,10,(
    (#2207,#2208,#2209,#2210,#2211,#2212,#2213,#2214,#2215,#2216,#2217)
    ,(#2218,#2219,#2220,#2221,#2222,#2223,#2224,#2225,#2226,#2227,#2228
    )),.UNSPECIFIED.,.F.,.F.,.F.,(2,2),(11,11),(0.,0.28),(0.,
    6.295904828089),.PIECEWISE_BEZIER_KNOTS.);
#2207 = CARTESIAN_POINT('',(1.026027973537,-1.8176370673E-07,
    -0.929997144867));
#2208 = CARTESIAN_POINT('',(1.02602514813,-0.644668424789,
    -0.969997308979));
#2209 = CARTESIAN_POINT('',(0.576009771257,-1.289353437811,
    -1.010000285006));
#2210 = CARTESIAN_POINT('',(-0.32479605748,-1.578823928673,
    -1.049988509976));
#2211 = CARTESIAN_POINT('',(-1.353915835644,-1.17310033831,
    -1.090006116305));
#2212 = CARTESIAN_POINT('',(-1.898815625268,-4.090478964658E-05,
    -1.129997203247));
#2213 = CARTESIAN_POINT('',(-1.353613940722,1.173161647302,
    -1.169988294336));
#2214 = CARTESIAN_POINT('',(-0.325085902077,1.578800724592,
    -1.210005897946));
#2215 = CARTESIAN_POINT('',(0.576111143784,1.289357022717,
    -1.249994123992));
#2216 = CARTESIAN_POINT('',(1.026028827045,0.644668068843,
    -1.289997099835));
#2217 = CARTESIAN_POINT('',(1.026026006399,-1.7418362794E-07,
    -1.329997263934));
#2218 = CARTESIAN_POINT('',(0.783525490733,1.51320885883E-06,
    -0.790023769431));
#2219 = CARTESIAN_POINT('',(0.783524612641,-0.492330996873,
    -0.83002240451));
#2220 = CARTESIAN_POINT('',(0.439853628992,-0.984359598369,
    -0.869997652732));
#2221 = CARTESIAN_POINT('',(-0.247942766755,-1.2062428714,
    -0.910095584759));
#2222 = CARTESIAN_POINT('',(-1.034112836211,-0.895291679206,
    -0.949949159243));
#2223 = CARTESIAN_POINT('',(-1.449759573264,-3.055535714336E-05,
    -0.990023273501));
#2224 = CARTESIAN_POINT('',(-1.033912885002,0.895328806799,
    -1.030097390521));
#2225 = CARTESIAN_POINT('',(-0.24814318205,1.206226204956,
    -1.069950963191));
#2226 = CARTESIAN_POINT('',(0.439917973482,0.984363815172,
    -1.110048895944));
#2227 = CARTESIAN_POINT('',(0.783525081632,0.492333960245,
    -1.150024144033));
#2228 = CARTESIAN_POINT('',(0.783524163942,1.45016285885E-06,
    -1.190022779107));
#2229 = ADVANCED_FACE('',(#2230),#2407,.T.);
#2230 = FACE_BOUND('',#2231,.F.);
#2231 = EDGE_LOOP('',(#2232,#2309,#2310,#2401));
#2232 = ORIENTED_EDGE('',*,*,#2233,.F.);
#2233 = EDGE_CURVE('',#1859,#2234,#2236,.T.);
#2234 = VERTEX_POINT('',#2235);
#2235 = CARTESIAN_POINT('',(1.,6.6759E-11,-1.714975888964));
#2236 = B_SPLINE_CURVE_WITH_KNOTS('',6,(#2237,#2238,#2239,#2240,#2241,
    #2242,#2243,#2244,#2245,#2246,#2247,#2248,#2249,#2250,#2251,#2252,
    #2253,#2254,#2255,#2256,#2257,#2258,#2259,#2260,#2261,#2262,#2263,
    #2264,#2265,#2266,#2267,#2268,#2269,#2270,#2271,#2272,#2273,#2274,
    #2275,#2276,#2277,#2278,#2279,#2280,#2281,#2282,#2283,#2284,#2285,
    #2286,#2287,#2288,#2289,#2290,#2291,#2292,#2293,#2294,#2295,#2296,
    #2297,#2298,#2299,#2300,#2301,#2302,#2303,#2304,#2305,#2306,#2307,
    #2308),.UNSPECIFIED.,.F.,.F.,(7,5,5,5,5,5,5,5,5,5,5,5,5,5,7),(0.,
    5.299977462711E-02,9.899959427014E-02,0.152578161912,0.255577042876,
    0.365063242983,0.433219676074,0.496015032312,0.566952703416,
    0.634235450682,0.737907068049,0.849689695136,0.902613420133,
    0.948612804248,1.),.UNSPECIFIED.);
#2237 = CARTESIAN_POINT('',(1.,1.4597656E-10,-1.314974793173));
#2238 = CARTESIAN_POINT('',(1.000000000004,-5.549999399972E-02,
    -1.318508169292));
#2239 = CARTESIAN_POINT('',(0.996303663384,-0.111000503424,
    -1.322041335412));
#2240 = CARTESIAN_POINT('',(0.988911041767,-0.166192110672,
    -1.325574729231));
#2241 = CARTESIAN_POINT('',(0.977856559806,-0.220767850976,
    -1.329108668503));
#2242 = CARTESIAN_POINT('',(0.963208250337,-0.27442664184,
    -1.332643229793));
#2243 = CARTESIAN_POINT('',(0.929321739123,-0.372399430668,
    -1.339246152469));
#2244 = CARTESIAN_POINT('',(0.910945058252,-0.417012291626,
    -1.342314481776));
#2245 = CARTESIAN_POINT('',(0.890002852813,-0.460524743694,
    -1.345382960532));
#2246 = CARTESIAN_POINT('',(0.866579058305,-0.502753401266,
    -1.348451412811));
#2247 = CARTESIAN_POINT('',(0.840774818603,-0.543523716352,
    -1.351519656859));
#2248 = CARTESIAN_POINT('',(0.780016277804,-0.628269442022,
    -1.358160833328));
#2249 = CARTESIAN_POINT('',(0.744254322266,-0.671666997468,
    -1.361733693041));
#2250 = CARTESIAN_POINT('',(0.705607697094,-0.712604826426,
    -1.365305786384));
#2251 = CARTESIAN_POINT('',(0.664290360324,-0.75084585019,
    -1.368877066308));
#2252 = CARTESIAN_POINT('',(0.620541423679,-0.786178324672,
    -1.37244761912));
#2253 = CARTESIAN_POINT('',(0.486347700147,-0.880397448652,
    -1.382880294149));
#2254 = CARTESIAN_POINT('',(0.390038161691,-0.930959626244,
    -1.38974181137));
#2255 = CARTESIAN_POINT('',(0.287568445972,-0.968780264393,
    -1.396600991561));
#2256 = CARTESIAN_POINT('',(0.181060438659,-0.992991285178,
    -1.403461674409));
#2257 = CARTESIAN_POINT('',(7.276479387294E-02,-1.00316420161,
    -1.410326125032));
#2258 = CARTESIAN_POINT('',(-0.149605963035,-0.995370657656,
    -1.424490242525));
#2259 = CARTESIAN_POINT('',(-0.263654883119,-0.975590084764,
    -1.431792535793));
#2260 = CARTESIAN_POINT('',(-0.374412756469,-0.940131375353,
    -1.439095777481));
#2261 = CARTESIAN_POINT('',(-0.479224657972,-0.889738577374,
    -1.446399485186));
#2262 = CARTESIAN_POINT('',(-0.57564886985,-0.825695887159,
    -1.453703538795));
#2263 = CARTESIAN_POINT('',(-0.715138359453,-0.702617399901,
    -1.46554978917));
#2264 = CARTESIAN_POINT('',(-0.764613476873,-0.650810608721,
    -1.470094387318));
#2265 = CARTESIAN_POINT('',(-0.809551469739,-0.594854643468,
    -1.474638143569));
#2266 = CARTESIAN_POINT('',(-0.849525550655,-0.53525167077,
    -1.479181316148));
#2267 = CARTESIAN_POINT('',(-0.884184247214,-0.47255908922,
    -1.483724281429));
#2268 = CARTESIAN_POINT('',(-0.940047581808,-0.347324896804,
    -1.492452440949));
#2269 = CARTESIAN_POINT('',(-0.9620972772,-0.28515662476,-1.496637853551
    ));
#2270 = CARTESIAN_POINT('',(-0.979198948297,-0.221343712276,
    -1.500823280626));
#2271 = CARTESIAN_POINT('',(-0.991206690336,-0.156379669981,
    -1.505009000536));
#2272 = CARTESIAN_POINT('',(-0.998040165449,-9.077275865185E-02,
    -1.509195218161));
#2273 = CARTESIAN_POINT('',(-1.001546344819,4.922177366638E-02,
    -1.518111087659));
#2274 = CARTESIAN_POINT('',(-0.996786710502,0.123648918479,
    -1.522841077507));
#2275 = CARTESIAN_POINT('',(-0.985389002865,0.197501670019,
    -1.527571367717));
#2276 = CARTESIAN_POINT('',(-0.967445057386,0.270042759294,
    -1.532301912399));
#2277 = CARTESIAN_POINT('',(-0.943154009932,0.340556318962,
    -1.537032571183));
#2278 = CARTESIAN_POINT('',(-0.884047231977,0.472678130641,
    -1.546249170018));
#2279 = CARTESIAN_POINT('',(-0.849836664561,0.534561640303,
    -1.550735417428));
#2280 = CARTESIAN_POINT('',(-0.810445990412,0.593436200999,
    -1.555220965317));
#2281 = CARTESIAN_POINT('',(-0.766212865634,0.648765404851,
    -1.559705776674));
#2282 = CARTESIAN_POINT('',(-0.717546566323,0.700065178194,
    -1.56418995516));
#2283 = CARTESIAN_POINT('',(-0.583832401044,0.819100666022,
    -1.575581698175));
#2284 = CARTESIAN_POINT('',(-0.493327812593,0.880734092766,
    -1.582489574674));
#2285 = CARTESIAN_POINT('',(-0.395150526782,0.930252153834,
    -1.589395354827));
#2286 = CARTESIAN_POINT('',(-0.291350244472,0.966529339631,
    -1.596301902737));
#2287 = CARTESIAN_POINT('',(-0.184159281924,0.988873554471,
    -1.603212042389));
#2288 = CARTESIAN_POINT('',(4.080580996327E-02,1.006000357007,
    -1.617575957133));
#2289 = CARTESIAN_POINT('',(0.158794712947,0.998493026229,
    -1.625032636037));
#2290 = CARTESIAN_POINT('',(0.275123484422,0.974358114066,-1.63249068391
    ));
#2291 = CARTESIAN_POINT('',(0.38689763387,0.934085520405,-1.639950013753
    ));
#2292 = CARTESIAN_POINT('',(0.491391005395,0.878770469696,
    -1.647408772526));
#2293 = CARTESIAN_POINT('',(0.63112521671,0.777658348386,-1.658392368768
    ));
#2294 = CARTESIAN_POINT('',(0.673864542299,0.742182396431,
    -1.661921008374));
#2295 = CARTESIAN_POINT('',(0.714194222822,0.703900413123,
    -1.665448849781));
#2296 = CARTESIAN_POINT('',(0.751886466692,0.663019415038,
    -1.668975994669));
#2297 = CARTESIAN_POINT('',(0.786737727923,0.619770244454,
    -1.672502669888));
#2298 = CARTESIAN_POINT('',(0.846240087264,0.534974762829,
    -1.679094109697));
#2299 = CARTESIAN_POINT('',(0.871629554056,0.493945434126,
    -1.682158981613));
#2300 = CARTESIAN_POINT('',(0.894623951481,0.451482016973,
    -1.685223833092));
#2301 = CARTESIAN_POINT('',(0.915123921349,0.40776006928,-1.688288900731
    ));
#2302 = CARTESIAN_POINT('',(0.933047402469,0.362963803826,
    -1.691354376831));
#2303 = CARTESIAN_POINT('',(0.965403526616,0.266254679895,
    -1.697845253977));
#2304 = CARTESIAN_POINT('',(0.97918164645,0.21412204878,-1.701270800538)
  );
#2305 = CARTESIAN_POINT('',(0.989575578201,0.161153281785,
    -1.704696934671));
#2306 = CARTESIAN_POINT('',(0.996525173128,0.107623114432,-1.70812348056
    ));
#2307 = CARTESIAN_POINT('',(0.999999999996,5.381135685798E-02,
    -1.711550025504));
#2308 = CARTESIAN_POINT('',(1.,1.3348955E-10,-1.714975888964));
#2309 = ORIENTED_EDGE('',*,*,#2027,.T.);
#2310 = ORIENTED_EDGE('',*,*,#2311,.T.);
#2311 = EDGE_CURVE('',#1937,#2312,#2314,.T.);
#2312 = VERTEX_POINT('',#2313);
#2313 = CARTESIAN_POINT('',(1.,9.531E-12,-1.765003605795));
#2314 = B_SPLINE_CURVE_WITH_KNOTS('',7,(#2315,#2316,#2317,#2318,#2319,
    #2320,#2321,#2322,#2323,#2324,#2325,#2326,#2327,#2328,#2329,#2330,
    #2331,#2332,#2333,#2334,#2335,#2336,#2337,#2338,#2339,#2340,#2341,
    #2342,#2343,#2344,#2345,#2346,#2347,#2348,#2349,#2350,#2351,#2352,
    #2353,#2354,#2355,#2356,#2357,#2358,#2359,#2360,#2361,#2362,#2363,
    #2364,#2365,#2366,#2367,#2368,#2369,#2370,#2371,#2372,#2373,#2374,
    #2375,#2376,#2377,#2378,#2379,#2380,#2381,#2382,#2383,#2384,#2385,
    #2386,#2387,#2388,#2389,#2390,#2391,#2392,#2393,#2394,#2395,#2396,
    #2397,#2398,#2399,#2400),.UNSPECIFIED.,.F.,.F.,(8,6,6,6,6,6,6,6,6,6,
    6,6,6,6,8),(0.,5.111604729863E-02,9.612094998619E-02,0.148036893297,
    0.262047770751,0.443610642789,0.459612565232,0.497616439623,
    0.535507454222,0.55550979221,0.738044846934,0.845546813812,
    0.899200095061,0.946205545393,1.),.UNSPECIFIED.);
#2315 = CARTESIAN_POINT('',(1.,2.091982E-11,-1.365003777525));
#2316 = CARTESIAN_POINT('',(1.,-4.587514061505E-02,-1.367924262837));
#2317 = CARTESIAN_POINT('',(0.997544694669,-9.175056444368E-02,
    -1.370845061144));
#2318 = CARTESIAN_POINT('',(0.992634114374,-0.137467758736,
    -1.37376587457));
#2319 = CARTESIAN_POINT('',(0.985281022907,-0.182869102606,
    -1.376686496201));
#2320 = CARTESIAN_POINT('',(0.975510740586,-0.227798677442,
    -1.379606803753));
#2321 = CARTESIAN_POINT('',(0.96336096736,-0.272103077326,
    -1.382526753243));
#2322 = CARTESIAN_POINT('',(0.936133314769,-0.353957264327,
    -1.388016938929));
#2323 = CARTESIAN_POINT('',(0.921579033691,-0.391681758924,
    -1.390587272733));
#2324 = CARTESIAN_POINT('',(0.905252801742,-0.428703369757,
    -1.393157384977));
#2325 = CARTESIAN_POINT('',(0.887195768761,-0.464922482918,
    -1.395727352875));
#2326 = CARTESIAN_POINT('',(0.867455992092,-0.500242635039,
    -1.398297284952));
#2327 = CARTESIAN_POINT('',(0.846088233318,-0.534570944248,
    -1.400867286055));
#2328 = CARTESIAN_POINT('',(0.796697413447,-0.606171703812,
    -1.406402233822));
#2329 = CARTESIAN_POINT('',(0.768155886446,-0.643087244687,
    -1.409367261848));
#2330 = CARTESIAN_POINT('',(0.73762329533,-0.678428613565,
    -1.412332605954));
#2331 = CARTESIAN_POINT('',(0.705204519763,-0.712067507533,
    -1.41529837406));
#2332 = CARTESIAN_POINT('',(0.67101450607,-0.743884600827,-1.41826464513
    ));
#2333 = CARTESIAN_POINT('',(0.635177575577,-0.773770274692,
    -1.421231431808));
#2334 = CARTESIAN_POINT('',(0.515801788979,-0.86279694624,
    -1.430714837015));
#2335 = CARTESIAN_POINT('',(0.426459226085,-0.914187786743,
    -1.437234345357));
#2336 = CARTESIAN_POINT('',(0.331225858806,-0.95472462319,
    -1.443754736626));
#2337 = CARTESIAN_POINT('',(0.231693722951,-0.983629604729,
    -1.450274596414));
#2338 = CARTESIAN_POINT('',(0.129563215588,-1.000409463437,
    -1.456793422235));
#2339 = CARTESIAN_POINT('',(2.659421768276E-02,-1.004869267061,
    -1.463310811472));
#2340 = CARTESIAN_POINT('',(-0.237916504236,-0.984858938784,
    -1.480198727223));
#2341 = CARTESIAN_POINT('',(-0.398250563607,-0.941664569086,
    -1.49057924576));
#2342 = CARTESIAN_POINT('',(-0.549030125827,-0.867997354814,
    -1.500944473979));
#2343 = CARTESIAN_POINT('',(-0.683430831671,-0.766666103544,
    -1.511308291383));
#2344 = CARTESIAN_POINT('',(-0.795742511819,-0.641974026678,
    -1.521682552081));
#2345 = CARTESIAN_POINT('',(-0.881385140089,-0.499711450892,
    -1.532070170593));
#2346 = CARTESIAN_POINT('',(-0.942889915509,-0.333413929987,
    -1.543360844996));
#2347 = CARTESIAN_POINT('',(-0.947645864887,-0.31986107512,
    -1.544275346701));
#2348 = CARTESIAN_POINT('',(-0.95217445543,-0.306229311437,
    -1.545189850763));
#2349 = CARTESIAN_POINT('',(-0.956474124602,-0.292523217211,
    -1.546104355313));
#2350 = CARTESIAN_POINT('',(-0.96054342585,-0.278747406924,
    -1.54701885853));
#2351 = CARTESIAN_POINT('',(-0.964381028609,-0.264906531275,
    -1.547933358639));
#2352 = CARTESIAN_POINT('',(-0.976546700561,-0.217990399331,
    -1.551019740686));
#2353 = CARTESIAN_POINT('',(-0.983793988777,-0.184634773145,
    -1.553191602616));
#2354 = CARTESIAN_POINT('',(-0.989711266021,-0.151001490324,
    -1.555363414927));
#2355 = CARTESIAN_POINT('',(-0.994286043702,-0.117154157547,
    -1.557535157713));
#2356 = CARTESIAN_POINT('',(-0.99750966157,-8.315689646259E-02,
    -1.559706815937));
#2357 = CARTESIAN_POINT('',(-0.999377287713,-4.90743436906E-02,
    -1.561878379437));
#2358 = CARTESIAN_POINT('',(-1.00039703298,1.902976756054E-02,
    -1.566214857828));
#2359 = CARTESIAN_POINT('',(-0.999557205473,5.305155943521E-02,
    -1.568379776827));
#2360 = CARTESIAN_POINT('',(-0.997367496442,8.702915399895E-02,
    -1.57054459633));
#2361 = CARTESIAN_POINT('',(-0.993830763343,0.120898373715,
    -1.572709318254));
#2362 = CARTESIAN_POINT('',(-0.988953660684,0.154595434314,
    -1.574873950024));
#2363 = CARTESIAN_POINT('',(-0.98274664002,0.18805694479,-1.577038504569
    ));
#2364 = CARTESIAN_POINT('',(-0.971252787112,0.238726347759,
    -1.580345618864));
#2365 = CARTESIAN_POINT('',(-0.966914978989,0.256149648159,
    -1.581488221423));
#2366 = CARTESIAN_POINT('',(-0.962212617667,0.273480580838,
    -1.582630810729));
#2367 = CARTESIAN_POINT('',(-0.957148079958,0.290710001305,
    -1.583773389725));
#2368 = CARTESIAN_POINT('',(-0.951724027404,0.307828848341,
    -1.584915961563));
#2369 = CARTESIAN_POINT('',(-0.945943406279,0.324828143998,
    -1.586058529612));
#2370 = CARTESIAN_POINT('',(-0.883832866906,0.495657068839,
    -1.597627812745));
#2371 = CARTESIAN_POINT('',(-0.798364610411,0.639101371202,
    -1.608066894605));
#2372 = CARTESIAN_POINT('',(-0.685854868614,0.764895866276,
    -1.618497683431));
#2373 = CARTESIAN_POINT('',(-0.550939877748,0.867136707548,
    -1.628932161881));
#2374 = CARTESIAN_POINT('',(-0.399411046509,0.941438314107,
    -1.63937284472));
#2375 = CARTESIAN_POINT('',(-0.238201587625,0.98493471378,
    -1.649819552199));
#2376 = CARTESIAN_POINT('',(2.136537596671E-02,1.004416094362,
    -1.666390699436));
#2377 = CARTESIAN_POINT('',(0.118400392184,1.000808744146,
    -1.672531809394));
#2378 = CARTESIAN_POINT('',(0.214774554934,0.98625647744,-1.678670184236
    ));
#2379 = CARTESIAN_POINT('',(0.309012665398,0.960906636675,
    -1.684806478653));
#2380 = CARTESIAN_POINT('',(0.399683189463,0.925143827119,
    -1.690942753946));
#2381 = CARTESIAN_POINT('',(0.485434842547,0.879580433121,-1.69708079335
    ));
#2382 = CARTESIAN_POINT('',(0.604767979709,0.797856139557,
    -1.706283641049));
#2383 = CARTESIAN_POINT('',(0.64296926356,0.768415534085,-1.709348007741
    ));
#2384 = CARTESIAN_POINT('',(0.679491206753,0.736846222568,
    -1.712412893077));
#2385 = CARTESIAN_POINT('',(0.714192109039,0.70326398928,-1.715478342141
    ));
#2386 = CARTESIAN_POINT('',(0.746940558994,0.667796071045,
    -1.718544358961));
#2387 = CARTESIAN_POINT('',(0.777616279576,0.630580324619,
    -1.721610868669));
#2388 = CARTESIAN_POINT('',(0.831075074655,0.557757894296,
    -1.727364501933));
#2389 = CARTESIAN_POINT('',(0.854365465195,0.522522746522,
    -1.730051590814));
#2390 = CARTESIAN_POINT('',(0.875909382639,0.486158139201,
    -1.732738833185));
#2391 = CARTESIAN_POINT('',(0.895641670912,0.44876824626,-1.735426110455
    ));
#2392 = CARTESIAN_POINT('',(0.913505045366,0.41046169707,-1.738113305828
    ));
#2393 = CARTESIAN_POINT('',(0.929450357584,0.371351046421,
    -1.740800311577));
#2394 = CARTESIAN_POINT('',(0.959443435483,0.286005295606,
    -1.746561805133));
#2395 = CARTESIAN_POINT('',(0.972884740052,0.239556379505,
    -1.749636258468));
#2396 = CARTESIAN_POINT('',(0.983699657082,0.192379481899,
    -1.752710229434));
#2397 = CARTESIAN_POINT('',(0.991841979002,0.144652880542,
    -1.755783731707));
#2398 = CARTESIAN_POINT('',(0.997280648575,9.655809703076E-02,
    -1.758856927825));
#2399 = CARTESIAN_POINT('',(1.,4.827884861939E-02,-1.761930097478));
#2400 = CARTESIAN_POINT('',(1.,1.904688E-11,-1.765003605795));
#2401 = ORIENTED_EDGE('',*,*,#2402,.F.);
#2402 = EDGE_CURVE('',#2234,#2312,#2403,.T.);
#2403 = LINE('',#2404,#2405);
#2404 = CARTESIAN_POINT('',(1.,0.,-1.E-01));
#2405 = VECTOR('',#2406,1.);
#2406 = DIRECTION('',(0.,0.,-1.));
#2407 = CYLINDRICAL_SURFACE('',#2408,1.);
#2408 = AXIS2_PLACEMENT_3D('',#2409,#2410,#2411);
#2409 = CARTESIAN_POINT('',(0.,0.,-1.E-01));
#2410 = DIRECTION('',(-0.,-0.,-1.));
#2411 = DIRECTION('',(1.,0.,0.));
#2412 = ADVANCED_FACE('',(#2413),#2438,.T.);
#2413 = FACE_BOUND('',#2414,.T.);
#2414 = EDGE_LOOP('',(#2415,#2431,#2432,#2433));
#2415 = ORIENTED_EDGE('',*,*,#2416,.F.);
#2416 = EDGE_CURVE('',#2042,#2417,#2419,.T.);
#2417 = VERTEX_POINT('',#2418);
#2418 = CARTESIAN_POINT('',(0.783512772673,1.387148765E-06,
    -1.490021789283));
#2419 = ( BOUNDED_CURVE() B_SPLINE_CURVE(10,(#2420,#2421,#2422,#2423,
    #2424,#2425,#2426,#2427,#2428,#2429,#2430),.UNSPECIFIED.,.F.,.F.) 
B_SPLINE_CURVE_WITH_KNOTS((11,11),(0.,6.295904828089),
.PIECEWISE_BEZIER_KNOTS.) CURVE() GEOMETRIC_REPRESENTATION_ITEM() 
RATIONAL_B_SPLINE_CURVE((1.056590953773,1.056590953773,1.056590953773,
    1.056590953773,1.056590953773,1.056590953773,1.056590953773,
    1.056590953773,1.056590953773,1.056590953773,1.056590953773)) 
REPRESENTATION_ITEM('') );
#2420 = CARTESIAN_POINT('',(0.783513641982,1.45019815564E-06,
    -1.090022779661));
#2421 = CARTESIAN_POINT('',(0.783513354836,-0.492323760392,
    -1.130021414665));
#2422 = CARTESIAN_POINT('',(0.439858760282,-0.984345459434,
    -1.169996661536));
#2423 = CARTESIAN_POINT('',(-0.247972945838,-1.206222287239,
    -1.210094598946));
#2424 = CARTESIAN_POINT('',(-1.03406252958,-0.89528535824,
    -1.249948165253));
#2425 = CARTESIAN_POINT('',(-1.449738055783,-2.084913087283E-05,
    -1.290022283972));
#2426 = CARTESIAN_POINT('',(-1.033932548429,0.895308503014,
    -1.330096404489));
#2427 = CARTESIAN_POINT('',(-0.248105633502,1.206211083394,
    -1.369949969614));
#2428 = CARTESIAN_POINT('',(0.439899791991,0.984348725273,
    -1.410047907499));
#2429 = CARTESIAN_POINT('',(0.783513099419,0.492326597738,
    -1.450023154281));
#2430 = CARTESIAN_POINT('',(0.783512772673,1.3871487505E-06,
    -1.490021789283));
#2431 = ORIENTED_EDGE('',*,*,#2059,.T.);
#2432 = ORIENTED_EDGE('',*,*,#1936,.T.);
#2433 = ORIENTED_EDGE('',*,*,#2434,.F.);
#2434 = EDGE_CURVE('',#2417,#1937,#2435,.T.);
#2435 = B_SPLINE_CURVE_WITH_KNOTS('',1,(#2436,#2437),.UNSPECIFIED.,.F.,
  .F.,(2,2),(0.,0.28),.PIECEWISE_BEZIER_KNOTS.);
#2436 = CARTESIAN_POINT('',(0.783512772673,1.38714875061E-06,
    -1.490021789283));
#2437 = CARTESIAN_POINT('',(1.025985794223,-1.664813836E-07,
    -1.349997384917));
#2438 = B_SPLINE_SURFACE_WITH_KNOTS('',1,10,(
    (#2439,#2440,#2441,#2442,#2443,#2444,#2445,#2446,#2447,#2448,#2449)
    ,(#2450,#2451,#2452,#2453,#2454,#2455,#2456,#2457,#2458,#2459,#2460
    )),.UNSPECIFIED.,.F.,.F.,.F.,(2,2),(11,11),(0.,0.28),(0.,
    6.295904828089),.PIECEWISE_BEZIER_KNOTS.);
#2439 = CARTESIAN_POINT('',(0.783513641982,1.45019815542E-06,
    -1.090022779661));
#2440 = CARTESIAN_POINT('',(0.783513354836,-0.492323760392,
    -1.130021414665));
#2441 = CARTESIAN_POINT('',(0.439858760282,-0.984345459434,
    -1.169996661536));
#2442 = CARTESIAN_POINT('',(-0.247972945837,-1.206222287238,
    -1.210094598945));
#2443 = CARTESIAN_POINT('',(-1.03406252958,-0.89528535824,
    -1.249948165253));
#2444 = CARTESIAN_POINT('',(-1.449738055782,-2.08491308713E-05,
    -1.290022283971));
#2445 = CARTESIAN_POINT('',(-1.033932548429,0.895308503014,
    -1.330096404489));
#2446 = CARTESIAN_POINT('',(-0.248105633502,1.206211083393,
    -1.369949969614));
#2447 = CARTESIAN_POINT('',(0.439899791992,0.984348725273,
    -1.410047907499));
#2448 = CARTESIAN_POINT('',(0.783513099419,0.492326597738,
    -1.450023154281));
#2449 = CARTESIAN_POINT('',(0.783512772673,1.38714875061E-06,
    -1.490021789283));
#2450 = CARTESIAN_POINT('',(1.025986022949,-1.740494782E-07,
    -0.949997266038));
#2451 = CARTESIAN_POINT('',(1.025985598371,-0.64464261045,
    -0.989997429886));
#2452 = CARTESIAN_POINT('',(0.576031307093,-1.289303438031,
    -1.030000401133));
#2453 = CARTESIAN_POINT('',(-0.324911331939,-1.578750511209,
    -1.069988645164));
#2454 = CARTESIAN_POINT('',(-1.353728442752,-1.173080166709,
    -1.110006222504));
#2455 = CARTESIAN_POINT('',(-1.898739552367,-4.47917560775E-06,
    -1.149997325342));
#2456 = CARTESIAN_POINT('',(-1.353692997631,1.173087689762,
    -1.189988428666));
#2457 = CARTESIAN_POINT('',(-0.324944573613,1.578747908046,
    -1.230006005688));
#2458 = CARTESIAN_POINT('',(0.576043470273,1.28930368688,-1.269994249844
    ));
#2459 = CARTESIAN_POINT('',(1.025986214048,0.64464226992,-1.309997221071
    ));
#2460 = CARTESIAN_POINT('',(1.025985794223,-1.664813836E-07,
    -1.349997384917));
#2461 = ADVANCED_FACE('',(#2462),#2492,.T.);
#2462 = FACE_BOUND('',#2463,.T.);
#2463 = EDGE_LOOP('',(#2464,#2480,#2481,#2482));
#2464 = ORIENTED_EDGE('',*,*,#2465,.F.);
#2465 = EDGE_CURVE('',#2091,#2466,#2468,.T.);
#2466 = VERTEX_POINT('',#2467);
#2467 = CARTESIAN_POINT('',(0.783522837157,1.387116457E-06,
    -1.590021788777));
#2468 = B_SPLINE_CURVE_WITH_KNOTS('',10,(#2469,#2470,#2471,#2472,#2473,
    #2474,#2475,#2476,#2477,#2478,#2479),.UNSPECIFIED.,.F.,.F.,(11,11),(
    0.,6.295904828089),.PIECEWISE_BEZIER_KNOTS.);
#2469 = CARTESIAN_POINT('',(0.783524163942,1.45016285087E-06,
    -1.190022779107));
#2470 = CARTESIAN_POINT('',(0.783523246253,-0.492330226454,
    -1.230021414178));
#2471 = CARTESIAN_POINT('',(0.439852804771,-0.984357965083,
    -1.269996662247));
#2472 = CARTESIAN_POINT('',(-0.247942443224,-1.206240812917,
    -1.310094594875));
#2473 = CARTESIAN_POINT('',(-1.034111158652,-0.895290076122,
    -1.349948168461));
#2474 = CARTESIAN_POINT('',(-1.449757116369,-3.043851500473E-05,
    -1.390022283173));
#2475 = CARTESIAN_POINT('',(-1.033911063681,0.895327369834,
    -1.430096400649));
#2476 = CARTESIAN_POINT('',(-0.248142664124,1.206224186511,
    -1.46994997242));
#2477 = CARTESIAN_POINT('',(0.439917307614,0.984362111071,
    -1.510047905774));
#2478 = CARTESIAN_POINT('',(0.783523794445,0.492333063733,
    -1.550023153711));
#2479 = CARTESIAN_POINT('',(0.783522837157,1.38711644278E-06,
    -1.590021788777));
#2480 = ORIENTED_EDGE('',*,*,#2108,.T.);
#2481 = ORIENTED_EDGE('',*,*,#2416,.T.);
#2482 = ORIENTED_EDGE('',*,*,#2483,.F.);
#2483 = EDGE_CURVE('',#2466,#2417,#2484,.T.);
#2484 = ( BOUNDED_CURVE() B_SPLINE_CURVE(6,(#2485,#2486,#2487,#2488,
#2489,#2490,#2491),.UNSPECIFIED.,.F.,.F.) B_SPLINE_CURVE_WITH_KNOTS((7,7
),(0.,2.094395102393),.PIECEWISE_BEZIER_KNOTS.) CURVE() 
GEOMETRIC_REPRESENTATION_ITEM() RATIONAL_B_SPLINE_CURVE((1.056590953773,
    1.017435169568,0.996326512422,0.989390034249,0.996326512422,
1.017435169568,1.056590953773)) REPRESENTATION_ITEM('') );
#2485 = CARTESIAN_POINT('',(0.783522837157,1.38711644262E-06,
    -1.590021788777));
#2486 = CARTESIAN_POINT('',(0.765397265191,1.50324813344E-06,
    -1.579559417109));
#2487 = CARTESIAN_POINT('',(0.752623082489,1.58508980633E-06,
    -1.561849712169));
#2488 = CARTESIAN_POINT('',(0.748004409417,1.61467577331E-06,
    -1.54002536327));
#2489 = CARTESIAN_POINT('',(0.752618689379,1.58510390916E-06,
    -1.518200085121));
#2490 = CARTESIAN_POINT('',(0.765389307043,1.50327367926E-06,
    -1.50048780923));
#2491 = CARTESIAN_POINT('',(0.783512772673,1.3871487505E-06,
    -1.490021789283));
#2492 = ( BOUNDED_SURFACE() B_SPLINE_SURFACE(6,10,(
    (#2493,#2494,#2495,#2496,#2497,#2498,#2499,#2500,#2501,#2502,#2503)
    ,(#2504,#2505,#2506,#2507,#2508,#2509,#2510,#2511,#2512,#2513,#2514)
    ,(#2515,#2516,#2517,#2518,#2519,#2520,#2521,#2522,#2523,#2524,#2525)
    ,(#2526,#2527,#2528,#2529,#2530,#2531,#2532,#2533,#2534,#2535,#2536)
    ,(#2537,#2538,#2539,#2540,#2541,#2542,#2543,#2544,#2545,#2546,#2547)
    ,(#2548,#2549,#2550,#2551,#2552,#2553,#2554,#2555,#2556,#2557,#2558)
    ,(#2559,#2560,#2561,#2562,#2563,#2564,#2565,#2566,#2567,#2568,#2569
)),.UNSPECIFIED.,.F.,.F.,.F.) B_SPLINE_SURFACE_WITH_KNOTS((7,7),(11,11),
  (0.,2.094395102393),(0.,6.295904828089),.PIECEWISE_BEZIER_KNOTS.) 
GEOMETRIC_REPRESENTATION_ITEM() RATIONAL_B_SPLINE_SURFACE((
    (1.056590953773,1.056590953773,1.056590953773,1.056590953773
      ,1.056590953773,1.056590953773,1.056590953773,1.056590953773
      ,1.056590953773,1.056590953773,1.056590953773)
    ,(1.017435169568,1.017435169568,1.017435169568,1.017435169568
      ,1.017435169569,1.017435169568,1.017435169568,1.017435169568
      ,1.017435169568,1.017435169568,1.017435169568)
    ,(0.996326512422,0.996326512422,0.996326512422,0.996326512422
      ,0.996326512423,0.996326512422,0.996326512423,0.996326512422
      ,0.996326512422,0.996326512422,0.996326512422)
    ,(0.989390034249,0.989390034249,0.989390034249,0.989390034248
      ,0.989390034249,0.989390034248,0.989390034249,0.989390034248
      ,0.989390034249,0.989390034249,0.989390034249)
    ,(0.996326512422,0.996326512422,0.996326512422,0.996326512422
      ,0.996326512423,0.996326512422,0.996326512423,0.996326512422
      ,0.996326512422,0.996326512422,0.996326512422)
    ,(1.017435169568,1.017435169568,1.017435169568,1.017435169568
      ,1.017435169569,1.017435169568,1.017435169569,1.017435169568
      ,1.017435169568,1.017435169568,1.017435169568)
    ,(1.056590953773,1.056590953773,1.056590953773,1.056590953773
      ,1.056590953773,1.056590953773,1.056590953773,1.056590953773
      ,1.056590953773,1.056590953773,1.056590953773
))) REPRESENTATION_ITEM('') SURFACE() );
#2493 = CARTESIAN_POINT('',(0.783524163942,1.45016285144E-06,
    -1.190022779107));
#2494 = CARTESIAN_POINT('',(0.783523246253,-0.492330226454,
    -1.230021414178));
#2495 = CARTESIAN_POINT('',(0.439852804771,-0.984357965083,
    -1.269996662247));
#2496 = CARTESIAN_POINT('',(-0.247942443224,-1.206240812918,
    -1.310094594875));
#2497 = CARTESIAN_POINT('',(-1.034111158652,-0.895290076121,
    -1.349948168461));
#2498 = CARTESIAN_POINT('',(-1.449757116369,-3.04385152983E-05,
    -1.390022283174));
#2499 = CARTESIAN_POINT('',(-1.033911063681,0.895327369834,
    -1.430096400649));
#2500 = CARTESIAN_POINT('',(-0.248142664124,1.206224186512,
    -1.469949972421));
#2501 = CARTESIAN_POINT('',(0.439917307614,0.984362111071,
    -1.510047905774));
#2502 = CARTESIAN_POINT('',(0.783523794445,0.492333063733,
    -1.550023153711));
#2503 = CARTESIAN_POINT('',(0.783522837157,1.38711644262E-06,
    -1.590021788777));
#2504 = CARTESIAN_POINT('',(0.765398544114,1.57157342121E-06,
    -1.17956049036));
#2505 = CARTESIAN_POINT('',(0.76539776866,-0.480943914067,
    -1.219559011144));
#2506 = CARTESIAN_POINT('',(0.429675935445,-0.961561490587,
    -1.259532186725));
#2507 = CARTESIAN_POINT('',(-0.242198124493,-1.178392590798,
    -1.299638319304));
#2508 = CARTESIAN_POINT('',(-1.010207790475,-0.874525522425,
    -1.339479632484));
#2509 = CARTESIAN_POINT('',(-1.416192844426,-2.965517131917E-05,
    -1.379559952995));
#2510 = CARTESIAN_POINT('',(-1.010015303173,0.874561022627,
    -1.419640276165));
#2511 = CARTESIAN_POINT('',(-0.242391644789,1.178376456395,
    -1.459481587599));
#2512 = CARTESIAN_POINT('',(0.429737683914,0.961565677876,
    -1.499587720876));
#2513 = CARTESIAN_POINT('',(0.76539808356,0.480946988888,-1.539560896328
    ));
#2514 = CARTESIAN_POINT('',(0.765397265191,1.50324813344E-06,
    -1.579559417109));
#2515 = CARTESIAN_POINT('',(0.752624280394,1.65713544537E-06,
    -1.161850843859));
#2516 = CARTESIAN_POINT('',(0.752623670352,-0.472919278807,
    -1.201849284099));
#2517 = CARTESIAN_POINT('',(0.422504882165,-0.945495457185,
    -1.241820999067));
#2518 = CARTESIAN_POINT('',(-0.238153239677,-1.158765954131,
    -1.281932910669));
#2519 = CARTESIAN_POINT('',(-0.993357991913,-0.859892194426,
    -1.321765583153));
#2520 = CARTESIAN_POINT('',(-1.392538035824,-2.811190733401E-05,
    -1.361850277323));
#2521 = CARTESIAN_POINT('',(-0.993178113312,0.859924968182,
    -1.401934973978));
#2522 = CARTESIAN_POINT('',(-0.238335057235,1.158750726966,
    -1.441767644829));
#2523 = CARTESIAN_POINT('',(0.422562263445,0.9454995826,-1.481879557086)
  );
#2524 = CARTESIAN_POINT('',(0.752623737782,0.472922521033,
    -1.521851271933));
#2525 = CARTESIAN_POINT('',(0.752623082489,1.58508980633E-06,
    -1.561849712169));
#2526 = CARTESIAN_POINT('',(0.748005507481,1.68806656431E-06,
    -1.140026516089));
#2527 = CARTESIAN_POINT('',(0.748005054476,-0.470017844669,
    -1.180024927206));
#2528 = CARTESIAN_POINT('',(0.419913883867,-0.939686595883,
    -1.219996114064));
#2529 = CARTESIAN_POINT('',(-0.23669595463,-1.151669214266,
    -1.260110115182));
#2530 = CARTESIAN_POINT('',(-0.987260273859,-0.854602373562,
    -1.299939663438));
#2531 = CARTESIAN_POINT('',(-1.383985264624,-2.607510555805E-05,
    -1.340025939047));
#2532 = CARTESIAN_POINT('',(-0.987095766449,0.85463197963,
    -1.380112216931));
#2533 = CARTESIAN_POINT('',(-0.236863126462,1.151655151353,
    -1.419941763691));
#2534 = CARTESIAN_POINT('',(0.419966066634,0.939690563185,-1.46005576541
    ));
#2535 = CARTESIAN_POINT('',(0.748004908518,0.470021147412,
    -1.500026952155));
#2536 = CARTESIAN_POINT('',(0.748004409417,1.61467577331E-06,
    -1.54002536327));
#2537 = CARTESIAN_POINT('',(0.752619687598,1.65715085684E-06,
    -1.118201216832));
#2538 = CARTESIAN_POINT('',(0.752619352785,-0.472916456395,
    -1.158199657043));
#2539 = CARTESIAN_POINT('',(0.422507481724,-0.945489998516,
    -1.198171371488));
#2540 = CARTESIAN_POINT('',(-0.238166553954,-1.158757867741,
    -1.238283285177));
#2541 = CARTESIAN_POINT('',(-0.993336765504,-0.859890135088,
    -1.278115954484));
#2542 = CARTESIAN_POINT('',(-1.392529715948,-2.392617684621E-05,
    -1.318200650402));
#2543 = CARTESIAN_POINT('',(-0.993187491325,0.859916732885,
    -1.358285348386));
#2544 = CARTESIAN_POINT('',(-0.238318893506,1.158745007504,
    -1.398118016336));
#2545 = CARTESIAN_POINT('',(0.422554617941,0.945493739749,-1.43822993057
    ));
#2546 = CARTESIAN_POINT('',(0.752619069444,0.47291969865,-1.478201644913
    ));
#2547 = CARTESIAN_POINT('',(0.752618689379,1.58510390916E-06,
    -1.518200085121));
#2548 = CARTESIAN_POINT('',(0.765390224231,1.5716013371E-06,
    -1.100488882517));
#2549 = CARTESIAN_POINT('',(0.765389947358,-0.480938801247,
    -1.140487403249));
#2550 = CARTESIAN_POINT('',(0.429680644564,-0.961551602169,
    -1.180460577882));
#2551 = CARTESIAN_POINT('',(-0.2422222434,-1.178377942246,
    -1.220566714242));
#2552 = CARTESIAN_POINT('',(-1.010169338686,-0.87452179192,
    -1.260408021667));
#2553 = CARTESIAN_POINT('',(-1.416177772914,-2.207269106941E-05,
    -1.300488345346));
#2554 = CARTESIAN_POINT('',(-1.010032291509,0.874546104328,
    -1.340568670922));
#2555 = CARTESIAN_POINT('',(-0.242362364081,1.178366095549,-1.3804099771
    ));
#2556 = CARTESIAN_POINT('',(0.42972383403,0.96155509351,-1.420516113961)
  );
#2557 = CARTESIAN_POINT('',(0.765389626831,0.480941876122,
    -1.460489288499));
#2558 = CARTESIAN_POINT('',(0.765389307043,1.50327367926E-06,
    -1.50048780923));
#2559 = CARTESIAN_POINT('',(0.783513641982,1.45019815564E-06,
    -1.090022779661));
#2560 = CARTESIAN_POINT('',(0.783513354836,-0.492323760392,
    -1.130021414665));
#2561 = CARTESIAN_POINT('',(0.439858760282,-0.984345459434,
    -1.169996661536));
#2562 = CARTESIAN_POINT('',(-0.247972945838,-1.206222287239,
    -1.210094598946));
#2563 = CARTESIAN_POINT('',(-1.03406252958,-0.89528535824,
    -1.249948165253));
#2564 = CARTESIAN_POINT('',(-1.449738055783,-2.084913087283E-05,
    -1.290022283972));
#2565 = CARTESIAN_POINT('',(-1.033932548429,0.895308503014,
    -1.330096404489));
#2566 = CARTESIAN_POINT('',(-0.248105633502,1.206211083394,
    -1.369949969614));
#2567 = CARTESIAN_POINT('',(0.439899791991,0.984348725273,
    -1.410047907499));
#2568 = CARTESIAN_POINT('',(0.783513099419,0.492326597738,
    -1.450023154281));
#2569 = CARTESIAN_POINT('',(0.783512772673,1.3871487505E-06,
    -1.490021789283));
#2570 = ADVANCED_FACE('',(#2571),#2581,.T.);
#2571 = FACE_BOUND('',#2572,.T.);
#2572 = EDGE_LOOP('',(#2573,#2574,#2575,#2576));
#2573 = ORIENTED_EDGE('',*,*,#2233,.F.);
#2574 = ORIENTED_EDGE('',*,*,#2202,.T.);
#2575 = ORIENTED_EDGE('',*,*,#2465,.T.);
#2576 = ORIENTED_EDGE('',*,*,#2577,.F.);
#2577 = EDGE_CURVE('',#2234,#2466,#2578,.T.);
#2578 = B_SPLINE_CURVE_WITH_KNOTS('',1,(#2579,#2580),.UNSPECIFIED.,.F.,
  .F.,(2,2),(0.,0.28),.PIECEWISE_BEZIER_KNOTS.);
#2579 = CARTESIAN_POINT('',(1.02602403926,-1.6660415338E-07,
    -1.729997382993));
#2580 = CARTESIAN_POINT('',(0.783522837157,1.38711644278E-06,
    -1.590021788777));
#2581 = B_SPLINE_SURFACE_WITH_KNOTS('',1,10,(
    (#2582,#2583,#2584,#2585,#2586,#2587,#2588,#2589,#2590,#2591,#2592)
    ,(#2593,#2594,#2595,#2596,#2597,#2598,#2599,#2600,#2601,#2602,#2603
    )),.UNSPECIFIED.,.F.,.F.,.F.,(2,2),(11,11),(0.,0.28),(0.,
    6.295904828089),.PIECEWISE_BEZIER_KNOTS.);
#2582 = CARTESIAN_POINT('',(1.026026006399,-1.7418363532E-07,
    -1.329997263934));
#2583 = CARTESIAN_POINT('',(1.026023185752,-0.644667181486,
    -1.369997428034));
#2584 = CARTESIAN_POINT('',(0.576008676149,-1.289350959496,
    -1.410000403836));
#2585 = CARTESIAN_POINT('',(-0.324795422009,-1.578820908788,
    -1.449988629696));
#2586 = CARTESIAN_POINT('',(-1.353913233226,-1.17309809466,
    -1.490006234694));
#2587 = CARTESIAN_POINT('',(-1.898811982596,-4.091883564339E-05,
    -1.52999732231));
#2588 = CARTESIAN_POINT('',(-1.353611355587,1.173159383678,
    -1.569988414073));
#2589 = CARTESIAN_POINT('',(-0.325085289979,1.578797699895,
    -1.610006016352));
#2590 = CARTESIAN_POINT('',(0.576110029638,1.289354552915,
    -1.649994243288));
#2591 = CARTESIAN_POINT('',(1.026026855146,0.644666840699,
    -1.689997218906));
#2592 = CARTESIAN_POINT('',(1.02602403926,-1.6660415338E-07,
    -1.729997382993));
#2593 = CARTESIAN_POINT('',(0.783524163942,1.45016285087E-06,
    -1.190022779107));
#2594 = CARTESIAN_POINT('',(0.783523246253,-0.492330226454,
    -1.230021414178));
#2595 = CARTESIAN_POINT('',(0.439852804771,-0.984357965083,
    -1.269996662247));
#2596 = CARTESIAN_POINT('',(-0.247942443224,-1.206240812917,
    -1.310094594875));
#2597 = CARTESIAN_POINT('',(-1.034111158652,-0.895290076122,
    -1.349948168461));
#2598 = CARTESIAN_POINT('',(-1.449757116369,-3.043851500473E-05,
    -1.390022283173));
#2599 = CARTESIAN_POINT('',(-1.033911063681,0.895327369834,
    -1.430096400649));
#2600 = CARTESIAN_POINT('',(-0.248142664124,1.206224186511,
    -1.46994997242));
#2601 = CARTESIAN_POINT('',(0.439917307614,0.984362111071,
    -1.510047905774));
#2602 = CARTESIAN_POINT('',(0.783523794445,0.492333063733,
    -1.550023153711));
#2603 = CARTESIAN_POINT('',(0.783522837157,1.38711644278E-06,
    -1.590021788777));
#2604 = ADVANCED_FACE('',(#2605),#2773,.T.);
#2605 = FACE_BOUND('',#2606,.F.);
#2606 = EDGE_LOOP('',(#2607,#2689,#2690,#2767));
#2607 = ORIENTED_EDGE('',*,*,#2608,.F.);
#2608 = EDGE_CURVE('',#2234,#2609,#2611,.T.);
#2609 = VERTEX_POINT('',#2610);
#2610 = CARTESIAN_POINT('',(1.,6.0827E-11,-2.11497698477));
#2611 = B_SPLINE_CURVE_WITH_KNOTS('',6,(#2612,#2613,#2614,#2615,#2616,
    #2617,#2618,#2619,#2620,#2621,#2622,#2623,#2624,#2625,#2626,#2627,
    #2628,#2629,#2630,#2631,#2632,#2633,#2634,#2635,#2636,#2637,#2638,
    #2639,#2640,#2641,#2642,#2643,#2644,#2645,#2646,#2647,#2648,#2649,
    #2650,#2651,#2652,#2653,#2654,#2655,#2656,#2657,#2658,#2659,#2660,
    #2661,#2662,#2663,#2664,#2665,#2666,#2667,#2668,#2669,#2670,#2671,
    #2672,#2673,#2674,#2675,#2676,#2677,#2678,#2679,#2680,#2681,#2682,
    #2683,#2684,#2685,#2686,#2687,#2688),.UNSPECIFIED.,.F.,.F.,(7,5,5,5,
    5,5,5,5,5,5,5,5,5,5,5,7),(0.,5.299976924304E-02,9.89995842128E-02,
    0.152578161344,0.25557703184,0.36506325491,0.433219895763,
    0.496015429534,0.566953314784,0.634238459822,0.737912857289,
    0.849702619568,0.902530028923,0.948529412394,0.966529003545,1.),
  .UNSPECIFIED.);
#2612 = CARTESIAN_POINT('',(1.,1.3353418E-10,-1.714975888964));
#2613 = CARTESIAN_POINT('',(1.000000000004,-5.549999401283E-02,
    -1.718509265085));
#2614 = CARTESIAN_POINT('',(0.996303663383,-0.111000503429,
    -1.722042431204));
#2615 = CARTESIAN_POINT('',(0.988911041766,-0.166192110681,
    -1.725575825025));
#2616 = CARTESIAN_POINT('',(0.977856559803,-0.220767850991,
    -1.729109764304));
#2617 = CARTESIAN_POINT('',(0.963208250333,-0.274426641852,
    -1.732644325607));
#2618 = CARTESIAN_POINT('',(0.929321739118,-0.37239943068,
    -1.739247248314));
#2619 = CARTESIAN_POINT('',(0.910945058246,-0.417012291638,
    -1.742315577639));
#2620 = CARTESIAN_POINT('',(0.890002852808,-0.460524743705,
    -1.745384056414));
#2621 = CARTESIAN_POINT('',(0.866579058299,-0.502753401276,
    -1.748452508711));
#2622 = CARTESIAN_POINT('',(0.840774818597,-0.543523716361,
    -1.751520752777));
#2623 = CARTESIAN_POINT('',(0.780016268686,-0.628269454739,
    -1.758161930271));
#2624 = CARTESIAN_POINT('',(0.744254302325,-0.671667021665,
    -1.761734790989));
#2625 = CARTESIAN_POINT('',(0.705607664774,-0.712604860661,
    -1.765306885331));
#2626 = CARTESIAN_POINT('',(0.664290314255,-0.750845892828,
    -1.768878166244));
#2627 = CARTESIAN_POINT('',(0.620541362706,-0.786178373915,
    -1.772448720038));
#2628 = CARTESIAN_POINT('',(0.486347617535,-0.880397494288,
    -1.782881396002));
#2629 = CARTESIAN_POINT('',(0.390038074334,-0.930959662843,
    -1.789742913162));
#2630 = CARTESIAN_POINT('',(0.287568355066,-0.968780291377,
    -1.796602093278));
#2631 = CARTESIAN_POINT('',(0.18106034548,-0.992991302168,
    -1.803462776069));
#2632 = CARTESIAN_POINT('',(7.276469974054E-02,-1.003164208438,
    -1.810327226662));
#2633 = CARTESIAN_POINT('',(-0.149606092106,-0.995370642368,
    -1.824491346415));
#2634 = CARTESIAN_POINT('',(-0.2636550457,-0.975590047707,
    -1.831793641982));
#2635 = CARTESIAN_POINT('',(-0.374412948165,-0.94013130709,
    -1.839096885994));
#2636 = CARTESIAN_POINT('',(-0.47922487201,-0.889738469634,
    -1.846400596028));
#2637 = CARTESIAN_POINT('',(-0.575649097447,-0.825695733442,
    -1.853704651953));
#2638 = CARTESIAN_POINT('',(-0.715138744481,-0.702617030849,
    -1.865550918955));
#2639 = CARTESIAN_POINT('',(-0.764613989061,-0.650810046784,
    -1.870095531425));
#2640 = CARTESIAN_POINT('',(-0.809552077663,-0.594853865282,
    -1.874639301984));
#2641 = CARTESIAN_POINT('',(-0.849526219221,-0.535250658062,
    -1.879182488862));
#2642 = CARTESIAN_POINT('',(-0.884184938663,-0.472557829431,
    -1.883725468441));
#2643 = CARTESIAN_POINT('',(-0.940048235778,-0.347323163265,
    -1.892453654505));
#2644 = CARTESIAN_POINT('',(-0.962097878859,-0.28515466641,
    -1.896639079357));
#2645 = CARTESIAN_POINT('',(-0.979199465322,-0.221341529061,
    -1.900824518686));
#2646 = CARTESIAN_POINT('',(-0.991207090126,-0.156377266497,
    -1.905010250858));
#2647 = CARTESIAN_POINT('',(-0.998040415924,-9.077014417096E-02,
    -1.909196480754));
#2648 = CARTESIAN_POINT('',(-1.001546212181,4.922482225321E-02,
    -1.918112377302));
#2649 = CARTESIAN_POINT('',(-0.996786333026,0.123652186472,
    -1.922842381934));
#2650 = CARTESIAN_POINT('',(-0.985388340679,0.197505132842,
    -1.927572686929));
#2651 = CARTESIAN_POINT('',(-0.967444073896,0.270046385737,
    -1.932303246394));
#2652 = CARTESIAN_POINT('',(-0.943152673092,0.340560071818,
    -1.937033919951));
#2653 = CARTESIAN_POINT('',(-0.884044216813,0.472684145182,
    -1.946250693876));
#2654 = CARTESIAN_POINT('',(-0.849831972131,0.534569636016,
    -1.950737101609));
#2655 = CARTESIAN_POINT('',(-0.810439272349,0.593445920261,
    -1.955222809732));
#2656 = CARTESIAN_POINT('',(-0.766203814927,0.648776535399,
    -1.959707781246));
#2657 = CARTESIAN_POINT('',(-0.717534926938,0.700077361463,
    -1.964192119851));
#2658 = CARTESIAN_POINT('',(-0.583814399189,0.819113884278,
    -1.97558420866));
#2659 = CARTESIAN_POINT('',(-0.493305929789,0.880746938881,
    -1.98249227099));
#2660 = CARTESIAN_POINT('',(-0.395124631188,0.930263784324,
    -1.98939823691));
#2661 = CARTESIAN_POINT('',(-0.291320400356,0.966538872177,
    -1.996304970949));
#2662 = CARTESIAN_POINT('',(-0.184125756433,0.988880118192,
    -2.003215297298));
#2663 = CARTESIAN_POINT('',(4.085034219992E-02,1.005999420477,
    -2.017579875996));
#2664 = CARTESIAN_POINT('',(0.158846597783,0.998486213857,
    -2.025037032999));
#2665 = CARTESIAN_POINT('',(0.275181706776,0.974343343559,
    -2.032495558663));
#2666 = CARTESIAN_POINT('',(0.386960643519,0.934060959427,
    -2.039955365547));
#2667 = CARTESIAN_POINT('',(0.49145679393,0.878734675793,-2.047414600414
    ));
#2668 = CARTESIAN_POINT('',(0.631107096732,0.777665872626,
    -2.058392248182));
#2669 = CARTESIAN_POINT('',(0.673769671292,0.74225641857,-2.061914466363
    ));
#2670 = CARTESIAN_POINT('',(0.714031587916,0.704051005472,
    -2.065435889701));
#2671 = CARTESIAN_POINT('',(0.751666274893,0.663255490627,
    -2.068956618973));
#2672 = CARTESIAN_POINT('',(0.786471224311,0.620099390087,
    -2.072476879228));
#2673 = CARTESIAN_POINT('',(0.845959986171,0.535417579638,
    -2.079061905268));
#2674 = CARTESIAN_POINT('',(0.871370926146,0.494401538737,
    -2.082126777713));
#2675 = CARTESIAN_POINT('',(0.894387546812,0.451950155876,
    -2.085191628245));
#2676 = CARTESIAN_POINT('',(0.914910397958,0.408238937423,
    -2.088256693536));
#2677 = CARTESIAN_POINT('',(0.932857321993,0.363452053653,
    -2.091322166267));
#2678 = CARTESIAN_POINT('',(0.954153867611,0.299909409547,
    -2.095587733375));
#2679 = CARTESIAN_POINT('',(0.959739272072,0.281902682835,
    -2.096787481739));
#2680 = CARTESIAN_POINT('',(0.964916636037,0.263771912478,
    -2.097987298536));
#2681 = CARTESIAN_POINT('',(0.969682564717,0.245528652538,-2.09918718294
    ));
#2682 = CARTESIAN_POINT('',(0.974034100129,0.227184577124,
    -2.100387130506));
#2683 = CARTESIAN_POINT('',(0.985285314187,0.174474362078,
    -2.103818588592));
#2684 = CARTESIAN_POINT('',(0.991160289799,0.139889263938,
    -2.106050239863));
#2685 = CARTESIAN_POINT('',(0.995577396148,0.105072261911,-2.10828202359
    ));
#2686 = CARTESIAN_POINT('',(0.998525782666,7.0100059153E-02,
    -2.110513839657));
#2687 = CARTESIAN_POINT('',(0.999999999998,3.504998602985E-02,
    -2.112745551232));
#2688 = CARTESIAN_POINT('',(1.,1.216599E-10,-2.11497698477));
#2689 = ORIENTED_EDGE('',*,*,#2402,.T.);
#2690 = ORIENTED_EDGE('',*,*,#2691,.T.);
#2691 = EDGE_CURVE('',#2312,#2692,#2694,.T.);
#2692 = VERTEX_POINT('',#2693);
#2693 = CARTESIAN_POINT('',(1.,8.647E-12,-2.165003434068));
#2694 = B_SPLINE_CURVE_WITH_KNOTS('',6,(#2695,#2696,#2697,#2698,#2699,
    #2700,#2701,#2702,#2703,#2704,#2705,#2706,#2707,#2708,#2709,#2710,
    #2711,#2712,#2713,#2714,#2715,#2716,#2717,#2718,#2719,#2720,#2721,
    #2722,#2723,#2724,#2725,#2726,#2727,#2728,#2729,#2730,#2731,#2732,
    #2733,#2734,#2735,#2736,#2737,#2738,#2739,#2740,#2741,#2742,#2743,
    #2744,#2745,#2746,#2747,#2748,#2749,#2750,#2751,#2752,#2753,#2754,
    #2755,#2756,#2757,#2758,#2759,#2760,#2761,#2762,#2763,#2764,#2765,
    #2766),.UNSPECIFIED.,.F.,.F.,(7,5,5,5,5,5,5,5,5,5,5,5,5,5,7),(0.,
    5.1109454843E-02,9.610888481665E-02,0.148023954218,0.262020967485,
    0.362110741662,0.430002041132,0.498000948718,0.564493464917,
    0.63205352048,0.738715224031,0.794475177815,0.845477475115,
    0.946159797962,1.),.UNSPECIFIED.);
#2695 = CARTESIAN_POINT('',(1.,1.905898E-11,-1.765003605795));
#2696 = CARTESIAN_POINT('',(1.000000000001,-5.352060299469E-02,
    -1.768410813551));
#2697 = CARTESIAN_POINT('',(0.996562623198,-0.107041602461,
    -1.77181845949));
#2698 = CARTESIAN_POINT('',(0.989687922734,-0.160285607253,
    -1.775226022345));
#2699 = CARTESIAN_POINT('',(0.979405662198,-0.212977307139,
    -1.778633193087));
#2700 = CARTESIAN_POINT('',(0.965774696508,-0.264846309172,
    -1.782039852762));
#2701 = CARTESIAN_POINT('',(0.934009452282,-0.3603425616,-1.788445044349
    ));
#2702 = CARTESIAN_POINT('',(0.916608163863,-0.404214384725,
    -1.791443712902));
#2703 = CARTESIAN_POINT('',(0.896738055489,-0.447066359698,
    -1.794442075091));
#2704 = CARTESIAN_POINT('',(0.874475286919,-0.488725748425,
    -1.797440304709));
#2705 = CARTESIAN_POINT('',(0.849911898299,-0.529027666818,
    -1.800438607794));
#2706 = CARTESIAN_POINT('',(0.792286238664,-0.612566711148,
    -1.806896409304));
#2707 = CARTESIAN_POINT('',(0.758497502326,-0.655303743813,
    -1.810356021702));
#2708 = CARTESIAN_POINT('',(0.72195365337,-0.69578865267,-1.813816111547
    ));
#2709 = CARTESIAN_POINT('',(0.682844568708,-0.733801651004,
    -1.817276872664));
#2710 = CARTESIAN_POINT('',(0.641382816405,-0.769144759724,
    -1.82073838767));
#2711 = CARTESIAN_POINT('',(0.502103195771,-0.873008184512,
    -1.831802724055));
#2712 = CARTESIAN_POINT('',(0.396160927258,-0.930678617972,
    -1.83940959092));
#2713 = CARTESIAN_POINT('',(0.282471413238,-0.972777563458,
    -1.847016842367));
#2714 = CARTESIAN_POINT('',(0.163917132969,-0.998116187447,
    -1.854622596415));
#2715 = CARTESIAN_POINT('',(4.356705139292E-02,-1.006157075073,
    -1.86222697672));
#2716 = CARTESIAN_POINT('',(-0.179978403397,-0.989238632587,
    -1.876499462684));
#2717 = CARTESIAN_POINT('',(-0.28350933296,-0.968183050891,
    -1.883170721678));
#2718 = CARTESIAN_POINT('',(-0.383961750987,-0.93413427058,
    -1.889838863578));
#2719 = CARTESIAN_POINT('',(-0.479323377991,-0.887696983338,
    -1.896506319624));
#2720 = CARTESIAN_POINT('',(-0.567736853,-0.829855845876,-1.903175538895
    ));
#2721 = CARTESIAN_POINT('',(-0.701775587283,-0.715936854218,
    -1.914369166185));
#2722 = CARTESIAN_POINT('',(-0.75202210981,-0.665272224578,
    -1.918893881699));
#2723 = CARTESIAN_POINT('',(-0.797845772131,-0.610406199263,
    -1.923419208511));
#2724 = CARTESIAN_POINT('',(-0.838815360226,-0.551826940373,
    -1.927945262519));
#2725 = CARTESIAN_POINT('',(-0.874572747059,-0.490078416389,
    -1.932472014911));
#2726 = CARTESIAN_POINT('',(-0.935157149331,-0.361319090545,
    -1.941533056953));
#2727 = CARTESIAN_POINT('',(-0.95996837718,-0.294296632811,
    -1.946067596388));
#2728 = CARTESIAN_POINT('',(-0.978996286933,-0.225274257044,
    -1.950602052685));
#2729 = CARTESIAN_POINT('',(-0.992049668688,-0.154877487012,
    -1.955136294142));
#2730 = CARTESIAN_POINT('',(-0.99902737031,-8.375247512145E-02,
    -1.959670264126));
#2731 = CARTESIAN_POINT('',(-1.00079524425,5.706917426277E-02,
    -1.968636654305));
#2732 = CARTESIAN_POINT('',(-0.995852039021,0.126766096925,
    -1.973069326313));
#2733 = CARTESIAN_POINT('',(-0.985083899878,0.195926648071,
    -1.977501409331));
#2734 = CARTESIAN_POINT('',(-0.968568254907,0.263944416786,
    -1.981933156439));
#2735 = CARTESIAN_POINT('',(-0.946465402493,0.330229386499,
    -1.986364915087));
#2736 = CARTESIAN_POINT('',(-0.891126423002,0.459237226199,
    -1.995299612721));
#2737 = CARTESIAN_POINT('',(-0.857715810588,0.52188916521,
    -1.999802780645));
#2738 = CARTESIAN_POINT('',(-0.819037122972,0.581585864522,
    -2.004306183888));
#2739 = CARTESIAN_POINT('',(-0.775424130096,0.637779211339,
    -2.008810188019));
#2740 = CARTESIAN_POINT('',(-0.727284170121,0.689973235527,
    -2.013315042431));
#2741 = CARTESIAN_POINT('',(-0.592689143884,0.813139235955,
    -2.02493329429));
#2742 = CARTESIAN_POINT('',(-0.500166905171,0.877511697407,
    -2.032048894929));
#2743 = CARTESIAN_POINT('',(-0.399400906388,0.929122756993,
    -2.039164348843));
#2744 = CARTESIAN_POINT('',(-0.292616851541,0.966730632785,
    -2.046279499359));
#2745 = CARTESIAN_POINT('',(-0.182246356327,0.989576423423,
    -2.053393771601));
#2746 = CARTESIAN_POINT('',(-1.259104477941E-02,1.001624107885,
    -2.06422152776));
#2747 = CARTESIAN_POINT('',(4.59427642351E-02,1.001679145793,
    -2.067938085075));
#2748 = CARTESIAN_POINT('',(0.104408195762,0.997627719055,
    -2.071653833227));
#2749 = CARTESIAN_POINT('',(0.162445794447,0.989486384699,
    -2.075368893465));
#2750 = CARTESIAN_POINT('',(0.219700415915,0.977313262761,
    -2.079083492712));
#2751 = CARTESIAN_POINT('',(0.327162923081,0.946476047453,
    -2.086195169188));
#2752 = CARTESIAN_POINT('',(0.37755626213,0.928454129415,-2.089592362113
    ));
#2753 = CARTESIAN_POINT('',(0.426741556237,0.907217651466,
    -2.092989494479));
#2754 = CARTESIAN_POINT('',(0.474463779242,0.882870324594,
    -2.096386837466));
#2755 = CARTESIAN_POINT('',(0.520480333124,0.855542397788,
    -2.099784643665));
#2756 = CARTESIAN_POINT('',(0.651588256655,0.765864953798,
    -2.109891556983));
#2757 = CARTESIAN_POINT('',(0.731093063392,0.695322183366,
    -2.116603202495));
#2758 = CARTESIAN_POINT('',(0.801306275495,0.614965509845,-2.12331700614
    ));
#2759 = CARTESIAN_POINT('',(0.860764531437,0.526358010895,
    -2.130033906125));
#2760 = CARTESIAN_POINT('',(0.908339859076,0.431316658187,
    -2.136751219379));
#2761 = CARTESIAN_POINT('',(0.962037852515,0.278678542961,
    -2.147056661373));
#2762 = CARTESIAN_POINT('',(0.977149867607,0.224228531072,
    -2.150646939423));
#2763 = CARTESIAN_POINT('',(0.988556566232,0.168817457404,
    -2.154236482035));
#2764 = CARTESIAN_POINT('',(0.996185502447,0.112760716289,
    -2.157825418241));
#2765 = CARTESIAN_POINT('',(1.,5.638007762237E-02,-2.161414188622));
#2766 = CARTESIAN_POINT('',(1.,1.728651E-11,-2.165003434068));
#2767 = ORIENTED_EDGE('',*,*,#2768,.F.);
#2768 = EDGE_CURVE('',#2609,#2692,#2769,.T.);
#2769 = LINE('',#2770,#2771);
#2770 = CARTESIAN_POINT('',(1.,0.,-1.E-01));
#2771 = VECTOR('',#2772,1.);
#2772 = DIRECTION('',(0.,0.,-1.));
#2773 = CYLINDRICAL_SURFACE('',#2774,1.);
#2774 = AXIS2_PLACEMENT_3D('',#2775,#2776,#2777);
#2775 = CARTESIAN_POINT('',(0.,0.,-1.E-01));
#2776 = DIRECTION('',(-0.,-0.,-1.));
#2777 = DIRECTION('',(1.,0.,0.));
#2778 = ADVANCED_FACE('',(#2779),#2804,.T.);
#2779 = FACE_BOUND('',#2780,.T.);
#2780 = EDGE_LOOP('',(#2781,#2797,#2798,#2799));
#2781 = ORIENTED_EDGE('',*,*,#2782,.F.);
#2782 = EDGE_CURVE('',#2417,#2783,#2785,.T.);
#2783 = VERTEX_POINT('',#2784);
#2784 = CARTESIAN_POINT('',(0.783511903369,1.324099144E-06,
    -1.890020798902));
#2785 = ( BOUNDED_CURVE() B_SPLINE_CURVE(10,(#2786,#2787,#2788,#2789,
    #2790,#2791,#2792,#2793,#2794,#2795,#2796),.UNSPECIFIED.,.F.,.F.) 
B_SPLINE_CURVE_WITH_KNOTS((11,11),(0.,6.295904828089),
.PIECEWISE_BEZIER_KNOTS.) CURVE() GEOMETRIC_REPRESENTATION_ITEM() 
RATIONAL_B_SPLINE_CURVE((1.056590953773,1.056590953773,1.056590953773,
    1.056590953773,1.056590953773,1.056590953773,1.056590953773,
    1.056590953773,1.056590953773,1.056590953773,1.056590953773)) 
REPRESENTATION_ITEM('') );
#2786 = CARTESIAN_POINT('',(0.783512772673,1.38714876474E-06,
    -1.490021789283));
#2787 = CARTESIAN_POINT('',(0.783512445928,-0.492323277357,
    -1.530020424282));
#2788 = CARTESIAN_POINT('',(0.439858192951,-0.984344401522,
    -1.569995671053));
#2789 = CARTESIAN_POINT('',(-0.247972767381,-1.206220931625,
    -1.610093608857));
#2790 = CARTESIAN_POINT('',(-1.034061455238,-0.895284279262,
    -1.649947174576));
#2791 = CARTESIAN_POINT('',(-1.449736446036,-2.073228189792E-05,
    -1.690021293592));
#2792 = CARTESIAN_POINT('',(-1.033931330316,0.895307590163,
    -1.730095414408));
#2793 = CARTESIAN_POINT('',(-0.248105260641,1.206209767821,
    -1.769948978944));
#2794 = CARTESIAN_POINT('',(0.439899383022,0.984347596542,
    -1.810046917223));
#2795 = CARTESIAN_POINT('',(0.783512269715,0.492325988605,
    -1.850022163905));
#2796 = CARTESIAN_POINT('',(0.783511903369,1.32409914816E-06,
    -1.890020798902));
#2797 = ORIENTED_EDGE('',*,*,#2434,.T.);
#2798 = ORIENTED_EDGE('',*,*,#2311,.T.);
#2799 = ORIENTED_EDGE('',*,*,#2800,.F.);
#2800 = EDGE_CURVE('',#2783,#2312,#2801,.T.);
#2801 = B_SPLINE_CURVE_WITH_KNOTS('',1,(#2802,#2803),.UNSPECIFIED.,.F.,
  .F.,(2,2),(0.,0.28),.PIECEWISE_BEZIER_KNOTS.);
#2802 = CARTESIAN_POINT('',(0.783511903369,1.32409914827E-06,
    -1.890020798902));
#2803 = CARTESIAN_POINT('',(1.025985565496,-1.5891332529E-07,
    -1.749997503796));
#2804 = B_SPLINE_SURFACE_WITH_KNOTS('',1,10,(
    (#2805,#2806,#2807,#2808,#2809,#2810,#2811,#2812,#2813,#2814,#2815)
    ,(#2816,#2817,#2818,#2819,#2820,#2821,#2822,#2823,#2824,#2825,#2826
    )),.UNSPECIFIED.,.F.,.F.,.F.,(2,2),(11,11),(0.,0.28),(0.,
    6.295904828089),.PIECEWISE_BEZIER_KNOTS.);
#2805 = CARTESIAN_POINT('',(0.783512772673,1.38714876447E-06,
    -1.490021789283));
#2806 = CARTESIAN_POINT('',(0.783512445928,-0.492323277357,
    -1.530020424282));
#2807 = CARTESIAN_POINT('',(0.439858192951,-0.984344401522,
    -1.569995671053));
#2808 = CARTESIAN_POINT('',(-0.247972767381,-1.206220931625,
    -1.610093608857));
#2809 = CARTESIAN_POINT('',(-1.034061455238,-0.895284279262,
    -1.649947174577));
#2810 = CARTESIAN_POINT('',(-1.449736446035,-2.073228199007E-05,
    -1.690021293591));
#2811 = CARTESIAN_POINT('',(-1.033931330316,0.895307590163,
    -1.730095414409));
#2812 = CARTESIAN_POINT('',(-0.248105260641,1.206209767821,
    -1.769948978944));
#2813 = CARTESIAN_POINT('',(0.439899383022,0.984347596542,
    -1.810046917223));
#2814 = CARTESIAN_POINT('',(0.783512269715,0.492325988605,
    -1.850022163905));
#2815 = CARTESIAN_POINT('',(0.783511903369,1.32409914827E-06,
    -1.890020798902));
#2816 = CARTESIAN_POINT('',(1.025985794223,-1.6648136837E-07,
    -1.349997384917));
#2817 = CARTESIAN_POINT('',(1.025985374398,-0.6446424592,-1.389997548764
    ));
#2818 = CARTESIAN_POINT('',(0.576031188159,-1.289303146113,
    -1.430000519985));
#2819 = CARTESIAN_POINT('',(-0.324911247742,-1.578750162198,
    -1.469988764119));
#2820 = CARTESIAN_POINT('',(-1.353728132535,-1.173079914641,
    -1.510006341305));
#2821 = CARTESIAN_POINT('',(-1.898739128821,-4.49320069329E-06,
    -1.549997444221));
#2822 = CARTESIAN_POINT('',(-1.353692704671,1.173087417752,
    -1.589988547624));
#2823 = CARTESIAN_POINT('',(-0.324944512751,1.57874755423,
    -1.630006124491));
#2824 = CARTESIAN_POINT('',(0.57604333233,1.289303403462,-1.669994368751
    ));
#2825 = CARTESIAN_POINT('',(1.025985980568,0.644642133806,
    -1.709997339951));
#2826 = CARTESIAN_POINT('',(1.025985565496,-1.5891332529E-07,
    -1.749997503796));
#2827 = ADVANCED_FACE('',(#2828),#2858,.T.);
#2828 = FACE_BOUND('',#2829,.T.);
#2829 = EDGE_LOOP('',(#2830,#2846,#2847,#2848));
#2830 = ORIENTED_EDGE('',*,*,#2831,.F.);
#2831 = EDGE_CURVE('',#2466,#2832,#2834,.T.);
#2832 = VERTEX_POINT('',#2833);
#2833 = CARTESIAN_POINT('',(0.783521510375,1.324069701E-06,
    -1.990020798441));
#2834 = B_SPLINE_CURVE_WITH_KNOTS('',10,(#2835,#2836,#2837,#2838,#2839,
    #2840,#2841,#2842,#2843,#2844,#2845),.UNSPECIFIED.,.F.,.F.,(11,11),(
    0.,6.295904828089),.PIECEWISE_BEZIER_KNOTS.);
#2835 = CARTESIAN_POINT('',(0.783522837157,1.38711645781E-06,
    -1.590021788777));
#2836 = CARTESIAN_POINT('',(0.783521879869,-0.492329456037,
    -1.630020423839));
#2837 = CARTESIAN_POINT('',(0.439851980551,-0.984356331803,
    -1.669995671757));
#2838 = CARTESIAN_POINT('',(-0.247942119696,-1.206238754441,
    -1.710093604985));
#2839 = CARTESIAN_POINT('',(-1.0341094811,-0.895288473044,
    -1.749947177674));
#2840 = CARTESIAN_POINT('',(-1.449754659484,-3.032167104866E-05,
    -1.790021292839));
#2841 = CARTESIAN_POINT('',(-1.033909242364,0.895325932874,
    -1.830095410771));
#2842 = CARTESIAN_POINT('',(-0.248142146201,1.206222168075,
    -1.869948981643));
#2843 = CARTESIAN_POINT('',(0.43991664175,0.984360406976,-1.910046915598
    ));
#2844 = CARTESIAN_POINT('',(0.783522507262,0.492332167223,
    -1.950022163383));
#2845 = CARTESIAN_POINT('',(0.783521510375,1.32406970511E-06,
    -1.990020798441));
#2846 = ORIENTED_EDGE('',*,*,#2483,.T.);
#2847 = ORIENTED_EDGE('',*,*,#2782,.T.);
#2848 = ORIENTED_EDGE('',*,*,#2849,.F.);
#2849 = EDGE_CURVE('',#2832,#2783,#2850,.T.);
#2850 = ( BOUNDED_CURVE() B_SPLINE_CURVE(6,(#2851,#2852,#2853,#2854,
#2855,#2856,#2857),.UNSPECIFIED.,.F.,.F.) B_SPLINE_CURVE_WITH_KNOTS((7,7
),(0.,2.094395102393),.PIECEWISE_BEZIER_KNOTS.) CURVE() 
GEOMETRIC_REPRESENTATION_ITEM() RATIONAL_B_SPLINE_CURVE((1.056590953773,
    1.017435169568,0.996326512422,0.989390034249,0.996326512422,
1.017435169568,1.056590953773)) REPRESENTATION_ITEM('') );
#2851 = CARTESIAN_POINT('',(0.783521510375,1.32406970629E-06,
    -1.990020798441));
#2852 = CARTESIAN_POINT('',(0.765395986274,1.4349225311E-06,
    -1.979558343853));
#2853 = CARTESIAN_POINT('',(0.752621884589,1.51304387719E-06,
    -1.961848580474));
#2854 = CARTESIAN_POINT('',(0.748003311358,1.54128472191E-06,
    -1.940024210446));
#2855 = CARTESIAN_POINT('',(0.752617691166,1.51305672949E-06,
    -1.918198953407));
#2856 = CARTESIAN_POINT('',(0.765388389859,1.43494581173E-06,
    -1.900486735938));
#2857 = CARTESIAN_POINT('',(0.783511903369,1.32409914816E-06,
    -1.890020798902));
#2858 = ( BOUNDED_SURFACE() B_SPLINE_SURFACE(6,10,(
    (#2859,#2860,#2861,#2862,#2863,#2864,#2865,#2866,#2867,#2868,#2869)
    ,(#2870,#2871,#2872,#2873,#2874,#2875,#2876,#2877,#2878,#2879,#2880)
    ,(#2881,#2882,#2883,#2884,#2885,#2886,#2887,#2888,#2889,#2890,#2891)
    ,(#2892,#2893,#2894,#2895,#2896,#2897,#2898,#2899,#2900,#2901,#2902)
    ,(#2903,#2904,#2905,#2906,#2907,#2908,#2909,#2910,#2911,#2912,#2913)
    ,(#2914,#2915,#2916,#2917,#2918,#2919,#2920,#2921,#2922,#2923,#2924)
    ,(#2925,#2926,#2927,#2928,#2929,#2930,#2931,#2932,#2933,#2934,#2935
)),.UNSPECIFIED.,.F.,.F.,.F.) B_SPLINE_SURFACE_WITH_KNOTS((7,7),(11,11),
  (0.,2.094395102393),(0.,6.295904828089),.PIECEWISE_BEZIER_KNOTS.) 
GEOMETRIC_REPRESENTATION_ITEM() RATIONAL_B_SPLINE_SURFACE((
    (1.056590953773,1.056590953773,1.056590953773,1.056590953773
      ,1.056590953773,1.056590953773,1.056590953773,1.056590953773
      ,1.056590953773,1.056590953773,1.056590953773)
    ,(1.017435169568,1.017435169568,1.017435169568,1.017435169568
      ,1.017435169569,1.017435169568,1.017435169568,1.017435169568
      ,1.017435169568,1.017435169568,1.017435169568)
    ,(0.996326512422,0.996326512422,0.996326512422,0.996326512422
      ,0.996326512423,0.996326512422,0.996326512423,0.996326512422
      ,0.996326512422,0.996326512422,0.996326512422)
    ,(0.989390034249,0.989390034249,0.989390034249,0.989390034248
      ,0.989390034249,0.989390034248,0.989390034249,0.989390034248
      ,0.989390034249,0.989390034249,0.989390034249)
    ,(0.996326512422,0.996326512422,0.996326512422,0.996326512422
      ,0.996326512423,0.996326512422,0.996326512423,0.996326512422
      ,0.996326512422,0.996326512422,0.996326512422)
    ,(1.017435169568,1.017435169568,1.017435169568,1.017435169568
      ,1.017435169569,1.017435169568,1.017435169569,1.017435169568
      ,1.017435169568,1.017435169568,1.017435169568)
    ,(1.056590953773,1.056590953773,1.056590953773,1.056590953773
      ,1.056590953773,1.056590953773,1.056590953773,1.056590953773
      ,1.056590953773,1.056590953773,1.056590953773
))) REPRESENTATION_ITEM('') SURFACE() );
#2859 = CARTESIAN_POINT('',(0.783522837157,1.38711645636E-06,
    -1.590021788777));
#2860 = CARTESIAN_POINT('',(0.783521879869,-0.492329456037,
    -1.630020423839));
#2861 = CARTESIAN_POINT('',(0.439851980551,-0.984356331803,
    -1.669995671756));
#2862 = CARTESIAN_POINT('',(-0.247942119696,-1.206238754442,
    -1.710093604985));
#2863 = CARTESIAN_POINT('',(-1.034109481099,-0.895288473043,
    -1.749947177674));
#2864 = CARTESIAN_POINT('',(-1.449754659484,-3.032167099168E-05,
    -1.79002129284));
#2865 = CARTESIAN_POINT('',(-1.033909242363,0.895325932873,
    -1.830095410771));
#2866 = CARTESIAN_POINT('',(-0.248142146201,1.206222168075,
    -1.869948981643));
#2867 = CARTESIAN_POINT('',(0.43991664175,0.984360406976,-1.910046915598
    ));
#2868 = CARTESIAN_POINT('',(0.783522507262,0.492332167223,
    -1.950022163383));
#2869 = CARTESIAN_POINT('',(0.783521510375,1.32406970629E-06,
    -1.990020798441));
#2870 = CARTESIAN_POINT('',(0.765397265191,1.50324814666E-06,
    -1.579559417109));
#2871 = CARTESIAN_POINT('',(0.765396446823,-0.480943178996,
    -1.619557937885));
#2872 = CARTESIAN_POINT('',(0.429675131473,-0.961559920468,
    -1.659531113319));
#2873 = CARTESIAN_POINT('',(-0.242197824281,-1.178390604182,
    -1.699637246478));
#2874 = CARTESIAN_POINT('',(-1.01020618205,-0.874523967226,
    -1.739478558792));
#2875 = CARTESIAN_POINT('',(-1.416190476171,-2.952854411095E-05,
    -1.779558879741));
#2876 = CARTESIAN_POINT('',(-1.010013538947,0.874559647454,
    -1.81963920335));
#2877 = CARTESIAN_POINT('',(-0.242391133905,1.178374513171,
    -1.859480513917));
#2878 = CARTESIAN_POINT('',(0.429737051556,0.961564031013,
    -1.899586647775));
#2879 = CARTESIAN_POINT('',(0.765396847556,0.480946117166,-1.93955982308
    ));
#2880 = CARTESIAN_POINT('',(0.765395986274,1.4349225311E-06,
    -1.979558343853));
#2881 = CARTESIAN_POINT('',(0.752623082489,1.58508982154E-06,
    -1.561849712169));
#2882 = CARTESIAN_POINT('',(0.752622427196,-0.472918598351,
    -1.601848152402));
#2883 = CARTESIAN_POINT('',(0.422504119016,-0.945493991052,
    -1.641819867232));
#2884 = CARTESIAN_POINT('',(-0.238152970891,-1.158764090809,
    -1.681931779377));
#2885 = CARTESIAN_POINT('',(-0.993356494556,-0.859890727143,
    -1.721764451051));
#2886 = CARTESIAN_POINT('',(-1.392535817595,-2.797838539778E-05,
    -1.76184914563));
#2887 = CARTESIAN_POINT('',(-0.993176451671,0.859923690728,
    -1.801933842697));
#2888 = CARTESIAN_POINT('',(-0.238334566305,1.158748909398,
    -1.841766512736));
#2889 = CARTESIAN_POINT('',(0.422561681254,0.945498035543,
    -1.881878425536));
#2890 = CARTESIAN_POINT('',(0.752622585133,0.472921696484,
    -1.921850140245));
#2891 = CARTESIAN_POINT('',(0.752621884589,1.51304387719E-06,
    -1.961848580474));
#2892 = CARTESIAN_POINT('',(0.748004409417,1.61467578713E-06,
    -1.54002536327));
#2893 = CARTESIAN_POINT('',(0.748003910317,-0.470017228277,
    -1.58002377438));
#2894 = CARTESIAN_POINT('',(0.419913175093,-0.939685256075,
    -1.619994961112));
#2895 = CARTESIAN_POINT('',(-0.236695719578,-1.151667503912,
    -1.660108962728));
#2896 = CARTESIAN_POINT('',(-0.987258909682,-0.85460101889,
    -1.69993851024));
#2897 = CARTESIAN_POINT('',(-1.383983231277,-2.593909084464E-05,
    -1.740024786224));
#2898 = CARTESIAN_POINT('',(-0.98709423492,0.854630818331,
    -1.780111064486));
#2899 = CARTESIAN_POINT('',(-0.236862665118,1.151653487608,
    -1.819940610502));
#2900 = CARTESIAN_POINT('',(0.419965542197,0.939689140943,
    -1.860054612719));
#2901 = CARTESIAN_POINT('',(0.748003856555,0.470020384237,
    -1.900025799337));
#2902 = CARTESIAN_POINT('',(0.748003311358,1.54128472191E-06,
    -1.940024210446));
#2903 = CARTESIAN_POINT('',(0.752618689379,1.58510392279E-06,
    -1.518200085121));
#2904 = CARTESIAN_POINT('',(0.752618309316,-0.47291590138,
    -1.558198525326));
#2905 = CARTESIAN_POINT('',(0.422506830705,-0.945488783529,
    -1.598170239657));
#2906 = CARTESIAN_POINT('',(-0.238166348491,-1.158756311216,
    -1.638282153798));
#2907 = CARTESIAN_POINT('',(-0.993335531447,-0.859888896573,
    -1.67811482243));
#2908 = CARTESIAN_POINT('',(-1.392527867492,-2.379265280839E-05,
    -1.718199518689));
#2909 = CARTESIAN_POINT('',(-0.99318609298,0.859915684203,
    -1.758284217016));
#2910 = CARTESIAN_POINT('',(-0.238318465896,1.158743496733,
    -1.798116884289));
#2911 = CARTESIAN_POINT('',(0.422554147884,0.945492443837,
    -1.838228798976));
#2912 = CARTESIAN_POINT('',(0.752618116482,0.472918999541,
    -1.878200513204));
#2913 = CARTESIAN_POINT('',(0.752617691166,1.51305672949E-06,
    -1.918198953407));
#2914 = CARTESIAN_POINT('',(0.765389307043,1.50327369391E-06,
    -1.50048780923));
#2915 = CARTESIAN_POINT('',(0.765388987254,-0.480938293414,
    -1.540486329956));
#2916 = CARTESIAN_POINT('',(0.429680043717,-0.961550487003,
    -1.580459504484));
#2917 = CARTESIAN_POINT('',(-0.242222057898,-1.178376511394,
    -1.620565641259));
#2918 = CARTESIAN_POINT('',(-1.01016820723,-0.874520651136,
    -1.660406948063));
#2919 = CARTESIAN_POINT('',(-1.416176074505,-2.194605986303E-05,
    -1.700487272055));
#2920 = CARTESIAN_POINT('',(-1.010031004247,0.874545143578,
    -1.740567597947));
#2921 = CARTESIAN_POINT('',(-0.242361967899,1.178364708091,
    -1.780408903503));
#2922 = CARTESIAN_POINT('',(0.429723404803,0.961553901597,-1.82051504078
    ));
#2923 = CARTESIAN_POINT('',(0.765388752563,0.480941231634,
    -1.860488215213));
#2924 = CARTESIAN_POINT('',(0.765388389859,1.43494581173E-06,
    -1.900486735938));
#2925 = CARTESIAN_POINT('',(0.783512772673,1.38714876474E-06,
    -1.490021789283));
#2926 = CARTESIAN_POINT('',(0.783512445928,-0.492323277357,
    -1.530020424282));
#2927 = CARTESIAN_POINT('',(0.439858192951,-0.984344401522,
    -1.569995671053));
#2928 = CARTESIAN_POINT('',(-0.247972767381,-1.206220931625,
    -1.610093608857));
#2929 = CARTESIAN_POINT('',(-1.034061455238,-0.895284279262,
    -1.649947174576));
#2930 = CARTESIAN_POINT('',(-1.449736446036,-2.073228189792E-05,
    -1.690021293592));
#2931 = CARTESIAN_POINT('',(-1.033931330316,0.895307590163,
    -1.730095414408));
#2932 = CARTESIAN_POINT('',(-0.248105260641,1.206209767821,
    -1.769948978944));
#2933 = CARTESIAN_POINT('',(0.439899383022,0.984347596542,
    -1.810046917223));
#2934 = CARTESIAN_POINT('',(0.783512269715,0.492325988605,
    -1.850022163905));
#2935 = CARTESIAN_POINT('',(0.783511903369,1.32409914816E-06,
    -1.890020798902));
#2936 = ADVANCED_FACE('',(#2937),#2947,.T.);
#2937 = FACE_BOUND('',#2938,.T.);
#2938 = EDGE_LOOP('',(#2939,#2940,#2941,#2942));
#2939 = ORIENTED_EDGE('',*,*,#2608,.F.);
#2940 = ORIENTED_EDGE('',*,*,#2577,.T.);
#2941 = ORIENTED_EDGE('',*,*,#2831,.T.);
#2942 = ORIENTED_EDGE('',*,*,#2943,.F.);
#2943 = EDGE_CURVE('',#2609,#2832,#2944,.T.);
#2944 = B_SPLINE_CURVE_WITH_KNOTS('',1,(#2945,#2946),.UNSPECIFIED.,.F.,
  .F.,(2,2),(0.,0.28),.PIECEWISE_BEZIER_KNOTS.);
#2945 = CARTESIAN_POINT('',(1.02602207212,-1.5902520486E-07,
    -2.129997502042));
#2946 = CARTESIAN_POINT('',(0.783521510375,1.32406970511E-06,
    -1.990020798441));
#2947 = B_SPLINE_SURFACE_WITH_KNOTS('',1,10,(
    (#2948,#2949,#2950,#2951,#2952,#2953,#2954,#2955,#2956,#2957,#2958)
    ,(#2959,#2960,#2961,#2962,#2963,#2964,#2965,#2966,#2967,#2968,#2969
    )),.UNSPECIFIED.,.F.,.F.,.F.,(2,2),(11,11),(0.,0.28),(0.,
    6.295904828089),.PIECEWISE_BEZIER_KNOTS.);
#2948 = CARTESIAN_POINT('',(1.02602403926,-1.6660413834E-07,
    -1.729997382993));
#2949 = CARTESIAN_POINT('',(1.026021223374,-0.644665938183,
    -1.76999754708));
#2950 = CARTESIAN_POINT('',(0.57600758104,-1.28934848118,-1.810000522657
    ));
#2951 = CARTESIAN_POINT('',(-0.32479478654,-1.578817888902,
    -1.849988749407));
#2952 = CARTESIAN_POINT('',(-1.353910630807,-1.173095851009,
    -1.890006353075));
#2953 = CARTESIAN_POINT('',(-1.898808339925,-4.093287907025E-05,
    -1.929997441364));
#2954 = CARTESIAN_POINT('',(-1.35360877045,1.173157120052,
    -1.969988533801));
#2955 = CARTESIAN_POINT('',(-0.32508467788,1.578794675197,
    -2.010006134749));
#2956 = CARTESIAN_POINT('',(0.576108915493,1.289352083112,
    -2.049994362575));
#2957 = CARTESIAN_POINT('',(1.026024883246,0.644665612555,
    -2.089997337967));
#2958 = CARTESIAN_POINT('',(1.02602207212,-1.5902520486E-07,
    -2.129997502042));
#2959 = CARTESIAN_POINT('',(0.783522837157,1.38711645781E-06,
    -1.590021788777));
#2960 = CARTESIAN_POINT('',(0.783521879869,-0.492329456037,
    -1.630020423839));
#2961 = CARTESIAN_POINT('',(0.439851980551,-0.984356331803,
    -1.669995671757));
#2962 = CARTESIAN_POINT('',(-0.247942119696,-1.206238754441,
    -1.710093604985));
#2963 = CARTESIAN_POINT('',(-1.0341094811,-0.895288473044,
    -1.749947177674));
#2964 = CARTESIAN_POINT('',(-1.449754659484,-3.032167104866E-05,
    -1.790021292839));
#2965 = CARTESIAN_POINT('',(-1.033909242364,0.895325932874,
    -1.830095410771));
#2966 = CARTESIAN_POINT('',(-0.248142146201,1.206222168075,
    -1.869948981643));
#2967 = CARTESIAN_POINT('',(0.43991664175,0.984360406976,-1.910046915598
    ));
#2968 = CARTESIAN_POINT('',(0.783522507262,0.492332167223,
    -1.950022163383));
#2969 = CARTESIAN_POINT('',(0.783521510375,1.32406970511E-06,
    -1.990020798441));
#2970 = ADVANCED_FACE('',(#2971),#3139,.T.);
#2971 = FACE_BOUND('',#2972,.F.);
#2972 = EDGE_LOOP('',(#2973,#3055,#3056,#3133));
#2973 = ORIENTED_EDGE('',*,*,#2974,.F.);
#2974 = EDGE_CURVE('',#2609,#2975,#2977,.T.);
#2975 = VERTEX_POINT('',#2976);
#2976 = CARTESIAN_POINT('',(1.,5.5157E-11,-2.514978080589));
#2977 = B_SPLINE_CURVE_WITH_KNOTS('',6,(#2978,#2979,#2980,#2981,#2982,
    #2983,#2984,#2985,#2986,#2987,#2988,#2989,#2990,#2991,#2992,#2993,
    #2994,#2995,#2996,#2997,#2998,#2999,#3000,#3001,#3002,#3003,#3004,
    #3005,#3006,#3007,#3008,#3009,#3010,#3011,#3012,#3013,#3014,#3015,
    #3016,#3017,#3018,#3019,#3020,#3021,#3022,#3023,#3024,#3025,#3026,
    #3027,#3028,#3029,#3030,#3031,#3032,#3033,#3034,#3035,#3036,#3037,
    #3038,#3039,#3040,#3041,#3042,#3043,#3044,#3045,#3046,#3047,#3048,
    #3049,#3050,#3051,#3052,#3053,#3054),.UNSPECIFIED.,.F.,.F.,(7,5,5,5,
    5,5,5,5,5,5,5,5,5,5,5,7),(0.,5.299976926882E-02,9.899958426071E-02,
    0.152578176429,0.255577046972,0.365063304294,0.433220160466,
    0.496015878669,0.56695398592,0.634241538848,0.737918712883,
    0.849715592952,0.902334106921,0.94833349969,0.966333089006,1.),
  .UNSPECIFIED.);
#2978 = CARTESIAN_POINT('',(1.,1.2165058E-10,-2.11497698477));
#2979 = CARTESIAN_POINT('',(1.000000000003,-5.549999402542E-02,
    -2.118510360892));
#2980 = CARTESIAN_POINT('',(0.996303663382,-0.111000503433,
    -2.12204352701));
#2981 = CARTESIAN_POINT('',(0.988911041764,-0.166192110689,
    -2.125576920834));
#2982 = CARTESIAN_POINT('',(0.977856559801,-0.220767851006,
    -2.129110860121));
#2983 = CARTESIAN_POINT('',(0.96320825033,-0.274426641864,
    -2.132645421436));
#2984 = CARTESIAN_POINT('',(0.929321739114,-0.372399430691,
    -2.139248344174));
#2985 = CARTESIAN_POINT('',(0.910945058241,-0.417012291649,
    -2.142316673516));
#2986 = CARTESIAN_POINT('',(0.890002852802,-0.460524743715,
    -2.14538515231));
#2987 = CARTESIAN_POINT('',(0.866579058293,-0.502753401286,
    -2.148453604627));
#2988 = CARTESIAN_POINT('',(0.840774818591,-0.54352371637,
    -2.151521848709));
#2989 = CARTESIAN_POINT('',(0.78001625952,-0.628269467522,
    -2.158163027232));
#2990 = CARTESIAN_POINT('',(0.744254282279,-0.671667045991,
    -2.161735888962));
#2991 = CARTESIAN_POINT('',(0.705607632283,-0.712604895078,
    -2.165307984307));
#2992 = CARTESIAN_POINT('',(0.664290267943,-0.750845935692,
    -2.168879266216));
#2993 = CARTESIAN_POINT('',(0.62054130141,-0.786178423418,
    -2.172449820996));
#2994 = CARTESIAN_POINT('',(0.486347534484,-0.880397540166,
    -2.182882497901));
#2995 = CARTESIAN_POINT('',(0.390037986514,-0.930959699637,
    -2.189744014999));
#2996 = CARTESIAN_POINT('',(0.287568263678,-0.968780318505,
    -2.196603195042));
#2997 = CARTESIAN_POINT('',(0.181060251807,-0.992991319248,
    -2.203463877774));
#2998 = CARTESIAN_POINT('',(7.276460510922E-02,-1.003164215302,
    -2.210328328337));
#2999 = CARTESIAN_POINT('',(-0.149606221795,-0.995370627001,
    -2.224492450359));
#3000 = CARTESIAN_POINT('',(-0.26365520901,-0.975590010476,
    -2.231794748232));
#3001 = CARTESIAN_POINT('',(-0.374413140683,-0.940131238527,
    -2.239097994577));
#3002 = CARTESIAN_POINT('',(-0.479225086938,-0.88973836144,
    -2.246401706947));
#3003 = CARTESIAN_POINT('',(-0.57564932597,-0.825695579097,
    -2.253705765195));
#3004 = CARTESIAN_POINT('',(-0.715139130844,-0.702616660502,
    -2.265552048872));
#3005 = CARTESIAN_POINT('',(-0.764614502921,-0.650809482994,
    -2.270096675704));
#3006 = CARTESIAN_POINT('',(-0.809552687504,-0.594853084622,
    -2.274640460611));
#3007 = CARTESIAN_POINT('',(-0.849526889851,-0.535249642211,
    -2.279183661828));
#3008 = CARTESIAN_POINT('',(-0.884185632216,-0.472556565797,
    -2.283726655745));
#3009 = CARTESIAN_POINT('',(-0.94004889169,-0.347321424558,
    -2.292454868426));
#3010 = CARTESIAN_POINT('',(-0.962098482285,-0.28515270228,
    -2.296640305561));
#3011 = CARTESIAN_POINT('',(-0.979199983849,-0.221339339457,
    -2.300825757176));
#3012 = CARTESIAN_POINT('',(-0.991207491066,-0.156374856029,
    -2.305011501642));
#3013 = CARTESIAN_POINT('',(-0.998040667113,-9.076752213967E-02,
    -2.309197743842));
#3014 = CARTESIAN_POINT('',(-1.001546079152,4.922787957244E-02,
    -2.318113667515));
#3015 = CARTESIAN_POINT('',(-0.996785954459,0.123655463802,
    -2.322843686971));
#3016 = CARTESIAN_POINT('',(-0.98538767659,0.197508605536,
    -2.327574006793));
#3017 = CARTESIAN_POINT('',(-0.967443087592,0.270050022496,
    -2.332304581081));
#3018 = CARTESIAN_POINT('',(-0.943151332437,0.340563835332,
    -2.337035269452));
#3019 = CARTESIAN_POINT('',(-0.884041194585,0.472690173358,
    -2.346252218725));
#3020 = CARTESIAN_POINT('',(-0.849827269951,0.53457764781,
    -2.350738786997));
#3021 = CARTESIAN_POINT('',(-0.810432541388,0.593455657655,
    -2.355224655571));
#3022 = CARTESIAN_POINT('',(-0.766194747777,0.648787685663,
    -2.35970978746));
#3023 = CARTESIAN_POINT('',(-0.71752326724,0.700089565496,
    -2.364194286399));
#3024 = CARTESIAN_POINT('',(-0.583796381575,0.819127111209,
    -2.375586720277));
#3025 = CARTESIAN_POINT('',(-0.493284042807,0.880759783643,
    -2.382494967496));
#3026 = CARTESIAN_POINT('',(-0.395098745262,0.930275406667,
    -2.389401118245));
#3027 = CARTESIAN_POINT('',(-0.29129058119,0.966548393489,
    -2.396308037472));
#3028 = CARTESIAN_POINT('',(-0.18409227168,0.988886671536,
    -2.403218549577));
#3029 = CARTESIAN_POINT('',(4.089478766859E-02,1.005998482047,
    -2.417583789365));
#3030 = CARTESIAN_POINT('',(0.158898365255,0.998479411709,
    -2.425041422542));
#3031 = CARTESIAN_POINT('',(0.275239783513,0.974328603859,
    -2.432500424073));
#3032 = CARTESIAN_POINT('',(0.387023483788,0.93403645763,-2.439960706074
    ));
#3033 = CARTESIAN_POINT('',(0.491522395724,0.878698976008,
    -2.447420415114));
#3034 = CARTESIAN_POINT('',(0.630993293433,0.777742685721,
    -2.458384604654));
#3035 = CARTESIAN_POINT('',(0.673492764823,0.742481510634,
    -2.461892895936));
#3036 = CARTESIAN_POINT('',(0.713611276413,0.704445934113,
    -2.465400399617));
#3037 = CARTESIAN_POINT('',(0.751124868082,0.663839292944,-2.4689072144)
  );
#3038 = CARTESIAN_POINT('',(0.785833250665,0.620888225664,
    -2.472413561351));
#3039 = CARTESIAN_POINT('',(0.845300258187,0.536458533148,
    -2.478984676829));
#3040 = CARTESIAN_POINT('',(0.870761676983,0.495473790213,
    -2.482049550594));
#3041 = CARTESIAN_POINT('',(0.893830543242,0.453050758519,-2.48511439898
    ));
#3042 = CARTESIAN_POINT('',(0.914407190414,0.409364823017,
    -2.488179458818));
#3043 = CARTESIAN_POINT('',(0.932409234248,0.364600053812,
    -2.491244923678));
#3044 = CARTESIAN_POINT('',(0.953783981352,0.30108366585,-2.495510478483
    ));
#3045 = CARTESIAN_POINT('',(0.95939154556,0.28308383049,-2.496710223013)
  );
#3046 = CARTESIAN_POINT('',(0.964591222271,0.264959449742,
    -2.497910035968));
#3047 = CARTESIAN_POINT('',(0.969379602512,0.246722073479,
    -2.499109916632));
#3048 = CARTESIAN_POINT('',(0.973753713972,0.228383372132,
    -2.500309860685));
#3049 = CARTESIAN_POINT('',(0.985112873393,0.175486474584,
    -2.503754371242));
#3050 = CARTESIAN_POINT('',(0.991056568333,0.140704416404,
    -2.505999082003));
#3051 = CARTESIAN_POINT('',(0.995525470644,0.105686368685,
    -2.508243928566));
#3052 = CARTESIAN_POINT('',(0.998508473816,7.051038105706E-02,
    -2.510488809462));
#3053 = CARTESIAN_POINT('',(0.999999999998,3.525514625365E-02,
    -2.512733585664));
#3054 = CARTESIAN_POINT('',(1.,1.1032641E-10,-2.514978080589));
#3055 = ORIENTED_EDGE('',*,*,#2768,.T.);
#3056 = ORIENTED_EDGE('',*,*,#3057,.T.);
#3057 = EDGE_CURVE('',#2692,#3058,#3060,.T.);
#3058 = VERTEX_POINT('',#3059);
#3059 = CARTESIAN_POINT('',(1.,7.799E-12,-2.565003262343));
#3060 = B_SPLINE_CURVE_WITH_KNOTS('',6,(#3061,#3062,#3063,#3064,#3065,
    #3066,#3067,#3068,#3069,#3070,#3071,#3072,#3073,#3074,#3075,#3076,
    #3077,#3078,#3079,#3080,#3081,#3082,#3083,#3084,#3085,#3086,#3087,
    #3088,#3089,#3090,#3091,#3092,#3093,#3094,#3095,#3096,#3097,#3098,
    #3099,#3100,#3101,#3102,#3103,#3104,#3105,#3106,#3107,#3108,#3109,
    #3110,#3111,#3112,#3113,#3114,#3115,#3116,#3117,#3118,#3119,#3120,
    #3121,#3122,#3123,#3124,#3125,#3126,#3127,#3128,#3129,#3130,#3131,
    #3132),.UNSPECIFIED.,.F.,.F.,(7,5,5,5,5,5,5,5,5,5,5,5,5,5,7),(0.,
    5.110910180481E-02,9.610852902465E-02,0.148028662113,0.262025668249,
    0.362432728461,0.430842286092,0.497841213478,0.563735000861,
    0.631609806653,0.737608761129,0.794454975299,0.845457262261,
    0.946378477902,1.),.UNSPECIFIED.);
#3061 = CARTESIAN_POINT('',(1.,1.728051E-11,-2.165003434068));
#3062 = CARTESIAN_POINT('',(1.,-5.352023656244E-02,-2.168410618497));
#3063 = CARTESIAN_POINT('',(0.996562670267,-0.107040869578,
    -2.171818241097));
#3064 = CARTESIAN_POINT('',(0.98968806394,-0.160284513618,-2.17522578062
    ));
#3065 = CARTESIAN_POINT('',(0.979405943793,-0.212975864092,
    -2.178632928045));
#3066 = CARTESIAN_POINT('',(0.965775163138,-0.264844533531,
    -2.182039564417));
#3067 = CARTESIAN_POINT('',(0.934010244528,-0.360340508087,
    -2.188444732734));
#3068 = CARTESIAN_POINT('',(0.916609052573,-0.404212369453,
    -2.191443401313));
#3069 = CARTESIAN_POINT('',(0.896739038423,-0.447064388092,
    -2.194441763526));
#3070 = CARTESIAN_POINT('',(0.874476361459,-0.488723825744,
    -2.197439993165));
#3071 = CARTESIAN_POINT('',(0.849913061464,-0.529025798122,
    -2.200438296263));
#3072 = CARTESIAN_POINT('',(0.792284572776,-0.612569336688,
    -2.206896435411));
#3073 = CARTESIAN_POINT('',(0.75849234761,-0.655310418313,
    -2.210356385498));
#3074 = CARTESIAN_POINT('',(0.721944483163,-0.69579891919,
    -2.213816813129));
#3075 = CARTESIAN_POINT('',(0.68283091394,-0.733814989683,
    -2.217277912185));
#3076 = CARTESIAN_POINT('',(0.641364274188,-0.769160596581,
    -2.220739765292));
#3077 = CARTESIAN_POINT('',(0.502077321994,-0.873023065047,
    -2.231804440424));
#3078 = CARTESIAN_POINT('',(0.39613334474,-0.930690358399,-2.2394113077)
  );
#3079 = CARTESIAN_POINT('',(0.282442583698,-0.972785934262,
    -2.247018559082));
#3080 = CARTESIAN_POINT('',(0.163887553076,-0.998121044729,
    -2.254624312555));
#3081 = CARTESIAN_POINT('',(4.353723360131E-02,-1.006158365731,
    -2.262228692157));
#3082 = CARTESIAN_POINT('',(-0.180339029354,-0.989208214295,
    -2.276522329815));
#3083 = CARTESIAN_POINT('',(-0.284194508881,-0.968040993428,
    -2.283214738172));
#3084 = CARTESIAN_POINT('',(-0.384944777069,-0.933798608121,
    -2.289904000909));
#3085 = CARTESIAN_POINT('',(-0.480558649973,-0.887093098674,
    -2.296592584221));
#3086 = CARTESIAN_POINT('',(-0.569162160477,-0.828921016008,
    -2.303282965853));
#3087 = CARTESIAN_POINT('',(-0.703635646209,-0.714163071924,
    -2.314532302437));
#3088 = CARTESIAN_POINT('',(-0.754132096835,-0.662973804746,
    -2.319091584202));
#3089 = CARTESIAN_POINT('',(-0.800125406725,-0.607531137576,
    -2.323651485083));
#3090 = CARTESIAN_POINT('',(-0.841175931413,-0.548335941934,
    -2.328212120416));
#3091 = CARTESIAN_POINT('',(-0.876919594269,-0.485946320595,
    -2.332773459245));
#3092 = CARTESIAN_POINT('',(-0.936610960967,-0.357326533981,
    -2.341802418128));
#3093 = CARTESIAN_POINT('',(-0.960788248807,-0.291198777874,
    -2.346270269048));
#3094 = CARTESIAN_POINT('',(-0.979344849403,-0.223150659557,
    -2.350738035748));
#3095 = CARTESIAN_POINT('',(-0.992099793877,-0.153780965856,
    -2.355205590257));
#3096 = CARTESIAN_POINT('',(-0.998957032367,-8.370774463335E-02,
    -2.359672876441));
#3097 = CARTESIAN_POINT('',(-1.000843499793,5.543813559814E-02,
    -2.368532693255));
#3098 = CARTESIAN_POINT('',(-0.996066017138,0.124511591751,
    -2.37292545669));
#3099 = CARTESIAN_POINT('',(-0.985567582522,0.193069455129,
    -2.37731764501));
#3100 = CARTESIAN_POINT('',(-0.969422202854,0.260521450885,
    -2.381709499799));
#3101 = CARTESIAN_POINT('',(-0.947783857038,0.326292882659,
    -2.386101354456));
#3102 = CARTESIAN_POINT('',(-0.893176205192,0.455289072533,
    -2.395017111668));
#3103 = CARTESIAN_POINT('',(-0.85988437082,0.518381186643,-2.39954124421
    ));
#3104 = CARTESIAN_POINT('',(-0.821262286445,0.57851304897,
    -2.404065602477));
#3105 = CARTESIAN_POINT('',(-0.777646144577,0.635127434198,
    -2.408590561728));
#3106 = CARTESIAN_POINT('',(-0.729447286826,0.68771995195,
    -2.413116380481));
#3107 = CARTESIAN_POINT('',(-0.59546428398,0.8110139137,-2.424711373581)
  );
#3108 = CARTESIAN_POINT('',(-0.503758558505,0.875310185981,
    -2.431782697323));
#3109 = CARTESIAN_POINT('',(-0.403864547067,0.927036798883,
    -2.438853919807));
#3110 = CARTESIAN_POINT('',(-0.297961018,0.964965743029,-2.445924895501)
  );
#3111 = CARTESIAN_POINT('',(-0.188430056083,0.988339414563,
    -2.452995035279));
#3112 = CARTESIAN_POINT('',(-1.842044965631E-02,1.001600821696,
    -2.463851227157));
#3113 = CARTESIAN_POINT('',(4.125820668975E-02,1.001990804749,
    -2.467640252406));
#3114 = CARTESIAN_POINT('',(0.100888179688,0.99811180481,-2.471428429899
    ));
#3115 = CARTESIAN_POINT('',(0.160088447662,0.989979594442,
    -2.475215885284));
#3116 = CARTESIAN_POINT('',(0.218482491013,0.977654858912,
    -2.479002858836));
#3117 = CARTESIAN_POINT('',(0.327042359686,0.946517713246,
    -2.486186895232));
#3118 = CARTESIAN_POINT('',(0.377437992836,0.928502214786,
    -2.489584088271));
#3119 = CARTESIAN_POINT('',(0.426625990618,0.907272002694,
    -2.492981220395));
#3120 = CARTESIAN_POINT('',(0.474351313729,0.882930755421,
    -2.496378562775));
#3121 = CARTESIAN_POINT('',(0.520371347605,0.855608690992,
    -2.499776368049));
#3122 = CARTESIAN_POINT('',(0.651697213416,0.765806728267,
    -2.509899197012));
#3123 = CARTESIAN_POINT('',(0.73138188397,0.695080451391,-2.516626778965
    ));
#3124 = CARTESIAN_POINT('',(0.801727766626,0.61449532242,-2.523356524163
    ));
#3125 = CARTESIAN_POINT('',(0.861261630437,0.525626303929,
    -2.530089381032));
#3126 = CARTESIAN_POINT('',(0.908848898296,0.430304372331,
    -2.536822636981));
#3127 = CARTESIAN_POINT('',(0.962344133042,0.277572625755,
    -2.547129399944));
#3128 = CARTESIAN_POINT('',(0.97733480991,0.223328243045,-2.550705084551
    ));
#3129 = CARTESIAN_POINT('',(0.988649334131,0.168134402247,
    -2.554280040805));
#3130 = CARTESIAN_POINT('',(0.996216425425,0.112302726232,
    -2.557854398642));
#3131 = CARTESIAN_POINT('',(1.,5.615108832834E-02,-2.561428594719));
#3132 = CARTESIAN_POINT('',(1.,1.559308E-11,-2.565003262343));
#3133 = ORIENTED_EDGE('',*,*,#3134,.F.);
#3134 = EDGE_CURVE('',#2975,#3058,#3135,.T.);
#3135 = LINE('',#3136,#3137);
#3136 = CARTESIAN_POINT('',(1.,0.,-1.E-01));
#3137 = VECTOR('',#3138,1.);
#3138 = DIRECTION('',(0.,0.,-1.));
#3139 = CYLINDRICAL_SURFACE('',#3140,1.);
#3140 = AXIS2_PLACEMENT_3D('',#3141,#3142,#3143);
#3141 = CARTESIAN_POINT('',(0.,0.,-1.E-01));
#3142 = DIRECTION('',(-0.,-0.,-1.));
#3143 = DIRECTION('',(1.,0.,0.));
#3144 = ADVANCED_FACE('',(#3145),#3170,.T.);
#3145 = FACE_BOUND('',#3146,.T.);
#3146 = EDGE_LOOP('',(#3147,#3163,#3164,#3165));
#3147 = ORIENTED_EDGE('',*,*,#3148,.F.);
#3148 = EDGE_CURVE('',#2783,#3149,#3151,.T.);
#3149 = VERTEX_POINT('',#3150);
#3150 = CARTESIAN_POINT('',(0.78351103407,1.261049272E-06,
    -2.290019808517));
#3151 = ( BOUNDED_CURVE() B_SPLINE_CURVE(10,(#3152,#3153,#3154,#3155,
    #3156,#3157,#3158,#3159,#3160,#3161,#3162),.UNSPECIFIED.,.F.,.F.) 
B_SPLINE_CURVE_WITH_KNOTS((11,11),(0.,6.295904828089),
.PIECEWISE_BEZIER_KNOTS.) CURVE() GEOMETRIC_REPRESENTATION_ITEM() 
RATIONAL_B_SPLINE_CURVE((1.056590953773,1.056590953773,1.056590953773,
    1.056590953773,1.056590953773,1.056590953773,1.056590953773,
    1.056590953773,1.056590953773,1.056590953773,1.056590953773)) 
REPRESENTATION_ITEM('') );
#3152 = CARTESIAN_POINT('',(0.783511903369,1.32409914411E-06,
    -1.890020798902));
#3153 = CARTESIAN_POINT('',(0.783511537024,-0.492322794326,
    -1.930019433896));
#3154 = CARTESIAN_POINT('',(0.439857625622,-0.984343343617,
    -1.969994680566));
#3155 = CARTESIAN_POINT('',(-0.247972588926,-1.206219576018,
    -2.010092618766));
#3156 = CARTESIAN_POINT('',(-1.034060380903,-0.895283200291,
    -2.049946183895));
#3157 = CARTESIAN_POINT('',(-1.449734836297,-2.061543164661E-05,
    -2.090020303209));
#3158 = CARTESIAN_POINT('',(-1.033930112209,0.895306677317,
    -2.130094424324));
#3159 = CARTESIAN_POINT('',(-0.24810488778,1.206208452256,
    -2.169947988269));
#3160 = CARTESIAN_POINT('',(0.439898974056,0.984346467817,
    -2.210045926944));
#3161 = CARTESIAN_POINT('',(0.783511440016,0.492325379475,
    -2.250021173525));
#3162 = CARTESIAN_POINT('',(0.78351103407,1.26104928544E-06,
    -2.290019808517));
#3163 = ORIENTED_EDGE('',*,*,#2800,.T.);
#3164 = ORIENTED_EDGE('',*,*,#2691,.T.);
#3165 = ORIENTED_EDGE('',*,*,#3166,.F.);
#3166 = EDGE_CURVE('',#3149,#2692,#3167,.T.);
#3167 = B_SPLINE_CURVE_WITH_KNOTS('',1,(#3168,#3169),.UNSPECIFIED.,.F.,
  .F.,(2,2),(0.,0.28),.PIECEWISE_BEZIER_KNOTS.);
#3168 = CARTESIAN_POINT('',(0.78351103407,1.26104928375E-06,
    -2.290019808517));
#3169 = CARTESIAN_POINT('',(1.025985336769,-1.5134534453E-07,
    -2.149997622673));
#3170 = B_SPLINE_SURFACE_WITH_KNOTS('',1,10,(
    (#3171,#3172,#3173,#3174,#3175,#3176,#3177,#3178,#3179,#3180,#3181)
    ,(#3182,#3183,#3184,#3185,#3186,#3187,#3188,#3189,#3190,#3191,#3192
    )),.UNSPECIFIED.,.F.,.F.,.F.,(2,2),(11,11),(0.,0.28),(0.,
    6.295904828089),.PIECEWISE_BEZIER_KNOTS.);
#3171 = CARTESIAN_POINT('',(0.783511903369,1.32409914419E-06,
    -1.890020798902));
#3172 = CARTESIAN_POINT('',(0.783511537024,-0.492322794326,
    -1.930019433896));
#3173 = CARTESIAN_POINT('',(0.439857625622,-0.984343343617,
    -1.969994680566));
#3174 = CARTESIAN_POINT('',(-0.247972588926,-1.206219576017,
    -2.010092618766));
#3175 = CARTESIAN_POINT('',(-1.034060380904,-0.895283200292,
    -2.049946183895));
#3176 = CARTESIAN_POINT('',(-1.449734836296,-2.061543139842E-05,
    -2.090020303208));
#3177 = CARTESIAN_POINT('',(-1.03393011221,0.895306677317,
    -2.130094424324));
#3178 = CARTESIAN_POINT('',(-0.24810488778,1.206208452256,
    -2.169947988269));
#3179 = CARTESIAN_POINT('',(0.439898974056,0.984346467817,
    -2.210045926944));
#3180 = CARTESIAN_POINT('',(0.783511440016,0.492325379475,
    -2.250021173525));
#3181 = CARTESIAN_POINT('',(0.78351103407,1.26104928375E-06,
    -2.290019808517));
#3182 = CARTESIAN_POINT('',(1.025985565496,-1.589133281E-07,
    -1.749997503796));
#3183 = CARTESIAN_POINT('',(1.025985150425,-0.64464230795,
    -1.789997667641));
#3184 = CARTESIAN_POINT('',(0.576031069223,-1.289302854194,
    -1.830000638836));
#3185 = CARTESIAN_POINT('',(-0.324911163544,-1.578749813188,
    -1.869988883074));
#3186 = CARTESIAN_POINT('',(-1.353727822318,-1.173079662572,
    -1.910006460104));
#3187 = CARTESIAN_POINT('',(-1.898738705273,-4.50722630507E-06,
    -1.949997563099));
#3188 = CARTESIAN_POINT('',(-1.353692411711,1.173087145743,
    -1.98998866658));
#3189 = CARTESIAN_POINT('',(-0.324944451889,1.578747200413,
    -2.030006243292));
#3190 = CARTESIAN_POINT('',(0.576043194386,1.289303120044,
    -2.069994487656));
#3191 = CARTESIAN_POINT('',(1.025985747088,0.644641997691,-2.10999745883
    ));
#3192 = CARTESIAN_POINT('',(1.025985336769,-1.5134534453E-07,
    -2.149997622673));
#3193 = ADVANCED_FACE('',(#3194),#3224,.T.);
#3194 = FACE_BOUND('',#3195,.T.);
#3195 = EDGE_LOOP('',(#3196,#3212,#3213,#3214));
#3196 = ORIENTED_EDGE('',*,*,#3197,.F.);
#3197 = EDGE_CURVE('',#2832,#3198,#3200,.T.);
#3198 = VERTEX_POINT('',#3199);
#3199 = CARTESIAN_POINT('',(0.783520183599,1.261022557E-06,
    -2.390019808099));
#3200 = B_SPLINE_CURVE_WITH_KNOTS('',10,(#3201,#3202,#3203,#3204,#3205,
    #3206,#3207,#3208,#3209,#3210,#3211),.UNSPECIFIED.,.F.,.F.,(11,11),(
    0.,6.295904828089),.PIECEWISE_BEZIER_KNOTS.);
#3201 = CARTESIAN_POINT('',(0.783521510375,1.32406970196E-06,
    -1.990020798441));
#3202 = CARTESIAN_POINT('',(0.78352051349,-0.492328685624,
    -2.030019433495));
#3203 = CARTESIAN_POINT('',(0.439851156333,-0.98435469853,
    -2.069994681259));
#3204 = CARTESIAN_POINT('',(-0.24794179617,-1.206236695971,
    -2.110092615091));
#3205 = CARTESIAN_POINT('',(-1.034107803554,-0.895286869973,
    -2.14994618688));
#3206 = CARTESIAN_POINT('',(-1.449752202607,-3.020482423888E-05,
    -2.1900203025));
#3207 = CARTESIAN_POINT('',(-1.033907421052,0.895324495918,
    -2.230094420888));
#3208 = CARTESIAN_POINT('',(-0.248141628278,1.206220149647,
    -2.26994799086));
#3209 = CARTESIAN_POINT('',(0.439915975889,0.984358702887,
    -2.310045925417));
#3210 = CARTESIAN_POINT('',(0.783521220084,0.492331270717,
    -2.350021173049));
#3211 = CARTESIAN_POINT('',(0.783520183599,1.26102257044E-06,
    -2.390019808099));
#3212 = ORIENTED_EDGE('',*,*,#2849,.T.);
#3213 = ORIENTED_EDGE('',*,*,#3148,.T.);
#3214 = ORIENTED_EDGE('',*,*,#3215,.F.);
#3215 = EDGE_CURVE('',#3198,#3149,#3216,.T.);
#3216 = ( BOUNDED_CURVE() B_SPLINE_CURVE(6,(#3217,#3218,#3219,#3220,
#3221,#3222,#3223),.UNSPECIFIED.,.F.,.F.) B_SPLINE_CURVE_WITH_KNOTS((7,7
),(0.,2.094395102393),.PIECEWISE_BEZIER_KNOTS.) CURVE() 
GEOMETRIC_REPRESENTATION_ITEM() RATIONAL_B_SPLINE_CURVE((1.056590953773,
    1.017435169568,0.996326512422,0.989390034249,0.996326512422,
1.017435169568,1.056590953773)) REPRESENTATION_ITEM('') );
#3217 = CARTESIAN_POINT('',(0.783520183599,1.26102256964E-06,
    -2.390019808099));
#3218 = CARTESIAN_POINT('',(0.765394707361,1.36659654665E-06,
    -2.379557270591));
#3219 = CARTESIAN_POINT('',(0.752620686694,1.44099759189E-06,
    -2.361847448774));
#3220 = CARTESIAN_POINT('',(0.748002213305,1.4678933431E-06,
    -2.340023057617));
#3221 = CARTESIAN_POINT('',(0.752616692959,1.44100925259E-06,
    -2.318197821688));
#3222 = CARTESIAN_POINT('',(0.765387472681,1.36661766992E-06,
    -2.300485662642));
#3223 = CARTESIAN_POINT('',(0.78351103407,1.26104928544E-06,
    -2.290019808517));
#3224 = ( BOUNDED_SURFACE() B_SPLINE_SURFACE(6,10,(
    (#3225,#3226,#3227,#3228,#3229,#3230,#3231,#3232,#3233,#3234,#3235)
    ,(#3236,#3237,#3238,#3239,#3240,#3241,#3242,#3243,#3244,#3245,#3246)
    ,(#3247,#3248,#3249,#3250,#3251,#3252,#3253,#3254,#3255,#3256,#3257)
    ,(#3258,#3259,#3260,#3261,#3262,#3263,#3264,#3265,#3266,#3267,#3268)
    ,(#3269,#3270,#3271,#3272,#3273,#3274,#3275,#3276,#3277,#3278,#3279)
    ,(#3280,#3281,#3282,#3283,#3284,#3285,#3286,#3287,#3288,#3289,#3290)
    ,(#3291,#3292,#3293,#3294,#3295,#3296,#3297,#3298,#3299,#3300,#3301
)),.UNSPECIFIED.,.F.,.F.,.F.) B_SPLINE_SURFACE_WITH_KNOTS((7,7),(11,11),
  (0.,2.094395102393),(0.,6.295904828089),.PIECEWISE_BEZIER_KNOTS.) 
GEOMETRIC_REPRESENTATION_ITEM() RATIONAL_B_SPLINE_SURFACE((
    (1.056590953773,1.056590953773,1.056590953773,1.056590953773
      ,1.056590953773,1.056590953773,1.056590953773,1.056590953773
      ,1.056590953773,1.056590953773,1.056590953773)
    ,(1.017435169568,1.017435169568,1.017435169568,1.017435169568
      ,1.017435169569,1.017435169568,1.017435169568,1.017435169568
      ,1.017435169568,1.017435169568,1.017435169568)
    ,(0.996326512422,0.996326512422,0.996326512422,0.996326512422
      ,0.996326512423,0.996326512422,0.996326512423,0.996326512422
      ,0.996326512422,0.996326512422,0.996326512422)
    ,(0.989390034249,0.989390034249,0.989390034249,0.989390034248
      ,0.989390034249,0.989390034248,0.989390034249,0.989390034248
      ,0.989390034249,0.989390034249,0.989390034249)
    ,(0.996326512422,0.996326512422,0.996326512422,0.996326512422
      ,0.996326512423,0.996326512422,0.996326512423,0.996326512422
      ,0.996326512422,0.996326512422,0.996326512422)
    ,(1.017435169568,1.017435169568,1.017435169568,1.017435169568
      ,1.017435169569,1.017435169568,1.017435169569,1.017435169568
      ,1.017435169568,1.017435169568,1.017435169568)
    ,(1.056590953773,1.056590953773,1.056590953773,1.056590953773
      ,1.056590953773,1.056590953773,1.056590953773,1.056590953773
      ,1.056590953773,1.056590953773,1.056590953773
))) REPRESENTATION_ITEM('') SURFACE() );
#3225 = CARTESIAN_POINT('',(0.783521510375,1.32406970138E-06,
    -1.990020798441));
#3226 = CARTESIAN_POINT('',(0.78352051349,-0.492328685624,
    -2.030019433495));
#3227 = CARTESIAN_POINT('',(0.439851156333,-0.98435469853,
    -2.069994681259));
#3228 = CARTESIAN_POINT('',(-0.24794179617,-1.206236695972,
    -2.110092615091));
#3229 = CARTESIAN_POINT('',(-1.034107803554,-0.895286869973,
    -2.149946186879));
#3230 = CARTESIAN_POINT('',(-1.449752202608,-3.020482448948E-05,
    -2.190020302501));
#3231 = CARTESIAN_POINT('',(-1.033907421052,0.895324495918,
    -2.230094420887));
#3232 = CARTESIAN_POINT('',(-0.248141628278,1.206220149647,
    -2.26994799086));
#3233 = CARTESIAN_POINT('',(0.439915975889,0.984358702887,
    -2.310045925417));
#3234 = CARTESIAN_POINT('',(0.783521220084,0.492331270717,
    -2.350021173049));
#3235 = CARTESIAN_POINT('',(0.783520183599,1.26102256964E-06,
    -2.390019808099));
#3236 = CARTESIAN_POINT('',(0.765395986274,1.43492252755E-06,
    -1.979558343853));
#3237 = CARTESIAN_POINT('',(0.765395124992,-0.480942443928,
    -2.019556864622));
#3238 = CARTESIAN_POINT('',(0.429674327503,-0.961558350358,
    -2.059530039908));
#3239 = CARTESIAN_POINT('',(-0.24219752407,-1.178388617572,
    -2.099636173647));
#3240 = CARTESIAN_POINT('',(-1.010204573634,-0.874522412035,
    -2.139477485094));
#3241 = CARTESIAN_POINT('',(-1.416188107926,-2.940191447881E-05,
    -2.179557806481));
#3242 = CARTESIAN_POINT('',(-1.010011774727,0.874558272288,
    -2.21963813053));
#3243 = CARTESIAN_POINT('',(-0.242390623021,1.178372569956,
    -2.259479440229));
#3244 = CARTESIAN_POINT('',(0.429736419202,0.961562384157,
    -2.299585574668));
#3245 = CARTESIAN_POINT('',(0.765395611557,0.480945245448,
    -2.339558749826));
#3246 = CARTESIAN_POINT('',(0.765394707361,1.36659654665E-06,
    -2.379557270591));
#3247 = CARTESIAN_POINT('',(0.752621884589,1.51304387411E-06,
    -1.961848580474));
#3248 = CARTESIAN_POINT('',(0.752621184046,-0.472917917898,-2.0018470207
    ));
#3249 = CARTESIAN_POINT('',(0.422503355868,-0.945492524926,
    -2.041818735391));
#3250 = CARTESIAN_POINT('',(-0.238152702107,-1.158762227493,
    -2.081930648081));
#3251 = CARTESIAN_POINT('',(-0.993354997208,-0.859889259868,
    -2.121763318942));
#3252 = CARTESIAN_POINT('',(-1.392533599376,-2.784486118462E-05,
    -2.161848013932));
#3253 = CARTESIAN_POINT('',(-0.993174790036,0.85992241328,
    -2.201932711411));
#3254 = CARTESIAN_POINT('',(-0.238334075378,1.158747091839,
    -2.241765380637));
#3255 = CARTESIAN_POINT('',(0.422561099067,0.945496488493,
    -2.281877293981));
#3256 = CARTESIAN_POINT('',(0.752621432489,0.47292087194,-2.321849008552
    ));
#3257 = CARTESIAN_POINT('',(0.752620686694,1.44099759189E-06,
    -2.361847448774));
#3258 = CARTESIAN_POINT('',(0.748003311358,1.54128471716E-06,
    -1.940024210446));
#3259 = CARTESIAN_POINT('',(0.748002766163,-0.470016611888,
    -1.98002262155));
#3260 = CARTESIAN_POINT('',(0.419912466322,-0.939683916275,
    -2.019993808154));
#3261 = CARTESIAN_POINT('',(-0.236695484528,-1.151665793565,
    -2.060107810269));
#3262 = CARTESIAN_POINT('',(-0.987257545513,-0.854599664225,
    -2.099937357036));
#3263 = CARTESIAN_POINT('',(-1.383981197941,-2.580307416056E-05,
    -2.140023633397));
#3264 = CARTESIAN_POINT('',(-0.987092703398,0.854629657039,
    -2.180109912037));
#3265 = CARTESIAN_POINT('',(-0.236862203777,1.151651823871,
    -2.219939457307));
#3266 = CARTESIAN_POINT('',(0.419965017764,0.939687718707,
    -2.260053460023));
#3267 = CARTESIAN_POINT('',(0.748002804597,0.470019621066,
    -2.300024646515));
#3268 = CARTESIAN_POINT('',(0.748002213305,1.4678933431E-06,
    -2.340023057617));
#3269 = CARTESIAN_POINT('',(0.752617691166,1.51305672533E-06,
    -1.918198953407));
#3270 = CARTESIAN_POINT('',(0.752617265852,-0.472915346369,
    -1.958197393606));
#3271 = CARTESIAN_POINT('',(0.422506179689,-0.945487568549,
    -1.99816910782));
#3272 = CARTESIAN_POINT('',(-0.23816614303,-1.158754754697,
    -2.038281022416));
#3273 = CARTESIAN_POINT('',(-0.993334297398,-0.859887658066,
    -2.07811369037));
#3274 = CARTESIAN_POINT('',(-1.392526019046,-2.365912688049E-05,
    -2.118198386972));
#3275 = CARTESIAN_POINT('',(-0.993184694642,0.859914635527,
    -2.158283085642));
#3276 = CARTESIAN_POINT('',(-0.238318038287,1.158741985972,
    -2.198115752237));
#3277 = CARTESIAN_POINT('',(0.42255367783,0.945491147931,-2.238227667378
    ));
#3278 = CARTESIAN_POINT('',(0.752617163526,0.472918300434,
    -2.278199381491));
#3279 = CARTESIAN_POINT('',(0.752616692959,1.44100925259E-06,
    -2.318197821688));
#3280 = CARTESIAN_POINT('',(0.765388389859,1.4349458079E-06,
    -1.900486735938));
#3281 = CARTESIAN_POINT('',(0.765388027156,-0.480937785585,
    -1.940485256659));
#3282 = CARTESIAN_POINT('',(0.429679442873,-0.961549371845,
    -1.98045843108));
#3283 = CARTESIAN_POINT('',(-0.242221872398,-1.17837508055,
    -2.020564568273));
#3284 = CARTESIAN_POINT('',(-1.010167075781,-0.874519510359,
    -2.060405874454));
#3285 = CARTESIAN_POINT('',(-1.416174376105,-2.181942743393E-05,
    -2.100486198761));
#3286 = CARTESIAN_POINT('',(-1.010029716991,0.874544182833,
    -2.140566524968));
#3287 = CARTESIAN_POINT('',(-0.242361571719,1.17836332064,
    -2.180407829901));
#3288 = CARTESIAN_POINT('',(0.42972297558,0.96155270969,-2.220513967595)
  );
#3289 = CARTESIAN_POINT('',(0.7653878783,0.480940587148,-2.260487141922)
  );
#3290 = CARTESIAN_POINT('',(0.765387472681,1.36661766992E-06,
    -2.300485662642));
#3291 = CARTESIAN_POINT('',(0.783511903369,1.32409914411E-06,
    -1.890020798902));
#3292 = CARTESIAN_POINT('',(0.783511537024,-0.492322794326,
    -1.930019433896));
#3293 = CARTESIAN_POINT('',(0.439857625622,-0.984343343617,
    -1.969994680566));
#3294 = CARTESIAN_POINT('',(-0.247972588926,-1.206219576018,
    -2.010092618766));
#3295 = CARTESIAN_POINT('',(-1.034060380903,-0.895283200291,
    -2.049946183895));
#3296 = CARTESIAN_POINT('',(-1.449734836297,-2.061543164661E-05,
    -2.090020303209));
#3297 = CARTESIAN_POINT('',(-1.033930112209,0.895306677317,
    -2.130094424324));
#3298 = CARTESIAN_POINT('',(-0.24810488778,1.206208452256,
    -2.169947988269));
#3299 = CARTESIAN_POINT('',(0.439898974056,0.984346467817,
    -2.210045926944));
#3300 = CARTESIAN_POINT('',(0.783511440016,0.492325379475,
    -2.250021173525));
#3301 = CARTESIAN_POINT('',(0.78351103407,1.26104928544E-06,
    -2.290019808517));
#3302 = ADVANCED_FACE('',(#3303),#3313,.T.);
#3303 = FACE_BOUND('',#3304,.T.);
#3304 = EDGE_LOOP('',(#3305,#3306,#3307,#3308));
#3305 = ORIENTED_EDGE('',*,*,#2974,.F.);
#3306 = ORIENTED_EDGE('',*,*,#2943,.T.);
#3307 = ORIENTED_EDGE('',*,*,#3197,.T.);
#3308 = ORIENTED_EDGE('',*,*,#3309,.F.);
#3309 = EDGE_CURVE('',#2975,#3198,#3310,.T.);
#3310 = B_SPLINE_CURVE_WITH_KNOTS('',1,(#3311,#3312),.UNSPECIFIED.,.F.,
  .F.,(2,2),(0.,0.28),.PIECEWISE_BEZIER_KNOTS.);
#3311 = CARTESIAN_POINT('',(1.026020104981,-1.5144686003E-07,
    -2.529997621083));
#3312 = CARTESIAN_POINT('',(0.783520183599,1.26102257044E-06,
    -2.390019808099));
#3313 = B_SPLINE_SURFACE_WITH_KNOTS('',1,10,(
    (#3314,#3315,#3316,#3317,#3318,#3319,#3320,#3321,#3322,#3323,#3324)
    ,(#3325,#3326,#3327,#3328,#3329,#3330,#3331,#3332,#3333,#3334,#3335
    )),.UNSPECIFIED.,.F.,.F.,.F.,(2,2),(11,11),(0.,0.28),(0.,
    6.295904828089),.PIECEWISE_BEZIER_KNOTS.);
#3314 = CARTESIAN_POINT('',(1.02602207212,-1.5902520909E-07,
    -2.129997502042));
#3315 = CARTESIAN_POINT('',(1.026019260997,-0.644664694881,
    -2.169997666117));
#3316 = CARTESIAN_POINT('',(0.576006485928,-1.289346002866,
    -2.210000641469));
#3317 = CARTESIAN_POINT('',(-0.324794151069,-1.578814869013,
    -2.24998886911));
#3318 = CARTESIAN_POINT('',(-1.35390802839,-1.173093607361,
    -2.290006471446));
#3319 = CARTESIAN_POINT('',(-1.898804697254,-4.094691877654E-05,
    -2.329997560409));
#3320 = CARTESIAN_POINT('',(-1.353606185311,1.173154856426,
    -2.369988653519));
#3321 = CARTESIAN_POINT('',(-0.325084065781,1.578791650501,
    -2.410006253136));
#3322 = CARTESIAN_POINT('',(0.57610780135,1.289349613309,-2.449994481853
    ));
#3323 = CARTESIAN_POINT('',(1.026022911346,0.64466438441,-2.48999745702)
  );
#3324 = CARTESIAN_POINT('',(1.026020104981,-1.5144686003E-07,
    -2.529997621083));
#3325 = CARTESIAN_POINT('',(0.783521510375,1.32406970196E-06,
    -1.990020798441));
#3326 = CARTESIAN_POINT('',(0.78352051349,-0.492328685624,
    -2.030019433495));
#3327 = CARTESIAN_POINT('',(0.439851156333,-0.98435469853,
    -2.069994681259));
#3328 = CARTESIAN_POINT('',(-0.24794179617,-1.206236695971,
    -2.110092615091));
#3329 = CARTESIAN_POINT('',(-1.034107803554,-0.895286869973,
    -2.14994618688));
#3330 = CARTESIAN_POINT('',(-1.449752202607,-3.020482423888E-05,
    -2.1900203025));
#3331 = CARTESIAN_POINT('',(-1.033907421052,0.895324495918,
    -2.230094420888));
#3332 = CARTESIAN_POINT('',(-0.248141628278,1.206220149647,
    -2.26994799086));
#3333 = CARTESIAN_POINT('',(0.439915975889,0.984358702887,
    -2.310045925417));
#3334 = CARTESIAN_POINT('',(0.783521220084,0.492331270717,
    -2.350021173049));
#3335 = CARTESIAN_POINT('',(0.783520183599,1.26102257044E-06,
    -2.390019808099));
#3336 = ADVANCED_FACE('',(#3337),#3514,.T.);
#3337 = FACE_BOUND('',#3338,.F.);
#3338 = EDGE_LOOP('',(#3339,#3416,#3417,#3508));
#3339 = ORIENTED_EDGE('',*,*,#3340,.F.);
#3340 = EDGE_CURVE('',#2975,#3341,#3343,.T.);
#3341 = VERTEX_POINT('',#3342);
#3342 = CARTESIAN_POINT('',(1.,4.9754E-11,-2.914979176423));
#3343 = B_SPLINE_CURVE_WITH_KNOTS('',6,(#3344,#3345,#3346,#3347,#3348,
    #3349,#3350,#3351,#3352,#3353,#3354,#3355,#3356,#3357,#3358,#3359,
    #3360,#3361,#3362,#3363,#3364,#3365,#3366,#3367,#3368,#3369,#3370,
    #3371,#3372,#3373,#3374,#3375,#3376,#3377,#3378,#3379,#3380,#3381,
    #3382,#3383,#3384,#3385,#3386,#3387,#3388,#3389,#3390,#3391,#3392,
    #3393,#3394,#3395,#3396,#3397,#3398,#3399,#3400,#3401,#3402,#3403,
    #3404,#3405,#3406,#3407,#3408,#3409,#3410,#3411,#3412,#3413,#3414,
    #3415),.UNSPECIFIED.,.F.,.F.,(7,5,5,5,5,5,5,5,5,5,5,5,5,5,7),(0.,
    5.299977452321E-02,9.899959407528E-02,0.15257820639,0.255577087141,
    0.365063389103,0.433220465121,0.496016372017,0.566954705919,
    0.634244644902,0.737924555251,0.849725824608,0.902154116423,
    0.949153487361,1.),.UNSPECIFIED.);
#3344 = CARTESIAN_POINT('',(1.,1.103011E-10,-2.514978080589));
#3345 = CARTESIAN_POINT('',(1.000000000003,-5.549999403744E-02,
    -2.518511456714));
#3346 = CARTESIAN_POINT('',(0.996303663381,-0.111000503438,
    -2.52204462283));
#3347 = CARTESIAN_POINT('',(0.988911041762,-0.166192110697,
    -2.525578016656));
#3348 = CARTESIAN_POINT('',(0.977856559798,-0.22076785102,
    -2.529111955951));
#3349 = CARTESIAN_POINT('',(0.963208250327,-0.274426641875,
    -2.532646517279));
#3350 = CARTESIAN_POINT('',(0.929321739109,-0.372399430702,
    -2.539249440048));
#3351 = CARTESIAN_POINT('',(0.910945058237,-0.417012291659,
    -2.542317769408));
#3352 = CARTESIAN_POINT('',(0.890002852797,-0.460524743725,
    -2.545386248221));
#3353 = CARTESIAN_POINT('',(0.866579058288,-0.502753401295,
    -2.548454700556));
#3354 = CARTESIAN_POINT('',(0.840774818586,-0.543523716379,
    -2.551522944655));
#3355 = CARTESIAN_POINT('',(0.780016250462,-0.628269480155,
    -2.558164124196));
#3356 = CARTESIAN_POINT('',(0.744254262468,-0.671667070031,
    -2.561736986926));
#3357 = CARTESIAN_POINT('',(0.705607600173,-0.712604929092,
    -2.565309083263));
#3358 = CARTESIAN_POINT('',(0.664290222172,-0.750845978054,
    -2.568880366155));
#3359 = CARTESIAN_POINT('',(0.620541240832,-0.786178472342,
    -2.572450921909));
#3360 = CARTESIAN_POINT('',(0.486347452407,-0.880397585507,
    -2.582883599744));
#3361 = CARTESIAN_POINT('',(0.390037899723,-0.930959735999,
    -2.58974511678));
#3362 = CARTESIAN_POINT('',(0.28756817336,-0.968780345314,-2.59660429675
    ));
#3363 = CARTESIAN_POINT('',(0.181060159232,-0.992991336128,
    -2.603464979424));
#3364 = CARTESIAN_POINT('',(7.276451158602E-02,-1.003164222086,
    -2.610329429956));
#3365 = CARTESIAN_POINT('',(-0.149606349949,-0.995370611814,
    -2.624493554219));
#3366 = CARTESIAN_POINT('',(-0.263655370375,-0.975589973687,
    -2.631795854371));
#3367 = CARTESIAN_POINT('',(-0.374413330901,-0.940131170781,
    -2.639099103021));
#3368 = CARTESIAN_POINT('',(-0.47922529929,-0.889738254541,
    -2.646402817699));
#3369 = CARTESIAN_POINT('',(-0.575649551748,-0.825695426605,
    -2.653706878243));
#3370 = CARTESIAN_POINT('',(-0.71513951287,-0.702616294335,
    -2.66555317842));
#3371 = CARTESIAN_POINT('',(-0.764615011171,-0.650808925386,
    -2.670097819468));
#3372 = CARTESIAN_POINT('',(-0.809553290789,-0.594852312382,
    -2.674641618576));
#3373 = CARTESIAN_POINT('',(-0.849527553337,-0.5352486372,
    -2.679184833986));
#3374 = CARTESIAN_POINT('',(-0.884186318426,-0.472555315549,
    -2.683727842094));
#3375 = CARTESIAN_POINT('',(-0.940049540689,-0.347319704168,
    -2.692456081117));
#3376 = CARTESIAN_POINT('',(-0.962099079352,-0.285150758834,
    -2.696641530406));
#3377 = CARTESIAN_POINT('',(-0.979200496913,-0.221337172904,
    -2.700826994178));
#3378 = CARTESIAN_POINT('',(-0.99120788778,-0.156372470932,
    -2.705012750809));
#3379 = CARTESIAN_POINT('',(-0.998040915651,-9.07649277005E-02,
    -2.709199005185));
#3380 = CARTESIAN_POINT('',(-1.001545947513,4.923090471293E-02,
    -2.718114955696));
#3381 = CARTESIAN_POINT('',(-0.996785579865,0.123658706627,
    -2.72284498982));
#3382 = CARTESIAN_POINT('',(-0.985387019481,0.197512041659,
    -2.727575324312));
#3383 = CARTESIAN_POINT('',(-0.967442111662,0.270053620947,
    -2.732305913266));
#3384 = CARTESIAN_POINT('',(-0.94315000589,0.340567559192,
    -2.737036616296));
#3385 = CARTESIAN_POINT('',(-0.884038205495,0.472696135033,
    -2.746253738861));
#3386 = CARTESIAN_POINT('',(-0.84982262041,0.534585569439,
    -2.750740465774));
#3387 = CARTESIAN_POINT('',(-0.810425886697,0.593465284231,
    -2.755226492902));
#3388 = CARTESIAN_POINT('',(-0.766185784177,0.64879870811,
    -2.759711783268));
#3389 = CARTESIAN_POINT('',(-0.717511741425,0.700101628918,
    -2.764196440645));
#3390 = CARTESIAN_POINT('',(-0.583778586103,0.819140172219,
    -2.775589214335));
#3391 = CARTESIAN_POINT('',(-0.493262440375,0.880772457674,
    -2.782497643081));
#3392 = CARTESIAN_POINT('',(-0.395073210229,0.930286867729,
    -2.789403975295));
#3393 = CARTESIAN_POINT('',(-0.291261179801,0.966557778198,
    -2.796311076345));
#3394 = CARTESIAN_POINT('',(-0.184059268559,0.988893128262,
    -2.803221770829));
#3395 = CARTESIAN_POINT('',(4.093582881468E-02,1.005997346383,
    -2.817587485681));
#3396 = CARTESIAN_POINT('',(0.158943807697,0.998473061538,
    -2.825045412064));
#3397 = CARTESIAN_POINT('',(0.27528877773,0.974315786128,-2.832504706541
    ));
#3398 = CARTESIAN_POINT('',(0.387074859001,0.934016112037,
    -2.839965280795));
#3399 = CARTESIAN_POINT('',(0.491574715296,0.878670318586,
    -2.847425281297));
#3400 = CARTESIAN_POINT('',(0.63088152925,0.777819261836,-2.858377075375
    ));
#3401 = CARTESIAN_POINT('',(0.673232804181,0.742693499922,
    -2.861872684475));
#3402 = CARTESIAN_POINT('',(0.713221010113,0.70481287377,-2.865367512526
    ));
#3403 = CARTESIAN_POINT('',(0.750624545912,0.664378441262,
    -2.868861656347));
#3404 = CARTESIAN_POINT('',(0.785245127834,0.621614240481,
    -2.872355333416));
#3405 = CARTESIAN_POINT('',(0.84529669699,0.536559182179,-2.878980411452
    ));
#3406 = CARTESIAN_POINT('',(0.871308472335,0.494677249759,
    -2.882111910338));
#3407 = CARTESIAN_POINT('',(0.894821595067,0.451294739384,
    -2.885243381862));
#3408 = CARTESIAN_POINT('',(0.915729925217,0.406598851682,
    -2.888375080821));
#3409 = CARTESIAN_POINT('',(0.933946175574,0.360786214928,
    -2.891507213527));
#3410 = CARTESIAN_POINT('',(0.966124632649,0.263511112321,
    -2.898028756988));
#3411 = CARTESIAN_POINT('',(0.979616812103,0.211892359863,-2.9014182848)
  );
#3412 = CARTESIAN_POINT('',(0.989793793244,0.159463469035,
    -2.904808383346));
#3413 = CARTESIAN_POINT('',(0.996597911834,0.106490710875,
    -2.908198875771));
#3414 = CARTESIAN_POINT('',(0.999999999997,5.324516998731E-02,
    -2.911589358857));
#3415 = CARTESIAN_POINT('',(1.,9.950418E-11,-2.914979176423));
#3416 = ORIENTED_EDGE('',*,*,#3134,.T.);
#3417 = ORIENTED_EDGE('',*,*,#3418,.T.);
#3418 = EDGE_CURVE('',#3058,#3419,#3421,.T.);
#3419 = VERTEX_POINT('',#3420);
#3420 = CARTESIAN_POINT('',(1.,7.005E-12,-2.96500309062));
#3421 = B_SPLINE_CURVE_WITH_KNOTS('',7,(#3422,#3423,#3424,#3425,#3426,
    #3427,#3428,#3429,#3430,#3431,#3432,#3433,#3434,#3435,#3436,#3437,
    #3438,#3439,#3440,#3441,#3442,#3443,#3444,#3445,#3446,#3447,#3448,
    #3449,#3450,#3451,#3452,#3453,#3454,#3455,#3456,#3457,#3458,#3459,
    #3460,#3461,#3462,#3463,#3464,#3465,#3466,#3467,#3468,#3469,#3470,
    #3471,#3472,#3473,#3474,#3475,#3476,#3477,#3478,#3479,#3480,#3481,
    #3482,#3483,#3484,#3485,#3486,#3487,#3488,#3489,#3490,#3491,#3492,
    #3493,#3494,#3495,#3496,#3497,#3498,#3499,#3500,#3501,#3502,#3503,
    #3504,#3505,#3506,#3507),.UNSPECIFIED.,.F.,.F.,(8,6,6,6,6,6,6,6,6,6,
    6,6,6,6,8),(0.,5.111197345671E-02,9.611415618826E-02,0.148041216438,
    0.262045202995,0.362333042137,0.431524330665,0.499527333058,
    0.535909329463,0.555910461012,0.738082633712,0.845618780823,
    0.899287674664,0.946290265805,1.),.UNSPECIFIED.);
#3422 = CARTESIAN_POINT('',(1.,1.558742E-11,-2.565003262343));
#3423 = CARTESIAN_POINT('',(1.,-4.587425692608E-02,-2.567923691398));
#3424 = CARTESIAN_POINT('',(0.997544789263,-9.174879702784E-02,
    -2.570844433426));
#3425 = CARTESIAN_POINT('',(0.992634398153,-0.137465116747,
    -2.573765190579));
#3426 = CARTESIAN_POINT('',(0.985281589478,-0.182865604299,
    -2.57668575596));
#3427 = CARTESIAN_POINT('',(0.97551168161,-0.227794350011,
    -2.579606007294));
#3428 = CARTESIAN_POINT('',(0.963362371606,-0.272097956666,
    -2.582525900592));
#3429 = CARTESIAN_POINT('',(0.936135504273,-0.35395147355,
    -2.588016030164));
#3430 = CARTESIAN_POINT('',(0.921581456568,-0.391676058135,
    -2.590586364031));
#3431 = CARTESIAN_POINT('',(0.905255453652,-0.428697769912,
    -2.593156476337));
#3432 = CARTESIAN_POINT('',(0.887198644747,-0.46491699472,
    -2.595726444292));
#3433 = CARTESIAN_POINT('',(0.8674590866,-0.500237268897,-2.598296376414
    ));
#3434 = CARTESIAN_POINT('',(0.846091540218,-0.534565710236,
    -2.600866377549));
#3435 = CARTESIAN_POINT('',(0.796693898859,-0.606177306551,
    -2.606402139452));
#3436 = CARTESIAN_POINT('',(0.768144190347,-0.643102765812,
    -2.609367981707));
#3437 = CARTESIAN_POINT('',(0.737602340258,-0.67845316325,
    -2.612334140222));
#3438 = CARTESIAN_POINT('',(0.705173316902,-0.71210009178,
    -2.615300722999));
#3439 = CARTESIAN_POINT('',(0.670972166087,-0.743924131566,
    -2.618267809054));
#3440 = CARTESIAN_POINT('',(0.635123318489,-0.773815580891,
    -2.621235411002));
#3441 = CARTESIAN_POINT('',(0.515729853801,-0.862839946759,
    -2.630719633004));
#3442 = CARTESIAN_POINT('',(0.426383007539,-0.914223337827,
    -2.637239142396));
#3443 = CARTESIAN_POINT('',(0.331146262272,-0.95475223386,
    -2.643759533877));
#3444 = CARTESIAN_POINT('',(0.231611718321,-0.983648917022,
    -2.650279392881));
#3445 = CARTESIAN_POINT('',(0.129479813532,-1.000420261181,
    -2.656798217205));
#3446 = CARTESIAN_POINT('',(2.651044494941E-02,-1.004871480593,
    -2.663315604775));
#3447 = CARTESIAN_POINT('',(-0.165270976072,-0.990347069573,
    -2.675560129911));
#3448 = CARTESIAN_POINT('',(-0.254320200009,-0.974123769135,
    -2.681289518213));
#3449 = CARTESIAN_POINT('',(-0.341460041956,-0.948562344828,
    -2.687016914197));
#3450 = CARTESIAN_POINT('',(-0.425521820957,-0.913945830381,
    -2.692743122688));
#3451 = CARTESIAN_POINT('',(-0.505393810382,-0.87073168109,
    -2.698469549049));
#3452 = CARTESIAN_POINT('',(-0.580046093991,-0.819541794615,
    -2.704197050508));
#3453 = CARTESIAN_POINT('',(-0.695829934934,-0.720886505986,
    -2.713876576287));
#3454 = CARTESIAN_POINT('',(-0.740182612766,-0.67718379293,
    -2.717828847452));
#3455 = CARTESIAN_POINT('',(-0.781318353759,-0.630310696834,
    -2.721781583414));
#3456 = CARTESIAN_POINT('',(-0.818967436163,-0.580553352586,
    -2.725734821527));
#3457 = CARTESIAN_POINT('',(-0.852892807683,-0.528225186338,
    -2.729688587305));
#3458 = CARTESIAN_POINT('',(-0.882892595208,-0.473663545188,
    -2.733642787199));
#3459 = CARTESIAN_POINT('',(-0.934267657071,-0.361758357197,
    -2.741483504456));
#3460 = CARTESIAN_POINT('',(-0.955783371148,-0.304476137574,
    -2.745370200098));
#3461 = CARTESIAN_POINT('',(-0.973193884222,-0.245719369009,
    -2.749256892731));
#3462 = CARTESIAN_POINT('',(-0.986380803916,-0.185841812401,
    -2.753143453686));
#3463 = CARTESIAN_POINT('',(-0.995264015262,-0.125207567819,
    -2.757029832642));
#3464 = CARTESIAN_POINT('',(-0.999802477964,-6.418735379637E-02,
    -2.760915969066));
#3465 = CARTESIAN_POINT('',(-1.000098036694,2.949798696164E-02,
    -2.76688059395));
#3466 = CARTESIAN_POINT('',(-0.998957128061,6.215484070646E-02,
    -2.768959395514));
#3467 = CARTESIAN_POINT('',(-0.996572138584,9.475861693329E-02,
    -2.771038105811));
#3468 = CARTESIAN_POINT('',(-0.992946134633,0.127252518578,
    -2.773116727163));
#3469 = CARTESIAN_POINT('',(-0.988085408109,0.1595801092,-2.775195266747
    ));
#3470 = CARTESIAN_POINT('',(-0.981999476449,0.191685312979,
    -2.777273736594));
#3471 = CARTESIAN_POINT('',(-0.970688764735,0.241009476769,
    -2.780494770704));
#3472 = CARTESIAN_POINT('',(-0.966309997712,0.258422537054,
    -2.78163737209));
#3473 = CARTESIAN_POINT('',(-0.961566895323,0.275742372715,
    -2.782779960499));
#3474 = CARTESIAN_POINT('',(-0.956461855876,0.292959844839,
    -2.783922538892));
#3475 = CARTESIAN_POINT('',(-0.950997562215,0.310065898453,
    -2.785065110437));
#3476 = CARTESIAN_POINT('',(-0.945176981719,0.32705156253,
    -2.786207678516));
#3477 = CARTESIAN_POINT('',(-0.882773501009,0.497437499985,
    -2.797756864509));
#3478 = CARTESIAN_POINT('',(-0.797190627065,0.640423652504,
    -2.808175756218));
#3479 = CARTESIAN_POINT('',(-0.684707671895,0.765779018613,
    -2.818586487211));
#3480 = CARTESIAN_POINT('',(-0.549942629382,0.867642466169,
    -2.829000890359));
#3481 = CARTESIAN_POINT('',(-0.398659112925,0.941660728431,
    -2.839421423562));
#3482 = CARTESIAN_POINT('',(-0.237751415378,0.984991016553,
    -2.849847887241));
#3483 = CARTESIAN_POINT('',(2.153979923293E-02,1.004415879293,
    -2.866401253655));
#3484 = CARTESIAN_POINT('',(0.118611396442,1.000789725824,
    -2.872544687561));
#3485 = CARTESIAN_POINT('',(0.215019567143,0.986210404924,
    -2.878685383697));
#3486 = CARTESIAN_POINT('',(0.309287454788,0.960825733962,
    -2.884823998739));
#3487 = CARTESIAN_POINT('',(0.399981987743,0.925021138721,
    -2.890962597965));
#3488 = CARTESIAN_POINT('',(0.485750531863,0.87941014181,-2.897102966923
    ));
#3489 = CARTESIAN_POINT('',(0.605095634618,0.797608696797,-2.90630922678
    ));
#3490 = CARTESIAN_POINT('',(0.643298233856,0.768141925965,-2.90937467519
    ));
#3491 = CARTESIAN_POINT('',(0.679819419616,0.736545649158,
    -2.912440642928));
#3492 = CARTESIAN_POINT('',(0.714517391012,0.702935833333,
    -2.915507174821));
#3493 = CARTESIAN_POINT('',(0.74726065546,0.667439909456,-2.918574274547
    ));
#3494 = CARTESIAN_POINT('',(0.777928875515,0.630195937715,
    -2.921641866813));
#3495 = CARTESIAN_POINT('',(0.831360406441,0.557332506209,
    -2.927396584199));
#3496 = CARTESIAN_POINT('',(0.854632758624,0.522085448759,
    -2.930083674658));
#3497 = CARTESIAN_POINT('',(0.876158060489,0.485709825916,
    -2.932770917617));
#3498 = CARTESIAN_POINT('',(0.895871209392,0.448309844689,
    -2.935458194387));
#3499 = CARTESIAN_POINT('',(0.913714976332,0.409994163477,
    -2.938145388192));
#3500 = CARTESIAN_POINT('',(0.929640270476,0.370875361969,
    -2.940832391475));
#3501 = CARTESIAN_POINT('',(0.95956546645,0.285583258226,-2.946589222886
    ));
#3502 = CARTESIAN_POINT('',(0.972966561351,0.239199177899,
    -2.949659017151));
#3503 = CARTESIAN_POINT('',(0.983748938185,0.192090394939,-2.95272833059
    ));
#3504 = CARTESIAN_POINT('',(0.991866667143,0.144434394481,
    -2.955797177402));
#3505 = CARTESIAN_POINT('',(0.997288878116,9.641188176472E-02,
    -2.958865719794));
#3506 = CARTESIAN_POINT('',(1.,4.820574196094E-02,-2.961934236388));
#3507 = CARTESIAN_POINT('',(1.,1.398825E-11,-2.96500309062));
#3508 = ORIENTED_EDGE('',*,*,#3509,.F.);
#3509 = EDGE_CURVE('',#3341,#3419,#3510,.T.);
#3510 = LINE('',#3511,#3512);
#3511 = CARTESIAN_POINT('',(1.,0.,-1.E-01));
#3512 = VECTOR('',#3513,1.);
#3513 = DIRECTION('',(0.,0.,-1.));
#3514 = CYLINDRICAL_SURFACE('',#3515,1.);
#3515 = AXIS2_PLACEMENT_3D('',#3516,#3517,#3518);
#3516 = CARTESIAN_POINT('',(0.,0.,-1.E-01));
#3517 = DIRECTION('',(-0.,-0.,-1.));
#3518 = DIRECTION('',(1.,0.,0.));
#3519 = ADVANCED_FACE('',(#3520),#3545,.T.);
#3520 = FACE_BOUND('',#3521,.T.);
#3521 = EDGE_LOOP('',(#3522,#3538,#3539,#3540));
#3522 = ORIENTED_EDGE('',*,*,#3523,.F.);
#3523 = EDGE_CURVE('',#3149,#3524,#3526,.T.);
#3524 = VERTEX_POINT('',#3525);
#3525 = CARTESIAN_POINT('',(0.783510164775,1.197999161E-06,
    -2.690018818129));
#3526 = ( BOUNDED_CURVE() B_SPLINE_CURVE(10,(#3527,#3528,#3529,#3530,
    #3531,#3532,#3533,#3534,#3535,#3536,#3537),.UNSPECIFIED.,.F.,.F.) 
B_SPLINE_CURVE_WITH_KNOTS((11,11),(0.,6.295904828089),
.PIECEWISE_BEZIER_KNOTS.) CURVE() GEOMETRIC_REPRESENTATION_ITEM() 
RATIONAL_B_SPLINE_CURVE((1.056590953773,1.056590953773,1.056590953773,
    1.056590953773,1.056590953773,1.056590953773,1.056590953773,
    1.056590953773,1.056590953773,1.056590953773,1.056590953773)) 
REPRESENTATION_ITEM('') );
#3527 = CARTESIAN_POINT('',(0.78351103407,1.26104927176E-06,
    -2.290019808517));
#3528 = CARTESIAN_POINT('',(0.783510628124,-0.492322311299,
    -2.330018443507));
#3529 = CARTESIAN_POINT('',(0.439857058295,-0.984342285717,
    -2.369993690076));
#3530 = CARTESIAN_POINT('',(-0.247972410473,-1.206218220418,
    -2.410091628671));
#3531 = CARTESIAN_POINT('',(-1.034059306575,-0.895282121325,
    -2.44994519321));
#3532 = CARTESIAN_POINT('',(-1.449733226567,-2.049858043723E-05,
    -2.490019312822));
#3533 = CARTESIAN_POINT('',(-1.033928894109,0.895305764476,
    -2.530093434236));
#3534 = CARTESIAN_POINT('',(-0.248104514921,1.206207136698,
    -2.569946997591));
#3535 = CARTESIAN_POINT('',(0.439898565093,0.984345339098,-2.61004493666
    ));
#3536 = CARTESIAN_POINT('',(0.783510610322,0.492324770347,
    -2.650020183142));
#3537 = CARTESIAN_POINT('',(0.783510164775,1.19799917225E-06,
    -2.690018818129));
#3538 = ORIENTED_EDGE('',*,*,#3166,.T.);
#3539 = ORIENTED_EDGE('',*,*,#3057,.T.);
#3540 = ORIENTED_EDGE('',*,*,#3541,.F.);
#3541 = EDGE_CURVE('',#3524,#3058,#3542,.T.);
#3542 = B_SPLINE_CURVE_WITH_KNOTS('',1,(#3543,#3544),.UNSPECIFIED.,.F.,
  .F.,(2,2),(0.,0.28),.PIECEWISE_BEZIER_KNOTS.);
#3543 = CARTESIAN_POINT('',(0.783510164775,1.19799917189E-06,
    -2.690018818129));
#3544 = CARTESIAN_POINT('',(1.025985108041,-1.4377744605E-07,
    -2.54999774155));
#3545 = B_SPLINE_SURFACE_WITH_KNOTS('',1,10,(
    (#3546,#3547,#3548,#3549,#3550,#3551,#3552,#3553,#3554,#3555,#3556)
    ,(#3557,#3558,#3559,#3560,#3561,#3562,#3563,#3564,#3565,#3566,#3567
    )),.UNSPECIFIED.,.F.,.F.,.F.,(2,2),(11,11),(0.,0.28),(0.,
    6.295904828089),.PIECEWISE_BEZIER_KNOTS.);
#3546 = CARTESIAN_POINT('',(0.78351103407,1.2610492717E-06,
    -2.290019808517));
#3547 = CARTESIAN_POINT('',(0.783510628124,-0.492322311299,
    -2.330018443507));
#3548 = CARTESIAN_POINT('',(0.439857058295,-0.984342285717,
    -2.369993690076));
#3549 = CARTESIAN_POINT('',(-0.247972410474,-1.206218220417,
    -2.41009162867));
#3550 = CARTESIAN_POINT('',(-1.034059306575,-0.895282121326,
    -2.44994519321));
#3551 = CARTESIAN_POINT('',(-1.449733226567,-2.049858038422E-05,
    -2.490019312821));
#3552 = CARTESIAN_POINT('',(-1.033928894109,0.895305764476,
    -2.530093434236));
#3553 = CARTESIAN_POINT('',(-0.248104514921,1.206207136698,
    -2.569946997591));
#3554 = CARTESIAN_POINT('',(0.439898565093,0.984345339098,
    -2.610044936661));
#3555 = CARTESIAN_POINT('',(0.783510610322,0.492324770347,
    -2.650020183142));
#3556 = CARTESIAN_POINT('',(0.783510164775,1.19799917189E-06,
    -2.690018818129));
#3557 = CARTESIAN_POINT('',(1.025985336769,-1.5134535679E-07,
    -2.149997622673));
#3558 = CARTESIAN_POINT('',(1.025984926451,-0.644642156699,
    -2.189997786517));
#3559 = CARTESIAN_POINT('',(0.576030950288,-1.289302562275,
    -2.230000757686));
#3560 = CARTESIAN_POINT('',(-0.324911079347,-1.578749464176,
    -2.269989002028));
#3561 = CARTESIAN_POINT('',(-1.3537275121,-1.173079410503,
    -2.310006578903));
#3562 = CARTESIAN_POINT('',(-1.898738281724,-4.52125024841E-06,
    -2.349997681976));
#3563 = CARTESIAN_POINT('',(-1.35369211875,1.173086873731,
    -2.389988785536));
#3564 = CARTESIAN_POINT('',(-0.324944391027,1.578746846597,
    -2.430006362092));
#3565 = CARTESIAN_POINT('',(0.576043056442,1.289302836625,-2.46999460656
    ));
#3566 = CARTESIAN_POINT('',(1.025985513607,0.644641861576,
    -2.509997577708));
#3567 = CARTESIAN_POINT('',(1.025985108041,-1.4377744605E-07,
    -2.54999774155));
#3568 = ADVANCED_FACE('',(#3569),#3599,.T.);
#3569 = FACE_BOUND('',#3570,.T.);
#3570 = EDGE_LOOP('',(#3571,#3587,#3588,#3589));
#3571 = ORIENTED_EDGE('',*,*,#3572,.F.);
#3572 = EDGE_CURVE('',#3198,#3573,#3575,.T.);
#3573 = VERTEX_POINT('',#3574);
#3574 = CARTESIAN_POINT('',(0.783518856828,1.197975039E-06,
    -2.790018817751));
#3575 = B_SPLINE_CURVE_WITH_KNOTS('',10,(#3576,#3577,#3578,#3579,#3580,
    #3581,#3582,#3583,#3584,#3585,#3586),.UNSPECIFIED.,.F.,.F.,(11,11),(
    0.,6.295904828089),.PIECEWISE_BEZIER_KNOTS.);
#3576 = CARTESIAN_POINT('',(0.783520183599,1.26102255733E-06,
    -2.390019808099));
#3577 = CARTESIAN_POINT('',(0.783519147116,-0.492327915215,
    -2.430018443146));
#3578 = CARTESIAN_POINT('',(0.439850332118,-0.984353065263,
    -2.469993690757));
#3579 = CARTESIAN_POINT('',(-0.247941472645,-1.206234637509,
    -2.51009162519));
#3580 = CARTESIAN_POINT('',(-1.034106126016,-0.895285266907,
    -2.54994519608));
#3581 = CARTESIAN_POINT('',(-1.44974974574,-3.008797698079E-05,
    -2.590019312155));
#3582 = CARTESIAN_POINT('',(-1.033905599747,0.895323058968,
    -2.630093430998));
#3583 = CARTESIAN_POINT('',(-0.248141110356,1.206218131226,
    -2.669947000071));
#3584 = CARTESIAN_POINT('',(0.439915310031,0.984356998803,-2.71004493523
    ));
#3585 = CARTESIAN_POINT('',(0.783519932912,0.492330374212,
    -2.750020182709));
#3586 = CARTESIAN_POINT('',(0.783518856828,1.19797505056E-06,
    -2.790018817751));
#3587 = ORIENTED_EDGE('',*,*,#3215,.T.);
#3588 = ORIENTED_EDGE('',*,*,#3523,.T.);
#3589 = ORIENTED_EDGE('',*,*,#3590,.F.);
#3590 = EDGE_CURVE('',#3573,#3524,#3591,.T.);
#3591 = ( BOUNDED_CURVE() B_SPLINE_CURVE(6,(#3592,#3593,#3594,#3595,
#3596,#3597,#3598),.UNSPECIFIED.,.F.,.F.) B_SPLINE_CURVE_WITH_KNOTS((7,7
),(0.,2.094395102393),.PIECEWISE_BEZIER_KNOTS.) CURVE() 
GEOMETRIC_REPRESENTATION_ITEM() RATIONAL_B_SPLINE_CURVE((1.056590953773,
    1.017435169568,0.996326512422,0.989390034249,0.996326512422,
1.017435169568,1.056590953773)) REPRESENTATION_ITEM('') );
#3592 = CARTESIAN_POINT('',(0.783518856828,1.19797505019E-06,
    -2.790018817751));
#3593 = CARTESIAN_POINT('',(0.765393428453,1.29827019321E-06,
    -2.779556197323));
#3594 = CARTESIAN_POINT('',(0.752619488805,1.36895096139E-06,
    -2.761846317068));
#3595 = CARTESIAN_POINT('',(0.748001115258,1.39450165029E-06,
    -2.740021904783));
#3596 = CARTESIAN_POINT('',(0.752615694757,1.36896149025E-06,
    -2.718196689964));
#3597 = CARTESIAN_POINT('',(0.765386555508,1.29828926729E-06,
    -2.700484589342));
#3598 = CARTESIAN_POINT('',(0.783510164775,1.19799917225E-06,
    -2.690018818129));
#3599 = ( BOUNDED_SURFACE() B_SPLINE_SURFACE(6,10,(
    (#3600,#3601,#3602,#3603,#3604,#3605,#3606,#3607,#3608,#3609,#3610)
    ,(#3611,#3612,#3613,#3614,#3615,#3616,#3617,#3618,#3619,#3620,#3621)
    ,(#3622,#3623,#3624,#3625,#3626,#3627,#3628,#3629,#3630,#3631,#3632)
    ,(#3633,#3634,#3635,#3636,#3637,#3638,#3639,#3640,#3641,#3642,#3643)
    ,(#3644,#3645,#3646,#3647,#3648,#3649,#3650,#3651,#3652,#3653,#3654)
    ,(#3655,#3656,#3657,#3658,#3659,#3660,#3661,#3662,#3663,#3664,#3665)
    ,(#3666,#3667,#3668,#3669,#3670,#3671,#3672,#3673,#3674,#3675,#3676
)),.UNSPECIFIED.,.F.,.F.,.F.) B_SPLINE_SURFACE_WITH_KNOTS((7,7),(11,11),
  (0.,2.094395102393),(0.,6.295904828089),.PIECEWISE_BEZIER_KNOTS.) 
GEOMETRIC_REPRESENTATION_ITEM() RATIONAL_B_SPLINE_SURFACE((
    (1.056590953773,1.056590953773,1.056590953773,1.056590953773
      ,1.056590953773,1.056590953773,1.056590953773,1.056590953773
      ,1.056590953773,1.056590953773,1.056590953773)
    ,(1.017435169568,1.017435169568,1.017435169568,1.017435169568
      ,1.017435169569,1.017435169568,1.017435169568,1.017435169568
      ,1.017435169568,1.017435169568,1.017435169568)
    ,(0.996326512422,0.996326512422,0.996326512422,0.996326512422
      ,0.996326512423,0.996326512422,0.996326512423,0.996326512422
      ,0.996326512422,0.996326512422,0.996326512422)
    ,(0.989390034249,0.989390034249,0.989390034249,0.989390034248
      ,0.989390034249,0.989390034248,0.989390034249,0.989390034248
      ,0.989390034249,0.989390034249,0.989390034249)
    ,(0.996326512422,0.996326512422,0.996326512422,0.996326512422
      ,0.996326512423,0.996326512422,0.996326512423,0.996326512422
      ,0.996326512422,0.996326512422,0.996326512422)
    ,(1.017435169568,1.017435169568,1.017435169568,1.017435169568
      ,1.017435169569,1.017435169568,1.017435169569,1.017435169568
      ,1.017435169568,1.017435169568,1.017435169568)
    ,(1.056590953773,1.056590953773,1.056590953773,1.056590953773
      ,1.056590953773,1.056590953773,1.056590953773,1.056590953773
      ,1.056590953773,1.056590953773,1.056590953773
))) REPRESENTATION_ITEM('') SURFACE() );
#3600 = CARTESIAN_POINT('',(0.783520183599,1.26102255768E-06,
    -2.390019808099));
#3601 = CARTESIAN_POINT('',(0.783519147116,-0.492327915215,
    -2.430018443146));
#3602 = CARTESIAN_POINT('',(0.439850332118,-0.984353065263,
    -2.469993690756));
#3603 = CARTESIAN_POINT('',(-0.247941472645,-1.20623463751,
    -2.51009162519));
#3604 = CARTESIAN_POINT('',(-1.034106126015,-0.895285266906,
    -2.54994519608));
#3605 = CARTESIAN_POINT('',(-1.44974974574,-3.008797713264E-05,
    -2.590019312156));
#3606 = CARTESIAN_POINT('',(-1.033905599747,0.895323058968,
    -2.630093430997));
#3607 = CARTESIAN_POINT('',(-0.248141110356,1.206218131227,
    -2.669947000071));
#3608 = CARTESIAN_POINT('',(0.439915310031,0.984356998803,
    -2.710044935229));
#3609 = CARTESIAN_POINT('',(0.783519932912,0.492330374212,
    -2.750020182709));
#3610 = CARTESIAN_POINT('',(0.783518856828,1.19797505019E-06,
    -2.790018817751));
#3611 = CARTESIAN_POINT('',(0.765394707361,1.36659653463E-06,
    -2.379557270591));
#3612 = CARTESIAN_POINT('',(0.765393803165,-0.480941708865,
    -2.419555791353));
#3613 = CARTESIAN_POINT('',(0.429673523535,-0.961556780253,
    -2.459528966491));
#3614 = CARTESIAN_POINT('',(-0.242197223862,-1.178386630971,
    -2.499635100811));
#3615 = CARTESIAN_POINT('',(-1.010202965225,-0.874520856849,
    -2.539476411391));
#3616 = CARTESIAN_POINT('',(-1.416185739691,-2.927528424063E-05,
    -2.579556733217));
#3617 = CARTESIAN_POINT('',(-1.010010010514,0.874556897127,
    -2.619637057704));
#3618 = CARTESIAN_POINT('',(-0.242390112139,1.178370626748,
    -2.659478366537));
#3619 = CARTESIAN_POINT('',(0.429735786851,0.961560737306,
    -2.699584501555));
#3620 = CARTESIAN_POINT('',(0.765394375564,0.480944373732,
    -2.739557676566));
#3621 = CARTESIAN_POINT('',(0.765393428453,1.29827019321E-06,
    -2.779556197323));
#3622 = CARTESIAN_POINT('',(0.752620686694,1.44099757923E-06,
    -2.361847448774));
#3623 = CARTESIAN_POINT('',(0.752619940901,-0.472917237449,
    -2.401845888993));
#3624 = CARTESIAN_POINT('',(0.422502592724,-0.945491058807,
    -2.441817603546));
#3625 = CARTESIAN_POINT('',(-0.238152433325,-1.158760364187,
    -2.481929516779));
#3626 = CARTESIAN_POINT('',(-0.993353499867,-0.859887792598,
    -2.521762186828));
#3627 = CARTESIAN_POINT('',(-1.392531381167,-2.771133670995E-05,
    -2.561846882229));
#3628 = CARTESIAN_POINT('',(-0.993173128408,0.85992113584,
    -2.601931580119));
#3629 = CARTESIAN_POINT('',(-0.238333584451,1.158745274289,
    -2.641764248533));
#3630 = CARTESIAN_POINT('',(0.422560516883,0.94549494145,-2.68187616242)
  );
#3631 = CARTESIAN_POINT('',(0.752620279851,0.472920047398,
    -2.721847876853));
#3632 = CARTESIAN_POINT('',(0.752619488805,1.36895096139E-06,
    -2.761846317068));
#3633 = CARTESIAN_POINT('',(0.748002213305,1.46789333133E-06,
    -2.340023057617));
#3634 = CARTESIAN_POINT('',(0.748001622015,-0.470015995503,
    -2.380021468715));
#3635 = CARTESIAN_POINT('',(0.419911757553,-0.939682576481,
    -2.419992655191));
#3636 = CARTESIAN_POINT('',(-0.23669524948,-1.151664083227,
    -2.460106657806));
#3637 = CARTESIAN_POINT('',(-0.987256181352,-0.854598309565,
    -2.499936203828));
#3638 = CARTESIAN_POINT('',(-1.383979164615,-2.566705703363E-05,
    -2.540022480566));
#3639 = CARTESIAN_POINT('',(-0.987091171883,0.854628495753,
    -2.580108759582));
#3640 = CARTESIAN_POINT('',(-0.236861742436,1.151650160143,
    -2.619938304108));
#3641 = CARTESIAN_POINT('',(0.419964493334,0.939686296479,
    -2.660052307322));
#3642 = CARTESIAN_POINT('',(0.748001752646,0.470018857897,
    -2.700023493688));
#3643 = CARTESIAN_POINT('',(0.748001115258,1.39450165029E-06,
    -2.740021904783));
#3644 = CARTESIAN_POINT('',(0.752616692959,1.44100924024E-06,
    -2.318197821688));
#3645 = CARTESIAN_POINT('',(0.752616222393,-0.472914791361,
    -2.358196261881));
#3646 = CARTESIAN_POINT('',(0.422505528675,-0.945486353575,
    -2.39816797598));
#3647 = CARTESIAN_POINT('',(-0.238165937572,-1.158753198188,
    -2.438279891029));
#3648 = CARTESIAN_POINT('',(-0.993333063356,-0.859886419564,
    -2.478112558307));
#3649 = CARTESIAN_POINT('',(-1.392524170609,-2.352560067018E-05,
    -2.518197255251));
#3650 = CARTESIAN_POINT('',(-0.993183296311,0.859913586858,
    -2.558281954264));
#3651 = CARTESIAN_POINT('',(-0.238317610679,1.158740475218,
    -2.598114620182));
#3652 = CARTESIAN_POINT('',(0.42255320778,0.945489852032,-2.638226535776
    ));
#3653 = CARTESIAN_POINT('',(0.752616210576,0.472917601331,
    -2.678198249773));
#3654 = CARTESIAN_POINT('',(0.752615694757,1.36896149025E-06,
    -2.718196689964));
#3655 = CARTESIAN_POINT('',(0.765387472681,1.36661765796E-06,
    -2.300485662642));
#3656 = CARTESIAN_POINT('',(0.765387067062,-0.480937277759,
    -2.340484183358));
#3657 = CARTESIAN_POINT('',(0.429678842031,-0.961548256692,
    -2.380457357672));
#3658 = CARTESIAN_POINT('',(-0.2422216869,-1.178373649713,
    -2.420563495283));
#3659 = CARTESIAN_POINT('',(-1.01016594434,-0.874518369587,
    -2.460404800842));
#3660 = CARTESIAN_POINT('',(-1.416172677715,-2.169279405309E-05,
    -2.500485125463));
#3661 = CARTESIAN_POINT('',(-1.010028429741,0.874543222094,
    -2.540565451985));
#3662 = CARTESIAN_POINT('',(-0.24236117554,1.178361933198,
    -2.580406756296));
#3663 = CARTESIAN_POINT('',(0.429722546359,0.96155151779,-2.620512894406
    ));
#3664 = CARTESIAN_POINT('',(0.765387004043,0.480939942665,
    -2.660486068628));
#3665 = CARTESIAN_POINT('',(0.765386555508,1.29828926729E-06,
    -2.700484589342));
#3666 = CARTESIAN_POINT('',(0.78351103407,1.26104927176E-06,
    -2.290019808517));
#3667 = CARTESIAN_POINT('',(0.783510628124,-0.492322311299,
    -2.330018443507));
#3668 = CARTESIAN_POINT('',(0.439857058295,-0.984342285717,
    -2.369993690076));
#3669 = CARTESIAN_POINT('',(-0.247972410473,-1.206218220418,
    -2.410091628671));
#3670 = CARTESIAN_POINT('',(-1.034059306575,-0.895282121325,
    -2.44994519321));
#3671 = CARTESIAN_POINT('',(-1.449733226567,-2.049858043723E-05,
    -2.490019312822));
#3672 = CARTESIAN_POINT('',(-1.033928894109,0.895305764476,
    -2.530093434236));
#3673 = CARTESIAN_POINT('',(-0.248104514921,1.206207136698,
    -2.569946997591));
#3674 = CARTESIAN_POINT('',(0.439898565093,0.984345339098,-2.61004493666
    ));
#3675 = CARTESIAN_POINT('',(0.783510610322,0.492324770347,
    -2.650020183142));
#3676 = CARTESIAN_POINT('',(0.783510164775,1.19799917225E-06,
    -2.690018818129));
#3677 = ADVANCED_FACE('',(#3678),#3688,.T.);
#3678 = FACE_BOUND('',#3679,.T.);
#3679 = EDGE_LOOP('',(#3680,#3681,#3682,#3683));
#3680 = ORIENTED_EDGE('',*,*,#3340,.F.);
#3681 = ORIENTED_EDGE('',*,*,#3309,.T.);
#3682 = ORIENTED_EDGE('',*,*,#3572,.T.);
#3683 = ORIENTED_EDGE('',*,*,#3684,.F.);
#3684 = EDGE_CURVE('',#3341,#3573,#3685,.T.);
#3685 = B_SPLINE_CURVE_WITH_KNOTS('',1,(#3686,#3687),.UNSPECIFIED.,.F.,
  .F.,(2,2),(0.,0.28),.PIECEWISE_BEZIER_KNOTS.);
#3686 = CARTESIAN_POINT('',(1.026018137842,-1.4386910895E-07,
    -2.929997740114));
#3687 = CARTESIAN_POINT('',(0.783518856828,1.19797505056E-06,
    -2.790018817751));
#3688 = B_SPLINE_SURFACE_WITH_KNOTS('',1,10,(
    (#3689,#3690,#3691,#3692,#3693,#3694,#3695,#3696,#3697,#3698,#3699)
    ,(#3700,#3701,#3702,#3703,#3704,#3705,#3706,#3707,#3708,#3709,#3710
    )),.UNSPECIFIED.,.F.,.F.,.F.,(2,2),(11,11),(0.,0.28),(0.,
    6.295904828089),.PIECEWISE_BEZIER_KNOTS.);
#3689 = CARTESIAN_POINT('',(1.026020104981,-1.5144687314E-07,
    -2.529997621083));
#3690 = CARTESIAN_POINT('',(1.026017298618,-0.644663451579,
    -2.569997785145));
#3691 = CARTESIAN_POINT('',(0.576005390816,-1.289343524551,
    -2.610000760272));
#3692 = CARTESIAN_POINT('',(-0.3247935156,-1.578811849125,
    -2.649988988803));
#3693 = CARTESIAN_POINT('',(-1.353905425973,-1.173091363711,
    -2.690006589808));
#3694 = CARTESIAN_POINT('',(-1.898801054582,-4.096095753869E-05,
    -2.729997679445));
#3695 = CARTESIAN_POINT('',(-1.353603600173,1.173152592801,
    -2.769988773229));
#3696 = CARTESIAN_POINT('',(-0.325083453681,1.578788625804,
    -2.810006371515));
#3697 = CARTESIAN_POINT('',(0.576106687207,1.289347143505,
    -2.849994601122));
#3698 = CARTESIAN_POINT('',(1.026020939446,0.644663156264,
    -2.889997576064));
#3699 = CARTESIAN_POINT('',(1.026018137842,-1.4386910895E-07,
    -2.929997740114));
#3700 = CARTESIAN_POINT('',(0.783520183599,1.26102255733E-06,
    -2.390019808099));
#3701 = CARTESIAN_POINT('',(0.783519147116,-0.492327915215,
    -2.430018443146));
#3702 = CARTESIAN_POINT('',(0.439850332118,-0.984353065263,
    -2.469993690757));
#3703 = CARTESIAN_POINT('',(-0.247941472645,-1.206234637509,
    -2.51009162519));
#3704 = CARTESIAN_POINT('',(-1.034106126016,-0.895285266907,
    -2.54994519608));
#3705 = CARTESIAN_POINT('',(-1.44974974574,-3.008797698079E-05,
    -2.590019312155));
#3706 = CARTESIAN_POINT('',(-1.033905599747,0.895323058968,
    -2.630093430998));
#3707 = CARTESIAN_POINT('',(-0.248141110356,1.206218131226,
    -2.669947000071));
#3708 = CARTESIAN_POINT('',(0.439915310031,0.984356998803,-2.71004493523
    ));
#3709 = CARTESIAN_POINT('',(0.783519932912,0.492330374212,
    -2.750020182709));
#3710 = CARTESIAN_POINT('',(0.783518856828,1.19797505056E-06,
    -2.790018817751));
#3711 = ADVANCED_FACE('',(#3712),#3875,.T.);
#3712 = FACE_BOUND('',#3713,.F.);
#3713 = EDGE_LOOP('',(#3714,#3791,#3792,#3869));
#3714 = ORIENTED_EDGE('',*,*,#3715,.F.);
#3715 = EDGE_CURVE('',#3341,#3716,#3718,.T.);
#3716 = VERTEX_POINT('',#3717);
#3717 = CARTESIAN_POINT('',(1.,4.4645E-11,-3.314980272271));
#3718 = B_SPLINE_CURVE_WITH_KNOTS('',6,(#3719,#3720,#3721,#3722,#3723,
    #3724,#3725,#3726,#3727,#3728,#3729,#3730,#3731,#3732,#3733,#3734,
    #3735,#3736,#3737,#3738,#3739,#3740,#3741,#3742,#3743,#3744,#3745,
    #3746,#3747,#3748,#3749,#3750,#3751,#3752,#3753,#3754,#3755,#3756,
    #3757,#3758,#3759,#3760,#3761,#3762,#3763,#3764,#3765,#3766,#3767,
    #3768,#3769,#3770,#3771,#3772,#3773,#3774,#3775,#3776,#3777,#3778,
    #3779,#3780,#3781,#3782,#3783,#3784,#3785,#3786,#3787,#3788,#3789,
    #3790),.UNSPECIFIED.,.F.,.F.,(7,5,5,5,5,5,5,5,5,5,5,5,5,5,7),(0.,
    5.299977479656E-02,9.899959458577E-02,0.152578222376,0.255577103654,
    0.36506344081,0.433220735234,0.496016828824,0.566955387468,
    0.634247755479,0.737930431261,0.849734878078,0.903001778983,
    0.949001149638,1.),.UNSPECIFIED.);
#3719 = CARTESIAN_POINT('',(1.,9.94973E-11,-2.914979176423));
#3720 = CARTESIAN_POINT('',(1.000000000003,-5.549999404885E-02,
    -2.918512552549));
#3721 = CARTESIAN_POINT('',(0.99630366338,-0.111000503442,
    -2.922045718664));
#3722 = CARTESIAN_POINT('',(0.988911041761,-0.166192110705,
    -2.925579112493));
#3723 = CARTESIAN_POINT('',(0.977856559796,-0.220767851034,
    -2.929113051796));
#3724 = CARTESIAN_POINT('',(0.963208250324,-0.274426641885,
    -2.932647613136));
#3725 = CARTESIAN_POINT('',(0.929321739105,-0.372399430712,
    -2.939250535936));
#3726 = CARTESIAN_POINT('',(0.910945058232,-0.417012291669,
    -2.942318865313));
#3727 = CARTESIAN_POINT('',(0.890002852792,-0.460524743734,
    -2.945387344146));
#3728 = CARTESIAN_POINT('',(0.866579058283,-0.502753401304,-2.9484557965
    ));
#3729 = CARTESIAN_POINT('',(0.84077481858,-0.543523716387,
    -2.951524040615));
#3730 = CARTESIAN_POINT('',(0.780016241183,-0.628269493098,
    -2.958165221199));
#3731 = CARTESIAN_POINT('',(0.744254242171,-0.67166709466,
    -2.961738084953));
#3732 = CARTESIAN_POINT('',(0.705607567276,-0.712604963939,
    -2.965310182306));
#3733 = CARTESIAN_POINT('',(0.664290175281,-0.750846021454,
    -2.968881466205));
#3734 = CARTESIAN_POINT('',(0.62054117877,-0.786178522465,
    -2.972452022959));
#3735 = CARTESIAN_POINT('',(0.486347368319,-0.880397631959,
    -2.982884701747));
#3736 = CARTESIAN_POINT('',(0.390037810805,-0.930959773253,
    -2.989746218722));
#3737 = CARTESIAN_POINT('',(0.287568080829,-0.968780372781,
    -2.996605398617));
#3738 = CARTESIAN_POINT('',(0.181060064389,-0.992991353422,
    -3.003466081234));
#3739 = CARTESIAN_POINT('',(7.276441577137E-02,-1.003164229035,
    -3.010330531735));
#3740 = CARTESIAN_POINT('',(-0.149606481259,-0.995370596255,
    -3.024494658296));
#3741 = CARTESIAN_POINT('',(-0.263655535727,-0.975589935991,
    -3.031796960783));
#3742 = CARTESIAN_POINT('',(-0.374413525826,-0.940131101361,
    -3.039100211793));
#3743 = CARTESIAN_POINT('',(-0.479225516905,-0.889738144994,
    -3.046403928836));
#3744 = CARTESIAN_POINT('',(-0.575649783128,-0.825695270329,
    -3.053707991732));
#3745 = CARTESIAN_POINT('',(-0.715139904125,-0.702615919302,
    -3.065554308796));
#3746 = CARTESIAN_POINT('',(-0.764615531567,-0.650808354429,
    -3.070098964392));
#3747 = CARTESIAN_POINT('',(-0.809553908406,-0.59485152177,
    -3.074642778032));
#3748 = CARTESIAN_POINT('',(-0.849528232531,-0.535247608376,
    -3.079186007965));
#3749 = CARTESIAN_POINT('',(-0.884187020843,-0.472554035758,
    -3.083729030596));
#3750 = CARTESIAN_POINT('',(-0.94005020482,-0.347317943587,
    -3.092457296552));
#3751 = CARTESIAN_POINT('',(-0.962099690215,-0.285148770345,
    -3.096642758254));
#3752 = CARTESIAN_POINT('',(-0.979201021745,-0.221334956475,
    -3.100828234444));
#3753 = CARTESIAN_POINT('',(-0.991208293539,-0.156370031241,
    -3.105014003501));
#3754 = CARTESIAN_POINT('',(-0.998041169827,-9.076227416457E-02,
    -3.109200270312));
#3755 = CARTESIAN_POINT('',(-1.001545812873,4.923399823517E-02,
    -3.118116248239));
#3756 = CARTESIAN_POINT('',(-0.996785196794,0.123662022533,
    -3.122846297349));
#3757 = CARTESIAN_POINT('',(-0.985386347564,0.197515555014,
    -3.127576646829));
#3758 = CARTESIAN_POINT('',(-0.96744111381,0.270057300091,
    -3.132307250767));
#3759 = CARTESIAN_POINT('',(-0.943148649626,0.340571366391,
    -3.13703796877));
#3760 = CARTESIAN_POINT('',(-0.884035151238,0.472702226195,
    -3.146255268233));
#3761 = CARTESIAN_POINT('',(-0.849817870848,0.534593660914,
    -3.150742157073));
#3762 = CARTESIAN_POINT('',(-0.810419090001,0.593475115677,
    -3.155228346039));
#3763 = CARTESIAN_POINT('',(-0.76617663031,0.648809963999,
    -3.159713798166));
#3764 = CARTESIAN_POINT('',(-0.71749997186,0.70011394695,-3.164198617264
    ));
#3765 = CARTESIAN_POINT('',(-0.583760429865,0.819153495133,
    -3.175591736634));
#3766 = CARTESIAN_POINT('',(-0.49324041484,0.880785376151,
    -3.182500349493));
#3767 = CARTESIAN_POINT('',(-0.39504718957,0.930298542974,
    -3.189406865762));
#3768 = CARTESIAN_POINT('',(-0.291231232968,0.966567333756,
    -3.196314151229));
#3769 = CARTESIAN_POINT('',(-0.184025665811,0.988899699907,
    -3.203225030695));
#3770 = CARTESIAN_POINT('',(4.097626660967E-02,1.005996087236,
    -3.217591143139));
#3771 = CARTESIAN_POINT('',(0.158987359269,0.998466768198,-3.22504928251
    ));
#3772 = CARTESIAN_POINT('',(0.275334650429,0.974303566966,
    -3.232508789735));
#3773 = CARTESIAN_POINT('',(0.387122032199,0.933997245939,
    -3.239969576051));
#3774 = CARTESIAN_POINT('',(0.491621986986,0.878644313929,
    -3.247429787879));
#3775 = CARTESIAN_POINT('',(0.631637076296,0.777268366082,
    -3.258437715446));
#3776 = CARTESIAN_POINT('',(0.674629297698,0.741530673488,
    -3.261989229175));
#3777 = CARTESIAN_POINT('',(0.715178075246,0.702952322678,
    -3.265539932753));
#3778 = CARTESIAN_POINT('',(0.753051359178,0.661744626192,
    -3.269089932252));
#3779 = CARTESIAN_POINT('',(0.788042010479,0.618143314587,
    -3.272639461598));
#3780 = CARTESIAN_POINT('',(0.847542955207,0.532908264435,
    -3.279253750789));
#3781 = CARTESIAN_POINT('',(0.872832215019,0.491817131669,-3.28231862026
    ));
#3782 = CARTESIAN_POINT('',(0.895722917093,0.44929775989,-3.285383476169
    ));
#3783 = CARTESIAN_POINT('',(0.916116132617,0.40552594666,-3.288448554771
    ));
#3784 = CARTESIAN_POINT('',(0.93393025014,0.360686102272,-3.291514046577
    ));
#3785 = CARTESIAN_POINT('',(0.965922220337,0.264284295234,
    -3.297979077168));
#3786 = CARTESIAN_POINT('',(0.97949466804,0.212520646205,-3.301378753329
    ));
#3787 = CARTESIAN_POINT('',(0.989732545145,0.159939589328,
    -3.304779004943));
#3788 = CARTESIAN_POINT('',(0.99657749558,0.106809763609,-3.308179655379
    ));
#3789 = CARTESIAN_POINT('',(0.999999999998,5.3404692962E-02,
    -3.311580298781));
#3790 = CARTESIAN_POINT('',(1.,8.930312E-11,-3.314980272271));
#3791 = ORIENTED_EDGE('',*,*,#3509,.T.);
#3792 = ORIENTED_EDGE('',*,*,#3793,.T.);
#3793 = EDGE_CURVE('',#3419,#3794,#3796,.T.);
#3794 = VERTEX_POINT('',#3795);
#3795 = CARTESIAN_POINT('',(1.,6.231E-12,-3.365002918899));
#3796 = B_SPLINE_CURVE_WITH_KNOTS('',6,(#3797,#3798,#3799,#3800,#3801,
    #3802,#3803,#3804,#3805,#3806,#3807,#3808,#3809,#3810,#3811,#3812,
    #3813,#3814,#3815,#3816,#3817,#3818,#3819,#3820,#3821,#3822,#3823,
    #3824,#3825,#3826,#3827,#3828,#3829,#3830,#3831,#3832,#3833,#3834,
    #3835,#3836,#3837,#3838,#3839,#3840,#3841,#3842,#3843,#3844,#3845,
    #3846,#3847,#3848,#3849,#3850,#3851,#3852,#3853,#3854,#3855,#3856,
    #3857,#3858,#3859,#3860,#3861,#3862,#3863,#3864,#3865,#3866,#3867,
    #3868),.UNSPECIFIED.,.F.,.F.,(7,5,5,5,5,5,5,5,5,5,5,5,5,5,7),(0.,
    5.110861680668E-02,9.610806507502E-02,0.148032249834,0.262029309204,
    0.362331144791,0.430728156025,0.497727100233,0.563627843618,
    0.631397039624,0.739289917553,0.795290465703,0.845292754825,
    0.946120868638,1.),.UNSPECIFIED.);
#3797 = CARTESIAN_POINT('',(1.,1.398581E-11,-2.96500309062));
#3798 = CARTESIAN_POINT('',(1.,-5.351970363012E-02,-2.968410241122));
#3799 = CARTESIAN_POINT('',(0.996562738723,-0.107039803687,
    -2.971817829776));
#3800 = CARTESIAN_POINT('',(0.989688269306,-0.160282923054,
    -2.975225335365));
#3801 = CARTESIAN_POINT('',(0.979406353337,-0.212973765348,
    -2.978632448879));
#3802 = CARTESIAN_POINT('',(0.965775841791,-0.264841951067,
    -2.982039051365));
#3803 = CARTESIAN_POINT('',(0.934011396749,-0.360337521488,
    -2.988444185852));
#3804 = CARTESIAN_POINT('',(0.916610345089,-0.404209438469,
    -2.991442854476));
#3805 = CARTESIAN_POINT('',(0.896740467979,-0.447061520615,
    -2.994441216734));
#3806 = CARTESIAN_POINT('',(0.874477924247,-0.488721029423,
    -2.997439446411));
#3807 = CARTESIAN_POINT('',(0.849914753147,-0.529023080315,
    -3.000437749538));
#3808 = CARTESIAN_POINT('',(0.792284136983,-0.612570274662,
    -3.006896157085));
#3809 = CARTESIAN_POINT('',(0.758489200705,-0.655314623567,
    -3.010356375587));
#3810 = CARTESIAN_POINT('',(0.721938203228,-0.695806032491,
    -3.013817071702));
#3811 = CARTESIAN_POINT('',(0.682821124522,-0.733824601504,
    -3.017278439353));
#3812 = CARTESIAN_POINT('',(0.641350651164,-0.769172254058,
    -3.020740561174));
#3813 = CARTESIAN_POINT('',(0.502058022074,-0.873034164159,
    -3.031805505459));
#3814 = CARTESIAN_POINT('',(0.396112770302,-0.930699115227,
    -3.039412372963));
#3815 = CARTESIAN_POINT('',(0.282421079145,-0.972792177617,
    -3.047019624189));
#3816 = CARTESIAN_POINT('',(0.163865488889,-0.998124667279,
    -3.054625377149));
#3817 = CARTESIAN_POINT('',(4.35149920278E-02,-1.006159327877,
    -3.062229756188));
#3818 = CARTESIAN_POINT('',(-0.180250973824,-0.989212552498,
    -3.076516374854));
#3819 = CARTESIAN_POINT('',(-0.283998129202,-0.968079087046,
    -3.083201767515));
#3820 = CARTESIAN_POINT('',(-0.384648523336,-0.933897768028,
    -3.089884023782));
#3821 = CARTESIAN_POINT('',(-0.480177272164,-0.887278265691,
    -3.096565598333));
#3822 = CARTESIAN_POINT('',(-0.568715965541,-0.829213242975,
    -3.103248958933));
#3823 = CARTESIAN_POINT('',(-0.703168905006,-0.714621314308,
    -3.114490435007));
#3824 = CARTESIAN_POINT('',(-0.753689529112,-0.663474593709,
    -3.119048874229));
#3825 = CARTESIAN_POINT('',(-0.799711479213,-0.608073076928,
    -3.123607932138));
#3826 = CARTESIAN_POINT('',(-0.840795020217,-0.548917065717,
    -3.128167724863));
#3827 = CARTESIAN_POINT('',(-0.876575890514,-0.486564102707,
    -3.132728222133));
#3828 = CARTESIAN_POINT('',(-0.936354081034,-0.357999134482,
    -3.141756338953));
#3829 = CARTESIAN_POINT('',(-0.960578859925,-0.291888751416,
    -3.1462241893));
#3830 = CARTESIAN_POINT('',(-0.979184330563,-0.22385396974,
    -3.150691957241));
#3831 = CARTESIAN_POINT('',(-0.991989094121,-0.154493446894,
    -3.155159514536));
#3832 = CARTESIAN_POINT('',(-0.998896657188,-8.442516215393E-02,
    -3.159626804455));
#3833 = CARTESIAN_POINT('',(-1.000883160209,5.472660344629E-02,
    -3.168487091775));
#3834 = CARTESIAN_POINT('',(-0.996154185595,0.123810752119,
    -3.172880321412));
#3835 = CARTESIAN_POINT('',(-0.985702686518,0.192383246468,
    -3.17727297539));
#3836 = CARTESIAN_POINT('',(-0.969602275053,0.259853576859,
    -3.181665295024));
#3837 = CARTESIAN_POINT('',(-0.948006580786,0.325646756329,
    -3.18605761326));
#3838 = CARTESIAN_POINT('',(-0.893526187075,0.454584551126,
    -3.194966790934));
#3839 = CARTESIAN_POINT('',(-0.860337348965,0.517604541202,
    -3.19948387959));
#3840 = CARTESIAN_POINT('',(-0.821832455661,0.577678005274,
    -3.204001191883));
#3841 = CARTESIAN_POINT('',(-0.778345627112,0.634250027322,
    -3.208519101437));
#3842 = CARTESIAN_POINT('',(-0.730285718225,0.686818123157,
    -3.213037866327));
#3843 = CARTESIAN_POINT('',(-0.595091542677,0.811561188199,
    -3.224752086845));
#3844 = CARTESIAN_POINT('',(-0.50165160705,0.876934414672,
    -3.231949852505));
#3845 = CARTESIAN_POINT('',(-0.399744875609,0.929263826583,
    -3.239147444907));
#3846 = CARTESIAN_POINT('',(-0.291674229054,0.96726078887,
    -3.246344734721));
#3847 = CARTESIAN_POINT('',(-0.179957921399,0.990141420389,
    -3.253541145923));
#3848 = CARTESIAN_POINT('',(-8.722554114567E-03,1.001679983057,
    -3.264466907972));
#3849 = CARTESIAN_POINT('',(5.00648244162E-02,1.001505281596,
    -3.268199460024));
#3850 = CARTESIAN_POINT('',(0.108766715164,0.997188773563,
    -3.271931196065));
#3851 = CARTESIAN_POINT('',(0.167019048182,0.988748729505,
    -3.275662244076));
#3852 = CARTESIAN_POINT('',(0.224462321341,0.976245685843,
    -3.279392838864));
#3853 = CARTESIAN_POINT('',(0.331002189314,0.945081624047,
    -3.286453892262));
#3854 = CARTESIAN_POINT('',(0.380334737941,0.927223365427,
    -3.289784472392));
#3855 = CARTESIAN_POINT('',(0.428495324536,0.906279900359,
    -3.293115006404));
#3856 = CARTESIAN_POINT('',(0.475243962147,0.882349669424,
    -3.296445747879));
#3857 = CARTESIAN_POINT('',(0.520352194525,0.85555560824,-3.29977693249)
  );
#3858 = CARTESIAN_POINT('',(0.650825134845,0.766534563999,
    -3.309826895428));
#3859 = CARTESIAN_POINT('',(0.730516142012,0.695966086781,
    -3.316548238105));
#3860 = CARTESIAN_POINT('',(0.800897443802,0.615546202285,-3.32327174074
    ));
#3861 = CARTESIAN_POINT('',(0.86049795567,0.52684363675,-3.329998362285)
  );
#3862 = CARTESIAN_POINT('',(0.908183695688,0.431682685449,
    -3.336725409268));
#3863 = CARTESIAN_POINT('',(0.961983223795,0.278875300537,
    -3.347043172265));
#3864 = CARTESIAN_POINT('',(0.977116879912,0.224388718129,
    -3.350636047107));
#3865 = CARTESIAN_POINT('',(0.988540019176,0.168938999326,
    -3.354228185278));
#3866 = CARTESIAN_POINT('',(0.996179986724,0.112842212502,
    -3.357819715642));
#3867 = CARTESIAN_POINT('',(1.,5.642082443873E-02,-3.361411079445));
#3868 = CARTESIAN_POINT('',(1.,1.247324E-11,-3.365002918899));
#3869 = ORIENTED_EDGE('',*,*,#3870,.F.);
#3870 = EDGE_CURVE('',#3716,#3794,#3871,.T.);
#3871 = LINE('',#3872,#3873);
#3872 = CARTESIAN_POINT('',(1.,0.,-1.E-01));
#3873 = VECTOR('',#3874,1.);
#3874 = DIRECTION('',(0.,0.,-1.));
#3875 = CYLINDRICAL_SURFACE('',#3876,1.);
#3876 = AXIS2_PLACEMENT_3D('',#3877,#3878,#3879);
#3877 = CARTESIAN_POINT('',(0.,0.,-1.E-01));
#3878 = DIRECTION('',(-0.,-0.,-1.));
#3879 = DIRECTION('',(1.,0.,0.));
#3880 = ADVANCED_FACE('',(#3881),#3906,.T.);
#3881 = FACE_BOUND('',#3882,.T.);
#3882 = EDGE_LOOP('',(#3883,#3899,#3900,#3901));
#3883 = ORIENTED_EDGE('',*,*,#3884,.F.);
#3884 = EDGE_CURVE('',#3524,#3885,#3887,.T.);
#3885 = VERTEX_POINT('',#3886);
#3886 = CARTESIAN_POINT('',(0.783509295485,1.134948782E-06,
    -3.090017827736));
#3887 = ( BOUNDED_CURVE() B_SPLINE_CURVE(10,(#3888,#3889,#3890,#3891,
    #3892,#3893,#3894,#3895,#3896,#3897,#3898),.UNSPECIFIED.,.F.,.F.) 
B_SPLINE_CURVE_WITH_KNOTS((11,11),(0.,6.295904828089),
.PIECEWISE_BEZIER_KNOTS.) CURVE() GEOMETRIC_REPRESENTATION_ITEM() 
RATIONAL_B_SPLINE_CURVE((1.056590953773,1.056590953773,1.056590953773,
    1.056590953773,1.056590953773,1.056590953773,1.056590953773,
    1.056590953773,1.056590953773,1.056590953773,1.056590953773)) 
REPRESENTATION_ITEM('') );
#3888 = CARTESIAN_POINT('',(0.783510164775,1.19799916057E-06,
    -2.690018818129));
#3889 = CARTESIAN_POINT('',(0.783509719228,-0.492321828274,
    -2.730017453112));
#3890 = CARTESIAN_POINT('',(0.439856490971,-0.984341227822,
    -2.769992699583));
#3891 = CARTESIAN_POINT('',(-0.247972232024,-1.206216864827,
    -2.810090638569));
#3892 = CARTESIAN_POINT('',(-1.034058232252,-0.89528104236,
    -2.849944202522));
#3893 = CARTESIAN_POINT('',(-1.449731616846,-2.038173361429E-05,
    -2.890018322431));
#3894 = CARTESIAN_POINT('',(-1.033927676015,0.895304851645,
    -2.930092444142));
#3895 = CARTESIAN_POINT('',(-0.248104142062,1.206205821146,
    -2.969946006911));
#3896 = CARTESIAN_POINT('',(0.439898156132,0.984344210384,
    -3.010043946372));
#3897 = CARTESIAN_POINT('',(0.783509780633,0.492324161222,
    -3.050019192755));
#3898 = CARTESIAN_POINT('',(0.783509295485,1.13494880552E-06,
    -3.090017827736));
#3899 = ORIENTED_EDGE('',*,*,#3541,.T.);
#3900 = ORIENTED_EDGE('',*,*,#3418,.T.);
#3901 = ORIENTED_EDGE('',*,*,#3902,.F.);
#3902 = EDGE_CURVE('',#3885,#3419,#3903,.T.);
#3903 = B_SPLINE_CURVE_WITH_KNOTS('',1,(#3904,#3905),.UNSPECIFIED.,.F.,
  .F.,(2,2),(0.,0.28),.PIECEWISE_BEZIER_KNOTS.);
#3904 = CARTESIAN_POINT('',(0.783509295485,1.13494880527E-06,
    -3.090017827736));
#3905 = CARTESIAN_POINT('',(1.025984879313,-1.3620959341E-07,
    -2.949997860425));
#3906 = B_SPLINE_SURFACE_WITH_KNOTS('',1,10,(
    (#3907,#3908,#3909,#3910,#3911,#3912,#3913,#3914,#3915,#3916,#3917)
    ,(#3918,#3919,#3920,#3921,#3922,#3923,#3924,#3925,#3926,#3927,#3928
    )),.UNSPECIFIED.,.F.,.F.,.F.,(2,2),(11,11),(0.,0.28),(0.,
    6.295904828089),.PIECEWISE_BEZIER_KNOTS.);
#3907 = CARTESIAN_POINT('',(0.783510164775,1.19799915999E-06,
    -2.690018818129));
#3908 = CARTESIAN_POINT('',(0.783509719228,-0.492321828274,
    -2.730017453112));
#3909 = CARTESIAN_POINT('',(0.439856490971,-0.984341227822,
    -2.769992699583));
#3910 = CARTESIAN_POINT('',(-0.247972232024,-1.206216864827,
    -2.810090638568));
#3911 = CARTESIAN_POINT('',(-1.034058232252,-0.895281042361,
    -2.849944202524));
#3912 = CARTESIAN_POINT('',(-1.449731616846,-2.038173362862E-05,
    -2.890018322429));
#3913 = CARTESIAN_POINT('',(-1.033927676015,0.895304851645,
    -2.930092444143));
#3914 = CARTESIAN_POINT('',(-0.248104142062,1.206205821146,
    -2.96994600691));
#3915 = CARTESIAN_POINT('',(0.439898156132,0.984344210385,
    -3.010043946372));
#3916 = CARTESIAN_POINT('',(0.783509780633,0.492324161222,
    -3.050019192755));
#3917 = CARTESIAN_POINT('',(0.783509295485,1.13494880527E-06,
    -3.090017827736));
#3918 = CARTESIAN_POINT('',(1.025985108041,-1.4377745841E-07,
    -2.54999774155));
#3919 = CARTESIAN_POINT('',(1.025984702476,-0.644642005448,
    -2.589997905392));
#3920 = CARTESIAN_POINT('',(0.576030831352,-1.289302270355,
    -2.630000876535));
#3921 = CARTESIAN_POINT('',(-0.324910995149,-1.578749115164,
    -2.669989120979));
#3922 = CARTESIAN_POINT('',(-1.353727201881,-1.173079158432,
    -2.710006697701));
#3923 = CARTESIAN_POINT('',(-1.898737858175,-4.53527659916E-06,
    -2.749997800851));
#3924 = CARTESIAN_POINT('',(-1.353691825787,1.173086601721,
    -2.78998890449));
#3925 = CARTESIAN_POINT('',(-0.324944330164,1.578746492778,
    -2.830006480892));
#3926 = CARTESIAN_POINT('',(0.576042918498,1.289302553205,
    -2.869994725463));
#3927 = CARTESIAN_POINT('',(1.025985280125,0.644641725461,
    -2.909997696585));
#3928 = CARTESIAN_POINT('',(1.025984879313,-1.3620959341E-07,
    -2.949997860425));
#3929 = ADVANCED_FACE('',(#3930),#3960,.T.);
#3930 = FACE_BOUND('',#3931,.T.);
#3931 = EDGE_LOOP('',(#3932,#3948,#3949,#3950));
#3932 = ORIENTED_EDGE('',*,*,#3933,.F.);
#3933 = EDGE_CURVE('',#3573,#3934,#3936,.T.);
#3934 = VERTEX_POINT('',#3935);
#3935 = CARTESIAN_POINT('',(0.783517530061,1.134927124E-06,
    -3.190017827397));
#3936 = B_SPLINE_CURVE_WITH_KNOTS('',10,(#3937,#3938,#3939,#3940,#3941,
    #3942,#3943,#3944,#3945,#3946,#3947),.UNSPECIFIED.,.F.,.F.,(11,11),(
    0.,6.295904828089),.PIECEWISE_BEZIER_KNOTS.);
#3937 = CARTESIAN_POINT('',(0.783518856828,1.19797503794E-06,
    -2.790018817751));
#3938 = CARTESIAN_POINT('',(0.783517780745,-0.492327144808,
    -2.830017452789));
#3939 = CARTESIAN_POINT('',(0.439849507906,-0.984351432001,
    -2.869992700249));
#3940 = CARTESIAN_POINT('',(-0.247941149125,-1.206232579057,
    -2.910090635281));
#3941 = CARTESIAN_POINT('',(-1.034104448482,-0.895283663839,
    -2.949944205276));
#3942 = CARTESIAN_POINT('',(-1.449747288881,-2.997113603631E-05,
    -2.990018321803));
#3943 = CARTESIAN_POINT('',(-1.033903778448,0.895321622029,
    -3.030092441101));
#3944 = CARTESIAN_POINT('',(-0.248140592434,1.20621611281,
    -3.069946009277));
#3945 = CARTESIAN_POINT('',(0.439914644175,0.984355294726,
    -3.110043945035));
#3946 = CARTESIAN_POINT('',(0.783518645744,0.492329477711,
    -3.150019192364));
#3947 = CARTESIAN_POINT('',(0.783517530061,1.13492714704E-06,
    -3.190017827397));
#3948 = ORIENTED_EDGE('',*,*,#3590,.T.);
#3949 = ORIENTED_EDGE('',*,*,#3884,.T.);
#3950 = ORIENTED_EDGE('',*,*,#3951,.F.);
#3951 = EDGE_CURVE('',#3934,#3885,#3952,.T.);
#3952 = ( BOUNDED_CURVE() B_SPLINE_CURVE(6,(#3953,#3954,#3955,#3956,
#3957,#3958,#3959),.UNSPECIFIED.,.F.,.F.) B_SPLINE_CURVE_WITH_KNOTS((7,7
),(0.,2.094395102393),.PIECEWISE_BEZIER_KNOTS.) CURVE() 
GEOMETRIC_REPRESENTATION_ITEM() RATIONAL_B_SPLINE_CURVE((1.056590953773,
    1.017435169568,0.996326512422,0.989390034249,0.996326512422,
1.017435169568,1.056590953773)) REPRESENTATION_ITEM('') );
#3953 = CARTESIAN_POINT('',(0.783517530061,1.13492714707E-06,
    -3.190017827397));
#3954 = CARTESIAN_POINT('',(0.765392149551,1.22994346893E-06,
    -3.179555124049));
#3955 = CARTESIAN_POINT('',(0.752618290921,1.29690398126E-06,
    -3.161845185357));
#3956 = CARTESIAN_POINT('',(0.748000017216,1.32110963386E-06,
    -3.140020751944));
#3957 = CARTESIAN_POINT('',(0.75261469656,1.2969134344E-06,
    -3.118195558236));
#3958 = CARTESIAN_POINT('',(0.765385638339,1.22996059387E-06,
    -3.100483516038));
#3959 = CARTESIAN_POINT('',(0.783509295485,1.13494880552E-06,
    -3.090017827736));
#3960 = ( BOUNDED_SURFACE() B_SPLINE_SURFACE(6,10,(
    (#3961,#3962,#3963,#3964,#3965,#3966,#3967,#3968,#3969,#3970,#3971)
    ,(#3972,#3973,#3974,#3975,#3976,#3977,#3978,#3979,#3980,#3981,#3982)
    ,(#3983,#3984,#3985,#3986,#3987,#3988,#3989,#3990,#3991,#3992,#3993)
    ,(#3994,#3995,#3996,#3997,#3998,#3999,#4000,#4001,#4002,#4003,#4004)
    ,(#4005,#4006,#4007,#4008,#4009,#4010,#4011,#4012,#4013,#4014,#4015)
    ,(#4016,#4017,#4018,#4019,#4020,#4021,#4022,#4023,#4024,#4025,#4026)
    ,(#4027,#4028,#4029,#4030,#4031,#4032,#4033,#4034,#4035,#4036,#4037
)),.UNSPECIFIED.,.F.,.F.,.F.) B_SPLINE_SURFACE_WITH_KNOTS((7,7),(11,11),
  (0.,2.094395102393),(0.,6.295904828089),.PIECEWISE_BEZIER_KNOTS.) 
GEOMETRIC_REPRESENTATION_ITEM() RATIONAL_B_SPLINE_SURFACE((
    (1.056590953773,1.056590953773,1.056590953773,1.056590953773
      ,1.056590953773,1.056590953773,1.056590953773,1.056590953773
      ,1.056590953773,1.056590953773,1.056590953773)
    ,(1.017435169568,1.017435169568,1.017435169568,1.017435169568
      ,1.017435169569,1.017435169568,1.017435169568,1.017435169568
      ,1.017435169568,1.017435169568,1.017435169568)
    ,(0.996326512422,0.996326512422,0.996326512422,0.996326512422
      ,0.996326512423,0.996326512422,0.996326512423,0.996326512422
      ,0.996326512422,0.996326512422,0.996326512422)
    ,(0.989390034249,0.989390034249,0.989390034249,0.989390034248
      ,0.989390034249,0.989390034248,0.989390034249,0.989390034248
      ,0.989390034249,0.989390034249,0.989390034249)
    ,(0.996326512422,0.996326512422,0.996326512422,0.996326512422
      ,0.996326512423,0.996326512422,0.996326512423,0.996326512422
      ,0.996326512422,0.996326512422,0.996326512422)
    ,(1.017435169568,1.017435169568,1.017435169568,1.017435169568
      ,1.017435169569,1.017435169568,1.017435169569,1.017435169568
      ,1.017435169568,1.017435169568,1.017435169568)
    ,(1.056590953773,1.056590953773,1.056590953773,1.056590953773
      ,1.056590953773,1.056590953773,1.056590953773,1.056590953773
      ,1.056590953773,1.056590953773,1.056590953773
))) REPRESENTATION_ITEM('') SURFACE() );
#3961 = CARTESIAN_POINT('',(0.783518856828,1.19797503956E-06,
    -2.790018817751));
#3962 = CARTESIAN_POINT('',(0.783517780745,-0.492327144808,
    -2.830017452789));
#3963 = CARTESIAN_POINT('',(0.439849507906,-0.984351432001,
    -2.869992700249));
#3964 = CARTESIAN_POINT('',(-0.247941149125,-1.206232579058,
    -2.910090635281));
#3965 = CARTESIAN_POINT('',(-1.034104448481,-0.895283663839,
    -2.949944205275));
#3966 = CARTESIAN_POINT('',(-1.449747288881,-2.997113604347E-05,
    -2.990018321804));
#3967 = CARTESIAN_POINT('',(-1.033903778448,0.895321622029,-3.0300924411
    ));
#3968 = CARTESIAN_POINT('',(-0.248140592434,1.206216112811,
    -3.069946009277));
#3969 = CARTESIAN_POINT('',(0.439914644175,0.984355294726,
    -3.110043945035));
#3970 = CARTESIAN_POINT('',(0.783518645744,0.492329477711,
    -3.150019192364));
#3971 = CARTESIAN_POINT('',(0.783517530061,1.13492714707E-06,
    -3.190017827397));
#3972 = CARTESIAN_POINT('',(0.765393428454,1.29827018092E-06,
    -2.779556197323));
#3973 = CARTESIAN_POINT('',(0.765392481343,-0.480940973805,
    -2.819554718076));
#3974 = CARTESIAN_POINT('',(0.429672719572,-0.961555210154,
    -2.859527893069));
#3975 = CARTESIAN_POINT('',(-0.242196923657,-1.178384644381,
    -2.899634027966));
#3976 = CARTESIAN_POINT('',(-1.010201356821,-0.874519301662,
    -2.939475337684));
#3977 = CARTESIAN_POINT('',(-1.416183371465,-2.914865998105E-05,
    -2.979555659945));
#3978 = CARTESIAN_POINT('',(-1.010008246308,0.874555521978,
    -3.019635984871));
#3979 = CARTESIAN_POINT('',(-0.242389601256,1.178368683546,
    -3.059477292839));
#3980 = CARTESIAN_POINT('',(0.429735154502,0.961559090462,
    -3.099583428435));
#3981 = CARTESIAN_POINT('',(0.765393139577,0.480943502018,
    -3.139556603301));
#3982 = CARTESIAN_POINT('',(0.765392149551,1.22994346893E-06,
    -3.179555124049));
#3983 = CARTESIAN_POINT('',(0.752619488805,1.36895094946E-06,
    -2.761846317068));
#3984 = CARTESIAN_POINT('',(0.75261869776,-0.472916557004,
    -2.801844757279));
#3985 = CARTESIAN_POINT('',(0.422501829584,-0.945489592694,
    -2.841816471696));
#3986 = CARTESIAN_POINT('',(-0.238152164548,-1.158758500891,
    -2.88192838547));
#3987 = CARTESIAN_POINT('',(-0.993352002532,-0.859886325329,
    -2.921761054711));
#3988 = CARTESIAN_POINT('',(-1.392529162968,-2.757781730531E-05,
    -2.961845750519));
#3989 = CARTESIAN_POINT('',(-0.993171466788,0.859919858409,
    -3.00193044882));
#3990 = CARTESIAN_POINT('',(-0.238333093523,1.158743456744,
    -3.041763116425));
#3991 = CARTESIAN_POINT('',(0.422559934701,0.945493394413,
    -3.081875030853));
#3992 = CARTESIAN_POINT('',(0.752619127219,0.472919222859,-3.12184674515
    ));
#3993 = CARTESIAN_POINT('',(0.752618290921,1.29690398126E-06,
    -3.161845185357));
#3994 = CARTESIAN_POINT('',(0.748001115258,1.39450163944E-06,
    -2.740021904783));
#3995 = CARTESIAN_POINT('',(0.74800047787,-0.470015379121,
    -2.780020315874));
#3996 = CARTESIAN_POINT('',(0.419911048789,-0.939681236693,
    -2.819991502226));
#3997 = CARTESIAN_POINT('',(-0.236695014436,-1.151662372899,
    -2.860105505335));
#3998 = CARTESIAN_POINT('',(-0.987254817197,-0.854596954907,
    -2.899935050617));
#3999 = CARTESIAN_POINT('',(-1.383977131299,-2.553104486769E-05,
    -2.940021327729));
#4000 = CARTESIAN_POINT('',(-0.987089640376,0.854627334477,
    -2.980107607122));
#4001 = CARTESIAN_POINT('',(-0.236861281095,1.151648496422,
    -3.019937150906));
#4002 = CARTESIAN_POINT('',(0.419963968907,0.939684874257,
    -3.060051154615));
#4003 = CARTESIAN_POINT('',(0.7480007007,0.470018094732,-3.100022340856)
  );
#4004 = CARTESIAN_POINT('',(0.748000017216,1.32110963386E-06,
    -3.140020751944));
#4005 = CARTESIAN_POINT('',(0.752615694757,1.36896147857E-06,
    -2.718196689964));
#4006 = CARTESIAN_POINT('',(0.752615178938,-0.472914236357,
    -2.758195130151));
#4007 = CARTESIAN_POINT('',(0.422504877665,-0.945485138608,
    -2.798166844137));
#4008 = CARTESIAN_POINT('',(-0.238165732117,-1.158751641688,
    -2.838278759636));
#4009 = CARTESIAN_POINT('',(-0.99333182932,-0.859885181063,
    -2.87811142624));
#4010 = CARTESIAN_POINT('',(-1.392522322183,-2.339207915414E-05,
    -2.918196123524));
#4011 = CARTESIAN_POINT('',(-0.993181897987,0.859912538199,
    -2.958280822879));
#4012 = CARTESIAN_POINT('',(-0.238317183072,1.158738964471,
    -2.998113488123));
#4013 = CARTESIAN_POINT('',(0.422552737732,0.94548855614,-3.038225404168
    ));
#4014 = CARTESIAN_POINT('',(0.752615257631,0.472916902231,
    -3.078197118052));
#4015 = CARTESIAN_POINT('',(0.75261469656,1.2969134344E-06,
    -3.118195558236));
#4016 = CARTESIAN_POINT('',(0.765386555508,1.29828925649E-06,
    -2.700484589342));
#4017 = CARTESIAN_POINT('',(0.765386106972,-0.480936769936,
    -2.740483110052));
#4018 = CARTESIAN_POINT('',(0.429678241194,-0.961547141545,
    -2.780456284263));
#4019 = CARTESIAN_POINT('',(-0.242221501405,-1.178372218886,
    -2.820562422286));
#4020 = CARTESIAN_POINT('',(-1.010164812904,-0.874517228816,
    -2.860403727227));
#4021 = CARTESIAN_POINT('',(-1.416170979335,-2.156616538596E-05,
    -2.900484052161));
#4022 = CARTESIAN_POINT('',(-1.010027142499,0.874542261365,
    -2.940564378997));
#4023 = CARTESIAN_POINT('',(-0.242360779361,1.178360545762,
    -2.980405682688));
#4024 = CARTESIAN_POINT('',(0.429722117141,0.961550325896,
    -3.020511821212));
#4025 = CARTESIAN_POINT('',(0.765386129791,0.480939298185,-3.06048499533
    ));
#4026 = CARTESIAN_POINT('',(0.765385638339,1.22996059387E-06,
    -3.100483516038));
#4027 = CARTESIAN_POINT('',(0.783510164775,1.19799916057E-06,
    -2.690018818129));
#4028 = CARTESIAN_POINT('',(0.783509719228,-0.492321828274,
    -2.730017453112));
#4029 = CARTESIAN_POINT('',(0.439856490971,-0.984341227822,
    -2.769992699583));
#4030 = CARTESIAN_POINT('',(-0.247972232024,-1.206216864827,
    -2.810090638569));
#4031 = CARTESIAN_POINT('',(-1.034058232252,-0.89528104236,
    -2.849944202522));
#4032 = CARTESIAN_POINT('',(-1.449731616846,-2.038173361429E-05,
    -2.890018322431));
#4033 = CARTESIAN_POINT('',(-1.033927676015,0.895304851645,
    -2.930092444142));
#4034 = CARTESIAN_POINT('',(-0.248104142062,1.206205821146,
    -2.969946006911));
#4035 = CARTESIAN_POINT('',(0.439898156132,0.984344210384,
    -3.010043946372));
#4036 = CARTESIAN_POINT('',(0.783509780633,0.492324161222,
    -3.050019192755));
#4037 = CARTESIAN_POINT('',(0.783509295485,1.13494880552E-06,
    -3.090017827736));
#4038 = ADVANCED_FACE('',(#4039),#4049,.T.);
#4039 = FACE_BOUND('',#4040,.T.);
#4040 = EDGE_LOOP('',(#4041,#4042,#4043,#4044));
#4041 = ORIENTED_EDGE('',*,*,#3715,.F.);
#4042 = ORIENTED_EDGE('',*,*,#3684,.T.);
#4043 = ORIENTED_EDGE('',*,*,#3933,.T.);
#4044 = ORIENTED_EDGE('',*,*,#4045,.F.);
#4045 = EDGE_CURVE('',#3716,#3934,#4046,.T.);
#4046 = B_SPLINE_CURVE_WITH_KNOTS('',1,(#4047,#4048),.UNSPECIFIED.,.F.,
  .F.,(2,2),(0.,0.28),.PIECEWISE_BEZIER_KNOTS.);
#4047 = CARTESIAN_POINT('',(1.026016170702,-1.3629189385E-07,
    -3.329997859137));
#4048 = CARTESIAN_POINT('',(0.783517530061,1.13492714704E-06,
    -3.190017827397));
#4049 = B_SPLINE_SURFACE_WITH_KNOTS('',1,10,(
    (#4050,#4051,#4052,#4053,#4054,#4055,#4056,#4057,#4058,#4059,#4060)
    ,(#4061,#4062,#4063,#4064,#4065,#4066,#4067,#4068,#4069,#4070,#4071
    )),.UNSPECIFIED.,.F.,.F.,.F.,(2,2),(11,11),(0.,0.28),(0.,
    6.295904828089),.PIECEWISE_BEZIER_KNOTS.);
#4050 = CARTESIAN_POINT('',(1.026018137842,-1.4386912025E-07,
    -2.929997740114));
#4051 = CARTESIAN_POINT('',(1.026015336237,-0.644662208278,
    -2.969997904164));
#4052 = CARTESIAN_POINT('',(0.576004295706,-1.289341046235,
    -3.010000879067));
#4053 = CARTESIAN_POINT('',(-0.324792880135,-1.57880882924,
    -3.049989108486));
#4054 = CARTESIAN_POINT('',(-1.353902823554,-1.173089120051,
    -3.090006708162));
#4055 = CARTESIAN_POINT('',(-1.89879741191,-4.097500526656E-05,
    -3.129997798471));
#4056 = CARTESIAN_POINT('',(-1.353601015033,1.173150329182,
    -3.169988892929));
#4057 = CARTESIAN_POINT('',(-0.325082841578,1.578785601104,
    -3.210006489885));
#4058 = CARTESIAN_POINT('',(0.576105573062,1.289344673701,
    -3.249994720382));
#4059 = CARTESIAN_POINT('',(1.026018967547,0.644661928118,
    -3.289997695099));
#4060 = CARTESIAN_POINT('',(1.026016170702,-1.3629189385E-07,
    -3.329997859137));
#4061 = CARTESIAN_POINT('',(0.783518856828,1.19797503794E-06,
    -2.790018817751));
#4062 = CARTESIAN_POINT('',(0.783517780745,-0.492327144808,
    -2.830017452789));
#4063 = CARTESIAN_POINT('',(0.439849507906,-0.984351432001,
    -2.869992700249));
#4064 = CARTESIAN_POINT('',(-0.247941149125,-1.206232579057,
    -2.910090635281));
#4065 = CARTESIAN_POINT('',(-1.034104448482,-0.895283663839,
    -2.949944205276));
#4066 = CARTESIAN_POINT('',(-1.449747288881,-2.997113603631E-05,
    -2.990018321803));
#4067 = CARTESIAN_POINT('',(-1.033903778448,0.895321622029,
    -3.030092441101));
#4068 = CARTESIAN_POINT('',(-0.248140592434,1.20621611281,
    -3.069946009277));
#4069 = CARTESIAN_POINT('',(0.439914644175,0.984355294726,
    -3.110043945035));
#4070 = CARTESIAN_POINT('',(0.783518645744,0.492329477711,
    -3.150019192364));
#4071 = CARTESIAN_POINT('',(0.783517530061,1.13492714704E-06,
    -3.190017827397));
#4072 = ADVANCED_FACE('',(#4073),#4250,.T.);
#4073 = FACE_BOUND('',#4074,.F.);
#4074 = EDGE_LOOP('',(#4075,#4152,#4153,#4244));
#4075 = ORIENTED_EDGE('',*,*,#4076,.F.);
#4076 = EDGE_CURVE('',#3716,#4077,#4079,.T.);
#4077 = VERTEX_POINT('',#4078);
#4078 = CARTESIAN_POINT('',(1.,3.9807E-11,-3.714981368134));
#4079 = B_SPLINE_CURVE_WITH_KNOTS('',6,(#4080,#4081,#4082,#4083,#4084,
    #4085,#4086,#4087,#4088,#4089,#4090,#4091,#4092,#4093,#4094,#4095,
    #4096,#4097,#4098,#4099,#4100,#4101,#4102,#4103,#4104,#4105,#4106,
    #4107,#4108,#4109,#4110,#4111,#4112,#4113,#4114,#4115,#4116,#4117,
    #4118,#4119,#4120,#4121,#4122,#4123,#4124,#4125,#4126,#4127,#4128,
    #4129,#4130,#4131,#4132,#4133,#4134,#4135,#4136,#4137,#4138,#4139,
    #4140,#4141,#4142,#4143,#4144,#4145,#4146,#4147,#4148,#4149,#4150,
    #4151),.UNSPECIFIED.,.F.,.F.,(7,5,5,5,5,5,5,5,5,5,5,5,5,5,7),(0.,
    5.299977474612E-02,9.899959449138E-02,0.152578237356,0.255577118533,
    0.365063489958,0.433221000602,0.496017279026,0.566956060228,
    0.634250834472,0.73793623201,0.849743808922,0.902858235782,
    0.948857612772,1.),.UNSPECIFIED.);
#4080 = CARTESIAN_POINT('',(1.,8.926626E-11,-3.314980272271));
#4081 = CARTESIAN_POINT('',(1.000000000002,-5.549999405964E-02,
    -3.3185136484));
#4082 = CARTESIAN_POINT('',(0.996303663379,-0.111000503446,
    -3.322046814514));
#4083 = CARTESIAN_POINT('',(0.988911041759,-0.166192110712,
    -3.325580208345));
#4084 = CARTESIAN_POINT('',(0.977856559794,-0.220767851047,
    -3.329114147655));
#4085 = CARTESIAN_POINT('',(0.963208250321,-0.274426641895,
    -3.332648709008));
#4086 = CARTESIAN_POINT('',(0.929321739101,-0.372399430722,
    -3.33925163184));
#4087 = CARTESIAN_POINT('',(0.910945058228,-0.417012291678,
    -3.342319961234));
#4088 = CARTESIAN_POINT('',(0.890002852788,-0.460524743743,
    -3.345388440085));
#4089 = CARTESIAN_POINT('',(0.866579058278,-0.502753401312,
    -3.348456892459));
#4090 = CARTESIAN_POINT('',(0.840774818575,-0.543523716395,
    -3.351525136591));
#4091 = CARTESIAN_POINT('',(0.780016231948,-0.628269505977,
    -3.358166318212));
#4092 = CARTESIAN_POINT('',(0.744254221973,-0.67166711917,
    -3.361739182985));
#4093 = CARTESIAN_POINT('',(0.705607534538,-0.712604998617,
    -3.36531128135));
#4094 = CARTESIAN_POINT('',(0.664290128616,-0.750846064644,
    -3.368882566251));
#4095 = CARTESIAN_POINT('',(0.620541117007,-0.786178572345,
    -3.372453123999));
#4096 = CARTESIAN_POINT('',(0.486347284637,-0.880397678186,
    -3.382885803735));
#4097 = CARTESIAN_POINT('',(0.390037722317,-0.930959810326,
    -3.389747320648));
#4098 = CARTESIAN_POINT('',(0.287567988746,-0.968780400115,
    -3.39660650047));
#4099 = CARTESIAN_POINT('',(0.181059970004,-0.992991370632,
    -3.403467183029));
#4100 = CARTESIAN_POINT('',(7.276432042039E-02,-1.003164235951,
    -3.4103316335));
#4101 = CARTESIAN_POINT('',(-0.149606611844,-0.995370580774,
    -3.42449576234));
#4102 = CARTESIAN_POINT('',(-0.263655700098,-0.975589898508,
    -3.431798067146));
#4103 = CARTESIAN_POINT('',(-0.374413719547,-0.94013103236,-3.4391013205
    ));
#4104 = CARTESIAN_POINT('',(-0.479225733136,-0.889738036137,
    -3.446405039891));
#4105 = CARTESIAN_POINT('',(-0.575650013008,-0.825695115063,
    -3.453709105122));
#4106 = CARTESIAN_POINT('',(-0.715140292543,-0.702615546968,
    -3.465555438939));
#4107 = CARTESIAN_POINT('',(-0.764616048053,-0.650807787736,
    -3.470100108963));
#4108 = CARTESIAN_POINT('',(-0.809554521297,-0.594850737184,
    -3.474643937018));
#4109 = CARTESIAN_POINT('',(-0.84952890647,-0.535246587491,
    -3.479187181357));
#4110 = CARTESIAN_POINT('',(-0.884187717786,-0.472552765926,
    -3.483730218392));
#4111 = CARTESIAN_POINT('',(-0.94005086374,-0.347316196806,
    -3.492458511064));
#4112 = CARTESIAN_POINT('',(-0.962100296279,-0.28514679746,
    -3.496643985081));
#4113 = CARTESIAN_POINT('',(-0.979201542449,-0.221332757451,
    -3.50082947359));
#4114 = CARTESIAN_POINT('',(-0.991208696102,-0.156367610722,
    -3.505015254975));
#4115 = CARTESIAN_POINT('',(-0.998041421996,-9.075964149497E-02,
    -3.509201534123));
#4116 = CARTESIAN_POINT('',(-1.001545679283,4.923706743404E-02,
    -3.51811753925));
#4117 = CARTESIAN_POINT('',(-0.996784816725,0.123665312382,
    -3.522847603229));
#4118 = CARTESIAN_POINT('',(-0.985385680913,0.197519040773,
    -3.52757796758));
#4119 = CARTESIAN_POINT('',(-0.96744012378,0.270060950349,
    -3.532308586385));
#4120 = CARTESIAN_POINT('',(-0.94314730399,0.340575143708,
    -3.537039319247));
#4121 = CARTESIAN_POINT('',(-0.88403212233,0.472708266371,
    -3.546256793996));
#4122 = CARTESIAN_POINT('',(-0.849813161867,0.534601682745,
    -3.550743843272));
#4123 = CARTESIAN_POINT('',(-0.810412352369,0.59348486118,
    -3.555230192585));
#4124 = CARTESIAN_POINT('',(-0.766167556864,0.648821120505,
    -3.559715804982));
#4125 = CARTESIAN_POINT('',(-0.717488306475,0.700126155454,
    -3.56420078431));
#4126 = CARTESIAN_POINT('',(-0.583742449623,0.819166686049,
    -3.575594245002));
#4127 = CARTESIAN_POINT('',(-0.493218617502,0.880798157033,
    -3.582503039107));
#4128 = CARTESIAN_POINT('',(-0.395021452864,0.930310087058,
    -3.589409736564));
#4129 = CARTESIAN_POINT('',(-0.291201626529,0.966576777476,
    -3.596317203578));
#4130 = CARTESIAN_POINT('',(-0.183992457546,0.98890619203,
    -3.603228265149));
#4131 = CARTESIAN_POINT('',(4.101620836625E-02,1.005994841008,
    -3.617594769184));
#4132 = CARTESIAN_POINT('',(0.15903036811,0.998460549971,-3.625053118418
    ));
#4133 = CARTESIAN_POINT('',(0.275379943644,0.974291498382,
    -3.632512835266));
#4134 = CARTESIAN_POINT('',(0.387168602504,0.933978616955,
    -3.639973830529));
#4135 = CARTESIAN_POINT('',(0.491668648483,0.878618640918,
    -3.647434250576));
#4136 = CARTESIAN_POINT('',(0.631551377791,0.777326558579,
    -3.658432217309));
#4137 = CARTESIAN_POINT('',(0.674424780527,0.741697393725,
    -3.661973565812));
#4138 = CARTESIAN_POINT('',(0.714869275033,0.703243421654,
    -3.665514109519));
#4139 = CARTESIAN_POINT('',(0.752654748399,0.662174078885,
    -3.669053952899));
#4140 = CARTESIAN_POINT('',(0.787575703778,0.618722952748,
    -3.672593326885));
#4141 = CARTESIAN_POINT('',(0.847061994022,0.533672426296,
    -3.679197462506));
#4142 = CARTESIAN_POINT('',(0.872388308542,0.492604108259,-3.6822623328)
  );
#4143 = CARTESIAN_POINT('',(0.895317352986,0.450105388235,-3.68532718699
    ));
#4144 = CARTESIAN_POINT('',(0.915750039774,0.406351975333,
    -3.688392261467));
#4145 = CARTESIAN_POINT('',(0.933604591177,0.361528206971,
    -3.691457747415));
#4146 = CARTESIAN_POINT('',(0.965730958138,0.265012673351,
    -3.697932331061));
#4147 = CARTESIAN_POINT('',(0.979379248228,0.213112579838,
    -3.701341569132));
#4148 = CARTESIAN_POINT('',(0.98967466791,0.160388189061,-3.704751387153
    ));
#4149 = CARTESIAN_POINT('',(0.996558203178,0.107110382919,
    -3.708161608772));
#4150 = CARTESIAN_POINT('',(0.999999999998,5.355499800565E-02,
    -3.711571825573));
#4151 = CARTESIAN_POINT('',(1.,7.961731E-11,-3.714981368134));
#4152 = ORIENTED_EDGE('',*,*,#3870,.T.);
#4153 = ORIENTED_EDGE('',*,*,#4154,.T.);
#4154 = EDGE_CURVE('',#3794,#4155,#4157,.T.);
#4155 = VERTEX_POINT('',#4156);
#4156 = CARTESIAN_POINT('',(1.,5.52E-12,-3.765002747181));
#4157 = B_SPLINE_CURVE_WITH_KNOTS('',7,(#4158,#4159,#4160,#4161,#4162,
    #4163,#4164,#4165,#4166,#4167,#4168,#4169,#4170,#4171,#4172,#4173,
    #4174,#4175,#4176,#4177,#4178,#4179,#4180,#4181,#4182,#4183,#4184,
    #4185,#4186,#4187,#4188,#4189,#4190,#4191,#4192,#4193,#4194,#4195,
    #4196,#4197,#4198,#4199,#4200,#4201,#4202,#4203,#4204,#4205,#4206,
    #4207,#4208,#4209,#4210,#4211,#4212,#4213,#4214,#4215,#4216,#4217,
    #4218,#4219,#4220,#4221,#4222,#4223,#4224,#4225,#4226,#4227,#4228,
    #4229,#4230,#4231,#4232,#4233,#4234,#4235,#4236,#4237,#4238,#4239,
    #4240,#4241,#4242,#4243),.UNSPECIFIED.,.F.,.F.,(8,6,6,6,6,6,6,6,6,6,
    6,6,6,6,8),(0.,5.111116765162E-02,9.611322351258E-02,0.148040234223,
    0.262043899474,0.442523083845,0.46052411372,0.499525607823,
    0.563831962253,0.631400317107,0.739311273378,0.795315079921,
    0.845320278814,0.946183998382,1.),.UNSPECIFIED.);
#4158 = CARTESIAN_POINT('',(1.,1.247524E-11,-3.365002918899));
#4159 = CARTESIAN_POINT('',(1.,-4.587366300076E-02,-3.367923310144));
#4160 = CARTESIAN_POINT('',(0.997544852838,-9.174760915253E-02,
    -3.370844014347));
#4161 = CARTESIAN_POINT('',(0.992634588876,-0.137463341074,
    -3.37376473368));
#4162 = CARTESIAN_POINT('',(0.985281970263,-0.182863253096,
    -3.376685261256));
#4163 = CARTESIAN_POINT('',(0.975512314059,-0.227791441554,
    -3.379605474804));
#4164 = CARTESIAN_POINT('',(0.963363315381,-0.272094515081,
    -3.382525330336));
#4165 = CARTESIAN_POINT('',(0.936136975811,-0.353947581578,
    -3.388015422195));
#4166 = CARTESIAN_POINT('',(0.921583084957,-0.391672226642,
    -3.390585756103));
#4167 = CARTESIAN_POINT('',(0.905257235974,-0.428694006262,
    -3.393155868451));
#4168 = CARTESIAN_POINT('',(0.88720057767,-0.464913306108,
    -3.395725836443));
#4169 = CARTESIAN_POINT('',(0.867461166392,-0.500233662318,
    -3.398295768596));
#4170 = CARTESIAN_POINT('',(0.846093762758,-0.534562192459,
    -3.400865769753));
#4171 = CARTESIAN_POINT('',(0.796696369831,-0.606174065639,
    -3.406401537212));
#4172 = CARTESIAN_POINT('',(0.768146757733,-0.643099709756,
    -3.409367384999));
#4173 = CARTESIAN_POINT('',(0.737604990255,-0.67845029421,
    -3.412333549032));
#4174 = CARTESIAN_POINT('',(0.705176035781,-0.712097410774,
    -3.415300137315));
#4175 = CARTESIAN_POINT('',(0.6709749403,-0.743921638499,-3.418267228865
    ));
#4176 = CARTESIAN_POINT('',(0.63512613478,-0.773813274594,
    -3.421234836299));
#4177 = CARTESIAN_POINT('',(0.515732916388,-0.862838116211,
    -3.430719063667));
#4178 = CARTESIAN_POINT('',(0.426386252465,-0.914221824435,
    -3.43723857291));
#4179 = CARTESIAN_POINT('',(0.331149650989,-0.954751058526,
    -3.44375896424));
#4180 = CARTESIAN_POINT('',(0.231615209535,-0.983648094981,
    -3.450278823138));
#4181 = CARTESIAN_POINT('',(0.12948336422,-1.000419801632,
    -3.456797647425));
#4182 = CARTESIAN_POINT('',(2.651401140081E-02,-1.004871386499,
    -3.463315035019));
#4183 = CARTESIAN_POINT('',(-0.237035536257,-0.984912615115,
    -3.480141681765));
#4184 = CARTESIAN_POINT('',(-0.396428549675,-0.942142296599,
    -3.490460639581));
#4185 = CARTESIAN_POINT('',(-0.546421736627,-0.869258430634,
    -3.500764695132));
#4186 = CARTESIAN_POINT('',(-0.680309173407,-0.769004222805,
    -3.511067289293));
#4187 = CARTESIAN_POINT('',(-0.792466981023,-0.645588866093,
    -3.52138010571));
#4188 = CARTESIAN_POINT('',(-0.878373280023,-0.504677130696,
    -3.531706002348));
#4189 = CARTESIAN_POINT('',(-0.941279669097,-0.338014214506,
    -3.543049684224));
#4190 = CARTESIAN_POINT('',(-0.946700005817,-0.322791312238,
    -3.544078498063));
#4191 = CARTESIAN_POINT('',(-0.951832992929,-0.307467341972,
    -3.545107315373));
#4192 = CARTESIAN_POINT('',(-0.956676382621,-0.292048814681,
    -3.546136133482));
#4193 = CARTESIAN_POINT('',(-0.961228112843,-0.276542299418,
    -3.547164949794));
#4194 = CARTESIAN_POINT('',(-0.965486307307,-0.260954423312,
    -3.548193761792));
#4195 = CARTESIAN_POINT('',(-0.978035544225,-0.211356984309,
    -3.551451602921));
#4196 = CARTESIAN_POINT('',(-0.985235979769,-0.177071330126,
    -3.553680609883));
#4197 = CARTESIAN_POINT('',(-0.991033342458,-0.142503237656,
    -3.555909561378));
#4198 = CARTESIAN_POINT('',(-0.995414644965,-0.107721568655,
    -3.5581384364));
#4199 = CARTESIAN_POINT('',(-0.998371152298,-7.279571800271E-02,
    -3.560367219479));
#4200 = CARTESIAN_POINT('',(-0.999898381801,-3.779561369911E-02,
    -3.562595900683));
#4201 = CARTESIAN_POINT('',(-1.000157227844,5.492332836107E-02,
    -3.568498989447));
#4202 = CARTESIAN_POINT('',(-0.996432079769,0.112650278789,
    -3.57217328897));
#4203 = CARTESIAN_POINT('',(-0.988819763951,0.170073398789,
    -3.57584724208));
#4204 = CARTESIAN_POINT('',(-0.977351261498,0.226878958526,
    -3.579520911736));
#4205 = CARTESIAN_POINT('',(-0.96208887715,0.282758054498,
    -3.583194449413));
#4206 = CARTESIAN_POINT('',(-0.943125686837,0.337409430072,
    -3.586867988552));
#4207 = CARTESIAN_POINT('',(-0.896900885283,0.446370376655,
    -3.594401431735));
#4208 = CARTESIAN_POINT('',(-0.869266144298,0.500524262569,
    -3.59826149256));
#4209 = CARTESIAN_POINT('',(-0.837823840767,0.552666414437,
    -3.602121715974));
#4210 = CARTESIAN_POINT('',(-0.802751876891,0.602476928294,
    -3.605982258789));
#4211 = CARTESIAN_POINT('',(-0.764260846828,0.649656596078,
    -3.609843298887));
#4212 = CARTESIAN_POINT('',(-0.722591904925,0.693929966168,
    -3.613704894955));
#4213 = CARTESIAN_POINT('',(-0.606821899645,0.800717161862,
    -3.623734627806));
#4214 = CARTESIAN_POINT('',(-0.528198266329,0.858350983718,
    -3.629904416492));
#4215 = CARTESIAN_POINT('',(-0.443250505298,0.906921712718,
    -3.636074506698));
#4216 = CARTESIAN_POINT('',(-0.353242686366,0.945620035203,
    -3.64224441628));
#4217 = CARTESIAN_POINT('',(-0.259552845446,0.97385387322,
    -3.648413943694));
#4218 = CARTESIAN_POINT('',(-0.163637334107,0.991263415093,
    -3.654582416495));
#4219 = CARTESIAN_POINT('',(-1.685132729169E-02,1.001120647381,
    -3.663948024007));
#4220 = CARTESIAN_POINT('',(3.349821575221E-02,1.001547537269,
    -3.667147446396));
#4221 = CARTESIAN_POINT('',(8.383796964511E-02,0.999019497013,
    -3.670346308458));
#4222 = CARTESIAN_POINT('',(0.133959954081,0.993540903452,
    -3.673544642674));
#4223 = CARTESIAN_POINT('',(0.183657439292,0.985134320262,
    -3.676742552833));
#4224 = CARTESIAN_POINT('',(0.232726368505,0.97384035131,-3.67994016295)
  );
#4225 = CARTESIAN_POINT('',(0.324040127373,0.94710734603,-3.685992493301
    ));
#4226 = CARTESIAN_POINT('',(0.36645362702,0.932241670671,-3.688847300237
    ));
#4227 = CARTESIAN_POINT('',(0.408065060037,0.915162068296,
    -3.691702057138));
#4228 = CARTESIAN_POINT('',(0.448736029681,0.895921151449,
    -3.694556890217));
#4229 = CARTESIAN_POINT('',(0.4883327095,0.874582201233,-3.697411939238)
  );
#4230 = CARTESIAN_POINT('',(0.526726591061,0.851218823693,
    -3.700267314992));
#4231 = CARTESIAN_POINT('',(0.638565076726,0.774874363305,
    -3.708883272588));
#4232 = CARTESIAN_POINT('',(0.707952503286,0.715931336299,
    -3.714645688705));
#4233 = CARTESIAN_POINT('',(0.77093887738,0.649776481635,-3.720409779652
    ));
#4234 = CARTESIAN_POINT('',(0.826638713904,0.577255638771,
    -3.726175824185));
#4235 = CARTESIAN_POINT('',(0.874307359804,0.499339345327,
    -3.731943324626));
#4236 = CARTESIAN_POINT('',(0.913357559016,0.417100527165,
    -3.737710692234));
#4237 = CARTESIAN_POINT('',(0.959406035327,0.286134507021,-3.74655239388
    ));
#4238 = CARTESIAN_POINT('',(0.972859663111,0.239665744145,
    -3.749628273708));
#4239 = CARTESIAN_POINT('',(0.983684553085,0.192467993885,
    -3.752703670721));
#4240 = CARTESIAN_POINT('',(0.99183441238,0.144719777155,-3.755778598433
    ));
#4241 = CARTESIAN_POINT('',(0.997278126311,9.660286598129E-02,
    -3.758853219474));
#4242 = CARTESIAN_POINT('',(1.,4.830123284278E-02,-3.761927813847));
#4243 = CARTESIAN_POINT('',(1.,1.104827E-11,-3.765002747181));
#4244 = ORIENTED_EDGE('',*,*,#4245,.F.);
#4245 = EDGE_CURVE('',#4077,#4155,#4246,.T.);
#4246 = LINE('',#4247,#4248);
#4247 = CARTESIAN_POINT('',(1.,0.,-1.E-01));
#4248 = VECTOR('',#4249,1.);
#4249 = DIRECTION('',(0.,0.,-1.));
#4250 = CYLINDRICAL_SURFACE('',#4251,1.);
#4251 = AXIS2_PLACEMENT_3D('',#4252,#4253,#4254);
#4252 = CARTESIAN_POINT('',(0.,0.,-1.E-01));
#4253 = DIRECTION('',(-0.,-0.,-1.));
#4254 = DIRECTION('',(1.,0.,0.));
#4255 = ADVANCED_FACE('',(#4256),#4281,.T.);
#4256 = FACE_BOUND('',#4257,.T.);
#4257 = EDGE_LOOP('',(#4258,#4274,#4275,#4276));
#4258 = ORIENTED_EDGE('',*,*,#4259,.F.);
#4259 = EDGE_CURVE('',#3885,#4260,#4262,.T.);
#4260 = VERTEX_POINT('',#4261);
#4261 = CARTESIAN_POINT('',(0.783508426199,1.071898163E-06,
    -3.490016837339));
#4262 = ( BOUNDED_CURVE() B_SPLINE_CURVE(10,(#4263,#4264,#4265,#4266,
    #4267,#4268,#4269,#4270,#4271,#4272,#4273),.UNSPECIFIED.,.F.,.F.) 
B_SPLINE_CURVE_WITH_KNOTS((11,11),(0.,6.295904828089),
.PIECEWISE_BEZIER_KNOTS.) CURVE() GEOMETRIC_REPRESENTATION_ITEM() 
RATIONAL_B_SPLINE_CURVE((1.056590953773,1.056590953773,1.056590953773,
    1.056590953773,1.056590953773,1.056590953773,1.056590953773,
    1.056590953773,1.056590953773,1.056590953773,1.056590953773)) 
REPRESENTATION_ITEM('') );
#4263 = CARTESIAN_POINT('',(0.783509295485,1.1349487824E-06,
    -3.090017827736));
#4264 = CARTESIAN_POINT('',(0.783508810337,-0.492321345253,
    -3.130016462713));
#4265 = CARTESIAN_POINT('',(0.43985592365,-0.984340169934,
    -3.169991709086));
#4266 = CARTESIAN_POINT('',(-0.247972053575,-1.206215509241,
    -3.210089648463));
#4267 = CARTESIAN_POINT('',(-1.034057157936,-0.895279963402,
    -3.249943211831));
#4268 = CARTESIAN_POINT('',(-1.449730007131,-2.026488454004E-05,
    -3.290017332034));
#4269 = CARTESIAN_POINT('',(-1.033926457927,0.895303938817,
    -3.330091454046));
#4270 = CARTESIAN_POINT('',(-0.248103769204,1.206204505601,
    -3.369945016225));
#4271 = CARTESIAN_POINT('',(0.439897747174,0.984343081676,-3.41004295608
    ));
#4272 = CARTESIAN_POINT('',(0.783508950948,0.4923235521,-3.450018202363)
  );
#4273 = CARTESIAN_POINT('',(0.783508426199,1.07189815038E-06,
    -3.490016837339));
#4274 = ORIENTED_EDGE('',*,*,#3902,.T.);
#4275 = ORIENTED_EDGE('',*,*,#3793,.T.);
#4276 = ORIENTED_EDGE('',*,*,#4277,.F.);
#4277 = EDGE_CURVE('',#4260,#3794,#4278,.T.);
#4278 = B_SPLINE_CURVE_WITH_KNOTS('',1,(#4279,#4280),.UNSPECIFIED.,.F.,
  .F.,(2,2),(0.,0.28),.PIECEWISE_BEZIER_KNOTS.);
#4279 = CARTESIAN_POINT('',(0.783508426199,1.07189814982E-06,
    -3.490016837339));
#4280 = CARTESIAN_POINT('',(1.025984650584,-1.2864185308E-07,
    -3.349997979299));
#4281 = B_SPLINE_SURFACE_WITH_KNOTS('',1,10,(
    (#4282,#4283,#4284,#4285,#4286,#4287,#4288,#4289,#4290,#4291,#4292)
    ,(#4293,#4294,#4295,#4296,#4297,#4298,#4299,#4300,#4301,#4302,#4303
    )),.UNSPECIFIED.,.F.,.F.,.F.,(2,2),(11,11),(0.,0.28),(0.,
    6.295904828089),.PIECEWISE_BEZIER_KNOTS.);
#4282 = CARTESIAN_POINT('',(0.783509295485,1.13494878209E-06,
    -3.090017827736));
#4283 = CARTESIAN_POINT('',(0.783508810337,-0.492321345253,
    -3.130016462713));
#4284 = CARTESIAN_POINT('',(0.43985592365,-0.984340169934,
    -3.169991709085));
#4285 = CARTESIAN_POINT('',(-0.247972053575,-1.206215509241,
    -3.210089648464));
#4286 = CARTESIAN_POINT('',(-1.034057157935,-0.895279963402,
    -3.24994321183));
#4287 = CARTESIAN_POINT('',(-1.449730007132,-2.026488448092E-05,
    -3.290017332035));
#4288 = CARTESIAN_POINT('',(-1.033926457927,0.895303938817,
    -3.330091454045));
#4289 = CARTESIAN_POINT('',(-0.248103769204,1.206204505601,
    -3.369945016226));
#4290 = CARTESIAN_POINT('',(0.439897747174,0.984343081676,
    -3.410042956079));
#4291 = CARTESIAN_POINT('',(0.783508950948,0.4923235521,-3.450018202363)
  );
#4292 = CARTESIAN_POINT('',(0.783508426199,1.07189814982E-06,
    -3.490016837339));
#4293 = CARTESIAN_POINT('',(1.025984879313,-1.3620961638E-07,
    -2.949997860425));
#4294 = CARTESIAN_POINT('',(1.025984478501,-0.644641854197,
    -2.989998024266));
#4295 = CARTESIAN_POINT('',(0.576030712416,-1.289301978434,
    -3.030000995382));
#4296 = CARTESIAN_POINT('',(-0.324910910952,-1.578748766151,
    -3.069989239931));
#4297 = CARTESIAN_POINT('',(-1.353726891663,-1.173078906361,
    -3.110006816497));
#4298 = CARTESIAN_POINT('',(-1.898737434624,-4.54930166205E-06,
    -3.149997919728));
#4299 = CARTESIAN_POINT('',(-1.353691532825,1.17308632971,
    -3.189989023442));
#4300 = CARTESIAN_POINT('',(-0.324944269301,1.578746138959,
    -3.230006599691));
#4301 = CARTESIAN_POINT('',(0.576042780554,1.289302269785,
    -3.269994844364));
#4302 = CARTESIAN_POINT('',(1.025985046643,0.644641589345,-3.30999781546
    ));
#4303 = CARTESIAN_POINT('',(1.025984650584,-1.2864185308E-07,
    -3.349997979299));
#4304 = ADVANCED_FACE('',(#4305),#4335,.T.);
#4305 = FACE_BOUND('',#4306,.T.);
#4306 = EDGE_LOOP('',(#4307,#4323,#4324,#4325));
#4307 = ORIENTED_EDGE('',*,*,#4308,.F.);
#4308 = EDGE_CURVE('',#3934,#4309,#4311,.T.);
#4309 = VERTEX_POINT('',#4310);
#4310 = CARTESIAN_POINT('',(0.783516203298,1.071878846E-06,
    -3.590016837036));
#4311 = B_SPLINE_CURVE_WITH_KNOTS('',10,(#4312,#4313,#4314,#4315,#4316,
    #4317,#4318,#4319,#4320,#4321,#4322),.UNSPECIFIED.,.F.,.F.,(11,11),(
    0.,6.295904828089),.PIECEWISE_BEZIER_KNOTS.);
#4312 = CARTESIAN_POINT('',(0.783517530061,1.13492712328E-06,
    -3.190017827397));
#4313 = CARTESIAN_POINT('',(0.783516414377,-0.492326374405,
    -3.230016462426));
#4314 = CARTESIAN_POINT('',(0.439848683697,-0.984349798745,
    -3.269991709735));
#4315 = CARTESIAN_POINT('',(-0.247940825606,-1.206230520611,
    -3.310089645366));
#4316 = CARTESIAN_POINT('',(-1.034102770954,-0.895282060777,
    -3.349943214465));
#4317 = CARTESIAN_POINT('',(-1.449744832029,-2.985429205182E-05,
    -3.390017331446));
#4318 = CARTESIAN_POINT('',(-1.033901957155,0.895320185094,
    -3.430091451197));
#4319 = CARTESIAN_POINT('',(-0.248140074513,1.206214094402,
    -3.469945018477));
#4320 = CARTESIAN_POINT('',(0.439913978323,0.984353590652,
    -3.510042954834));
#4321 = CARTESIAN_POINT('',(0.783517358581,0.492328581211,
    -3.550018202012));
#4322 = CARTESIAN_POINT('',(0.783516203298,1.07187883313E-06,
    -3.590016837036));
#4323 = ORIENTED_EDGE('',*,*,#3951,.T.);
#4324 = ORIENTED_EDGE('',*,*,#4259,.T.);
#4325 = ORIENTED_EDGE('',*,*,#4326,.F.);
#4326 = EDGE_CURVE('',#4309,#4260,#4327,.T.);
#4327 = ( BOUNDED_CURVE() B_SPLINE_CURVE(6,(#4328,#4329,#4330,#4331,
#4332,#4333,#4334),.UNSPECIFIED.,.F.,.F.) B_SPLINE_CURVE_WITH_KNOTS((7,7
),(0.,2.094395102393),.PIECEWISE_BEZIER_KNOTS.) CURVE() 
GEOMETRIC_REPRESENTATION_ITEM() RATIONAL_B_SPLINE_CURVE((1.056590953773,
    1.017435169568,0.996326512422,0.989390034249,0.996326512422,
1.017435169568,1.056590953773)) REPRESENTATION_ITEM('') );
#4328 = CARTESIAN_POINT('',(0.783516203298,1.071878833E-06,
    -3.590016837036));
#4329 = CARTESIAN_POINT('',(0.765390870653,1.16161634556E-06,
    -3.57955405077));
#4330 = CARTESIAN_POINT('',(0.752617093042,1.22485662354E-06,
    -3.56184405364));
#4331 = CARTESIAN_POINT('',(0.747998919178,1.2477172685E-06,
    -3.540019599099));
#4332 = CARTESIAN_POINT('',(0.752613698368,1.22486505522E-06,
    -3.518194426503));
#4333 = CARTESIAN_POINT('',(0.765384721175,1.16163162028E-06,
    -3.500482442729));
#4334 = CARTESIAN_POINT('',(0.783508426199,1.07189815038E-06,
    -3.490016837339));
#4335 = ( BOUNDED_SURFACE() B_SPLINE_SURFACE(6,10,(
    (#4336,#4337,#4338,#4339,#4340,#4341,#4342,#4343,#4344,#4345,#4346)
    ,(#4347,#4348,#4349,#4350,#4351,#4352,#4353,#4354,#4355,#4356,#4357)
    ,(#4358,#4359,#4360,#4361,#4362,#4363,#4364,#4365,#4366,#4367,#4368)
    ,(#4369,#4370,#4371,#4372,#4373,#4374,#4375,#4376,#4377,#4378,#4379)
    ,(#4380,#4381,#4382,#4383,#4384,#4385,#4386,#4387,#4388,#4389,#4390)
    ,(#4391,#4392,#4393,#4394,#4395,#4396,#4397,#4398,#4399,#4400,#4401)
    ,(#4402,#4403,#4404,#4405,#4406,#4407,#4408,#4409,#4410,#4411,#4412
)),.UNSPECIFIED.,.F.,.F.,.F.) B_SPLINE_SURFACE_WITH_KNOTS((7,7),(11,11),
  (0.,2.094395102393),(0.,6.295904828089),.PIECEWISE_BEZIER_KNOTS.) 
GEOMETRIC_REPRESENTATION_ITEM() RATIONAL_B_SPLINE_SURFACE((
    (1.056590953773,1.056590953773,1.056590953773,1.056590953773
      ,1.056590953773,1.056590953773,1.056590953773,1.056590953773
      ,1.056590953773,1.056590953773,1.056590953773)
    ,(1.017435169568,1.017435169568,1.017435169568,1.017435169568
      ,1.017435169568,1.017435169569,1.017435169568,1.017435169568
      ,1.017435169568,1.017435169568,1.017435169568)
    ,(0.996326512422,0.996326512422,0.996326512422,0.996326512422
      ,0.996326512422,0.996326512422,0.996326512422,0.996326512422
      ,0.996326512422,0.996326512422,0.996326512422)
    ,(0.989390034249,0.989390034249,0.989390034249,0.989390034249
      ,0.989390034248,0.989390034249,0.989390034248,0.989390034249
      ,0.989390034249,0.989390034249,0.989390034249)
    ,(0.996326512422,0.996326512422,0.996326512422,0.996326512422
      ,0.996326512422,0.996326512422,0.996326512422,0.996326512422
      ,0.996326512422,0.996326512422,0.996326512422)
    ,(1.017435169568,1.017435169568,1.017435169568,1.017435169568
      ,1.017435169568,1.017435169569,1.017435169568,1.017435169568
      ,1.017435169568,1.017435169568,1.017435169568)
    ,(1.056590953773,1.056590953773,1.056590953773,1.056590953773
      ,1.056590953773,1.056590953773,1.056590953773,1.056590953773
      ,1.056590953773,1.056590953773,1.056590953773
))) REPRESENTATION_ITEM('') SURFACE() );
#4336 = CARTESIAN_POINT('',(0.783517530061,1.13492712434E-06,
    -3.190017827397));
#4337 = CARTESIAN_POINT('',(0.783516414377,-0.492326374405,
    -3.230016462426));
#4338 = CARTESIAN_POINT('',(0.439848683697,-0.984349798745,
    -3.269991709735));
#4339 = CARTESIAN_POINT('',(-0.247940825606,-1.20623052061,
    -3.310089645366));
#4340 = CARTESIAN_POINT('',(-1.034102770954,-0.895282060778,
    -3.349943214465));
#4341 = CARTESIAN_POINT('',(-1.449744832029,-2.985429194016E-05,
    -3.390017331446));
#4342 = CARTESIAN_POINT('',(-1.033901957155,0.895320185094,
    -3.430091451198));
#4343 = CARTESIAN_POINT('',(-0.248140074513,1.206214094402,
    -3.469945018477));
#4344 = CARTESIAN_POINT('',(0.439913978323,0.984353590653,
    -3.510042954834));
#4345 = CARTESIAN_POINT('',(0.783517358581,0.492328581211,
    -3.550018202012));
#4346 = CARTESIAN_POINT('',(0.783516203298,1.071878833E-06,
    -3.590016837036));
#4347 = CARTESIAN_POINT('',(0.765392149551,1.2299434447E-06,
    -3.179555124049));
#4348 = CARTESIAN_POINT('',(0.765391159524,-0.480940238748,
    -3.219553644794));
#4349 = CARTESIAN_POINT('',(0.429671915611,-0.961553640061,
    -3.259526819642));
#4350 = CARTESIAN_POINT('',(-0.242196623455,-1.178382657796,
    -3.299632955115));
#4351 = CARTESIAN_POINT('',(-1.010199748424,-0.874517746482,
    -3.339474263971));
#4352 = CARTESIAN_POINT('',(-1.416181003245,-2.902203275593E-05,
    -3.379554586667));
#4353 = CARTESIAN_POINT('',(-1.010006482109,0.874554146832,
    -3.419634912033));
#4354 = CARTESIAN_POINT('',(-0.242389090374,1.178366740353,
    -3.459476219135));
#4355 = CARTESIAN_POINT('',(0.429734522157,0.961557443624,
    -3.499582355309));
#4356 = CARTESIAN_POINT('',(0.765391903594,0.480942630308,
    -3.539555530029));
#4357 = CARTESIAN_POINT('',(0.765390870653,1.16161634556E-06,
    -3.57955405077));
#4358 = CARTESIAN_POINT('',(0.752618290921,1.29690395634E-06,
    -3.161845185357));
#4359 = CARTESIAN_POINT('',(0.752617454623,-0.472915876562,
    -3.201843625559));
#4360 = CARTESIAN_POINT('',(0.422501066446,-0.945488126588,
    -3.241815339841));
#4361 = CARTESIAN_POINT('',(-0.238151895772,-1.158756637601,
    -3.281927254154));
#4362 = CARTESIAN_POINT('',(-0.993350505205,-0.859884858066,
    -3.321759922588));
#4363 = CARTESIAN_POINT('',(-1.392526944776,-2.744429541213E-05,
    -3.361844618804));
#4364 = CARTESIAN_POINT('',(-0.993169805174,0.859918580984,
    -3.401929317517));
#4365 = CARTESIAN_POINT('',(-0.238332602598,1.158741639208,
    -3.44176198431));
#4366 = CARTESIAN_POINT('',(0.422559352524,0.945491847382,-3.48187389928
    ));
#4367 = CARTESIAN_POINT('',(0.752617974592,0.472918398323,
    -3.521845613441));
#4368 = CARTESIAN_POINT('',(0.752617093042,1.22485662354E-06,
    -3.56184405364));
#4369 = CARTESIAN_POINT('',(0.748000017216,1.32110961118E-06,
    -3.140020751944));
#4370 = CARTESIAN_POINT('',(0.747999333731,-0.470014762743,
    -3.180019163027));
#4371 = CARTESIAN_POINT('',(0.419910340027,-0.939679896913,
    -3.219990349255));
#4372 = CARTESIAN_POINT('',(-0.236694779394,-1.151660662578,
    -3.260104352859));
#4373 = CARTESIAN_POINT('',(-0.98725345305,-0.854595600256,
    -3.299933897401));
#4374 = CARTESIAN_POINT('',(-1.38397509799,-2.539502993545E-05,
    -3.340020174886));
#4375 = CARTESIAN_POINT('',(-0.987088108876,0.854626173207,
    -3.380106454657));
#4376 = CARTESIAN_POINT('',(-0.236860819756,1.151646832709,
    -3.419935997697));
#4377 = CARTESIAN_POINT('',(0.419963444483,0.939683452041,
    -3.460050001903));
#4378 = CARTESIAN_POINT('',(0.747999648759,0.47001733157,-3.500021188019
    ));
#4379 = CARTESIAN_POINT('',(0.747998919178,1.2477172685E-06,
    -3.540019599099));
#4380 = CARTESIAN_POINT('',(0.75261469656,1.2969134105E-06,
    -3.118195558236));
#4381 = CARTESIAN_POINT('',(0.752614135488,-0.472913681356,
    -3.158193998416));
#4382 = CARTESIAN_POINT('',(0.422504226658,-0.945483923647,
    -3.198165712289));
#4383 = CARTESIAN_POINT('',(-0.238165526664,-1.158750085195,
    -3.238277628237));
#4384 = CARTESIAN_POINT('',(-0.993330595292,-0.85988394257,
    -3.27811029417));
#4385 = CARTESIAN_POINT('',(-1.392520473763,-2.325855499394E-05,
    -3.318194991792));
#4386 = CARTESIAN_POINT('',(-0.99318049967,0.859911489545,
    -3.358279691491));
#4387 = CARTESIAN_POINT('',(-0.238316755466,1.158737453732,
    -3.398112356059));
#4388 = CARTESIAN_POINT('',(0.422552267688,0.945487260253,
    -3.438224272555));
#4389 = CARTESIAN_POINT('',(0.752614304691,0.472916203134,
    -3.478195986325));
#4390 = CARTESIAN_POINT('',(0.752613698368,1.22486505522E-06,
    -3.518194426503));
#4391 = CARTESIAN_POINT('',(0.765385638339,1.22996057009E-06,
    -3.100483516038));
#4392 = CARTESIAN_POINT('',(0.765385146887,-0.480936262116,
    -3.140482036741));
#4393 = CARTESIAN_POINT('',(0.429677640358,-0.961546026405,
    -3.180455210848));
#4394 = CARTESIAN_POINT('',(-0.242221315912,-1.178370788065,
    -3.220561349284));
#4395 = CARTESIAN_POINT('',(-1.010163681477,-0.874516088053,
    -3.260402653608));
#4396 = CARTESIAN_POINT('',(-1.416169280961,-2.143953414072E-05,
    -3.300482978853));
#4397 = CARTESIAN_POINT('',(-1.010025855263,0.87454130064,
    -3.340563306005));
#4398 = CARTESIAN_POINT('',(-0.242360383183,1.178359158333,
    -3.380404609075));
#4399 = CARTESIAN_POINT('',(0.429721687927,0.961549134007,
    -3.420510748014));
#4400 = CARTESIAN_POINT('',(0.765385255543,0.480938653708,
    -3.460483922027));
#4401 = CARTESIAN_POINT('',(0.765384721175,1.16163162028E-06,
    -3.500482442729));
#4402 = CARTESIAN_POINT('',(0.783509295485,1.1349487824E-06,
    -3.090017827736));
#4403 = CARTESIAN_POINT('',(0.783508810337,-0.492321345253,
    -3.130016462713));
#4404 = CARTESIAN_POINT('',(0.43985592365,-0.984340169934,
    -3.169991709086));
#4405 = CARTESIAN_POINT('',(-0.247972053575,-1.206215509241,
    -3.210089648463));
#4406 = CARTESIAN_POINT('',(-1.034057157936,-0.895279963402,
    -3.249943211831));
#4407 = CARTESIAN_POINT('',(-1.449730007131,-2.026488454004E-05,
    -3.290017332034));
#4408 = CARTESIAN_POINT('',(-1.033926457927,0.895303938817,
    -3.330091454046));
#4409 = CARTESIAN_POINT('',(-0.248103769204,1.206204505601,
    -3.369945016225));
#4410 = CARTESIAN_POINT('',(0.439897747174,0.984343081676,-3.41004295608
    ));
#4411 = CARTESIAN_POINT('',(0.783508950948,0.4923235521,-3.450018202363)
  );
#4412 = CARTESIAN_POINT('',(0.783508426199,1.07189815038E-06,
    -3.490016837339));
#4413 = ADVANCED_FACE('',(#4414),#4424,.T.);
#4414 = FACE_BOUND('',#4415,.T.);
#4415 = EDGE_LOOP('',(#4416,#4417,#4418,#4419));
#4416 = ORIENTED_EDGE('',*,*,#4076,.F.);
#4417 = ORIENTED_EDGE('',*,*,#4045,.T.);
#4418 = ORIENTED_EDGE('',*,*,#4308,.T.);
#4419 = ORIENTED_EDGE('',*,*,#4420,.F.);
#4420 = EDGE_CURVE('',#4077,#4309,#4421,.T.);
#4421 = B_SPLINE_CURVE_WITH_KNOTS('',1,(#4422,#4423),.UNSPECIFIED.,.F.,
  .F.,(2,2),(0.,0.28),.PIECEWISE_BEZIER_KNOTS.);
#4422 = CARTESIAN_POINT('',(1.02601420356,-1.2871525947E-07,
    -3.72999797815));
#4423 = CARTESIAN_POINT('',(0.783516203298,1.07187883313E-06,
    -3.590016837036));
#4424 = B_SPLINE_SURFACE_WITH_KNOTS('',1,10,(
    (#4425,#4426,#4427,#4428,#4429,#4430,#4431,#4432,#4433,#4434,#4435)
    ,(#4436,#4437,#4438,#4439,#4440,#4441,#4442,#4443,#4444,#4445,#4446
    )),.UNSPECIFIED.,.F.,.F.,.F.,(2,2),(11,11),(0.,0.28),(0.,
    6.295904828089),.PIECEWISE_BEZIER_KNOTS.);
#4425 = CARTESIAN_POINT('',(1.026016170702,-1.362919161E-07,
    -3.329997859137));
#4426 = CARTESIAN_POINT('',(1.026013373855,-0.644660964976,
    -3.369998023175));
#4427 = CARTESIAN_POINT('',(0.576003200595,-1.289338567917,
    -3.410000997851));
#4428 = CARTESIAN_POINT('',(-0.32479224467,-1.578805809354,
    -3.449989228162));
#4429 = CARTESIAN_POINT('',(-1.353900221134,-1.17308687639,
    -3.490006826506));
#4430 = CARTESIAN_POINT('',(-1.898793769235,-4.098905049865E-05,
    -3.529997917491));
#4431 = CARTESIAN_POINT('',(-1.353598429892,1.173148065561,
    -3.56998901262));
#4432 = CARTESIAN_POINT('',(-0.325082229474,1.578782576403,
    -3.610006608246));
#4433 = CARTESIAN_POINT('',(0.576104458918,1.289342203895,
    -3.649994839632));
#4434 = CARTESIAN_POINT('',(1.026016995647,0.64466069997,-3.689997814125
    ));
#4435 = CARTESIAN_POINT('',(1.02601420356,-1.2871525947E-07,
    -3.72999797815));
#4436 = CARTESIAN_POINT('',(0.783517530061,1.13492712328E-06,
    -3.190017827397));
#4437 = CARTESIAN_POINT('',(0.783516414377,-0.492326374405,
    -3.230016462426));
#4438 = CARTESIAN_POINT('',(0.439848683697,-0.984349798745,
    -3.269991709735));
#4439 = CARTESIAN_POINT('',(-0.247940825606,-1.206230520611,
    -3.310089645366));
#4440 = CARTESIAN_POINT('',(-1.034102770954,-0.895282060777,
    -3.349943214465));
#4441 = CARTESIAN_POINT('',(-1.449744832029,-2.985429205182E-05,
    -3.390017331446));
#4442 = CARTESIAN_POINT('',(-1.033901957155,0.895320185094,
    -3.430091451197));
#4443 = CARTESIAN_POINT('',(-0.248140074513,1.206214094402,
    -3.469945018477));
#4444 = CARTESIAN_POINT('',(0.439913978323,0.984353590652,
    -3.510042954834));
#4445 = CARTESIAN_POINT('',(0.783517358581,0.492328581211,
    -3.550018202012));
#4446 = CARTESIAN_POINT('',(0.783516203298,1.07187883313E-06,
    -3.590016837036));
#4447 = ADVANCED_FACE('',(#4448),#4611,.T.);
#4448 = FACE_BOUND('',#4449,.F.);
#4449 = EDGE_LOOP('',(#4450,#4527,#4528,#4605));
#4450 = ORIENTED_EDGE('',*,*,#4451,.F.);
#4451 = EDGE_CURVE('',#4077,#4452,#4454,.T.);
#4452 = VERTEX_POINT('',#4453);
#4453 = CARTESIAN_POINT('',(1.,3.5242E-11,-4.114982464011));
#4454 = B_SPLINE_CURVE_WITH_KNOTS('',6,(#4455,#4456,#4457,#4458,#4459,
    #4460,#4461,#4462,#4463,#4464,#4465,#4466,#4467,#4468,#4469,#4470,
    #4471,#4472,#4473,#4474,#4475,#4476,#4477,#4478,#4479,#4480,#4481,
    #4482,#4483,#4484,#4485,#4486,#4487,#4488,#4489,#4490,#4491,#4492,
    #4493,#4494,#4495,#4496,#4497,#4498,#4499,#4500,#4501,#4502,#4503,
    #4504,#4505,#4506,#4507,#4508,#4509,#4510,#4511,#4512,#4513,#4514,
    #4515,#4516,#4517,#4518,#4519,#4520,#4521,#4522,#4523,#4524,#4525,
    #4526),.UNSPECIFIED.,.F.,.F.,(7,5,5,5,5,5,5,5,5,5,5,5,5,5,7),(0.,
    5.299977467596E-02,9.899959436015E-02,0.152578252067,0.255577133104,
    0.365063538396,0.433221263009,0.496017724303,0.566956725706,
    0.634253877455,0.737941947293,0.849752600116,0.902664524214,
    0.948663909876,1.),.UNSPECIFIED.);
#4455 = CARTESIAN_POINT('',(1.,7.962619E-11,-3.714981368134));
#4456 = CARTESIAN_POINT('',(1.000000000002,-5.549999406989E-02,
    -3.718514744265));
#4457 = CARTESIAN_POINT('',(0.996303663378,-0.11100050345,
    -3.722047910378));
#4458 = CARTESIAN_POINT('',(0.988911041758,-0.16619211072,
    -3.725581304211));
#4459 = CARTESIAN_POINT('',(0.977856559792,-0.220767851059,
    -3.729115243529));
#4460 = CARTESIAN_POINT('',(0.963208250318,-0.274426641905,
    -3.732649804895));
#4461 = CARTESIAN_POINT('',(0.929321739098,-0.372399430731,
    -3.739252727757));
#4462 = CARTESIAN_POINT('',(0.910945058224,-0.417012291687,
    -3.742321057169));
#4463 = CARTESIAN_POINT('',(0.890002852783,-0.460524743751,
    -3.745389536039));
#4464 = CARTESIAN_POINT('',(0.866579058273,-0.50275340132,
    -3.748457988431));
#4465 = CARTESIAN_POINT('',(0.840774818571,-0.543523716402,
    -3.75152623258));
#4466 = CARTESIAN_POINT('',(0.780016222843,-0.628269518676,
    -3.758167415225));
#4467 = CARTESIAN_POINT('',(0.744254202059,-0.671667143336,
    -3.761740281003));
#4468 = CARTESIAN_POINT('',(0.70560750226,-0.712605032809,
    -3.765312380364));
#4469 = CARTESIAN_POINT('',(0.664290082606,-0.750846107228,
    -3.768883666254));
#4470 = CARTESIAN_POINT('',(0.620541056111,-0.786178621526,
    -3.772454224982));
#4471 = CARTESIAN_POINT('',(0.486347202128,-0.880397723765,
    -3.782886905653));
#4472 = CARTESIAN_POINT('',(0.39003763507,-0.930959846879,
    -3.789748422504));
#4473 = CARTESIAN_POINT('',(0.287567897954,-0.968780427065,
    -3.796607602253));
#4474 = CARTESIAN_POINT('',(0.181059876942,-0.9929913876,-3.803468284753
    ));
#4475 = CARTESIAN_POINT('',(7.276422640598E-02,-1.003164242771,
    -3.810332735193));
#4476 = CARTESIAN_POINT('',(-0.149606740723,-0.995370565506,
    -3.82449686629));
#4477 = CARTESIAN_POINT('',(-0.263655862414,-0.975589861507,
    -3.83179917339));
#4478 = CARTESIAN_POINT('',(-0.374413910912,-0.940130964211,
    -3.839102429063));
#4479 = CARTESIAN_POINT('',(-0.479225946793,-0.889737928585,
    -3.846406150778));
#4480 = CARTESIAN_POINT('',(-0.57565024019,-0.825694961625,
    -3.85371021832));
#4481 = CARTESIAN_POINT('',(-0.715140676676,-0.702615178759,
    -3.865556568717));
#4482 = CARTESIAN_POINT('',(-0.764616558957,-0.650807227188,
    -3.870101253022));
#4483 = CARTESIAN_POINT('',(-0.809555127637,-0.594849961002,
    -3.874645095343));
#4484 = CARTESIAN_POINT('',(-0.849529573253,-0.535245577458,
    -3.879188353939));
#4485 = CARTESIAN_POINT('',(-0.884188407361,-0.472551509522,
    -3.88373140523));
#4486 = CARTESIAN_POINT('',(-0.940051515719,-0.347314468419,
    -3.892459724341));
#4487 = CARTESIAN_POINT('',(-0.962100895959,-0.285144845342,
    -3.896645210544));
#4488 = CARTESIAN_POINT('',(-0.979202057668,-0.221330581571,
    -3.900830711243));
#4489 = CARTESIAN_POINT('',(-0.991209094423,-0.156365215672,
    -3.905016504825));
#4490 = CARTESIAN_POINT('',(-0.998041671505,-9.075703652131E-02,
    -3.90920279618));
#4491 = CARTESIAN_POINT('',(-1.001545547089,4.924010436002E-02,
    -3.918118828224));
#4492 = CARTESIAN_POINT('',(-0.996784440641,0.123668567647,
    -3.922848906916));
#4493 = CARTESIAN_POINT('',(-0.985385021258,0.197522489898,
    -3.927579285982));
#4494 = CARTESIAN_POINT('',(-0.967439144139,0.270064562252,
    -3.932309919499));
#4495 = CARTESIAN_POINT('',(-0.943145972476,0.340578881341,
    -3.937040667063));
#4496 = CARTESIAN_POINT('',(-0.884029126666,0.472714239814,
    -3.946258315031));
#4497 = CARTESIAN_POINT('',(-0.849808505766,0.534609613981,
    -3.950745522829));
#4498 = CARTESIAN_POINT('',(-0.810405691418,0.593494495257,
    -3.955232030575));
#4499 = CARTESIAN_POINT('',(-0.766158587579,0.64883214844,-3.95971780133
    ));
#4500 = CARTESIAN_POINT('',(-0.717476775811,0.700138222478,
    -3.964202938977));
#4501 = CARTESIAN_POINT('',(-0.583724691879,0.819179710962,
    -3.975596735791));
#4502 = CARTESIAN_POINT('',(-0.493197104137,0.880810767765,
    -3.982505707849));
#4503 = CARTESIAN_POINT('',(-0.394996065381,0.930321470854,
    -3.989412583204));
#4504 = CARTESIAN_POINT('',(-0.291172435011,0.966586085713,
    -3.996320228468));
#4505 = CARTESIAN_POINT('',(-0.183959726843,0.988912588485,
    -4.003231468841));
#4506 = CARTESIAN_POINT('',(4.105555502159E-02,1.005993610892,
    -4.017598357542));
#4507 = CARTESIAN_POINT('',(0.159072727882,0.998454422364,-4.02505691301
    ));
#4508 = CARTESIAN_POINT('',(0.275424545706,0.974279610285,
    -4.032516835859));
#4509 = CARTESIAN_POINT('',(0.387214455371,0.933960271071,
    -4.039978036456));
#4510 = CARTESIAN_POINT('',(0.491714585259,0.878593362733,-4.04743866112
    ));
#4511 = CARTESIAN_POINT('',(0.631422575724,0.777416045123,
    -4.058423327232));
#4512 = CARTESIAN_POINT('',(0.674138821924,0.74193178531,-4.061951175361
    ));
#4513 = CARTESIAN_POINT('',(0.71444544691,0.703643658573,-4.065478225767
    ));
#4514 = CARTESIAN_POINT('',(0.752114889943,0.662758623162,
    -4.069004580798));
#4515 = CARTESIAN_POINT('',(0.786943818556,0.619507437081,
    -4.072530467432));
#4516 = CARTESIAN_POINT('',(0.846411842647,0.534702977733,
    -4.079121118197));
#4517 = CARTESIAN_POINT('',(0.871788130052,0.493665501186,
    -4.082185989672));
#4518 = CARTESIAN_POINT('',(0.894768888178,0.451194705538,
    -4.085250841612));
#4519 = CARTESIAN_POINT('',(0.915254815311,0.407466180299,
    -4.088315910586));
#4520 = CARTESIAN_POINT('',(0.933163909425,0.362664164305,
    -4.091381388673));
#4521 = CARTESIAN_POINT('',(0.965472011481,0.265995417058,
    -4.097868864122));
#4522 = CARTESIAN_POINT('',(0.979222977422,0.213911313923,
    -4.101291005969));
#4523 = CARTESIAN_POINT('',(0.989596304263,0.160993556086,
    -4.104713733804));
#4524 = CARTESIAN_POINT('',(0.996532081721,0.107516071755,
    -4.108136871676));
#4525 = CARTESIAN_POINT('',(0.999999999998,5.375783773447E-02,
    -4.111560007795));
#4526 = CARTESIAN_POINT('',(1.,7.046153E-11,-4.114982464011));
#4527 = ORIENTED_EDGE('',*,*,#4245,.T.);
#4528 = ORIENTED_EDGE('',*,*,#4529,.T.);
#4529 = EDGE_CURVE('',#4155,#4530,#4532,.T.);
#4530 = VERTEX_POINT('',#4531);
#4531 = CARTESIAN_POINT('',(1.,4.846E-12,-4.165002575465));
#4532 = B_SPLINE_CURVE_WITH_KNOTS('',6,(#4533,#4534,#4535,#4536,#4537,
    #4538,#4539,#4540,#4541,#4542,#4543,#4544,#4545,#4546,#4547,#4548,
    #4549,#4550,#4551,#4552,#4553,#4554,#4555,#4556,#4557,#4558,#4559,
    #4560,#4561,#4562,#4563,#4564,#4565,#4566,#4567,#4568,#4569,#4570,
    #4571,#4572,#4573,#4574,#4575,#4576,#4577,#4578,#4579,#4580,#4581,
    #4582,#4583,#4584,#4585,#4586,#4587,#4588,#4589,#4590,#4591,#4592,
    #4593,#4594,#4595,#4596,#4597,#4598,#4599,#4600,#4601,#4602,#4603,
    #4604),.UNSPECIFIED.,.F.,.F.,(7,5,5,5,5,5,5,5,5,5,5,5,5,5,7),(0.,
    5.110795888123E-02,9.610738423854E-02,0.148031260827,0.262028262263,
    0.362595924643,0.430122027585,0.498120931113,0.563817599743,
    0.631732544878,0.737731497836,0.794325364868,0.84532765009,
    0.946184523747,1.),.UNSPECIFIED.);
#4533 = CARTESIAN_POINT('',(1.,1.104183E-11,-3.765002747181));
#4534 = CARTESIAN_POINT('',(1.,-5.351904188922E-02,-3.768409855556));
#4535 = CARTESIAN_POINT('',(0.996562823723,-0.107038480173,
    -3.771817402062));
#4536 = CARTESIAN_POINT('',(0.989688524305,-0.160280948056,
    -3.775224865515));
#4537 = CARTESIAN_POINT('',(0.97940686186,-0.212971159345,
    -3.778631936921));
#4538 = CARTESIAN_POINT('',(0.965776684463,-0.264838744429,
    -3.782038497327));
#4539 = CARTESIAN_POINT('',(0.934012827444,-0.360333813035,
    -3.788443589796));
#4540 = CARTESIAN_POINT('',(0.916611949988,-0.404205799075,
    -3.791442258469));
#4541 = CARTESIAN_POINT('',(0.89674224304,-0.447057960075,
    -3.794440620774));
#4542 = CARTESIAN_POINT('',(0.87447986474,-0.488717557237,
    -3.797438850491));
#4543 = CARTESIAN_POINT('',(0.849916853689,-0.529019705619,
    -3.800437153646));
#4544 = CARTESIAN_POINT('',(0.792286736838,-0.612566885864,
    -3.806895542449));
#4545 = CARTESIAN_POINT('',(0.758492169537,-0.655311147914,
    -3.810355742174));
#4546 = CARTESIAN_POINT('',(0.721941561105,-0.695802506683,
    -3.813816419483));
#4547 = CARTESIAN_POINT('',(0.682824887409,-0.733821064963,
    -3.817277768298));
#4548 = CARTESIAN_POINT('',(0.641354830527,-0.769168748346,
    -3.820739871259));
#4549 = CARTESIAN_POINT('',(0.502063034219,-0.873031281801,
    -3.831804796492));
#4550 = CARTESIAN_POINT('',(0.396118113422,-0.930696841159,
    -3.839411663779));
#4551 = CARTESIAN_POINT('',(0.282426663794,-0.972790556294,
    -3.847018914829));
#4552 = CARTESIAN_POINT('',(0.163871218858,-0.998123726568,
    -3.854624667754));
#4553 = CARTESIAN_POINT('',(4.352076805343E-02,-1.00615907806,
    -3.86222904686));
#4554 = CARTESIAN_POINT('',(-0.180522918845,-0.989192563179,
    -3.876533390977));
#4555 = CARTESIAN_POINT('',(-0.284542661361,-0.967968581223,
    -3.883236506122));
#4556 = CARTESIAN_POINT('',(-0.385443594438,-0.933627844472,
    -3.889936460797));
#4557 = CARTESIAN_POINT('',(-0.481184918776,-0.886786149813,
    -3.896635739035));
#4558 = CARTESIAN_POINT('',(-0.569884233732,-0.828446119302,
    -3.903336832871));
#4559 = CARTESIAN_POINT('',(-0.703664658342,-0.714042274133,
    -3.914538019249));
#4560 = CARTESIAN_POINT('',(-0.753508076236,-0.663522719925,
    -3.919038415678));
#4561 = CARTESIAN_POINT('',(-0.798966072467,-0.608857955844,
    -3.923539418786));
#4562 = CARTESIAN_POINT('',(-0.839615482404,-0.550529245937,
    -3.928041138125));
#4563 = CARTESIAN_POINT('',(-0.875104779989,-0.489072323519,
    -3.932543542883));
#4564 = CARTESIAN_POINT('',(-0.935429464613,-0.360613497389,
    -3.941580238798));
#4565 = CARTESIAN_POINT('',(-0.960190119855,-0.293572350142,
    -3.946114778832));
#4566 = CARTESIAN_POINT('',(-0.979165951737,-0.224535648441,
    -3.950649233755));
#4567 = CARTESIAN_POINT('',(-0.992166222244,-0.154129059305,
    -3.955183472175));
#4568 = CARTESIAN_POINT('',(-0.999090266378,-8.29988106509E-02,
    -3.959717438127));
#4569 = CARTESIAN_POINT('',(-1.000742075563,5.699081161526E-02,
    -3.968630761997));
#4570 = CARTESIAN_POINT('',(-0.995874887025,0.125848939618,
    -3.973010375274));
#4571 = CARTESIAN_POINT('',(-0.985321853863,0.194186336826,
    -3.977389419225));
#4572 = CARTESIAN_POINT('',(-0.969157104102,0.261418127753,
    -3.981768133453));
#4573 = CARTESIAN_POINT('',(-0.947533767329,0.326974923951,
    -3.986146848228));
#4574 = CARTESIAN_POINT('',(-0.892923316205,0.455791401081,
    -3.995052143788));
#4575 = CARTESIAN_POINT('',(-0.859575720184,0.518902127919,
    -3.999578953877));
#4576 = CARTESIAN_POINT('',(-0.820893257961,0.57904597425,
    -4.004105991082));
#4577 = CARTESIAN_POINT('',(-0.777213058921,0.635664924445,
    -4.008633631079));
#4578 = CARTESIAN_POINT('',(-0.728947545345,0.688253971555,
    -4.013162132244));
#4579 = CARTESIAN_POINT('',(-0.594838533804,0.811472981066,
    -4.024759815748));
#4580 = CARTESIAN_POINT('',(-0.503083248633,0.875698491611,
    -4.031831146211));
#4581 = CARTESIAN_POINT('',(-0.403149379417,0.927348031325,
    -4.038902370461));
#4582 = CARTESIAN_POINT('',(-0.297216639012,0.9651952751,-4.045973339186
    ));
#4583 = CARTESIAN_POINT('',(-0.187667691416,0.988484456391,
    -4.05304346566));
#4584 = CARTESIAN_POINT('',(-1.791138150622E-02,1.001594384318,
    -4.063882811759));
#4585 = CARTESIAN_POINT('',(4.150117326399E-02,1.001955547173,
    -4.067655010932));
#4586 = CARTESIAN_POINT('',(0.100863890491,0.998085713018,-4.07142637123
    ));
#4587 = CARTESIAN_POINT('',(0.159800819405,0.990000534662,
    -4.075197016275));
#4588 = CARTESIAN_POINT('',(0.217940431178,0.97775978567,-4.078967182346
    ));
#4589 = CARTESIAN_POINT('',(0.326271533762,0.94678369863,-4.086134414926
    ));
#4590 = CARTESIAN_POINT('',(0.376681812613,0.928809244174,
    -4.089531608633));
#4591 = CARTESIAN_POINT('',(0.425887074742,0.907619094652,-4.09292873915
    ));
#4592 = CARTESIAN_POINT('',(0.473632196947,0.883316720504,
    -4.096326077604));
#4593 = CARTESIAN_POINT('',(0.519674459001,0.85603214175,-4.099723876918
    ));
#4594 = CARTESIAN_POINT('',(0.651017749569,0.766375139534,
    -4.109842397074));
#4595 = CARTESIAN_POINT('',(0.730713932787,0.69576589696,-4.116565666716
    ));
#4596 = CARTESIAN_POINT('',(0.801092415048,0.615302002498,
    -4.123291097137));
#4597 = CARTESIAN_POINT('',(0.860681288681,0.52655396069,-4.130019645407
    ));
#4598 = CARTESIAN_POINT('',(0.908346202226,0.431348018444,
    -4.136748612935));
#4599 = CARTESIAN_POINT('',(0.962072536993,0.278553541487,
    -4.147064044852));
#4600 = CARTESIAN_POINT('',(0.977170811687,0.224126765393,
    -4.150652673144));
#4601 = CARTESIAN_POINT('',(0.988567072053,0.168740243753,
    -4.154240566845));
#4602 = CARTESIAN_POINT('',(0.996189004496,0.112708943014,
    -4.157827855092));
#4603 = CARTESIAN_POINT('',(1.,5.635419126257E-02,-4.161414977984));
#4604 = CARTESIAN_POINT('',(1.,9.67781E-12,-4.165002575465));
#4605 = ORIENTED_EDGE('',*,*,#4606,.F.);
#4606 = EDGE_CURVE('',#4452,#4530,#4607,.T.);
#4607 = LINE('',#4608,#4609);
#4608 = CARTESIAN_POINT('',(1.,0.,-1.E-01));
#4609 = VECTOR('',#4610,1.);
#4610 = DIRECTION('',(0.,0.,-1.));
#4611 = CYLINDRICAL_SURFACE('',#4612,1.);
#4612 = AXIS2_PLACEMENT_3D('',#4613,#4614,#4615);
#4613 = CARTESIAN_POINT('',(0.,0.,-1.E-01));
#4614 = DIRECTION('',(-0.,-0.,-1.));
#4615 = DIRECTION('',(1.,0.,0.));
#4616 = ADVANCED_FACE('',(#4617),#4642,.T.);
#4617 = FACE_BOUND('',#4618,.T.);
#4618 = EDGE_LOOP('',(#4619,#4635,#4636,#4637));
#4619 = ORIENTED_EDGE('',*,*,#4620,.F.);
#4620 = EDGE_CURVE('',#4260,#4621,#4623,.T.);
#4621 = VERTEX_POINT('',#4622);
#4622 = CARTESIAN_POINT('',(0.783507556918,1.008847291E-06,
    -3.890015846938));
#4623 = ( BOUNDED_CURVE() B_SPLINE_CURVE(10,(#4624,#4625,#4626,#4627,
    #4628,#4629,#4630,#4631,#4632,#4633,#4634),.UNSPECIFIED.,.F.,.F.) 
B_SPLINE_CURVE_WITH_KNOTS((11,11),(0.,6.295904828089),
.PIECEWISE_BEZIER_KNOTS.) CURVE() GEOMETRIC_REPRESENTATION_ITEM() 
RATIONAL_B_SPLINE_CURVE((1.056590953773,1.056590953773,1.056590953773,
    1.056590953773,1.056590953773,1.056590953773,1.056590953773,
    1.056590953773,1.056590953773,1.056590953773,1.056590953773)) 
REPRESENTATION_ITEM('') );
#4624 = CARTESIAN_POINT('',(0.783508426199,1.07189816329E-06,
    -3.490016837339));
#4625 = CARTESIAN_POINT('',(0.783507901451,-0.492320862234,
    -3.530015472312));
#4626 = CARTESIAN_POINT('',(0.439855356329,-0.984339112051,
    -3.569990718582));
#4627 = CARTESIAN_POINT('',(-0.247971875127,-1.206214153663,
    -3.610088658357));
#4628 = CARTESIAN_POINT('',(-1.034056083626,-0.895278884449,
    -3.649942221133));
#4629 = CARTESIAN_POINT('',(-1.449728397426,-2.01480334702E-05,
    -3.690016341636));
#4630 = CARTESIAN_POINT('',(-1.033925239844,0.895303025994,
    -3.730090463945));
#4631 = CARTESIAN_POINT('',(-0.248103396348,1.206203190064,
    -3.769944025536));
#4632 = CARTESIAN_POINT('',(0.43989733822,0.984341952974,-3.810041965784
    ));
#4633 = CARTESIAN_POINT('',(0.783508121269,0.49232294298,-3.850017211968
    ));
#4634 = CARTESIAN_POINT('',(0.783507556918,1.00884728663E-06,
    -3.890015846938));
#4635 = ORIENTED_EDGE('',*,*,#4277,.T.);
#4636 = ORIENTED_EDGE('',*,*,#4154,.T.);
#4637 = ORIENTED_EDGE('',*,*,#4638,.F.);
#4638 = EDGE_CURVE('',#4621,#4155,#4639,.T.);
#4639 = B_SPLINE_CURVE_WITH_KNOTS('',1,(#4640,#4641),.UNSPECIFIED.,.F.,
  .F.,(2,2),(0.,0.28),.PIECEWISE_BEZIER_KNOTS.);
#4640 = CARTESIAN_POINT('',(0.783507556918,1.00884728654E-06,
    -3.890015846938));
#4641 = CARTESIAN_POINT('',(1.025984421855,-1.2107414164E-07,
    -3.749998098172));
#4642 = B_SPLINE_SURFACE_WITH_KNOTS('',1,10,(
    (#4643,#4644,#4645,#4646,#4647,#4648,#4649,#4650,#4651,#4652,#4653)
    ,(#4654,#4655,#4656,#4657,#4658,#4659,#4660,#4661,#4662,#4663,#4664
    )),.UNSPECIFIED.,.F.,.F.,.F.,(2,2),(11,11),(0.,0.28),(0.,
    6.295904828089),.PIECEWISE_BEZIER_KNOTS.);
#4643 = CARTESIAN_POINT('',(0.783508426199,1.07189816261E-06,
    -3.490016837339));
#4644 = CARTESIAN_POINT('',(0.783507901451,-0.492320862234,
    -3.530015472312));
#4645 = CARTESIAN_POINT('',(0.439855356329,-0.984339112051,
    -3.569990718583));
#4646 = CARTESIAN_POINT('',(-0.247971875127,-1.206214153663,
    -3.610088658356));
#4647 = CARTESIAN_POINT('',(-1.034056083627,-0.895278884449,
    -3.649942221134));
#4648 = CARTESIAN_POINT('',(-1.449728397426,-2.014803378736E-05,
    -3.690016341635));
#4649 = CARTESIAN_POINT('',(-1.033925239844,0.895303025994,
    -3.730090463946));
#4650 = CARTESIAN_POINT('',(-0.248103396348,1.206203190064,
    -3.769944025535));
#4651 = CARTESIAN_POINT('',(0.43989733822,0.984341952974,-3.810041965784
    ));
#4652 = CARTESIAN_POINT('',(0.783508121269,0.49232294298,-3.850017211968
    ));
#4653 = CARTESIAN_POINT('',(0.783507556918,1.00884728654E-06,
    -3.890015846938));
#4654 = CARTESIAN_POINT('',(1.025984650584,-1.2864183922E-07,
    -3.349997979299));
#4655 = CARTESIAN_POINT('',(1.025984254526,-0.644641702945,
    -3.389998143138));
#4656 = CARTESIAN_POINT('',(0.576030593479,-1.289301686512,
    -3.430001114229));
#4657 = CARTESIAN_POINT('',(-0.324910826754,-1.578748417137,
    -3.469989358881));
#4658 = CARTESIAN_POINT('',(-1.353726581443,-1.173078654289,
    -3.510006935292));
#4659 = CARTESIAN_POINT('',(-1.898737011072,-4.56332688525E-06,
    -3.549998038601));
#4660 = CARTESIAN_POINT('',(-1.353691239863,1.173086057698,
    -3.589989142395));
#4661 = CARTESIAN_POINT('',(-0.324944208437,1.578745785139,
    -3.630006718488));
#4662 = CARTESIAN_POINT('',(0.57604264261,1.289301986363,-3.669994963266
    ));
#4663 = CARTESIAN_POINT('',(1.02598481316,0.644641453229,-3.709997934335
    ));
#4664 = CARTESIAN_POINT('',(1.025984421855,-1.2107414164E-07,
    -3.749998098172));
#4665 = ADVANCED_FACE('',(#4666),#4696,.T.);
#4666 = FACE_BOUND('',#4667,.T.);
#4667 = EDGE_LOOP('',(#4668,#4684,#4685,#4686));
#4668 = ORIENTED_EDGE('',*,*,#4669,.F.);
#4669 = EDGE_CURVE('',#4309,#4670,#4672,.T.);
#4670 = VERTEX_POINT('',#4671);
#4671 = CARTESIAN_POINT('',(0.783514876541,1.008830167E-06,
    -3.99001584667));
#4672 = B_SPLINE_CURVE_WITH_KNOTS('',10,(#4673,#4674,#4675,#4676,#4677,
    #4678,#4679,#4680,#4681,#4682,#4683),.UNSPECIFIED.,.F.,.F.,(11,11),(
    0.,6.295904828089),.PIECEWISE_BEZIER_KNOTS.);
#4673 = CARTESIAN_POINT('',(0.783516203298,1.07187884526E-06,
    -3.590016837036));
#4674 = CARTESIAN_POINT('',(0.783515048016,-0.492325604005,
    -3.630015472058));
#4675 = CARTESIAN_POINT('',(0.439847859487,-0.984348165496,
    -3.669990719214));
#4676 = CARTESIAN_POINT('',(-0.247940502087,-1.206228462169,
    -3.710088655447));
#4677 = CARTESIAN_POINT('',(-1.034101093436,-0.895280457725,
    -3.749942223647));
#4678 = CARTESIAN_POINT('',(-1.449742375186,-2.973744374102E-05,
    -3.790016341082));
#4679 = CARTESIAN_POINT('',(-1.033900135867,0.895318748162,
    -3.83009046129));
#4680 = CARTESIAN_POINT('',(-0.248139556593,1.206212076002,
    -3.869944027669));
#4681 = CARTESIAN_POINT('',(0.439913312474,0.984351886586,
    -3.910041964629));
#4682 = CARTESIAN_POINT('',(0.783516071423,0.492327684714,
    -3.950017211654));
#4683 = CARTESIAN_POINT('',(0.783514876541,1.00883016343E-06,
    -3.99001584667));
#4684 = ORIENTED_EDGE('',*,*,#4326,.T.);
#4685 = ORIENTED_EDGE('',*,*,#4620,.T.);
#4686 = ORIENTED_EDGE('',*,*,#4687,.F.);
#4687 = EDGE_CURVE('',#4670,#4621,#4688,.T.);
#4688 = ( BOUNDED_CURVE() B_SPLINE_CURVE(6,(#4689,#4690,#4691,#4692,
#4693,#4694,#4695),.UNSPECIFIED.,.F.,.F.) B_SPLINE_CURVE_WITH_KNOTS((7,7
),(0.,2.094395102393),.PIECEWISE_BEZIER_KNOTS.) CURVE() 
GEOMETRIC_REPRESENTATION_ITEM() RATIONAL_B_SPLINE_CURVE((1.056590953773,
    1.017435169568,0.996326512422,0.989390034249,0.996326512422,
1.017435169568,1.056590953773)) REPRESENTATION_ITEM('') );
#4689 = CARTESIAN_POINT('',(0.783514876541,1.00883016352E-06,
    -3.99001584667));
#4690 = CARTESIAN_POINT('',(0.76538959176,1.09328888329E-06,
    -3.979552977484));
#4691 = CARTESIAN_POINT('',(0.752615895169,1.15280895527E-06,
    -3.961842921918));
#4692 = CARTESIAN_POINT('',(0.747997821147,1.17432462443E-06,
    -3.94001844625));
#4693 = CARTESIAN_POINT('',(0.752612700181,1.15281642926E-06,
    -3.918193294766));
#4694 = CARTESIAN_POINT('',(0.765383804017,1.09330242326E-06,
    -3.900481369416));
#4695 = CARTESIAN_POINT('',(0.783507556918,1.00884728663E-06,
    -3.890015846938));
#4696 = ( BOUNDED_SURFACE() B_SPLINE_SURFACE(6,10,(
    (#4697,#4698,#4699,#4700,#4701,#4702,#4703,#4704,#4705,#4706,#4707)
    ,(#4708,#4709,#4710,#4711,#4712,#4713,#4714,#4715,#4716,#4717,#4718)
    ,(#4719,#4720,#4721,#4722,#4723,#4724,#4725,#4726,#4727,#4728,#4729)
    ,(#4730,#4731,#4732,#4733,#4734,#4735,#4736,#4737,#4738,#4739,#4740)
    ,(#4741,#4742,#4743,#4744,#4745,#4746,#4747,#4748,#4749,#4750,#4751)
    ,(#4752,#4753,#4754,#4755,#4756,#4757,#4758,#4759,#4760,#4761,#4762)
    ,(#4763,#4764,#4765,#4766,#4767,#4768,#4769,#4770,#4771,#4772,#4773
)),.UNSPECIFIED.,.F.,.F.,.F.) B_SPLINE_SURFACE_WITH_KNOTS((7,7),(11,11),
  (0.,2.094395102393),(0.,6.295904828089),.PIECEWISE_BEZIER_KNOTS.) 
GEOMETRIC_REPRESENTATION_ITEM() RATIONAL_B_SPLINE_SURFACE((
    (1.056590953773,1.056590953773,1.056590953773,1.056590953773
      ,1.056590953773,1.056590953773,1.056590953773,1.056590953773
      ,1.056590953773,1.056590953773,1.056590953773)
    ,(1.017435169568,1.017435169568,1.017435169568,1.017435169568
      ,1.017435169569,1.017435169568,1.017435169568,1.017435169568
      ,1.017435169568,1.017435169568,1.017435169568)
    ,(0.996326512422,0.996326512422,0.996326512422,0.996326512422
      ,0.996326512423,0.996326512422,0.996326512423,0.996326512422
      ,0.996326512422,0.996326512422,0.996326512422)
    ,(0.989390034249,0.989390034249,0.989390034249,0.989390034248
      ,0.989390034249,0.989390034248,0.989390034249,0.989390034248
      ,0.989390034249,0.989390034249,0.989390034249)
    ,(0.996326512422,0.996326512422,0.996326512422,0.996326512422
      ,0.996326512423,0.996326512422,0.996326512423,0.996326512422
      ,0.996326512422,0.996326512422,0.996326512422)
    ,(1.017435169568,1.017435169568,1.017435169568,1.017435169568
      ,1.017435169569,1.017435169568,1.017435169569,1.017435169568
      ,1.017435169568,1.017435169568,1.017435169568)
    ,(1.056590953773,1.056590953773,1.056590953773,1.056590953773
      ,1.056590953773,1.056590953773,1.056590953773,1.056590953773
      ,1.056590953773,1.056590953773,1.056590953773
))) REPRESENTATION_ITEM('') SURFACE() );
#4697 = CARTESIAN_POINT('',(0.783516203298,1.07187884532E-06,
    -3.590016837036));
#4698 = CARTESIAN_POINT('',(0.783515048016,-0.492325604005,
    -3.630015472058));
#4699 = CARTESIAN_POINT('',(0.439847859487,-0.984348165496,
    -3.669990719214));
#4700 = CARTESIAN_POINT('',(-0.247940502087,-1.206228462169,
    -3.710088655448));
#4701 = CARTESIAN_POINT('',(-1.034101093436,-0.895280457725,
    -3.749942223646));
#4702 = CARTESIAN_POINT('',(-1.449742375186,-2.973744387508E-05,
    -3.790016341083));
#4703 = CARTESIAN_POINT('',(-1.033900135867,0.895318748162,
    -3.830090461289));
#4704 = CARTESIAN_POINT('',(-0.248139556593,1.206212076002,
    -3.86994402767));
#4705 = CARTESIAN_POINT('',(0.439913312474,0.984351886586,
    -3.910041964629));
#4706 = CARTESIAN_POINT('',(0.783516071423,0.492327684714,
    -3.950017211654));
#4707 = CARTESIAN_POINT('',(0.783514876541,1.00883016352E-06,
    -3.99001584667));
#4708 = CARTESIAN_POINT('',(0.765390870653,1.16161635869E-06,
    -3.57955405077));
#4709 = CARTESIAN_POINT('',(0.765389837712,-0.480939503695,
    -3.619552571507));
#4710 = CARTESIAN_POINT('',(0.429671111649,-0.961552069976,
    -3.659525746207));
#4711 = CARTESIAN_POINT('',(-0.242196323252,-1.178380671218,
    -3.699631882262));
#4712 = CARTESIAN_POINT('',(-1.010198140036,-0.87451619131,
    -3.739473190249));
#4713 = CARTESIAN_POINT('',(-1.416178635037,-2.889540185541E-05,
    -3.779553513386));
#4714 = CARTESIAN_POINT('',(-1.010004717915,0.874552771691,
    -3.819633839189));
#4715 = CARTESIAN_POINT('',(-0.242388579494,1.178364797168,
    -3.859475145425));
#4716 = CARTESIAN_POINT('',(0.429733889815,0.961555796791,
    -3.899581282179));
#4717 = CARTESIAN_POINT('',(0.765390667616,0.4809417586,-3.939554456752)
  );
#4718 = CARTESIAN_POINT('',(0.76538959176,1.09328888329E-06,
    -3.979552977484));
#4719 = CARTESIAN_POINT('',(0.752617093042,1.22485663662E-06,
    -3.56184405364));
#4720 = CARTESIAN_POINT('',(0.752616211494,-0.472915196124,
    -3.601842493836));
#4721 = CARTESIAN_POINT('',(0.422500303308,-0.945486660489,
    -3.641814207978));
#4722 = CARTESIAN_POINT('',(-0.238151626996,-1.158754774319,
    -3.681926122837));
#4723 = CARTESIAN_POINT('',(-0.993349007886,-0.859883390812,
    -3.721758790457));
#4724 = CARTESIAN_POINT('',(-1.392524726595,-2.731077022408E-05,
    -3.761843487085));
#4725 = CARTESIAN_POINT('',(-0.993168143567,0.859917303563,
    -3.801928186208));
#4726 = CARTESIAN_POINT('',(-0.238332111673,1.158739821682,
    -3.84176085219));
#4727 = CARTESIAN_POINT('',(0.422558770349,0.945490300358,
    -3.881872767703));
#4728 = CARTESIAN_POINT('',(0.75261682197,0.472917573789,-3.921844481726
    ));
#4729 = CARTESIAN_POINT('',(0.752615895169,1.15280895527E-06,
    -3.961842921918));
#4730 = CARTESIAN_POINT('',(0.747998919178,1.24771728174E-06,
    -3.540019599099));
#4731 = CARTESIAN_POINT('',(0.747998189598,-0.470014146369,
    -3.580018010177));
#4732 = CARTESIAN_POINT('',(0.419909631265,-0.93967855714,
    -3.619989196276));
#4733 = CARTESIAN_POINT('',(-0.236694544352,-1.151658952265,
    -3.660103200381));
#4734 = CARTESIAN_POINT('',(-0.987252088912,-0.854594245612,
    -3.699932744177));
#4735 = CARTESIAN_POINT('',(-1.383973064692,-2.525901234449E-05,
    -3.74001902204));
#4736 = CARTESIAN_POINT('',(-0.987086577381,0.854625011941,
    -3.780105302186));
#4737 = CARTESIAN_POINT('',(-0.236860358418,1.151645169005,
    -3.819934844483));
#4738 = CARTESIAN_POINT('',(0.419962920063,0.939682029831,
    -3.860048849187));
#4739 = CARTESIAN_POINT('',(0.747998596824,0.470016568411,
    -3.900020035177));
#4740 = CARTESIAN_POINT('',(0.747997821147,1.17432462443E-06,
    -3.94001844625));
#4741 = CARTESIAN_POINT('',(0.752613698368,1.2248650676E-06,
    -3.518194426503));
#4742 = CARTESIAN_POINT('',(0.752613092044,-0.472913126359,
    -3.558192866678));
#4743 = CARTESIAN_POINT('',(0.422503575651,-0.945482708694,
    -3.598164580434));
#4744 = CARTESIAN_POINT('',(-0.238165321211,-1.158748528709,
    -3.638276496838));
#4745 = CARTESIAN_POINT('',(-0.993329361272,-0.859882704083,
    -3.678109162091));
#4746 = CARTESIAN_POINT('',(-1.392518625355,-2.312502845672E-05,
    -3.718193860058));
#4747 = CARTESIAN_POINT('',(-0.993179101359,0.859910440896,
    -3.758278560098));
#4748 = CARTESIAN_POINT('',(-0.238316327861,1.158735943003,
    -3.79811122399));
#4749 = CARTESIAN_POINT('',(0.422551797647,0.945485964373,
    -3.838223140938));
#4750 = CARTESIAN_POINT('',(0.752613351757,0.47291550404,-3.878194854594
    ));
#4751 = CARTESIAN_POINT('',(0.752612700181,1.15281642926E-06,
    -3.918193294766));
#4752 = CARTESIAN_POINT('',(0.765384721175,1.16163163277E-06,
    -3.500482442729));
#4753 = CARTESIAN_POINT('',(0.765384186808,-0.4809357543,-3.540480963428
    ));
#4754 = CARTESIAN_POINT('',(0.429677039523,-0.961544911272,
    -3.580454137428));
#4755 = CARTESIAN_POINT('',(-0.24222113042,-1.178369357252,
    -3.620560276282));
#4756 = CARTESIAN_POINT('',(-1.010162550056,-0.874514947295,
    -3.660401579982));
#4757 = CARTESIAN_POINT('',(-1.416167582598,-2.131290081744E-05,
    -3.700481905543));
#4758 = CARTESIAN_POINT('',(-1.010024568033,0.87454033992,
    -3.740562233009));
#4759 = CARTESIAN_POINT('',(-0.242359987006,1.178357770914,
    -3.780403535458));
#4760 = CARTESIAN_POINT('',(0.429721258715,0.961547942125,
    -3.820509674813));
#4761 = CARTESIAN_POINT('',(0.765384381301,0.480938009234,-3.86048284872
    ));
#4762 = CARTESIAN_POINT('',(0.765383804017,1.09330242326E-06,
    -3.900481369416));
#4763 = CARTESIAN_POINT('',(0.783508426199,1.07189816329E-06,
    -3.490016837339));
#4764 = CARTESIAN_POINT('',(0.783507901451,-0.492320862234,
    -3.530015472312));
#4765 = CARTESIAN_POINT('',(0.439855356329,-0.984339112051,
    -3.569990718582));
#4766 = CARTESIAN_POINT('',(-0.247971875127,-1.206214153663,
    -3.610088658357));
#4767 = CARTESIAN_POINT('',(-1.034056083626,-0.895278884449,
    -3.649942221133));
#4768 = CARTESIAN_POINT('',(-1.449728397426,-2.01480334702E-05,
    -3.690016341636));
#4769 = CARTESIAN_POINT('',(-1.033925239844,0.895303025994,
    -3.730090463945));
#4770 = CARTESIAN_POINT('',(-0.248103396348,1.206203190064,
    -3.769944025536));
#4771 = CARTESIAN_POINT('',(0.43989733822,0.984341952974,-3.810041965784
    ));
#4772 = CARTESIAN_POINT('',(0.783508121269,0.49232294298,-3.850017211968
    ));
#4773 = CARTESIAN_POINT('',(0.783507556918,1.00884728663E-06,
    -3.890015846938));
#4774 = ADVANCED_FACE('',(#4775),#4785,.T.);
#4775 = FACE_BOUND('',#4776,.T.);
#4776 = EDGE_LOOP('',(#4777,#4778,#4779,#4780));
#4777 = ORIENTED_EDGE('',*,*,#4451,.F.);
#4778 = ORIENTED_EDGE('',*,*,#4420,.T.);
#4779 = ORIENTED_EDGE('',*,*,#4669,.T.);
#4780 = ORIENTED_EDGE('',*,*,#4781,.F.);
#4781 = EDGE_CURVE('',#4452,#4670,#4782,.T.);
#4782 = B_SPLINE_CURVE_WITH_KNOTS('',1,(#4783,#4784),.UNSPECIFIED.,.F.,
  .F.,(2,2),(0.,0.28),.PIECEWISE_BEZIER_KNOTS.);
#4783 = CARTESIAN_POINT('',(1.026012236419,-1.2113920941E-07,
    -4.129998097154));
#4784 = CARTESIAN_POINT('',(0.783514876541,1.00883016343E-06,
    -3.99001584667));
#4785 = B_SPLINE_SURFACE_WITH_KNOTS('',1,10,(
    (#4786,#4787,#4788,#4789,#4790,#4791,#4792,#4793,#4794,#4795,#4796)
    ,(#4797,#4798,#4799,#4800,#4801,#4802,#4803,#4804,#4805,#4806,#4807
    )),.UNSPECIFIED.,.F.,.F.,.F.,(2,2),(11,11),(0.,0.28),(0.,
    6.295904828089),.PIECEWISE_BEZIER_KNOTS.);
#4786 = CARTESIAN_POINT('',(1.02601420356,-1.2871524654E-07,
    -3.72999797815));
#4787 = CARTESIAN_POINT('',(1.026011411475,-0.644659721675,
    -3.769998142175));
#4788 = CARTESIAN_POINT('',(0.576002105479,-1.289336089602,
    -3.810001116628));
#4789 = CARTESIAN_POINT('',(-0.324791609202,-1.578802789461,
    -3.849989347828));
#4790 = CARTESIAN_POINT('',(-1.353897618718,-1.173084632737,
    -3.890006944842));
#4791 = CARTESIAN_POINT('',(-1.898790126559,-4.100308552024E-05,
    -3.929998036499));
#4792 = CARTESIAN_POINT('',(-1.35359584475,1.173145801936,
    -3.969989132303));
#4793 = CARTESIAN_POINT('',(-0.32508161737,1.578779551704,
    -4.010006726597));
#4794 = CARTESIAN_POINT('',(0.576103344776,1.289339734088,
    -4.049994958874));
#4795 = CARTESIAN_POINT('',(1.026015023747,0.644659471821,
    -4.089997933142));
#4796 = CARTESIAN_POINT('',(1.026012236419,-1.2113920941E-07,
    -4.129998097154));
#4797 = CARTESIAN_POINT('',(0.783516203298,1.07187884526E-06,
    -3.590016837036));
#4798 = CARTESIAN_POINT('',(0.783515048016,-0.492325604005,
    -3.630015472058));
#4799 = CARTESIAN_POINT('',(0.439847859487,-0.984348165496,
    -3.669990719214));
#4800 = CARTESIAN_POINT('',(-0.247940502087,-1.206228462169,
    -3.710088655447));
#4801 = CARTESIAN_POINT('',(-1.034101093436,-0.895280457725,
    -3.749942223647));
#4802 = CARTESIAN_POINT('',(-1.449742375186,-2.973744374102E-05,
    -3.790016341082));
#4803 = CARTESIAN_POINT('',(-1.033900135867,0.895318748162,
    -3.83009046129));
#4804 = CARTESIAN_POINT('',(-0.248139556593,1.206212076002,
    -3.869944027669));
#4805 = CARTESIAN_POINT('',(0.439913312474,0.984351886586,
    -3.910041964629));
#4806 = CARTESIAN_POINT('',(0.783516071423,0.492327684714,
    -3.950017211654));
#4807 = CARTESIAN_POINT('',(0.783514876541,1.00883016343E-06,
    -3.99001584667));
#4808 = ADVANCED_FACE('',(#4809),#4977,.T.);
#4809 = FACE_BOUND('',#4810,.F.);
#4810 = EDGE_LOOP('',(#4811,#4893,#4894,#4971));
#4811 = ORIENTED_EDGE('',*,*,#4812,.F.);
#4812 = EDGE_CURVE('',#4452,#4813,#4815,.T.);
#4813 = VERTEX_POINT('',#4814);
#4814 = CARTESIAN_POINT('',(1.,3.0982E-11,-4.514983559903));
#4815 = B_SPLINE_CURVE_WITH_KNOTS('',6,(#4816,#4817,#4818,#4819,#4820,
    #4821,#4822,#4823,#4824,#4825,#4826,#4827,#4828,#4829,#4830,#4831,
    #4832,#4833,#4834,#4835,#4836,#4837,#4838,#4839,#4840,#4841,#4842,
    #4843,#4844,#4845,#4846,#4847,#4848,#4849,#4850,#4851,#4852,#4853,
    #4854,#4855,#4856,#4857,#4858,#4859,#4860,#4861,#4862,#4863,#4864,
    #4865,#4866,#4867,#4868,#4869,#4870,#4871,#4872,#4873,#4874,#4875,
    #4876,#4877,#4878,#4879,#4880,#4881,#4882,#4883,#4884,#4885,#4886,
    #4887,#4888,#4889,#4890,#4891,#4892),.UNSPECIFIED.,.F.,.F.,(7,5,5,5,
    5,5,5,5,5,5,5,5,5,5,5,7),(0.,5.29997692555E-02,9.899958423497E-02,
    0.152578251719,0.255577122219,0.36506355092,0.433221486431,
    0.496018127309,0.566957345456,0.63425690541,0.737947662099,
    0.849761411081,0.902473894775,0.94847328428,0.966472876222,1.),
  .UNSPECIFIED.);
#4816 = CARTESIAN_POINT('',(1.,7.048584E-11,-4.114982464011));
#4817 = CARTESIAN_POINT('',(1.000000000002,-5.549999407959E-02,
    -4.118515840144));
#4818 = CARTESIAN_POINT('',(0.996303663377,-0.111000503453,
    -4.122049006256));
#4819 = CARTESIAN_POINT('',(0.988911041756,-0.166192110726,
    -4.125582400092));
#4820 = CARTESIAN_POINT('',(0.97785655979,-0.22076785107,-4.129116339417
    ));
#4821 = CARTESIAN_POINT('',(0.963208250316,-0.274426641914,
    -4.132650900796));
#4822 = CARTESIAN_POINT('',(0.929321739094,-0.37239943074,
    -4.139253823689));
#4823 = CARTESIAN_POINT('',(0.91094505822,-0.417012291695,
    -4.142322153118));
#4824 = CARTESIAN_POINT('',(0.890002852779,-0.460524743759,
    -4.145390632008));
#4825 = CARTESIAN_POINT('',(0.866579058269,-0.502753401327,
    -4.148459084419));
#4826 = CARTESIAN_POINT('',(0.840774818566,-0.543523716409,
    -4.151527328585));
#4827 = CARTESIAN_POINT('',(0.780016213529,-0.628269531666,
    -4.158168512275));
#4828 = CARTESIAN_POINT('',(0.744254181686,-0.671667168058,
    -4.161741379081));
#4829 = CARTESIAN_POINT('',(0.705607469238,-0.712605067788,
    -4.165313479463));
#4830 = CARTESIAN_POINT('',(0.664290035537,-0.750846150793,
    -4.168884766364));
#4831 = CARTESIAN_POINT('',(0.620540993813,-0.786178671839,
    -4.172455326095));
#4832 = CARTESIAN_POINT('',(0.48634711772,-0.880397770394,
    -4.182888007723));
#4833 = CARTESIAN_POINT('',(0.390037545813,-0.930959884274,
    -4.189749524512));
#4834 = CARTESIAN_POINT('',(0.287567805071,-0.968780454636,
    -4.196608704187));
#4835 = CARTESIAN_POINT('',(0.181059781737,-0.992991404959,
    -4.20346938663));
#4836 = CARTESIAN_POINT('',(7.276413022684E-02,-1.003164249747,
    -4.210333837039));
#4837 = CARTESIAN_POINT('',(-0.149606872372,-0.995370549893,
    -4.224497970432));
#4838 = CARTESIAN_POINT('',(-0.263656028074,-0.975589823723,
    -4.231800279865));
#4839 = CARTESIAN_POINT('',(-0.374414106112,-0.940130894676,
    -4.239103537898));
#4840 = CARTESIAN_POINT('',(-0.479226164647,-0.889737818905,
    -4.246407261977));
#4841 = CARTESIAN_POINT('',(-0.575650471772,-0.825694805205,
    -4.253711331869));
#4842 = CARTESIAN_POINT('',(-0.715141067942,-0.702614803694,
    -4.265557699139));
#4843 = CARTESIAN_POINT('',(-0.76461707923,-0.65080665634,
    -4.270102397979));
#4844 = CARTESIAN_POINT('',(-0.80955574502,-0.594849170663,
    -4.27464625482));
#4845 = CARTESIAN_POINT('',(-0.849530252129,-0.535244549088,
    -4.279189527927));
#4846 = CARTESIAN_POINT('',(-0.884189109409,-0.472550230381,
    -4.283732593728));
#4847 = CARTESIAN_POINT('',(-0.940052179359,-0.347312709064,
    -4.292460939736));
#4848 = CARTESIAN_POINT('',(-0.962101506287,-0.285142858473,
    -4.296646438328));
#4849 = CARTESIAN_POINT('',(-0.97920258198,-0.221328367165,
    -4.30083195142));
#4850 = CARTESIAN_POINT('',(-0.991209499739,-0.156362778413,
    -4.305017757404));
#4851 = CARTESIAN_POINT('',(-0.998041925377,-9.075438582012E-02,
    -4.30920406117));
#4852 = CARTESIAN_POINT('',(-1.00154541257,4.924319425864E-02,
    -4.318120120581));
#4853 = CARTESIAN_POINT('',(-0.996784057986,0.123671879546,
    -4.322850214234));
#4854 = CARTESIAN_POINT('',(-0.985384350122,0.197525998896,
    -4.327580608262));
#4855 = CARTESIAN_POINT('',(-0.967438147497,0.270068236729,
    -4.332311256737));
#4856 = CARTESIAN_POINT('',(-0.943144617908,0.340582683614,
    -4.337042019251));
#4857 = CARTESIAN_POINT('',(-0.884026080757,0.472720312993,
    -4.346259843185));
#4858 = CARTESIAN_POINT('',(-0.849803772815,0.534617675593,
    -4.350747212003));
#4859 = CARTESIAN_POINT('',(-0.810398921591,0.593504286282,
    -4.355233880682));
#4860 = CARTESIAN_POINT('',(-0.766149472621,0.648843354975,
    -4.359719812292));
#4861 = CARTESIAN_POINT('',(-0.71746505871,0.700150484112,
    -4.364205110755));
#4862 = CARTESIAN_POINT('',(-0.583706662062,0.819192932629,
    -4.375599247849));
#4863 = CARTESIAN_POINT('',(-0.493175275569,0.880823559571,
    -4.382508399527));
#4864 = CARTESIAN_POINT('',(-0.394970320044,0.930333011419,
    -4.389415454445));
#4865 = CARTESIAN_POINT('',(-0.291142845384,0.966595517718,
    -4.396323279631));
#4866 = CARTESIAN_POINT('',(-0.183926562095,0.988919067426,
    -4.403234700481));
#4867 = CARTESIAN_POINT('',(4.109540245244E-02,1.005992362632,
    -4.417601977638));
#4868 = CARTESIAN_POINT('',(0.159115618388,0.998448214719,
    -4.425060741457));
#4869 = CARTESIAN_POINT('',(0.275469698868,0.97426757158,-4.432520872418
    ));
#4870 = CARTESIAN_POINT('',(0.387260867897,0.933941697331,
    -4.439982280452));
#4871 = CARTESIAN_POINT('',(0.49176107675,0.878567775341,-4.447443111829
    ));
#4872 = CARTESIAN_POINT('',(0.631296902911,0.777503245134,
    -4.458414683976));
#4873 = CARTESIAN_POINT('',(0.673858274521,0.742161562551,
    -4.461929236243));
#4874 = CARTESIAN_POINT('',(0.714028934417,0.704036567673,
    -4.465442997709));
#4875 = CARTESIAN_POINT('',(0.751583817667,0.663332798313,
    -4.468956068661));
#4876 = CARTESIAN_POINT('',(0.786321710412,0.620278249798,
    -4.472468672238));
#4877 = CARTESIAN_POINT('',(0.845771119046,0.535715873764,
    -4.479046042529));
#4878 = CARTESIAN_POINT('',(0.871196524067,0.494708792719,
    -4.482110915236));
#4879 = CARTESIAN_POINT('',(0.894228115551,0.452265525298,
    -4.485175765037));
#4880 = CARTESIAN_POINT('',(0.914766381294,0.408561543115,
    -4.488240828661));
#4881 = CARTESIAN_POINT('',(0.932729098762,0.363780987775,
    -4.491306299059));
#4882 = CARTESIAN_POINT('',(0.954048050746,0.30024585568,-4.495571862575
    ));
#4883 = CARTESIAN_POINT('',(0.959639804372,0.282241100414,
    -4.496771609826));
#4884 = CARTESIAN_POINT('',(0.964823561269,0.264112157745,
    -4.497971425513));
#4885 = CARTESIAN_POINT('',(0.969595922586,0.245870580536,-4.49917130884
    ));
#4886 = CARTESIAN_POINT('',(0.973953926234,0.227528041845,-4.5003712554)
  );
#4887 = CARTESIAN_POINT('',(0.98523601552,0.174764327765,-4.503806452728
    ));
#4888 = CARTESIAN_POINT('',(0.991130637429,0.140122794622,
    -4.506041845317));
#4889 = CARTESIAN_POINT('',(0.995562551552,0.105248192187,
    -4.508277371312));
#4890 = CARTESIAN_POINT('',(0.998520834389,7.021760808628E-02,
    -4.510512930183));
#4891 = CARTESIAN_POINT('',(0.999999999999,3.510876087975E-02,
    -4.512748384494));
#4892 = CARTESIAN_POINT('',(1.,6.195144E-11,-4.514983559903));
#4893 = ORIENTED_EDGE('',*,*,#4606,.T.);
#4894 = ORIENTED_EDGE('',*,*,#4895,.T.);
#4895 = EDGE_CURVE('',#4530,#4896,#4898,.T.);
#4896 = VERTEX_POINT('',#4897);
#4897 = CARTESIAN_POINT('',(1.,4.244E-12,-4.565002403751));
#4898 = B_SPLINE_CURVE_WITH_KNOTS('',6,(#4899,#4900,#4901,#4902,#4903,
    #4904,#4905,#4906,#4907,#4908,#4909,#4910,#4911,#4912,#4913,#4914,
    #4915,#4916,#4917,#4918,#4919,#4920,#4921,#4922,#4923,#4924,#4925,
    #4926,#4927,#4928,#4929,#4930,#4931,#4932,#4933,#4934,#4935,#4936,
    #4937,#4938,#4939,#4940,#4941,#4942,#4943,#4944,#4945,#4946,#4947,
    #4948,#4949,#4950,#4951,#4952,#4953,#4954,#4955,#4956,#4957,#4958,
    #4959,#4960,#4961,#4962,#4963,#4964,#4965,#4966,#4967,#4968,#4969,
    #4970),.UNSPECIFIED.,.F.,.F.,(7,5,5,5,5,5,5,5,5,5,5,5,5,5,7),(0.,
    5.11077571588E-02,9.610718125974E-02,0.148030966833,0.262027965119,
    0.362290452572,0.430114495662,0.498113395162,0.563798483499,
    0.63170459379,0.737703541312,0.794278933847,0.84528121411,
    0.946093931069,1.),.UNSPECIFIED.);
#4899 = CARTESIAN_POINT('',(1.,9.71134E-12,-4.165002575465));
#4900 = CARTESIAN_POINT('',(1.,-5.35188321367E-02,-4.168409670487));
#4901 = CARTESIAN_POINT('',(0.996562850666,-0.107038060657,
    -4.171817203632));
#4902 = CARTESIAN_POINT('',(0.989688605132,-0.160280322039,
    -4.175224653729));
#4903 = CARTESIAN_POINT('',(0.979407023046,-0.212970333318,
    -4.178631711788));
#4904 = CARTESIAN_POINT('',(0.965776951564,-0.264837728017,
    -4.182038258859));
#4905 = CARTESIAN_POINT('',(0.93401328093,-0.360332637561,
    -4.188443338017));
#4906 = CARTESIAN_POINT('',(0.916612458692,-0.404204645489,
    -4.191442006711));
#4907 = CARTESIAN_POINT('',(0.89674280568,-0.447056831484,
    -4.194440369037));
#4908 = CARTESIAN_POINT('',(0.874480479819,-0.488716456651,
    -4.197438598774));
#4909 = CARTESIAN_POINT('',(0.849917519499,-0.529018635934,
    -4.200436901944));
#4910 = CARTESIAN_POINT('',(0.792287561073,-0.61256581148,
    -4.206895284801));
#4911 = CARTESIAN_POINT('',(0.758493110914,-0.655310045792,
    -4.210355478561));
#4912 = CARTESIAN_POINT('',(0.721942626013,-0.695801388479,
    -4.213816149894));
#4913 = CARTESIAN_POINT('',(0.682826080931,-0.733819943201,
    -4.217277492722));
#4914 = CARTESIAN_POINT('',(0.64135615632,-0.76916763623,-4.220739589685
    ));
#4915 = CARTESIAN_POINT('',(0.502064624374,-0.873030367334,
    -4.231804508845));
#4916 = CARTESIAN_POINT('',(0.396119808582,-0.93069611968,
    -4.239411376039));
#4917 = CARTESIAN_POINT('',(0.282428435582,-0.972790041906,
    -4.247018627003));
#4918 = CARTESIAN_POINT('',(0.163873036749,-0.998123428111,
    -4.254624379892));
#4919 = CARTESIAN_POINT('',(4.352260055649E-02,-1.006158998796,
    -4.262228759008));
#4920 = CARTESIAN_POINT('',(-0.180202463189,-0.989217022602,
    -4.276512758338));
#4921 = CARTESIAN_POINT('',(-0.283909464316,-0.968097795241,
    -4.283195529123));
#4922 = CARTESIAN_POINT('',(-0.384523077749,-0.933940873818,
    -4.289875167917));
#4923 = CARTESIAN_POINT('',(-0.480020766932,-0.887354992257,
    -4.296554124937));
#4924 = CARTESIAN_POINT('',(-0.568536165949,-0.829331315526,
    -4.303234864858));
#4925 = CARTESIAN_POINT('',(-0.702530188829,-0.715189399335,
    -4.314435537037));
#4926 = CARTESIAN_POINT('',(-0.752673627943,-0.664522864371,
    -4.318955779282));
#4927 = CARTESIAN_POINT('',(-0.798398713663,-0.609667825851,
    -4.323476631784));
#4928 = CARTESIAN_POINT('',(-0.839276001235,-0.551111425667,
    -4.327998208085));
#4929 = CARTESIAN_POINT('',(-0.874948904902,-0.489396310415,
    -4.332520478951));
#4930 = CARTESIAN_POINT('',(-0.935412328013,-0.360657946611,
    -4.341577041222));
#4931 = CARTESIAN_POINT('',(-0.960176169085,-0.293617975433,
    -4.346111581202));
#4932 = CARTESIAN_POINT('',(-0.979155281512,-0.224582174919,
    -4.350646036196));
#4933 = CARTESIAN_POINT('',(-0.992158897553,-0.154176203075,
    -4.355180274795));
#4934 = CARTESIAN_POINT('',(-0.999086321525,-8.304628307549E-02,
    -4.359714240995));
#4935 = CARTESIAN_POINT('',(-1.000744638776,5.69311398358E-02,
    -4.368626793603));
#4936 = CARTESIAN_POINT('',(-0.995882579638,0.125777352747,
    -4.37300563542));
#4937 = CARTESIAN_POINT('',(-0.985336656078,0.19410339256,
    -4.377383908161));
#4938 = CARTESIAN_POINT('',(-0.969180914713,0.261324688937,
    -4.381761851183));
#4939 = CARTESIAN_POINT('',(-0.94756834936,0.326872141015,
    -4.386139794471));
#4940 = CARTESIAN_POINT('',(-0.89298172783,0.455675507793,
    -4.395043729615));
#4941 = CARTESIAN_POINT('',(-0.859646783509,0.518782344342,
    -4.399569950607));
#4942 = CARTESIAN_POINT('',(-0.820977970538,0.578923791695,
    -4.404096398386));
#4943 = CARTESIAN_POINT('',(-0.777312208655,0.635542006093,
    -4.408623448536));
#4944 = CARTESIAN_POINT('',(-0.729061679165,0.688132113742,
    -4.41315135947));
#4945 = CARTESIAN_POINT('',(-0.594981131342,0.811368432938,
    -4.424748450865));
#4946 = CARTESIAN_POINT('',(-0.503237132687,0.87561006869,
    -4.431819779718));
#4947 = CARTESIAN_POINT('',(-0.403312339142,0.927277170908,
    -4.438891003465));
#4948 = CARTESIAN_POINT('',(-0.297386248488,0.965143030684,
    -4.445961973685));
#4949 = CARTESIAN_POINT('',(-0.187841392884,0.988451462837,
    -4.453032103143));
#4950 = CARTESIAN_POINT('',(-1.810667217818E-02,1.001589728651,
    -4.463870223049));
#4951 = CARTESIAN_POINT('',(4.128632030968E-02,1.001962581534,
    -4.467641193136));
#4952 = CARTESIAN_POINT('',(0.100630373376,0.998107199627,
    -4.471411324955));
#4953 = CARTESIAN_POINT('',(0.159549902066,0.990039139758,
    -4.475180741717));
#4954 = CARTESIAN_POINT('',(0.217673727271,0.977818023007,
    -4.478949679168));
#4955 = CARTESIAN_POINT('',(0.325995261514,0.946878859688,
    -4.486115683433));
#4956 = CARTESIAN_POINT('',(0.376410780402,0.928919115936,
    -4.489512877374));
#4957 = CARTESIAN_POINT('',(0.425622221135,0.90774332595,-4.49291000731)
  );
#4958 = CARTESIAN_POINT('',(0.473374430485,0.883454885612,-4.49630734435
    ));
#4959 = CARTESIAN_POINT('',(0.519424650401,0.856183743969,
    -4.499705141525));
#4960 = CARTESIAN_POINT('',(0.650755902867,0.766591126779,
    -4.509820712291));
#4961 = CARTESIAN_POINT('',(0.730441072854,0.696040892244,
    -4.516541029492));
#4962 = CARTESIAN_POINT('',(0.800820366073,0.615641385303,
    -4.523263506128));
#4963 = CARTESIAN_POINT('',(0.860423205146,0.526960449567,
    -4.529989101582));
#4964 = CARTESIAN_POINT('',(0.908115884898,0.431821389961,
    -4.536715124965));
#4965 = CARTESIAN_POINT('',(0.961945344138,0.27901164493,-4.547033666351
    ));
#4966 = CARTESIAN_POINT('',(0.977094006008,0.224499723166,
    -4.550628340728));
#4967 = CARTESIAN_POINT('',(0.988528545281,0.169023225602,
    -4.554222277587));
#4968 = CARTESIAN_POINT('',(0.996176162061,0.112898688269,
    -4.557815605669));
#4969 = CARTESIAN_POINT('',(1.,5.644906145457E-02,-4.561408766683));
#4970 = CARTESIAN_POINT('',(1.,8.47022E-12,-4.565002403751));
#4971 = ORIENTED_EDGE('',*,*,#4972,.F.);
#4972 = EDGE_CURVE('',#4813,#4896,#4973,.T.);
#4973 = LINE('',#4974,#4975);
#4974 = CARTESIAN_POINT('',(1.,0.,-1.E-01));
#4975 = VECTOR('',#4976,1.);
#4976 = DIRECTION('',(0.,0.,-1.));
#4977 = CYLINDRICAL_SURFACE('',#4978,1.);
#4978 = AXIS2_PLACEMENT_3D('',#4979,#4980,#4981);
#4979 = CARTESIAN_POINT('',(0.,0.,-1.E-01));
#4980 = DIRECTION('',(-0.,-0.,-1.));
#4981 = DIRECTION('',(1.,0.,0.));
#4982 = ADVANCED_FACE('',(#4983),#5008,.T.);
#4983 = FACE_BOUND('',#4984,.T.);
#4984 = EDGE_LOOP('',(#4985,#5001,#5002,#5003));
#4985 = ORIENTED_EDGE('',*,*,#4986,.F.);
#4986 = EDGE_CURVE('',#4621,#4987,#4989,.T.);
#4987 = VERTEX_POINT('',#4988);
#4988 = CARTESIAN_POINT('',(0.783506687642,9.4579618E-07,-4.290014856533
    ));
#4989 = ( BOUNDED_CURVE() B_SPLINE_CURVE(10,(#4990,#4991,#4992,#4993,
    #4994,#4995,#4996,#4997,#4998,#4999,#5000),.UNSPECIFIED.,.F.,.F.) 
B_SPLINE_CURVE_WITH_KNOTS((11,11),(0.,6.295904828089),
.PIECEWISE_BEZIER_KNOTS.) CURVE() GEOMETRIC_REPRESENTATION_ITEM() 
RATIONAL_B_SPLINE_CURVE((1.056590953773,1.056590953773,1.056590953773,
    1.056590953773,1.056590953773,1.056590953773,1.056590953773,
    1.056590953773,1.056590953773,1.056590953773,1.056590953773)) 
REPRESENTATION_ITEM('') );
#4990 = CARTESIAN_POINT('',(0.783507556918,1.00884729018E-06,
    -3.890015846938));
#4991 = CARTESIAN_POINT('',(0.783506992568,-0.492320379219,
    -3.930014481904));
#4992 = CARTESIAN_POINT('',(0.439854789013,-0.984338054174,
    -3.969989728078));
#4993 = CARTESIAN_POINT('',(-0.247971696683,-1.206212798092,
    -4.010087668242));
#4994 = CARTESIAN_POINT('',(-1.034055009322,-0.8952778055,
    -4.049941230435));
#4995 = CARTESIAN_POINT('',(-1.44972678773,-2.00311837229E-05,
    -4.090015351232));
#4996 = CARTESIAN_POINT('',(-1.033924021766,0.895302113178,
    -4.13008947384));
#4997 = CARTESIAN_POINT('',(-0.248103023492,1.206201874534,
    -4.169943034842));
#4998 = CARTESIAN_POINT('',(0.439896929268,0.984340824277,
    -4.210040975484));
#4999 = CARTESIAN_POINT('',(0.783507291593,0.492322333862,
    -4.250016221568));
#5000 = CARTESIAN_POINT('',(0.783506687642,9.4579615967E-07,
    -4.290014856533));
#5001 = ORIENTED_EDGE('',*,*,#4638,.T.);
#5002 = ORIENTED_EDGE('',*,*,#4529,.T.);
#5003 = ORIENTED_EDGE('',*,*,#5004,.F.);
#5004 = EDGE_CURVE('',#4987,#4530,#5005,.T.);
#5005 = B_SPLINE_CURVE_WITH_KNOTS('',1,(#5006,#5007),.UNSPECIFIED.,.F.,
  .F.,(2,2),(0.,0.28),.PIECEWISE_BEZIER_KNOTS.);
#5006 = CARTESIAN_POINT('',(0.783506687642,9.4579615976E-07,
    -4.290014856533));
#5007 = CARTESIAN_POINT('',(1.025984193125,-1.135065079E-07,
    -4.149998217045));
#5008 = B_SPLINE_SURFACE_WITH_KNOTS('',1,10,(
    (#5009,#5010,#5011,#5012,#5013,#5014,#5015,#5016,#5017,#5018,#5019)
    ,(#5020,#5021,#5022,#5023,#5024,#5025,#5026,#5027,#5028,#5029,#5030
    )),.UNSPECIFIED.,.F.,.F.,.F.,(2,2),(11,11),(0.,0.28),(0.,
    6.295904828089),.PIECEWISE_BEZIER_KNOTS.);
#5009 = CARTESIAN_POINT('',(0.783507556918,1.0088472903E-06,
    -3.890015846938));
#5010 = CARTESIAN_POINT('',(0.783506992568,-0.492320379219,
    -3.930014481904));
#5011 = CARTESIAN_POINT('',(0.439854789013,-0.984338054174,
    -3.969989728078));
#5012 = CARTESIAN_POINT('',(-0.247971696684,-1.206212798092,
    -4.010087668243));
#5013 = CARTESIAN_POINT('',(-1.034055009321,-0.895277805499,
    -4.049941230434));
#5014 = CARTESIAN_POINT('',(-1.44972678773,-2.003118381788E-05,
    -4.090015351233));
#5015 = CARTESIAN_POINT('',(-1.033924021766,0.895302113178,
    -4.130089473839));
#5016 = CARTESIAN_POINT('',(-0.248103023492,1.206201874534,
    -4.169943034843));
#5017 = CARTESIAN_POINT('',(0.439896929268,0.984340824277,
    -4.210040975484));
#5018 = CARTESIAN_POINT('',(0.783507291593,0.492322333862,
    -4.250016221568));
#5019 = CARTESIAN_POINT('',(0.783506687642,9.4579615976E-07,
    -4.290014856533));
#5020 = CARTESIAN_POINT('',(1.025984421855,-1.2107413842E-07,
    -3.749998098172));
#5021 = CARTESIAN_POINT('',(1.025984030549,-0.644641551693,
    -3.78999826201));
#5022 = CARTESIAN_POINT('',(0.576030474542,-1.28930139459,
    -3.830001233075));
#5023 = CARTESIAN_POINT('',(-0.324910742556,-1.578748068121,
    -3.86998947783));
#5024 = CARTESIAN_POINT('',(-1.353726271222,-1.173078402217,
    -3.910007054087));
#5025 = CARTESIAN_POINT('',(-1.89873658752,-4.57735157644E-06,
    -3.949998157473));
#5026 = CARTESIAN_POINT('',(-1.353690946897,1.173085785685,
    -3.989989261346));
#5027 = CARTESIAN_POINT('',(-0.324944147574,1.578745431318,
    -4.030006837284));
#5028 = CARTESIAN_POINT('',(0.576042504665,1.289301702941,
    -4.069995082165));
#5029 = CARTESIAN_POINT('',(1.025984579677,0.644641317113,
    -4.109998053209));
#5030 = CARTESIAN_POINT('',(1.025984193125,-1.135065079E-07,
    -4.149998217045));
#5031 = ADVANCED_FACE('',(#5032),#5062,.T.);
#5032 = FACE_BOUND('',#5033,.T.);
#5033 = EDGE_LOOP('',(#5034,#5050,#5051,#5052));
#5034 = ORIENTED_EDGE('',*,*,#5035,.F.);
#5035 = EDGE_CURVE('',#4670,#5036,#5038,.T.);
#5036 = VERTEX_POINT('',#5037);
#5037 = CARTESIAN_POINT('',(0.783513549787,9.45781138E-07,
    -4.390014856298));
#5038 = B_SPLINE_CURVE_WITH_KNOTS('',10,(#5039,#5040,#5041,#5042,#5043,
    #5044,#5045,#5046,#5047,#5048,#5049),.UNSPECIFIED.,.F.,.F.,(11,11),(
    0.,6.295904828089),.PIECEWISE_BEZIER_KNOTS.);
#5039 = CARTESIAN_POINT('',(0.783514876541,1.00883016634E-06,
    -3.99001584667));
#5040 = CARTESIAN_POINT('',(0.783513681657,-0.492324833608,
    -4.030014481683));
#5041 = CARTESIAN_POINT('',(0.439847035282,-0.984346532251,
    -4.069989728688));
#5042 = CARTESIAN_POINT('',(-0.247940178574,-1.206226403737,
    -4.11008766552));
#5043 = CARTESIAN_POINT('',(-1.03409941592,-0.895278854672,
    -4.149941232823));
#5044 = CARTESIAN_POINT('',(-1.449739918352,-2.962059921274E-05,
    -4.190015350714));
#5045 = CARTESIAN_POINT('',(-1.033898314584,0.895317311238,
    -4.230089471373));
#5046 = CARTESIAN_POINT('',(-0.248139038674,1.206210057608,
    -4.269943036858));
#5047 = CARTESIAN_POINT('',(0.439912646628,0.984350182524,
    -4.310040974416));
#5048 = CARTESIAN_POINT('',(0.783514784269,0.49232678822,-4.35001622129)
  );
#5049 = CARTESIAN_POINT('',(0.783513549787,9.4578111858E-07,
    -4.390014856298));
#5050 = ORIENTED_EDGE('',*,*,#4687,.T.);
#5051 = ORIENTED_EDGE('',*,*,#4986,.T.);
#5052 = ORIENTED_EDGE('',*,*,#5053,.F.);
#5053 = EDGE_CURVE('',#5036,#4987,#5054,.T.);
#5054 = ( BOUNDED_CURVE() B_SPLINE_CURVE(6,(#5055,#5056,#5057,#5058,
#5059,#5060,#5061),.UNSPECIFIED.,.F.,.F.) B_SPLINE_CURVE_WITH_KNOTS((7,7
),(0.,2.094395102393),.PIECEWISE_BEZIER_KNOTS.) CURVE() 
GEOMETRIC_REPRESENTATION_ITEM() RATIONAL_B_SPLINE_CURVE((1.056590953773,
    1.017435169568,0.996326512422,0.989390034249,0.996326512422,
1.017435169568,1.056590953773)) REPRESENTATION_ITEM('') );
#5055 = CARTESIAN_POINT('',(0.783513549787,9.4578111684E-07,
    -4.390014856298));
#5056 = CARTESIAN_POINT('',(0.765388312872,1.02496105606E-06,
    -4.379551904193));
#5057 = CARTESIAN_POINT('',(0.7526146973,1.08076093888E-06,
    -4.36184179019));
#5058 = CARTESIAN_POINT('',(0.74799672312,1.10093165734E-06,
    -4.340017293396));
#5059 = CARTESIAN_POINT('',(0.752611701999,1.08076750535E-06,
    -4.318192163024));
#5060 = CARTESIAN_POINT('',(0.765382886863,1.02497295018E-06,
    -4.300480296099));
#5061 = CARTESIAN_POINT('',(0.783506687642,9.4579615967E-07,
    -4.290014856533));
#5062 = ( BOUNDED_SURFACE() B_SPLINE_SURFACE(6,10,(
    (#5063,#5064,#5065,#5066,#5067,#5068,#5069,#5070,#5071,#5072,#5073)
    ,(#5074,#5075,#5076,#5077,#5078,#5079,#5080,#5081,#5082,#5083,#5084)
    ,(#5085,#5086,#5087,#5088,#5089,#5090,#5091,#5092,#5093,#5094,#5095)
    ,(#5096,#5097,#5098,#5099,#5100,#5101,#5102,#5103,#5104,#5105,#5106)
    ,(#5107,#5108,#5109,#5110,#5111,#5112,#5113,#5114,#5115,#5116,#5117)
    ,(#5118,#5119,#5120,#5121,#5122,#5123,#5124,#5125,#5126,#5127,#5128)
    ,(#5129,#5130,#5131,#5132,#5133,#5134,#5135,#5136,#5137,#5138,#5139
)),.UNSPECIFIED.,.F.,.F.,.F.) B_SPLINE_SURFACE_WITH_KNOTS((7,7),(11,11),
  (0.,2.094395102393),(0.,6.295904828089),.PIECEWISE_BEZIER_KNOTS.) 
GEOMETRIC_REPRESENTATION_ITEM() RATIONAL_B_SPLINE_SURFACE((
    (1.056590953773,1.056590953773,1.056590953773,1.056590953773
      ,1.056590953773,1.056590953773,1.056590953773,1.056590953773
      ,1.056590953773,1.056590953773,1.056590953773)
    ,(1.017435169568,1.017435169568,1.017435169568,1.017435169568
      ,1.017435169568,1.017435169569,1.017435169568,1.017435169568
      ,1.017435169568,1.017435169568,1.017435169568)
    ,(0.996326512422,0.996326512422,0.996326512422,0.996326512422
      ,0.996326512422,0.996326512422,0.996326512422,0.996326512422
      ,0.996326512422,0.996326512422,0.996326512422)
    ,(0.989390034249,0.989390034249,0.989390034249,0.989390034249
      ,0.989390034248,0.989390034249,0.989390034248,0.989390034249
      ,0.989390034249,0.989390034249,0.989390034249)
    ,(0.996326512422,0.996326512422,0.996326512422,0.996326512422
      ,0.996326512422,0.996326512422,0.996326512422,0.996326512422
      ,0.996326512422,0.996326512422,0.996326512422)
    ,(1.017435169568,1.017435169568,1.017435169568,1.017435169568
      ,1.017435169568,1.017435169569,1.017435169568,1.017435169568
      ,1.017435169568,1.017435169568,1.017435169568)
    ,(1.056590953773,1.056590953773,1.056590953773,1.056590953773
      ,1.056590953773,1.056590953773,1.056590953773,1.056590953773
      ,1.056590953773,1.056590953773,1.056590953773
))) REPRESENTATION_ITEM('') SURFACE() );
#5063 = CARTESIAN_POINT('',(0.783514876541,1.00883016727E-06,
    -3.99001584667));
#5064 = CARTESIAN_POINT('',(0.783513681657,-0.492324833608,
    -4.030014481683));
#5065 = CARTESIAN_POINT('',(0.439847035282,-0.984346532251,
    -4.069989728689));
#5066 = CARTESIAN_POINT('',(-0.247940178574,-1.206226403737,
    -4.110087665519));
#5067 = CARTESIAN_POINT('',(-1.03409941592,-0.895278854672,
    -4.149941232825));
#5068 = CARTESIAN_POINT('',(-1.449739918352,-2.962059911213E-05,
    -4.190015350712));
#5069 = CARTESIAN_POINT('',(-1.033898314584,0.895317311238,
    -4.230089471375));
#5070 = CARTESIAN_POINT('',(-0.248139038674,1.206210057608,
    -4.269943036857));
#5071 = CARTESIAN_POINT('',(0.439912646628,0.984350182524,
    -4.310040974416));
#5072 = CARTESIAN_POINT('',(0.783514784269,0.49232678822,-4.35001622129)
  );
#5073 = CARTESIAN_POINT('',(0.783513549787,9.4578111684E-07,
    -4.390014856298));
#5074 = CARTESIAN_POINT('',(0.76538959176,1.09328888676E-06,
    -3.979552977484));
#5075 = CARTESIAN_POINT('',(0.765388515903,-0.480938768645,
    -4.019551498213));
#5076 = CARTESIAN_POINT('',(0.429670307694,-0.961550499896,
    -4.059524672768));
#5077 = CARTESIAN_POINT('',(-0.242196023055,-1.178378684649,
    -4.099630809399));
#5078 = CARTESIAN_POINT('',(-1.010196531652,-0.874514636139,
    -4.139472116525));
#5079 = CARTESIAN_POINT('',(-1.416176266837,-2.876877390268E-05,
    -4.179552440096));
#5080 = CARTESIAN_POINT('',(-1.010002953726,0.874551396559,
    -4.219632766339));
#5081 = CARTESIAN_POINT('',(-0.242388068615,1.178362853989,
    -4.259474071709));
#5082 = CARTESIAN_POINT('',(0.429733257477,0.961554149965,
    -4.299580209042));
#5083 = CARTESIAN_POINT('',(0.765389431643,0.480940886895,
    -4.339553383468));
#5084 = CARTESIAN_POINT('',(0.765388312872,1.02496105606E-06,
    -4.379551904193));
#5085 = CARTESIAN_POINT('',(0.752615895169,1.15280895854E-06,
    -3.961842921918));
#5086 = CARTESIAN_POINT('',(0.752614968367,-0.472914515689,
    -4.001841362105));
#5087 = CARTESIAN_POINT('',(0.422499540176,-0.945485194396,
    -4.041813076113));
#5088 = CARTESIAN_POINT('',(-0.238151358226,-1.158752911046,
    -4.081924991509));
#5089 = CARTESIAN_POINT('',(-0.993347510572,-0.85988192356,
    -4.121757658324));
#5090 = CARTESIAN_POINT('',(-1.392522508424,-2.717724753265E-05,
    -4.161842355358));
#5091 = CARTESIAN_POINT('',(-0.993166481965,0.859916026151,
    -4.201927054893));
#5092 = CARTESIAN_POINT('',(-0.23833162075,1.158738004162,
    -4.241759720065));
#5093 = CARTESIAN_POINT('',(0.422558188178,0.945488753339,
    -4.281871636119));
#5094 = CARTESIAN_POINT('',(0.752615669353,0.472916749259,
    -4.321843350006));
#5095 = CARTESIAN_POINT('',(0.7526146973,1.08076093888E-06,
    -4.36184179019));
#5096 = CARTESIAN_POINT('',(0.747997821147,1.17432462796E-06,
    -3.94001844625));
#5097 = CARTESIAN_POINT('',(0.747997045469,-0.470013529998,
    -3.98001685732));
#5098 = CARTESIAN_POINT('',(0.419908922509,-0.939677217373,
    -4.019988043296));
#5099 = CARTESIAN_POINT('',(-0.236694309315,-1.15165724196,
    -4.060102047894));
#5100 = CARTESIAN_POINT('',(-0.987250724778,-0.854592890971,
    -4.099931590952));
#5101 = CARTESIAN_POINT('',(-1.383971031405,-2.512299694235E-05,
    -4.140017869186));
#5102 = CARTESIAN_POINT('',(-0.987085045893,0.854623850683,
    -4.180104149711));
#5103 = CARTESIAN_POINT('',(-0.236859897081,1.151643505308,
    -4.219933691264));
#5104 = CARTESIAN_POINT('',(0.419962395647,0.939680607628,
    -4.260047696465));
#5105 = CARTESIAN_POINT('',(0.747997544894,0.470015805255,
    -4.300018882329));
#5106 = CARTESIAN_POINT('',(0.74799672312,1.10093165734E-06,
    -4.340017293396));
#5107 = CARTESIAN_POINT('',(0.752612700181,1.15281643207E-06,
    -3.918193294766));
#5108 = CARTESIAN_POINT('',(0.752612048604,-0.472912571365,
    -3.958191734933));
#5109 = CARTESIAN_POINT('',(0.42250292465,-0.945481493747,
    -3.998163448578));
#5110 = CARTESIAN_POINT('',(-0.238165115763,-1.158746972232,
    -4.038275365429));
#5111 = CARTESIAN_POINT('',(-0.993328127258,-0.8598814656,
    -4.078108030012));
#5112 = CARTESIAN_POINT('',(-1.392516776957,-2.299150355936E-05,
    -4.118192728316));
#5113 = CARTESIAN_POINT('',(-0.993177703054,0.859909392254,
    -4.158277428701));
#5114 = CARTESIAN_POINT('',(-0.238315900258,1.15873443228,
    -4.198110091916));
#5115 = CARTESIAN_POINT('',(0.422551327609,0.945484668499,
    -4.238222009317));
#5116 = CARTESIAN_POINT('',(0.752612398828,0.472914804949,
    -4.278193722858));
#5117 = CARTESIAN_POINT('',(0.752611701999,1.08076750535E-06,
    -4.318192163024));
#5118 = CARTESIAN_POINT('',(0.765383804017,1.0933024277E-06,
    -3.900481369416));
#5119 = CARTESIAN_POINT('',(0.765383226732,-0.480935246487,
    -3.940479890108));
#5120 = CARTESIAN_POINT('',(0.429676438693,-0.961543796144,
    -3.980453064006));
#5121 = CARTESIAN_POINT('',(-0.242220944931,-1.178367926446,
    -4.020559203271));
#5122 = CARTESIAN_POINT('',(-1.01016141864,-0.874513806542,
    -4.060400506355));
#5123 = CARTESIAN_POINT('',(-1.416165884243,-2.118626892492E-05,
    -4.100480832226));
#5124 = CARTESIAN_POINT('',(-1.010023280808,0.874539379207,
    -4.140561160009));
#5125 = CARTESIAN_POINT('',(-0.242359590832,1.178356383501,
    -4.180402461836));
#5126 = CARTESIAN_POINT('',(0.429720829507,0.961546750248,
    -4.220508601606));
#5127 = CARTESIAN_POINT('',(0.765383507064,0.480937364763,
    -4.260481775409));
#5128 = CARTESIAN_POINT('',(0.765382886863,1.02497295018E-06,
    -4.300480296099));
#5129 = CARTESIAN_POINT('',(0.783507556918,1.00884729018E-06,
    -3.890015846938));
#5130 = CARTESIAN_POINT('',(0.783506992568,-0.492320379219,
    -3.930014481904));
#5131 = CARTESIAN_POINT('',(0.439854789013,-0.984338054174,
    -3.969989728078));
#5132 = CARTESIAN_POINT('',(-0.247971696683,-1.206212798092,
    -4.010087668242));
#5133 = CARTESIAN_POINT('',(-1.034055009322,-0.8952778055,
    -4.049941230435));
#5134 = CARTESIAN_POINT('',(-1.44972678773,-2.00311837229E-05,
    -4.090015351232));
#5135 = CARTESIAN_POINT('',(-1.033924021766,0.895302113178,
    -4.13008947384));
#5136 = CARTESIAN_POINT('',(-0.248103023492,1.206201874534,
    -4.169943034842));
#5137 = CARTESIAN_POINT('',(0.439896929268,0.984340824277,
    -4.210040975484));
#5138 = CARTESIAN_POINT('',(0.783507291593,0.492322333862,
    -4.250016221568));
#5139 = CARTESIAN_POINT('',(0.783506687642,9.4579615967E-07,
    -4.290014856533));
#5140 = ADVANCED_FACE('',(#5141),#5151,.T.);
#5141 = FACE_BOUND('',#5142,.T.);
#5142 = EDGE_LOOP('',(#5143,#5144,#5145,#5146));
#5143 = ORIENTED_EDGE('',*,*,#4812,.F.);
#5144 = ORIENTED_EDGE('',*,*,#4781,.T.);
#5145 = ORIENTED_EDGE('',*,*,#5035,.T.);
#5146 = ORIENTED_EDGE('',*,*,#5147,.F.);
#5147 = EDGE_CURVE('',#4813,#5036,#5148,.T.);
#5148 = B_SPLINE_CURVE_WITH_KNOTS('',1,(#5149,#5150),.UNSPECIFIED.,.F.,
  .F.,(2,2),(0.,0.28),.PIECEWISE_BEZIER_KNOTS.);
#5149 = CARTESIAN_POINT('',(1.026010269277,-1.1356366806E-07,
    -4.52999821615));
#5150 = CARTESIAN_POINT('',(0.783513549787,9.4578111858E-07,
    -4.390014856298));
#5151 = B_SPLINE_SURFACE_WITH_KNOTS('',1,10,(
    (#5152,#5153,#5154,#5155,#5156,#5157,#5158,#5159,#5160,#5161,#5162)
    ,(#5163,#5164,#5165,#5166,#5167,#5168,#5169,#5170,#5171,#5172,#5173
    )),.UNSPECIFIED.,.F.,.F.,.F.,(2,2),(11,11),(0.,0.28),(0.,
    6.295904828089),.PIECEWISE_BEZIER_KNOTS.);
#5152 = CARTESIAN_POINT('',(1.026012236419,-1.2113920693E-07,
    -4.129998097154));
#5153 = CARTESIAN_POINT('',(1.026009449089,-0.644658478374,
    -4.169998261168));
#5154 = CARTESIAN_POINT('',(0.576001010367,-1.289333611283,
    -4.210001235394));
#5155 = CARTESIAN_POINT('',(-0.32479097374,-1.578799769574,
    -4.249989467486));
#5156 = CARTESIAN_POINT('',(-1.353895016297,-1.173082389071,
    -4.290007063167));
#5157 = CARTESIAN_POINT('',(-1.898786483883,-4.101713001692E-05,
    -4.329998155501));
#5158 = CARTESIAN_POINT('',(-1.353593259605,1.173143538316,
    -4.369989251974));
#5159 = CARTESIAN_POINT('',(-0.325081005265,1.578776527001,
    -4.410006844942));
#5160 = CARTESIAN_POINT('',(0.576102230633,1.28933726428,-4.449995078106
    ));
#5161 = CARTESIAN_POINT('',(1.026013051847,0.644658243672,-4.48999805215
    ));
#5162 = CARTESIAN_POINT('',(1.026010269277,-1.1356366806E-07,
    -4.52999821615));
#5163 = CARTESIAN_POINT('',(0.783514876541,1.00883016634E-06,
    -3.99001584667));
#5164 = CARTESIAN_POINT('',(0.783513681657,-0.492324833608,
    -4.030014481683));
#5165 = CARTESIAN_POINT('',(0.439847035282,-0.984346532251,
    -4.069989728688));
#5166 = CARTESIAN_POINT('',(-0.247940178574,-1.206226403737,
    -4.11008766552));
#5167 = CARTESIAN_POINT('',(-1.03409941592,-0.895278854672,
    -4.149941232823));
#5168 = CARTESIAN_POINT('',(-1.449739918352,-2.962059921274E-05,
    -4.190015350714));
#5169 = CARTESIAN_POINT('',(-1.033898314584,0.895317311238,
    -4.230089471373));
#5170 = CARTESIAN_POINT('',(-0.248139038674,1.206210057608,
    -4.269943036858));
#5171 = CARTESIAN_POINT('',(0.439912646628,0.984350182524,
    -4.310040974416));
#5172 = CARTESIAN_POINT('',(0.783514784269,0.49232678822,-4.35001622129)
  );
#5173 = CARTESIAN_POINT('',(0.783513549787,9.4578111858E-07,
    -4.390014856298));
#5174 = ADVANCED_FACE('',(#5175),#5363,.T.);
#5175 = FACE_BOUND('',#5176,.F.);
#5176 = EDGE_LOOP('',(#5177,#5259,#5260,#5357));
#5177 = ORIENTED_EDGE('',*,*,#5178,.F.);
#5178 = EDGE_CURVE('',#4813,#5179,#5181,.T.);
#5179 = VERTEX_POINT('',#5180);
#5180 = CARTESIAN_POINT('',(1.,2.7021E-11,-4.914984655811));
#5181 = B_SPLINE_CURVE_WITH_KNOTS('',6,(#5182,#5183,#5184,#5185,#5186,
    #5187,#5188,#5189,#5190,#5191,#5192,#5193,#5194,#5195,#5196,#5197,
    #5198,#5199,#5200,#5201,#5202,#5203,#5204,#5205,#5206,#5207,#5208,
    #5209,#5210,#5211,#5212,#5213,#5214,#5215,#5216,#5217,#5218,#5219,
    #5220,#5221,#5222,#5223,#5224,#5225,#5226,#5227,#5228,#5229,#5230,
    #5231,#5232,#5233,#5234,#5235,#5236,#5237,#5238,#5239,#5240,#5241,
    #5242,#5243,#5244,#5245,#5246,#5247,#5248,#5249,#5250,#5251,#5252,
    #5253,#5254,#5255,#5256,#5257,#5258),.UNSPECIFIED.,.F.,.F.,(7,5,5,5,
    5,5,5,5,5,5,5,5,5,5,5,7),(0.,5.299976921962E-02,9.899958416792E-02,
    0.152578266749,0.255577137176,0.365063600366,0.433221753126,
    0.496018579385,0.566958020772,0.634259985363,0.737953410852,
    0.849770237144,0.902291285779,0.948290683405,0.966290273428,1.),
  .UNSPECIFIED.);
#5182 = CARTESIAN_POINT('',(1.,6.198386E-11,-4.514983559903));
#5183 = CARTESIAN_POINT('',(1.000000000002,-5.549999408858E-02,
    -4.518516936038));
#5184 = CARTESIAN_POINT('',(0.996303663376,-0.111000503456,
    -4.522050102149));
#5185 = CARTESIAN_POINT('',(0.988911041755,-0.166192110732,
    -4.525583495988));
#5186 = CARTESIAN_POINT('',(0.977856559788,-0.220767851081,
    -4.52911743532));
#5187 = CARTESIAN_POINT('',(0.963208250314,-0.274426641922,
    -4.532651996712));
#5188 = CARTESIAN_POINT('',(0.929321739091,-0.372399430748,
    -4.539254919636));
#5189 = CARTESIAN_POINT('',(0.910945058216,-0.417012291703,
    -4.542323249083));
#5190 = CARTESIAN_POINT('',(0.890002852776,-0.460524743766,
    -4.545391727992));
#5191 = CARTESIAN_POINT('',(0.866579058265,-0.502753401333,
    -4.548460180421));
#5192 = CARTESIAN_POINT('',(0.840774818562,-0.543523716415,
    -4.551528424604));
#5193 = CARTESIAN_POINT('',(0.780016204291,-0.628269544551,
    -4.558169609333));
#5194 = CARTESIAN_POINT('',(0.744254161479,-0.671667192579,
    -4.561742477158));
#5195 = CARTESIAN_POINT('',(0.705607436485,-0.712605102483,
    -4.565314578551));
#5196 = CARTESIAN_POINT('',(0.664289988849,-0.750846194004,
    -4.568885866455));
#5197 = CARTESIAN_POINT('',(0.62054093202,-0.786178721745,
    -4.572456427181));
#5198 = CARTESIAN_POINT('',(0.486347033996,-0.880397816645,
    -4.582889109759));
#5199 = CARTESIAN_POINT('',(0.390037457281,-0.930959921366,
    -4.589750626486));
#5200 = CARTESIAN_POINT('',(0.28756771294,-0.968780481984,
    -4.596609806087));
#5201 = CARTESIAN_POINT('',(0.181059687305,-0.992991422178,
    -4.603470488472));
#5202 = CARTESIAN_POINT('',(7.276403482731E-02,-1.003164256666,
    -4.610334938851));
#5203 = CARTESIAN_POINT('',(-0.1496070032,-0.995370534398,
    -4.624499074536));
#5204 = CARTESIAN_POINT('',(-0.263656192883,-0.97558978616,-4.6318013863
    ));
#5205 = CARTESIAN_POINT('',(-0.374414300446,-0.940130825475,
    -4.63910464669));
#5206 = CARTESIAN_POINT('',(-0.479226381639,-0.889737709679,
    -4.646408373128));
#5207 = CARTESIAN_POINT('',(-0.575650702516,-0.825694649363,
    -4.653712445368));
#5208 = CARTESIAN_POINT('',(-0.715141458015,-0.702614429783,
    -4.665558829471));
#5209 = CARTESIAN_POINT('',(-0.76461759798,-0.650806087172,
    -4.670103542807));
#5210 = CARTESIAN_POINT('',(-0.809556360638,-0.594848382593,
    -4.67464741413));
#5211 = CARTESIAN_POINT('',(-0.849530929092,-0.535243523623,
    -4.67919070171));
#5212 = CARTESIAN_POINT('',(-0.884189809496,-0.472548954813,
    -4.683733781982));
#5213 = CARTESIAN_POINT('',(-0.940052841127,-0.347310954651,
    -4.692462154809));
#5214 = CARTESIAN_POINT('',(-0.962102114871,-0.285140877246,
    -4.696647665752));
#5215 = CARTESIAN_POINT('',(-0.979203104778,-0.221326159106,
    -4.700833191199));
#5216 = CARTESIAN_POINT('',(-0.991209903873,-0.156360348192,
    -4.705019009545));
#5217 = CARTESIAN_POINT('',(-0.9980421785,-9.075174282365E-02,
    -4.709205325684));
#5218 = CARTESIAN_POINT('',(-1.001545278433,4.924627506553E-02,
    -4.718121412374));
#5219 = CARTESIAN_POINT('',(-0.996783676448,0.123675181644,
    -4.722851520941));
#5220 = CARTESIAN_POINT('',(-0.985383680963,0.197529497455,
    -4.727581929883));
#5221 = CARTESIAN_POINT('',(-0.967437153812,0.270071900228,
    -4.73231259327));
#5222 = CARTESIAN_POINT('',(-0.943143267382,0.340586474484,
    -4.737043370686));
#5223 = CARTESIAN_POINT('',(-0.884023045316,0.472726364885,
    -4.746261369843));
#5224 = CARTESIAN_POINT('',(-0.849799057227,0.534625707142,
    -4.75074889899));
#5225 = CARTESIAN_POINT('',(-0.810392177535,0.593514039542,
    -4.755235727907));
#5226 = CARTESIAN_POINT('',(-0.766140393184,0.64885451735,-4.75972181968
    ));
#5227 = CARTESIAN_POINT('',(-0.717453388009,0.700162696701,
    -4.764207278265));
#5228 = CARTESIAN_POINT('',(-0.583688718367,0.819206088364,
    -4.775601753044));
#5229 = CARTESIAN_POINT('',(-0.493153565477,0.880836278299,
    -4.782511082435));
#5230 = CARTESIAN_POINT('',(-0.394944728358,0.930344479453,
    -4.789418315013));
#5231 = CARTESIAN_POINT('',(-0.291113445543,0.966604886081,
    -4.796326318216));
#5232 = CARTESIAN_POINT('',(-0.183893622244,0.988925500114,
    -4.803237917632));
#5233 = CARTESIAN_POINT('',(4.113495893495E-02,1.005991121019,
    -4.817605579315));
#5234 = CARTESIAN_POINT('',(0.159158187444,0.998442050362,
    -4.825064549462));
#5235 = CARTESIAN_POINT('',(0.275514505993,0.974255621444,
    -4.832524886515));
#5236 = CARTESIAN_POINT('',(0.387306917923,0.933923264753,
    -4.839986499971));
#5237 = CARTESIAN_POINT('',(0.491807199232,0.878542387111,
    -4.847447536049));
#5238 = CARTESIAN_POINT('',(0.63117767827,0.777585829626,-4.85840654572)
  );
#5239 = CARTESIAN_POINT('',(0.673590282256,0.74238086512,-4.861908335455
    ));
#5240 = CARTESIAN_POINT('',(0.713630244912,0.704412255369,
    -4.865409340994));
#5241 = CARTESIAN_POINT('',(0.75107488059,0.663882233764,-4.868909660673
    ));
#5242 = CARTESIAN_POINT('',(0.785724997028,0.621016165953,
    -4.872409513992));
#5243 = CARTESIAN_POINT('',(0.845155920628,0.536685899231,-4.87897413662
    ));
#5244 = CARTESIAN_POINT('',(0.87062836518,0.495708003943,-4.882039010575
    ));
#5245 = CARTESIAN_POINT('',(0.89370864376,0.453291176234,-4.885103858391
    ));
#5246 = CARTESIAN_POINT('',(0.914297042564,0.409610774489,
    -4.888168916948));
#5247 = CARTESIAN_POINT('',(0.932311127825,0.364850846885,
    -4.891234380019));
#5248 = CARTESIAN_POINT('',(0.953702959597,0.301340209336,
    -4.895499932073));
#5249 = CARTESIAN_POINT('',(0.959315365132,0.283341883532,
    -4.896699675752));
#5250 = CARTESIAN_POINT('',(0.964519916685,0.265218902721,
    -4.897899487857));
#5251 = CARTESIAN_POINT('',(0.969313202185,0.246982815858,
    -4.899099367697));
#5252 = CARTESIAN_POINT('',(0.97369224619,0.228645292572,-4.90029931098)
  );
#5253 = CARTESIAN_POINT('',(0.985075058104,0.175707623664,
    -4.903746673905));
#5254 = CARTESIAN_POINT('',(0.99103382239,0.140882537898,-4.905994238472
    ));
#5255 = CARTESIAN_POINT('',(0.995514083269,0.105820563849,
    -4.908241939565));
#5256 = CARTESIAN_POINT('',(0.998504677883,7.060004671814E-02,
    -4.910489675455));
#5257 = CARTESIAN_POINT('',(0.999999999999,3.529997891332E-02,
    -4.912737306634));
#5258 = CARTESIAN_POINT('',(1.,5.404588E-11,-4.914984655811));
#5259 = ORIENTED_EDGE('',*,*,#4972,.T.);
#5260 = ORIENTED_EDGE('',*,*,#5261,.T.);
#5261 = EDGE_CURVE('',#4896,#5262,#5264,.T.);
#5262 = VERTEX_POINT('',#5263);
#5263 = CARTESIAN_POINT('',(1.,3.644E-12,-4.96500223204));
#5264 = B_SPLINE_CURVE_WITH_KNOTS('',7,(#5265,#5266,#5267,#5268,#5269,
    #5270,#5271,#5272,#5273,#5274,#5275,#5276,#5277,#5278,#5279,#5280,
    #5281,#5282,#5283,#5284,#5285,#5286,#5287,#5288,#5289,#5290,#5291,
    #5292,#5293,#5294,#5295,#5296,#5297,#5298,#5299,#5300,#5301,#5302,
    #5303,#5304,#5305,#5306,#5307,#5308,#5309,#5310,#5311,#5312,#5313,
    #5314,#5315,#5316,#5317,#5318,#5319,#5320,#5321,#5322,#5323,#5324,
    #5325,#5326,#5327,#5328,#5329,#5330,#5331,#5332,#5333,#5334,#5335,
    #5336,#5337,#5338,#5339,#5340,#5341,#5342,#5343,#5344,#5345,#5346,
    #5347,#5348,#5349,#5350,#5351,#5352,#5353,#5354,#5355,#5356),
  .UNSPECIFIED.,.F.,.F.,(8,6,6,6,6,6,6,6,6,6,6,6,6,6,6,8),(0.,
    5.11101771002E-02,9.611232779497E-02,0.148038958124,0.262042863803,
    0.44262100154,0.459622019119,0.497623586429,0.598092010764,
    0.631813555306,0.737818991415,0.794104562795,0.845109964443,
    0.946680533475,0.97368172558,1.),.UNSPECIFIED.);
#5265 = CARTESIAN_POINT('',(1.,8.47367E-12,-4.565002403751));
#5266 = CARTESIAN_POINT('',(1.,-4.587267724623E-02,-4.567922732242));
#5267 = CARTESIAN_POINT('',(0.997544958353,-9.174563760427E-02,
    -4.570843373666));
#5268 = CARTESIAN_POINT('',(0.99263490542,-0.137460393941,
    -4.573764030227));
#5269 = CARTESIAN_POINT('',(0.98528260225,-0.182859350741,
    -4.576684495057));
#5270 = CARTESIAN_POINT('',(0.975513363734,-0.227786614308,
    -4.579604645892));
#5271 = CARTESIAN_POINT('',(0.963364881762,-0.272088802985,
    -4.582524438741));
#5272 = CARTESIAN_POINT('',(0.936139418127,-0.353941121955,
    -4.588014467997));
#5273 = CARTESIAN_POINT('',(0.921585787602,-0.391665867399,
    -4.590584801972));
#5274 = CARTESIAN_POINT('',(0.905260194105,-0.428687759619,
    -4.593154914384));
#5275 = CARTESIAN_POINT('',(0.887203785759,-0.464907184004,
    -4.595724882433));
#5276 = CARTESIAN_POINT('',(0.867464618242,-0.500227676365,
    -4.598294814632));
#5277 = CARTESIAN_POINT('',(0.846097451533,-0.534556353894,
    -4.600864815819));
#5278 = CARTESIAN_POINT('',(0.796700802476,-0.60616820595,
    -4.606400555337));
#5279 = CARTESIAN_POINT('',(0.76815173422,-0.643093712274,
    -4.609366375141));
#5280 = CARTESIAN_POINT('',(0.737610536414,-0.678444203694,
    -4.612332511161));
#5281 = CARTESIAN_POINT('',(0.705182173476,-0.71209127482,
    -4.615299071398));
#5282 = CARTESIAN_POINT('',(0.670981687124,-0.743915507118,
    -4.618266134871));
#5283 = CARTESIAN_POINT('',(0.635133503787,-0.773807199762,
    -4.621233714202));
#5284 = CARTESIAN_POINT('',(0.515741526135,-0.862832969971,
    -4.630717913199));
#5285 = CARTESIAN_POINT('',(0.42639537483,-0.914217569804,-4.63723742215
    ));
#5286 = CARTESIAN_POINT('',(0.331159177605,-0.954747754263,
    -4.643757813231));
#5287 = CARTESIAN_POINT('',(0.23162502432,-0.98364578392,-4.650277672003
    ));
#5288 = CARTESIAN_POINT('',(0.129493346212,-1.000418509639,
    -4.656796496311));
#5289 = CARTESIAN_POINT('',(2.652403772003E-02,-1.004871121905,
    -4.663313884028));
#5290 = CARTESIAN_POINT('',(-0.237113927478,-0.98490830018,
    -4.680146163636));
#5291 = CARTESIAN_POINT('',(-0.396593523643,-0.942099505576,
    -4.690470778189));
#5292 = CARTESIAN_POINT('',(-0.546659244643,-0.869144222804,
    -4.700780456215));
#5293 = CARTESIAN_POINT('',(-0.680594307997,-0.768791599184,
    -4.711088676886));
#5294 = CARTESIAN_POINT('',(-0.792766951821,-0.645259394236,
    -4.72140714067));
#5295 = CARTESIAN_POINT('',(-0.87864990147,-0.504223792351,
    -4.73173871148));
#5296 = CARTESIAN_POINT('',(-0.941169311345,-0.338279699471,
    -4.743030871486));
#5297 = CARTESIAN_POINT('',(-0.94629469809,-0.323905021557,
    -4.744002529111));
#5298 = CARTESIAN_POINT('',(-0.951163841434,-0.309440029784,
    -4.744974189901));
#5299 = CARTESIAN_POINT('',(-0.955774842525,-0.294890207257,
    -4.745945851607));
#5300 = CARTESIAN_POINT('',(-0.960125950192,-0.280261083661,
    -4.746917512036));
#5301 = CARTESIAN_POINT('',(-0.964215560945,-0.265558235264,
    -4.747889169056));
#5302 = CARTESIAN_POINT('',(-0.976595765972,-0.217770480997,
    -4.751032707132));
#5303 = CARTESIAN_POINT('',(-0.98383554231,-0.184413224549,
    -4.753204568729));
#5304 = CARTESIAN_POINT('',(-0.989745245271,-0.150778610932,
    -4.755376380617));
#5305 = CARTESIAN_POINT('',(-0.994312400581,-0.116930249619,
    -4.757548122906));
#5306 = CARTESIAN_POINT('',(-0.997528362421,-8.293226419571E-02,
    -4.75971978058));
#5307 = CARTESIAN_POINT('',(-0.999388313421,-4.884929235956E-02,
    -4.761891343497));
#5308 = CARTESIAN_POINT('',(-1.001220965583,7.541440666107E-02,
    -4.769803713168));
#5309 = CARTESIAN_POINT('',(-0.993065918332,0.165725087648,
    -4.77554455594));
#5310 = CARTESIAN_POINT('',(-0.975404749471,0.254970477497,-4.7812841757
    ));
#5311 = CARTESIAN_POINT('',(-0.948415280686,0.341954947641,
    -4.787023001823));
#5312 = CARTESIAN_POINT('',(-0.912455273299,0.42552425638,
    -4.792762147335));
#5313 = CARTESIAN_POINT('',(-0.868054665888,0.504591316692,
    -4.798502354415));
#5314 = CARTESIAN_POINT('',(-0.798420425141,0.602860570449,
    -4.806169528386));
#5315 = CARTESIAN_POINT('',(-0.780049460003,0.626937576146,
    -4.808096364172));
#5316 = CARTESIAN_POINT('',(-0.760832725753,0.65035968679,
    -4.810023307873));
#5317 = CARTESIAN_POINT('',(-0.740798339184,0.673091363706,
    -4.811950365841));
#5318 = CARTESIAN_POINT('',(-0.719976217767,0.695098655826,
    -4.813877540383));
#5319 = CARTESIAN_POINT('',(-0.698398079647,0.716349199684,
    -4.815804829763));
#5320 = CARTESIAN_POINT('',(-0.605994229925,0.801138790483,
    -4.823791105817));
#5321 = CARTESIAN_POINT('',(-0.528741037812,0.857692588916,
    -4.829851873162));
#5322 = CARTESIAN_POINT('',(-0.445389052596,0.905502524542,
    -4.835912955372));
#5323 = CARTESIAN_POINT('',(-0.357135574306,0.943800866111,
    -4.84197389337));
#5324 = CARTESIAN_POINT('',(-0.265284505854,0.972022150804,
    -4.848034476519));
#5325 = CARTESIAN_POINT('',(-0.171213802811,0.989817035175,
    -4.854094054564));
#5326 = CARTESIAN_POINT('',(-2.598011110972E-02,1.00093807214,
    -4.863367092778));
#5327 = CARTESIAN_POINT('',(2.461751459147E-02,1.001826436832,
    -4.866582686472));
#5328 = CARTESIAN_POINT('',(7.523216029105E-02,0.999730036139,
    -4.869797712919));
#5329 = CARTESIAN_POINT('',(0.125652652303,0.994651430459,
    -4.873012199657));
#5330 = CARTESIAN_POINT('',(0.175668934761,0.986611746371,
    -4.876226247247));
#5331 = CARTESIAN_POINT('',(0.225073529129,0.97565053696,-4.879439977738
    ));
#5332 = CARTESIAN_POINT('',(0.317694263094,0.949297665685,
    -4.885565528437));
#5333 = CARTESIAN_POINT('',(0.361056905168,0.934417887131,
    -4.888477436967));
#5334 = CARTESIAN_POINT('',(0.403599645549,0.917229309761,
    -4.891389279947));
#5335 = CARTESIAN_POINT('',(0.445175269517,0.897786885601,
    -4.894301191351));
#5336 = CARTESIAN_POINT('',(0.485641449286,0.876157139768,
    -4.897213321022));
#5337 = CARTESIAN_POINT('',(0.524861571281,0.85241779482,-4.900125787789
    ));
#5338 = CARTESIAN_POINT('',(0.63806691126,0.775358937075,-4.908839181032
    ));
#5339 = CARTESIAN_POINT('',(0.707980925829,0.71603926371,-4.914641968054
    ));
#5340 = CARTESIAN_POINT('',(0.771406208661,0.649402675325,
    -4.920446445681));
#5341 = CARTESIAN_POINT('',(0.827438318128,0.576312932354,-4.92625290574
    ));
#5342 = CARTESIAN_POINT('',(0.875317636769,0.497761930787,
    -4.932060839403));
#5343 = CARTESIAN_POINT('',(0.914446505687,0.414846582121,
    -4.937868614973));
#5344 = CARTESIAN_POINT('',(0.952382520192,0.305867296635,
    -4.945217884699));
#5345 = CARTESIAN_POINT('',(0.959702360791,0.282755420656,
    -4.946761207513));
#5346 = CARTESIAN_POINT('',(0.966367492672,0.259440269882,
    -4.948304428491));
#5347 = CARTESIAN_POINT('',(0.9723712126,0.235944090285,-4.949847541466)
  );
#5348 = CARTESIAN_POINT('',(0.977707769246,0.21228937383,-4.951390547961
    ));
#5349 = CARTESIAN_POINT('',(0.982372363185,0.188498858474,
    -4.952933457191));
#5350 = CARTESIAN_POINT('',(0.990249045769,0.141296764016,
    -4.955980093502));
#5351 = CARTESIAN_POINT('',(0.993494899769,0.117890756522,
    -4.957483825623));
#5352 = CARTESIAN_POINT('',(0.99609514949,9.439879183754E-02,
    -4.958987500125));
#5353 = CARTESIAN_POINT('',(0.998047123596,7.084223942386E-02,
    -4.960491142027));
#5354 = CARTESIAN_POINT('',(0.999349038828,4.724255204776E-02,
    -4.961994783661));
#5355 = CARTESIAN_POINT('',(1.,2.36212657824E-02,-4.963498464676));
#5356 = CARTESIAN_POINT('',(1.,7.25553E-12,-4.96500223204));
#5357 = ORIENTED_EDGE('',*,*,#5358,.F.);
#5358 = EDGE_CURVE('',#5179,#5262,#5359,.T.);
#5359 = LINE('',#5360,#5361);
#5360 = CARTESIAN_POINT('',(1.,0.,-1.E-01));
#5361 = VECTOR('',#5362,1.);
#5362 = DIRECTION('',(0.,0.,-1.));
#5363 = CYLINDRICAL_SURFACE('',#5364,1.);
#5364 = AXIS2_PLACEMENT_3D('',#5365,#5366,#5367);
#5365 = CARTESIAN_POINT('',(0.,0.,-1.E-01));
#5366 = DIRECTION('',(-0.,-0.,-1.));
#5367 = DIRECTION('',(1.,0.,0.));
#5368 = ADVANCED_FACE('',(#5369),#5394,.T.);
#5369 = FACE_BOUND('',#5370,.T.);
#5370 = EDGE_LOOP('',(#5371,#5387,#5388,#5389));
#5371 = ORIENTED_EDGE('',*,*,#5372,.F.);
#5372 = EDGE_CURVE('',#4987,#5373,#5375,.T.);
#5373 = VERTEX_POINT('',#5374);
#5374 = CARTESIAN_POINT('',(0.783505818369,8.82744773E-07,
    -4.690013866123));
#5375 = ( BOUNDED_CURVE() B_SPLINE_CURVE(10,(#5376,#5377,#5378,#5379,
    #5380,#5381,#5382,#5383,#5384,#5385,#5386),.UNSPECIFIED.,.F.,.F.) 
B_SPLINE_CURVE_WITH_KNOTS((11,11),(0.,6.295904828089),
.PIECEWISE_BEZIER_KNOTS.) CURVE() GEOMETRIC_REPRESENTATION_ITEM() 
RATIONAL_B_SPLINE_CURVE((1.056590953773,1.056590953773,1.056590953773,
    1.056590953773,1.056590953773,1.056590953773,1.056590953773,
    1.056590953773,1.056590953773,1.056590953773,1.056590953773)) 
REPRESENTATION_ITEM('') );
#5376 = CARTESIAN_POINT('',(0.783506687642,9.457961796E-07,
    -4.290014856533));
#5377 = CARTESIAN_POINT('',(0.783506083688,-0.492319896206,
    -4.330013491492));
#5378 = CARTESIAN_POINT('',(0.439854221699,-0.984336996302,
    -4.369988737571));
#5379 = CARTESIAN_POINT('',(-0.247971518243,-1.206211442531,
    -4.41008667812));
#5380 = CARTESIAN_POINT('',(-1.034053935022,-0.895276726547,
    -4.449940239734));
#5381 = CARTESIAN_POINT('',(-1.44972517804,-1.991434350312E-05,
    -4.490014360824));
#5382 = CARTESIAN_POINT('',(-1.033922803697,0.895301200375,
    -4.530088483727));
#5383 = CARTESIAN_POINT('',(-0.248102650635,1.206200559005,
    -4.569942044149));
#5384 = CARTESIAN_POINT('',(0.439896520316,0.984339695586,
    -4.610039985176));
#5385 = CARTESIAN_POINT('',(0.783506461923,0.492321724747,
    -4.650015231166));
#5386 = CARTESIAN_POINT('',(0.783505818369,8.8274479021E-07,
    -4.690013866123));
#5387 = ORIENTED_EDGE('',*,*,#5004,.T.);
#5388 = ORIENTED_EDGE('',*,*,#4895,.T.);
#5389 = ORIENTED_EDGE('',*,*,#5390,.F.);
#5390 = EDGE_CURVE('',#5373,#4896,#5391,.T.);
#5391 = B_SPLINE_CURVE_WITH_KNOTS('',1,(#5392,#5393),.UNSPECIFIED.,.F.,
  .F.,(2,2),(0.,0.28),.PIECEWISE_BEZIER_KNOTS.);
#5392 = CARTESIAN_POINT('',(0.783505818369,8.8274478865E-07,
    -4.690013866123));
#5393 = CARTESIAN_POINT('',(1.025983964394,-1.0593887865E-07,
    -4.549998335916));
#5394 = B_SPLINE_SURFACE_WITH_KNOTS('',1,10,(
    (#5395,#5396,#5397,#5398,#5399,#5400,#5401,#5402,#5403,#5404,#5405)
    ,(#5406,#5407,#5408,#5409,#5410,#5411,#5412,#5413,#5414,#5415,#5416
    )),.UNSPECIFIED.,.F.,.F.,.F.,(2,2),(11,11),(0.,0.28),(0.,
    6.295904828089),.PIECEWISE_BEZIER_KNOTS.);
#5395 = CARTESIAN_POINT('',(0.783506687642,9.4579617898E-07,
    -4.290014856533));
#5396 = CARTESIAN_POINT('',(0.783506083688,-0.492319896206,
    -4.330013491492));
#5397 = CARTESIAN_POINT('',(0.4398542217,-0.984336996302,-4.36998873757)
  );
#5398 = CARTESIAN_POINT('',(-0.247971518243,-1.206211442531,
    -4.410086678121));
#5399 = CARTESIAN_POINT('',(-1.034053935021,-0.895276726547,
    -4.449940239732));
#5400 = CARTESIAN_POINT('',(-1.449725178041,-1.991434347848E-05,
    -4.490014360826));
#5401 = CARTESIAN_POINT('',(-1.033922803696,0.895301200374,
    -4.530088483726));
#5402 = CARTESIAN_POINT('',(-0.248102650635,1.206200559005,
    -4.56994204415));
#5403 = CARTESIAN_POINT('',(0.439896520316,0.984339695586,
    -4.610039985176));
#5404 = CARTESIAN_POINT('',(0.783506461923,0.492321724748,
    -4.650015231166));
#5405 = CARTESIAN_POINT('',(0.783505818369,8.8274478865E-07,
    -4.690013866123));
#5406 = CARTESIAN_POINT('',(1.025984193125,-1.135064883E-07,
    -4.149998217045));
#5407 = CARTESIAN_POINT('',(1.025983806572,-0.644641400441,
    -4.189998380881));
#5408 = CARTESIAN_POINT('',(0.576030355606,-1.289301102667,
    -4.23000135192));
#5409 = CARTESIAN_POINT('',(-0.324910658359,-1.578747719107,
    -4.269989596777));
#5410 = CARTESIAN_POINT('',(-1.353725961,-1.173078150141,-4.310007172882
    ));
#5411 = CARTESIAN_POINT('',(-1.898736163967,-4.59138025199E-06,
    -4.349998276344));
#5412 = CARTESIAN_POINT('',(-1.353690653932,1.173085513676,
    -4.389989380296));
#5413 = CARTESIAN_POINT('',(-0.32494408671,1.578745077494,-4.43000695608
    ));
#5414 = CARTESIAN_POINT('',(0.57604236672,1.289301419519,-4.469995201064
    ));
#5415 = CARTESIAN_POINT('',(1.025984346194,0.644641180996,
    -4.509998172081));
#5416 = CARTESIAN_POINT('',(1.025983964394,-1.0593887865E-07,
    -4.549998335916));
#5417 = ADVANCED_FACE('',(#5418),#5448,.T.);
#5418 = FACE_BOUND('',#5419,.T.);
#5419 = EDGE_LOOP('',(#5420,#5436,#5437,#5438));
#5420 = ORIENTED_EDGE('',*,*,#5421,.F.);
#5421 = EDGE_CURVE('',#5036,#5422,#5424,.T.);
#5422 = VERTEX_POINT('',#5423);
#5423 = CARTESIAN_POINT('',(0.783512223037,8.82731675E-07,
    -4.790013865918));
#5424 = B_SPLINE_CURVE_WITH_KNOTS('',10,(#5425,#5426,#5427,#5428,#5429,
    #5430,#5431,#5432,#5433,#5434,#5435),.UNSPECIFIED.,.F.,.F.,(11,11),(
    0.,6.295904828089),.PIECEWISE_BEZIER_KNOTS.);
#5425 = CARTESIAN_POINT('',(0.783513549787,9.4578113719E-07,
    -4.390014856298));
#5426 = CARTESIAN_POINT('',(0.783512315301,-0.492324063215,-4.4300134913
    ));
#5427 = CARTESIAN_POINT('',(0.439846211081,-0.984344899011,
    -4.469988738158));
#5428 = CARTESIAN_POINT('',(-0.247939855064,-1.206224345316,
    -4.510086675583));
#5429 = CARTESIAN_POINT('',(-1.034097738408,-0.895277251613,
    -4.549940241997));
#5430 = CARTESIAN_POINT('',(-1.449737461525,-2.950376742272E-05,
    -4.590014360337));
#5431 = CARTESIAN_POINT('',(-1.03389649331,0.895315874331,
    -4.630088481449));
#5432 = CARTESIAN_POINT('',(-0.248138520751,1.206208039214,
    -4.669942046043));
#5433 = CARTESIAN_POINT('',(0.43991198078,0.984348478468,-4.710039984194
    ));
#5434 = CARTESIAN_POINT('',(0.783513497122,0.492325891728,
    -4.750015230921));
#5435 = CARTESIAN_POINT('',(0.783512223037,8.8273169153E-07,
    -4.790013865918));
#5436 = ORIENTED_EDGE('',*,*,#5053,.T.);
#5437 = ORIENTED_EDGE('',*,*,#5372,.T.);
#5438 = ORIENTED_EDGE('',*,*,#5439,.F.);
#5439 = EDGE_CURVE('',#5422,#5373,#5440,.T.);
#5440 = ( BOUNDED_CURVE() B_SPLINE_CURVE(6,(#5441,#5442,#5443,#5444,
#5445,#5446,#5447),.UNSPECIFIED.,.F.,.F.) B_SPLINE_CURVE_WITH_KNOTS((7,7
),(0.,2.094395102393),.PIECEWISE_BEZIER_KNOTS.) CURVE() 
GEOMETRIC_REPRESENTATION_ITEM() RATIONAL_B_SPLINE_CURVE((1.056590953773,
    1.017435169568,0.996326512422,0.989390034249,0.996326512422,
1.017435169568,1.056590953773)) REPRESENTATION_ITEM('') );
#5441 = CARTESIAN_POINT('',(0.783512223037,8.8273169166E-07,
    -4.790013865918));
#5442 = CARTESIAN_POINT('',(0.765387033987,9.5663285735E-07,
    -4.779550830895));
#5443 = CARTESIAN_POINT('',(0.752613499436,1.00871257538E-06,
    -4.761840658455));
#5444 = CARTESIAN_POINT('',(0.747995625098,1.02753837114E-06,
    -4.740016140536));
#5445 = CARTESIAN_POINT('',(0.752610703822,1.00871829287E-06,
    -4.718191031276));
#5446 = CARTESIAN_POINT('',(0.765381969713,9.5664321517E-07,
    -4.700479222777));
#5447 = CARTESIAN_POINT('',(0.783505818369,8.8274479021E-07,
    -4.690013866123));
#5448 = ( BOUNDED_SURFACE() B_SPLINE_SURFACE(6,10,(
    (#5449,#5450,#5451,#5452,#5453,#5454,#5455,#5456,#5457,#5458,#5459)
    ,(#5460,#5461,#5462,#5463,#5464,#5465,#5466,#5467,#5468,#5469,#5470)
    ,(#5471,#5472,#5473,#5474,#5475,#5476,#5477,#5478,#5479,#5480,#5481)
    ,(#5482,#5483,#5484,#5485,#5486,#5487,#5488,#5489,#5490,#5491,#5492)
    ,(#5493,#5494,#5495,#5496,#5497,#5498,#5499,#5500,#5501,#5502,#5503)
    ,(#5504,#5505,#5506,#5507,#5508,#5509,#5510,#5511,#5512,#5513,#5514)
    ,(#5515,#5516,#5517,#5518,#5519,#5520,#5521,#5522,#5523,#5524,#5525
)),.UNSPECIFIED.,.F.,.F.,.F.) B_SPLINE_SURFACE_WITH_KNOTS((7,7),(11,11),
  (0.,2.094395102393),(0.,6.295904828089),.PIECEWISE_BEZIER_KNOTS.) 
GEOMETRIC_REPRESENTATION_ITEM() RATIONAL_B_SPLINE_SURFACE((
    (1.056590953773,1.056590953773,1.056590953773,1.056590953773
      ,1.056590953773,1.056590953773,1.056590953773,1.056590953773
      ,1.056590953773,1.056590953773,1.056590953773)
    ,(1.017435169568,1.017435169568,1.017435169568,1.017435169568
      ,1.017435169568,1.017435169568,1.017435169568,1.017435169568
      ,1.017435169568,1.017435169568,1.017435169568)
    ,(0.996326512422,0.996326512422,0.996326512422,0.996326512422
      ,0.996326512422,0.996326512422,0.996326512422,0.996326512422
      ,0.996326512422,0.996326512422,0.996326512422)
    ,(0.989390034249,0.989390034249,0.989390034249,0.989390034249
      ,0.989390034248,0.989390034249,0.989390034248,0.989390034249
      ,0.989390034249,0.989390034249,0.989390034249)
    ,(0.996326512422,0.996326512422,0.996326512422,0.996326512422
      ,0.996326512422,0.996326512422,0.996326512422,0.996326512422
      ,0.996326512422,0.996326512422,0.996326512422)
    ,(1.017435169568,1.017435169568,1.017435169568,1.017435169568
      ,1.017435169568,1.017435169569,1.017435169568,1.017435169568
      ,1.017435169568,1.017435169568,1.017435169568)
    ,(1.056590953773,1.056590953773,1.056590953773,1.056590953773
      ,1.056590953773,1.056590953773,1.056590953773,1.056590953773
      ,1.056590953773,1.056590953773,1.056590953773
))) REPRESENTATION_ITEM('') SURFACE() );
#5449 = CARTESIAN_POINT('',(0.783513549787,9.4578113802E-07,
    -4.390014856298));
#5450 = CARTESIAN_POINT('',(0.783512315301,-0.492324063215,-4.4300134913
    ));
#5451 = CARTESIAN_POINT('',(0.439846211081,-0.984344899011,
    -4.469988738159));
#5452 = CARTESIAN_POINT('',(-0.247939855065,-1.206224345316,
    -4.510086675582));
#5453 = CARTESIAN_POINT('',(-1.034097738409,-0.895277251613,
    -4.549940241998));
#5454 = CARTESIAN_POINT('',(-1.449737461524,-2.95037676242E-05,
    -4.590014360336));
#5455 = CARTESIAN_POINT('',(-1.03389649331,0.895315874332,-4.63008848145
    ));
#5456 = CARTESIAN_POINT('',(-0.248138520751,1.206208039214,
    -4.669942046042));
#5457 = CARTESIAN_POINT('',(0.43991198078,0.984348478469,-4.710039984194
    ));
#5458 = CARTESIAN_POINT('',(0.783513497122,0.492325891728,
    -4.750015230921));
#5459 = CARTESIAN_POINT('',(0.783512223037,8.8273169166E-07,
    -4.790013865918));
#5460 = CARTESIAN_POINT('',(0.765388312872,1.02496107604E-06,
    -4.379551904193));
#5461 = CARTESIAN_POINT('',(0.765387194097,-0.480938033598,
    -4.419550424912));
#5462 = CARTESIAN_POINT('',(0.429669503741,-0.96154892982,
    -4.459523599325));
#5463 = CARTESIAN_POINT('',(-0.242195722862,-1.178376698091,
    -4.499629736526));
#5464 = CARTESIAN_POINT('',(-1.010194923273,-0.874513080963,
    -4.539471042796));
#5465 = CARTESIAN_POINT('',(-1.416173898645,-2.864215883508E-05,
    -4.5795513668));
#5466 = CARTESIAN_POINT('',(-1.010001189547,0.874550021442,
    -4.619631693479));
#5467 = CARTESIAN_POINT('',(-0.242387557732,1.178360910812,
    -4.659472997992));
#5468 = CARTESIAN_POINT('',(0.429732625137,0.961552503145,
    -4.699579135895));
#5469 = CARTESIAN_POINT('',(0.765388195677,0.480940015192,
    -4.739552310181));
#5470 = CARTESIAN_POINT('',(0.765387033987,9.5663285735E-07,
    -4.779550830895));
#5471 = CARTESIAN_POINT('',(0.7526146973,1.08076095831E-06,
    -4.36184179019));
#5472 = CARTESIAN_POINT('',(0.752613725244,-0.472913835258,
    -4.401840230368));
#5473 = CARTESIAN_POINT('',(0.422498777047,-0.945483728307,
    -4.441811944243));
#5474 = CARTESIAN_POINT('',(-0.238151089459,-1.158751047784,
    -4.481923860173));
#5475 = CARTESIAN_POINT('',(-0.993346013263,-0.859880456303,
    -4.521756526187));
#5476 = CARTESIAN_POINT('',(-1.392520290261,-2.704373702628E-05,
    -4.561841223627));
#5477 = CARTESIAN_POINT('',(-0.993164820373,0.859914748755,
    -4.601925923569));
#5478 = CARTESIAN_POINT('',(-0.238331129823,1.158736186644,
    -4.641758587938));
#5479 = CARTESIAN_POINT('',(0.422557606007,0.945487206328,
    -4.681870504526));
#5480 = CARTESIAN_POINT('',(0.752614516743,0.472915924732,
    -4.721842218281));
#5481 = CARTESIAN_POINT('',(0.752613499436,1.00871257538E-06,
    -4.761840658455));
#5482 = CARTESIAN_POINT('',(0.74799672312,1.1009316766E-06,
    -4.340017293396));
#5483 = CARTESIAN_POINT('',(0.747995901343,-0.470012913631,
    -4.380015704457));
#5484 = CARTESIAN_POINT('',(0.419908213756,-0.939675877611,
    -4.419986890313));
#5485 = CARTESIAN_POINT('',(-0.236694074282,-1.151655531668,
    -4.460100895398));
#5486 = CARTESIAN_POINT('',(-0.98724936065,-0.854591536326,
    -4.499930437723));
#5487 = CARTESIAN_POINT('',(-1.383968998125,-2.498699299877E-05,
    -4.540016716329));
#5488 = CARTESIAN_POINT('',(-0.987083514414,0.854622689442,
    -4.580102997226));
#5489 = CARTESIAN_POINT('',(-0.236859435742,1.151641841614,
    -4.619932538045));
#5490 = CARTESIAN_POINT('',(0.41996187123,0.939679185433,-4.660046543734
    ));
#5491 = CARTESIAN_POINT('',(0.747996492971,0.470015042101,
    -4.700017729478));
#5492 = CARTESIAN_POINT('',(0.747995625098,1.02753837114E-06,
    -4.740016140536));
#5493 = CARTESIAN_POINT('',(0.752611701999,1.08076752489E-06,
    -4.318192163024));
#5494 = CARTESIAN_POINT('',(0.752611005168,-0.472912016374,
    -4.358190603183));
#5495 = CARTESIAN_POINT('',(0.422502273652,-0.945480278804,
    -4.398162316718));
#5496 = CARTESIAN_POINT('',(-0.238164910319,-1.158745415767,
    -4.438274234013));
#5497 = CARTESIAN_POINT('',(-0.993326893248,-0.859880227113,
    -4.47810689793));
#5498 = CARTESIAN_POINT('',(-1.392514928567,-2.285798934784E-05,
    -4.518191596571));
#5499 = CARTESIAN_POINT('',(-0.993176304758,0.859908343627,
    -4.558276297294));
#5500 = CARTESIAN_POINT('',(-0.238315472651,1.158732921561,
    -4.598108959843));
#5501 = CARTESIAN_POINT('',(0.422550857572,0.945483372633,
    -4.638220877686));
#5502 = CARTESIAN_POINT('',(0.752611445905,0.47291410586,-4.678192591119
    ));
#5503 = CARTESIAN_POINT('',(0.752610703822,1.00871829287E-06,
    -4.718191031276));
#5504 = CARTESIAN_POINT('',(0.765382886863,1.02497296986E-06,
    -4.300480296099));
#5505 = CARTESIAN_POINT('',(0.76538226666,-0.480934738678,
    -4.340478816784));
#5506 = CARTESIAN_POINT('',(0.429675837866,-0.961542681021,
    -4.380451990581));
#5507 = CARTESIAN_POINT('',(-0.242220759446,-1.178366495652,
    -4.420558130253));
#5508 = CARTESIAN_POINT('',(-1.01016028723,-0.874512665785,
    -4.460399432726));
#5509 = CARTESIAN_POINT('',(-1.416164185897,-2.10596470544E-05,
    -4.500479758906));
#5510 = CARTESIAN_POINT('',(-1.010021993592,0.874538418509,-4.540560087)
  );
#5511 = CARTESIAN_POINT('',(-0.242359194654,1.17835499609,
    -4.580401388215));
#5512 = CARTESIAN_POINT('',(0.429720400299,0.961545558379,
    -4.620507528392));
#5513 = CARTESIAN_POINT('',(0.765382632833,0.480936720294,
    -4.660480702095));
#5514 = CARTESIAN_POINT('',(0.765381969713,9.5664321517E-07,
    -4.700479222777));
#5515 = CARTESIAN_POINT('',(0.783506687642,9.457961796E-07,
    -4.290014856533));
#5516 = CARTESIAN_POINT('',(0.783506083688,-0.492319896206,
    -4.330013491492));
#5517 = CARTESIAN_POINT('',(0.439854221699,-0.984336996302,
    -4.369988737571));
#5518 = CARTESIAN_POINT('',(-0.247971518243,-1.206211442531,
    -4.41008667812));
#5519 = CARTESIAN_POINT('',(-1.034053935022,-0.895276726547,
    -4.449940239734));
#5520 = CARTESIAN_POINT('',(-1.44972517804,-1.991434350312E-05,
    -4.490014360824));
#5521 = CARTESIAN_POINT('',(-1.033922803697,0.895301200375,
    -4.530088483727));
#5522 = CARTESIAN_POINT('',(-0.248102650635,1.206200559005,
    -4.569942044149));
#5523 = CARTESIAN_POINT('',(0.439896520316,0.984339695586,
    -4.610039985176));
#5524 = CARTESIAN_POINT('',(0.783506461923,0.492321724747,
    -4.650015231166));
#5525 = CARTESIAN_POINT('',(0.783505818369,8.8274479021E-07,
    -4.690013866123));
#5526 = ADVANCED_FACE('',(#5527),#5537,.T.);
#5527 = FACE_BOUND('',#5528,.T.);
#5528 = EDGE_LOOP('',(#5529,#5530,#5531,#5532));
#5529 = ORIENTED_EDGE('',*,*,#5178,.F.);
#5530 = ORIENTED_EDGE('',*,*,#5147,.T.);
#5531 = ORIENTED_EDGE('',*,*,#5421,.T.);
#5532 = ORIENTED_EDGE('',*,*,#5533,.F.);
#5533 = EDGE_CURVE('',#5179,#5422,#5534,.T.);
#5534 = B_SPLINE_CURVE_WITH_KNOTS('',1,(#5535,#5536),.UNSPECIFIED.,.F.,
  .F.,(2,2),(0.,0.28),.PIECEWISE_BEZIER_KNOTS.);
#5535 = CARTESIAN_POINT('',(1.026008302132,-1.0598865054E-07,
    -4.929998335137));
#5536 = CARTESIAN_POINT('',(0.783512223037,8.8273169153E-07,
    -4.790013865918));
#5537 = B_SPLINE_SURFACE_WITH_KNOTS('',1,10,(
    (#5538,#5539,#5540,#5541,#5542,#5543,#5544,#5545,#5546,#5547,#5548)
    ,(#5549,#5550,#5551,#5552,#5553,#5554,#5555,#5556,#5557,#5558,#5559
    )),.UNSPECIFIED.,.F.,.F.,.F.,(2,2),(11,11),(0.,0.28),(0.,
    6.295904828089),.PIECEWISE_BEZIER_KNOTS.);
#5538 = CARTESIAN_POINT('',(1.026010269277,-1.1356364939E-07,
    -4.52999821615));
#5539 = CARTESIAN_POINT('',(1.026007486702,-0.644657235072,
    -4.569998380151));
#5540 = CARTESIAN_POINT('',(0.575999915256,-1.289331132962,
    -4.610001354153));
#5541 = CARTESIAN_POINT('',(-0.324790338281,-1.578796749689,
    -4.649989587133));
#5542 = CARTESIAN_POINT('',(-1.353892413871,-1.173080145391,
    -4.690007181485));
#5543 = CARTESIAN_POINT('',(-1.898782841205,-4.103119116516E-05,
    -4.729998274492));
#5544 = CARTESIAN_POINT('',(-1.353590674462,1.173141274712,
    -4.769989371638));
#5545 = CARTESIAN_POINT('',(-0.325080393152,1.578773502288,
    -4.810006963277));
#5546 = CARTESIAN_POINT('',(0.576101116485,1.289334794472,-4.84999519733
    ));
#5547 = CARTESIAN_POINT('',(1.026011079948,0.644657015521,
    -4.889998171149));
#5548 = CARTESIAN_POINT('',(1.026008302132,-1.0598865054E-07,
    -4.929998335137));
#5549 = CARTESIAN_POINT('',(0.783513549787,9.4578113719E-07,
    -4.390014856298));
#5550 = CARTESIAN_POINT('',(0.783512315301,-0.492324063215,-4.4300134913
    ));
#5551 = CARTESIAN_POINT('',(0.439846211081,-0.984344899011,
    -4.469988738158));
#5552 = CARTESIAN_POINT('',(-0.247939855064,-1.206224345316,
    -4.510086675583));
#5553 = CARTESIAN_POINT('',(-1.034097738408,-0.895277251613,
    -4.549940241997));
#5554 = CARTESIAN_POINT('',(-1.449737461525,-2.950376742272E-05,
    -4.590014360337));
#5555 = CARTESIAN_POINT('',(-1.03389649331,0.895315874331,
    -4.630088481449));
#5556 = CARTESIAN_POINT('',(-0.248138520751,1.206208039214,
    -4.669942046043));
#5557 = CARTESIAN_POINT('',(0.43991198078,0.984348478468,-4.710039984194
    ));
#5558 = CARTESIAN_POINT('',(0.783513497122,0.492325891728,
    -4.750015230921));
#5559 = CARTESIAN_POINT('',(0.783512223037,8.8273169153E-07,
    -4.790013865918));
#5560 = ADVANCED_FACE('',(#5561),#5724,.T.);
#5561 = FACE_BOUND('',#5562,.F.);
#5562 = EDGE_LOOP('',(#5563,#5640,#5641,#5718));
#5563 = ORIENTED_EDGE('',*,*,#5564,.F.);
#5564 = EDGE_CURVE('',#5179,#5565,#5567,.T.);
#5565 = VERTEX_POINT('',#5566);
#5566 = CARTESIAN_POINT('',(1.,2.3258E-11,-5.31498575173));
#5567 = B_SPLINE_CURVE_WITH_KNOTS('',6,(#5568,#5569,#5570,#5571,#5572,
    #5573,#5574,#5575,#5576,#5577,#5578,#5579,#5580,#5581,#5582,#5583,
    #5584,#5585,#5586,#5587,#5588,#5589,#5590,#5591,#5592,#5593,#5594,
    #5595,#5596,#5597,#5598,#5599,#5600,#5601,#5602,#5603,#5604,#5605,
    #5606,#5607,#5608,#5609,#5610,#5611,#5612,#5613,#5614,#5615,#5616,
    #5617,#5618,#5619,#5620,#5621,#5622,#5623,#5624,#5625,#5626,#5627,
    #5628,#5629,#5630,#5631,#5632,#5633,#5634,#5635,#5636,#5637,#5638,
    #5639),.UNSPECIFIED.,.F.,.F.,(7,5,5,5,5,5,5,5,5,5,5,5,5,5,7),(0.,
    5.29997745897E-02,9.899959419874E-02,0.152578296685,0.255577177545,
    0.365063684833,0.433222052568,0.496019063058,0.566958725835,
    0.634262998769,0.737958973366,0.849778740735,0.902118596636,
    0.949117971833,1.),.UNSPECIFIED.);
#5568 = CARTESIAN_POINT('',(1.,5.402567E-11,-4.914984655811));
#5569 = CARTESIAN_POINT('',(1.000000000001,-5.54999940971E-02,
    -4.918518031947));
#5570 = CARTESIAN_POINT('',(0.996303663375,-0.11100050346,
    -4.922051198057));
#5571 = CARTESIAN_POINT('',(0.988911041754,-0.166192110739,
    -4.925584591897));
#5572 = CARTESIAN_POINT('',(0.977856559787,-0.220767851092,
    -4.929118531237));
#5573 = CARTESIAN_POINT('',(0.963208250311,-0.27442664193,
    -4.932653092641));
#5574 = CARTESIAN_POINT('',(0.929321739088,-0.372399430756,
    -4.939256015597));
#5575 = CARTESIAN_POINT('',(0.910945058213,-0.41701229171,
    -4.942324345061));
#5576 = CARTESIAN_POINT('',(0.890002852772,-0.460524743773,
    -4.945392823988));
#5577 = CARTESIAN_POINT('',(0.866579058261,-0.50275340134,
    -4.948461276437));
#5578 = CARTESIAN_POINT('',(0.840774818558,-0.543523716421,
    -4.951529520637));
#5579 = CARTESIAN_POINT('',(0.780016195454,-0.628269556876,
    -4.958170706359));
#5580 = CARTESIAN_POINT('',(0.744254142149,-0.671667216036,
    -4.96174357516));
#5581 = CARTESIAN_POINT('',(0.705607405154,-0.712605135671,
    -4.965315677522));
#5582 = CARTESIAN_POINT('',(0.664289944189,-0.750846235339,
    -4.968886966385));
#5583 = CARTESIAN_POINT('',(0.62054087291,-0.786178769483,
    -4.972457528062));
#5584 = CARTESIAN_POINT('',(0.486346953907,-0.880397860887,
    -4.982890211545));
#5585 = CARTESIAN_POINT('',(0.390037372593,-0.930959956848,
    -4.98975172821));
#5586 = CARTESIAN_POINT('',(0.28756762481,-0.968780508144,
    -4.996610907738));
#5587 = CARTESIAN_POINT('',(0.181059596973,-0.992991438649,
    -5.003471590065));
#5588 = CARTESIAN_POINT('',(7.276394356968E-02,-1.003164263285,
    -5.010336040413));
#5589 = CARTESIAN_POINT('',(-0.149607128291,-0.995370519578,
    -5.024500178288));
#5590 = CARTESIAN_POINT('',(-0.26365635042,-0.975589750248,
    -5.031802492278));
#5591 = CARTESIAN_POINT('',(-0.374414486172,-0.940130759333,
    -5.03910575492));
#5592 = CARTESIAN_POINT('',(-0.479226588994,-0.889737605298,
    -5.046409483615));
#5593 = CARTESIAN_POINT('',(-0.575650922996,-0.825694500451,
    -5.053713558099));
#5594 = CARTESIAN_POINT('',(-0.715141831067,-0.702614072214,
    -5.065559958315));
#5595 = CARTESIAN_POINT('',(-0.764618094279,-0.65080554267,
    -5.070104685533));
#5596 = CARTESIAN_POINT('',(-0.809556949727,-0.594847628513,
    -5.074648570723));
#5597 = CARTESIAN_POINT('',(-0.849531576959,-0.535242542255,
    -5.07919187216));
#5598 = CARTESIAN_POINT('',(-0.884190479545,-0.472547733984,
    -5.08373496629));
#5599 = CARTESIAN_POINT('',(-0.940053474701,-0.347309275041,
    -5.092463364817));
#5600 = CARTESIAN_POINT('',(-0.962102697647,-0.285138980142,
    -5.096648887607));
#5601 = CARTESIAN_POINT('',(-0.979203605489,-0.221324044472,
    -5.100834424905));
#5602 = CARTESIAN_POINT('',(-0.991210290984,-0.15635802049,
    -5.105020255109));
#5603 = CARTESIAN_POINT('',(-0.998042420984,-9.074921103926E-02,
    -5.109206583116));
#5604 = CARTESIAN_POINT('',(-1.001545149926,4.924922682216E-02,
    -5.118122695976));
#5605 = CARTESIAN_POINT('',(-0.996783310879,0.123678345705,
    -5.122852818849));
#5606 = CARTESIAN_POINT('',(-0.985383039748,0.197532850025,-5.1275832421
    ));
#5607 = CARTESIAN_POINT('',(-0.967436201543,0.27007541109,
    -5.132313919792));
#5608 = CARTESIAN_POINT('',(-0.943141973049,0.340590107622,
    -5.137044711504));
#5609 = CARTESIAN_POINT('',(-0.884020137368,0.472732162176,
    -5.146262878402));
#5610 = CARTESIAN_POINT('',(-0.849794540826,0.53463339895,
    -5.150750560999));
#5611 = CARTESIAN_POINT('',(-0.810385719311,0.593523378946,
    -5.155237543281));
#5612 = CARTESIAN_POINT('',(-0.766131699407,0.648865205122,
    -5.159723788345));
#5613 = CARTESIAN_POINT('',(-0.717442213792,0.70017438929,
    -5.164209400182));
#5614 = CARTESIAN_POINT('',(-0.583671551844,0.819218671708,
    -5.175604197106));
#5615 = CARTESIAN_POINT('',(-0.493132808965,0.880848434966,
    -5.182513695534));
#5616 = CARTESIAN_POINT('',(-0.394920273764,0.93035543452,
    -5.189421097098));
#5617 = CARTESIAN_POINT('',(-0.291085364344,0.966613831315,
    -5.196329269627));
#5618 = CARTESIAN_POINT('',(-0.183862171212,0.988931639892,
    -5.203241038895));
#5619 = CARTESIAN_POINT('',(4.117270812729E-02,1.005989933833,
    -5.217609066511));
#5620 = CARTESIAN_POINT('',(0.159198803814,0.998436165754,
    -5.225068233091));
#5621 = CARTESIAN_POINT('',(0.275557250629,0.97424421794,-5.232528766352
    ));
#5622 = CARTESIAN_POINT('',(0.387350841871,0.933905679552,
    -5.239990575378));
#5623 = CARTESIAN_POINT('',(0.491851186772,0.878518170411,
    -5.247451806338));
#5624 = CARTESIAN_POINT('',(0.631065146569,0.777663763033,
    -5.258398926433));
#5625 = CARTESIAN_POINT('',(0.673336886619,0.742588131882,
    -5.261888636117));
#5626 = CARTESIAN_POINT('',(0.713253020206,0.704767410924,
    -5.265377567819));
#5627 = CARTESIAN_POINT('',(0.750593098728,0.664401669067,
    -5.268865818052));
#5628 = CARTESIAN_POINT('',(0.785159832284,0.621713802562,
    -5.272353602918));
#5629 = CARTESIAN_POINT('',(0.845176949968,0.536747785693,
    -5.278972789482));
#5630 = CARTESIAN_POINT('',(0.871198071577,0.494871656024,
    -5.282104288507));
#5631 = CARTESIAN_POINT('',(0.894720875106,0.451494390795,-5.28523575951
    ));
#5632 = CARTESIAN_POINT('',(0.915639178749,0.406803167168,
    -5.288367457334));
#5633 = CARTESIAN_POINT('',(0.933865651419,0.36099459415,-5.29149958848)
  );
#5634 = CARTESIAN_POINT('',(0.966077499537,0.26369136951,-5.298023495356
    ));
#5635 = CARTESIAN_POINT('',(0.979588370439,0.21203883088,-5.301415388946
    ));
#5636 = CARTESIAN_POINT('',(0.989779531482,0.159574463267,
    -5.304807854397));
#5637 = CARTESIAN_POINT('',(0.996593157804,0.106565088561,
    -5.308200714887));
#5638 = CARTESIAN_POINT('',(0.999999999999,5.328235838226E-02,
    -5.311593566577));
#5639 = CARTESIAN_POINT('',(1.,4.652234E-11,-5.31498575173));
#5640 = ORIENTED_EDGE('',*,*,#5358,.T.);
#5641 = ORIENTED_EDGE('',*,*,#5642,.T.);
#5642 = EDGE_CURVE('',#5262,#5643,#5645,.T.);
#5643 = VERTEX_POINT('',#5644);
#5644 = CARTESIAN_POINT('',(1.,3.106E-12,-5.365002060331));
#5645 = B_SPLINE_CURVE_WITH_KNOTS('',6,(#5646,#5647,#5648,#5649,#5650,
    #5651,#5652,#5653,#5654,#5655,#5656,#5657,#5658,#5659,#5660,#5661,
    #5662,#5663,#5664,#5665,#5666,#5667,#5668,#5669,#5670,#5671,#5672,
    #5673,#5674,#5675,#5676,#5677,#5678,#5679,#5680,#5681,#5682,#5683,
    #5684,#5685,#5686,#5687,#5688,#5689,#5690,#5691,#5692,#5693,#5694,
    #5695,#5696,#5697,#5698,#5699,#5700,#5701,#5702,#5703,#5704,#5705,
    #5706,#5707,#5708,#5709,#5710,#5711,#5712,#5713,#5714,#5715,#5716,
    #5717),.UNSPECIFIED.,.F.,.F.,(7,5,5,5,5,5,5,5,5,5,5,5,5,5,7),(0.,
    5.110684611141E-02,9.610627782315E-02,0.148029662156,0.262026679878,
    0.362145249265,0.430053469447,0.49805239996,0.563637946671,
    0.631421071396,0.739325462841,0.795326018608,0.845328314908,
    0.94618565815,1.),.UNSPECIFIED.);
#5646 = CARTESIAN_POINT('',(1.,7.28984E-12,-4.96500223204));
#5647 = CARTESIAN_POINT('',(1.,-5.351786901805E-02,-4.968409265748));
#5648 = CARTESIAN_POINT('',(0.996562974376,-0.107036134377,
    -4.971816737554));
#5649 = CARTESIAN_POINT('',(0.989688976259,-0.160277447569,
    -4.975224126328));
#5650 = CARTESIAN_POINT('',(0.979407763151,-0.212966540461,-4.9786311231
    ));
#5651 = CARTESIAN_POINT('',(0.96577817799,-0.264833060977,
    -4.982037608919));
#5652 = CARTESIAN_POINT('',(0.934015363172,-0.36032724016,
    -4.988442626901));
#5653 = CARTESIAN_POINT('',(0.916614794476,-0.404199348595,
    -4.991441295653));
#5654 = CARTESIAN_POINT('',(0.896745389122,-0.447051649357,
    -4.994439658031));
#5655 = CARTESIAN_POINT('',(0.874483304037,-0.488711403117,
    -4.997437887809));
#5656 = CARTESIAN_POINT('',(0.849920576656,-0.529013724289,
    -5.000436191003));
#5657 = CARTESIAN_POINT('',(0.792291344928,-0.612560879322,
    -5.006894546553));
#5658 = CARTESIAN_POINT('',(0.758497431772,-0.655304987234,
    -5.010354712971));
#5659 = CARTESIAN_POINT('',(0.72194751308,-0.695796256932,
    -5.013815356927));
#5660 = CARTESIAN_POINT('',(0.682831557438,-0.733814796039,
    -5.017276672344));
#5661 = CARTESIAN_POINT('',(0.641362238957,-0.769162533938,
    -5.020738741865));
#5662 = CARTESIAN_POINT('',(0.502071919041,-0.873026172268,
    -5.031803633337));
#5663 = CARTESIAN_POINT('',(0.396127584963,-0.930692809917,
    -5.039410500273));
#5664 = CARTESIAN_POINT('',(0.2824365635,-0.972787682148,-5.04701775106)
  );
#5665 = CARTESIAN_POINT('',(0.163881376178,-0.998122058919,
    -5.054623503958));
#5666 = CARTESIAN_POINT('',(4.353100702718E-02,-1.006158635135,
    -5.062227883201));
#5667 = CARTESIAN_POINT('',(-0.180043904349,-0.989229908165,
    -5.076502287161));
#5668 = CARTESIAN_POINT('',(-0.283603545639,-0.968160780111,
    -5.083175462244));
#5669 = CARTESIAN_POINT('',(-0.384081841149,-0.934091144612,
    -5.089845518799));
#5670 = CARTESIAN_POINT('',(-0.479464827543,-0.887626407864,
    -5.096514891168));
#5671 = CARTESIAN_POINT('',(-0.567893664211,-0.829752348166,
    -5.103186031263));
#5672 = CARTESIAN_POINT('',(-0.701944140113,-0.715773354075,
    -5.114382704768));
#5673 = CARTESIAN_POINT('',(-0.752191210922,-0.665084078406,
    -5.118908548475));
#5674 = CARTESIAN_POINT('',(-0.798012185177,-0.610192379987,
    -5.12343500376));
#5675 = CARTESIAN_POINT('',(-0.838975648868,-0.551586895898,
    -5.127962186336));
#5676 = CARTESIAN_POINT('',(-0.874723362667,-0.489812105449,
    -5.132490067149));
#5677 = CARTESIAN_POINT('',(-0.935273725696,-0.361017224759,
    -5.141552237782));
#5678 = CARTESIAN_POINT('',(-0.960063317573,-0.293986765968,
    -5.146086777402));
#5679 = CARTESIAN_POINT('',(-0.979068946917,-0.224958255981,
    -5.150621233041));
#5680 = CARTESIAN_POINT('',(-0.992099605712,-0.154557279899,
    -5.155155473143));
#5681 = CARTESIAN_POINT('',(-0.99905435024,-8.343002248574E-02,
    -5.159689441374));
#5682 = CARTESIAN_POINT('',(-1.000765156677,5.644250001289E-02,
    -5.168595359896));
#5683 = CARTESIAN_POINT('',(-0.995945464074,0.125186096017,
    -5.172967566023));
#5684 = CARTESIAN_POINT('',(-0.985458939024,0.193414164275,
    -5.177339205202));
#5685 = CARTESIAN_POINT('',(-0.96937894461,0.260544756689,
    -5.181710514719));
#5686 = CARTESIAN_POINT('',(-0.947857324319,0.326011246146,
    -5.186081822151));
#5687 = CARTESIAN_POINT('',(-0.893491522374,0.454654956839,
    -5.194970919343));
#5688 = CARTESIAN_POINT('',(-0.860290702872,0.517685293262,
    -5.19948893625));
#5689 = CARTESIAN_POINT('',(-0.821771883807,0.577767430815,
    -5.204007176984));
#5690 = CARTESIAN_POINT('',(-0.778269443755,0.634346141032,
    -5.208526015394));
#5691 = CARTESIAN_POINT('',(-0.730192552065,0.686918678373,
    -5.213045709636));
#5692 = CARTESIAN_POINT('',(-0.594959944955,0.811659344652,
    -5.224761628015));
#5693 = CARTESIAN_POINT('',(-0.501499049536,0.877024210412,
    -5.231960162822));
#5694 = CARTESIAN_POINT('',(-0.399571734509,0.929341003371,
    -5.239158522791));
#5695 = CARTESIAN_POINT('',(-0.291481853946,0.967321083094,
    -5.246356577938));
#5696 = CARTESIAN_POINT('',(-0.17974862855,0.990180810643,
    -5.253553752994));
#5697 = CARTESIAN_POINT('',(-8.498669970481E-03,1.001681907651,
    -5.264480275209));
#5698 = CARTESIAN_POINT('',(5.028866915247E-02,1.001494066724,
    -5.268212824994));
#5699 = CARTESIAN_POINT('',(0.108989595037,0.997164438265,
    -5.271944558886));
#5700 = CARTESIAN_POINT('',(0.167240041757,0.98871137412,-5.275675605106
    ));
#5701 = CARTESIAN_POINT('',(0.224680520594,0.976195491026,
    -5.279406198666));
#5702 = CARTESIAN_POINT('',(0.331213423808,0.945007615598,
    -5.286467251014));
#5703 = CARTESIAN_POINT('',(0.380541981422,0.927138330017,
    -5.289797831188));
#5704 = CARTESIAN_POINT('',(0.428697887269,0.906184099807,
    -5.293128365843));
#5705 = CARTESIAN_POINT('',(0.475441176293,0.882243419264,
    -5.296459108555));
#5706 = CARTESIAN_POINT('',(0.520543419657,0.855439275175,-5.29979029491
    ));
#5707 = CARTESIAN_POINT('',(0.651021729044,0.766371818574,
    -5.309842210724));
#5708 = CARTESIAN_POINT('',(0.730717873722,0.695761865163,
    -5.316565508028));
#5709 = CARTESIAN_POINT('',(0.801096187207,0.615297228272,
    -5.323290966028));
#5710 = CARTESIAN_POINT('',(0.860684752554,0.526548440263,
    -5.330019541751));
#5711 = CARTESIAN_POINT('',(0.908349215928,0.431341777796,
    -5.336748536641));
#5712 = CARTESIAN_POINT('',(0.962074171062,0.27854765088,-5.34706391811)
  );
#5713 = CARTESIAN_POINT('',(0.977171798411,0.224121969795,
    -5.350652468637));
#5714 = CARTESIAN_POINT('',(0.988567567005,0.168736605164,
    -5.354240284632));
#5715 = CARTESIAN_POINT('',(0.996189169485,0.112706503276,
    -5.357827495233));
#5716 = CARTESIAN_POINT('',(1.,5.635297140634E-02,-5.361414540507));
#5717 = CARTESIAN_POINT('',(1.,6.2147E-12,-5.365002060331));
#5718 = ORIENTED_EDGE('',*,*,#5719,.F.);
#5719 = EDGE_CURVE('',#5565,#5643,#5720,.T.);
#5720 = LINE('',#5721,#5722);
#5721 = CARTESIAN_POINT('',(1.,0.,-1.E-01));
#5722 = VECTOR('',#5723,1.);
#5723 = DIRECTION('',(0.,0.,-1.));
#5724 = CYLINDRICAL_SURFACE('',#5725,1.);
#5725 = AXIS2_PLACEMENT_3D('',#5726,#5727,#5728);
#5726 = CARTESIAN_POINT('',(0.,0.,-1.E-01));
#5727 = DIRECTION('',(-0.,-0.,-1.));
#5728 = DIRECTION('',(1.,0.,0.));
#5729 = ADVANCED_FACE('',(#5730),#5755,.T.);
#5730 = FACE_BOUND('',#5731,.T.);
#5731 = EDGE_LOOP('',(#5732,#5748,#5749,#5750));
#5732 = ORIENTED_EDGE('',*,*,#5733,.F.);
#5733 = EDGE_CURVE('',#5373,#5734,#5736,.T.);
#5734 = VERTEX_POINT('',#5735);
#5735 = CARTESIAN_POINT('',(0.783504949103,8.1969318E-07,-5.090012875712
    ));
#5736 = ( BOUNDED_CURVE() B_SPLINE_CURVE(10,(#5737,#5738,#5739,#5740,
    #5741,#5742,#5743,#5744,#5745,#5746,#5747),.UNSPECIFIED.,.F.,.F.) 
B_SPLINE_CURVE_WITH_KNOTS((11,11),(0.,6.295904828089),
.PIECEWISE_BEZIER_KNOTS.) CURVE() GEOMETRIC_REPRESENTATION_ITEM() 
RATIONAL_B_SPLINE_CURVE((1.056590953773,1.056590953773,1.056590953773,
    1.056590953773,1.056590953773,1.056590953773,1.056590953773,
    1.056590953773,1.056590953773,1.056590953773,1.056590953773)) 
REPRESENTATION_ITEM('') );
#5737 = CARTESIAN_POINT('',(0.783505818369,8.8274477247E-07,
    -4.690013866123));
#5738 = CARTESIAN_POINT('',(0.783505174818,-0.492319413198,
    -4.730012501082));
#5739 = CARTESIAN_POINT('',(0.439853654381,-0.984335938439,
    -4.769987747049));
#5740 = CARTESIAN_POINT('',(-0.247971339795,-1.206210086965,
    -4.810085688011));
#5741 = CARTESIAN_POINT('',(-1.034052860735,-0.895275647625,
    -4.849939249017));
#5742 = CARTESIAN_POINT('',(-1.449723568362,-1.979747171604E-05,
    -4.890013370414));
#5743 = CARTESIAN_POINT('',(-1.033921585626,0.895300287553,
    -4.930087493621));
#5744 = CARTESIAN_POINT('',(-0.248102277787,1.206199243497,
    -4.969941053439));
#5745 = CARTESIAN_POINT('',(0.439896111374,0.984338566899,
    -5.010038994875));
#5746 = CARTESIAN_POINT('',(0.783505632256,0.492321115635,
    -5.050014240756));
#5747 = CARTESIAN_POINT('',(0.783504949102,8.196931767E-07,
    -5.090012875712));
#5748 = ORIENTED_EDGE('',*,*,#5390,.T.);
#5749 = ORIENTED_EDGE('',*,*,#5261,.T.);
#5750 = ORIENTED_EDGE('',*,*,#5751,.F.);
#5751 = EDGE_CURVE('',#5734,#5262,#5752,.T.);
#5752 = B_SPLINE_CURVE_WITH_KNOTS('',1,(#5753,#5754),.UNSPECIFIED.,.F.,
  .F.,(2,2),(0.,0.28),.PIECEWISE_BEZIER_KNOTS.);
#5753 = CARTESIAN_POINT('',(0.783504949102,8.1969317652E-07,
    -5.090012875712));
#5754 = CARTESIAN_POINT('',(1.025983735663,-9.83714118E-08,
    -4.949998454786));
#5755 = B_SPLINE_SURFACE_WITH_KNOTS('',1,10,(
    (#5756,#5757,#5758,#5759,#5760,#5761,#5762,#5763,#5764,#5765,#5766)
    ,(#5767,#5768,#5769,#5770,#5771,#5772,#5773,#5774,#5775,#5776,#5777
    )),.UNSPECIFIED.,.F.,.F.,.F.,(2,2),(11,11),(0.,0.28),(0.,
    6.295904828089),.PIECEWISE_BEZIER_KNOTS.);
#5756 = CARTESIAN_POINT('',(0.783505818369,8.8274477246E-07,
    -4.690013866123));
#5757 = CARTESIAN_POINT('',(0.783505174818,-0.492319413198,
    -4.730012501082));
#5758 = CARTESIAN_POINT('',(0.439853654381,-0.984335938439,
    -4.769987747049));
#5759 = CARTESIAN_POINT('',(-0.247971339796,-1.206210086965,
    -4.810085688012));
#5760 = CARTESIAN_POINT('',(-1.034052860734,-0.895275647625,
    -4.849939249015));
#5761 = CARTESIAN_POINT('',(-1.449723568363,-1.979747163516E-05,
    -4.890013370416));
#5762 = CARTESIAN_POINT('',(-1.033921585626,0.895300287553,
    -4.93008749362));
#5763 = CARTESIAN_POINT('',(-0.248102277787,1.206199243497,
    -4.96994105344));
#5764 = CARTESIAN_POINT('',(0.439896111374,0.984338566899,
    -5.010038994874));
#5765 = CARTESIAN_POINT('',(0.783505632256,0.492321115635,
    -5.050014240757));
#5766 = CARTESIAN_POINT('',(0.783504949102,8.1969317652E-07,
    -5.090012875712));
#5767 = CARTESIAN_POINT('',(1.025983964394,-1.0593889489E-07,
    -4.549998335916));
#5768 = CARTESIAN_POINT('',(1.025983582595,-0.644641249189,
    -4.589998499751));
#5769 = CARTESIAN_POINT('',(0.576030236667,-1.289300810744,
    -4.630001470762));
#5770 = CARTESIAN_POINT('',(-0.32491057416,-1.578747370088,
    -4.669989715728));
#5771 = CARTESIAN_POINT('',(-1.353725650779,-1.173077898072,
    -4.710007291669));
#5772 = CARTESIAN_POINT('',(-1.898735740412,-4.60539906255E-06,
    -4.749998395219));
#5773 = CARTESIAN_POINT('',(-1.353690360966,1.173085241657,
    -4.789989499244));
#5774 = CARTESIAN_POINT('',(-0.324944025847,1.578744723674,
    -4.830007074874));
#5775 = CARTESIAN_POINT('',(0.576042228775,1.289301136095,
    -4.869995319962));
#5776 = CARTESIAN_POINT('',(1.025984112709,0.644641044879,
    -4.909998290953));
#5777 = CARTESIAN_POINT('',(1.025983735663,-9.83714118E-08,
    -4.949998454786));
#5778 = ADVANCED_FACE('',(#5779),#5809,.T.);
#5779 = FACE_BOUND('',#5780,.T.);
#5780 = EDGE_LOOP('',(#5781,#5797,#5798,#5799));
#5781 = ORIENTED_EDGE('',*,*,#5782,.F.);
#5782 = EDGE_CURVE('',#5422,#5783,#5785,.T.);
#5783 = VERTEX_POINT('',#5784);
#5784 = CARTESIAN_POINT('',(0.783510896294,8.19681872E-07,
    -5.190012875535));
#5785 = B_SPLINE_CURVE_WITH_KNOTS('',10,(#5786,#5787,#5788,#5789,#5790,
    #5791,#5792,#5793,#5794,#5795,#5796),.UNSPECIFIED.,.F.,.F.,(11,11),(
    0.,6.295904828089),.PIECEWISE_BEZIER_KNOTS.);
#5786 = CARTESIAN_POINT('',(0.783512223037,8.8273167434E-07,
    -4.790013865918));
#5787 = CARTESIAN_POINT('',(0.783510948957,-0.492323292825,
    -4.830012500918));
#5788 = CARTESIAN_POINT('',(0.439845386871,-0.984343265783,
    -4.869987747611));
#5789 = CARTESIAN_POINT('',(-0.247939531544,-1.206222286883,
    -4.910085685657));
#5790 = CARTESIAN_POINT('',(-1.034096060915,-0.895275648598,
    -4.949939251151));
#5791 = CARTESIAN_POINT('',(-1.449735004708,-2.938688836762E-05,
    -4.990013369959));
#5792 = CARTESIAN_POINT('',(-1.033894672032,0.895314437395,
    -5.030087491527));
#5793 = CARTESIAN_POINT('',(-0.248138002842,1.206206020847,
    -5.069941055211));
#5794 = CARTESIAN_POINT('',(0.439911314947,0.984346774416,
    -5.110038993975));
#5795 = CARTESIAN_POINT('',(0.783512209975,0.492324995238,
    -5.150014240542));
#5796 = CARTESIAN_POINT('',(0.783510896294,8.1968186852E-07,
    -5.190012875535));
#5797 = ORIENTED_EDGE('',*,*,#5439,.T.);
#5798 = ORIENTED_EDGE('',*,*,#5733,.T.);
#5799 = ORIENTED_EDGE('',*,*,#5800,.F.);
#5800 = EDGE_CURVE('',#5783,#5734,#5801,.T.);
#5801 = ( BOUNDED_CURVE() B_SPLINE_CURVE(6,(#5802,#5803,#5804,#5805,
#5806,#5807,#5808),.UNSPECIFIED.,.F.,.F.) B_SPLINE_CURVE_WITH_KNOTS((7,7
),(0.,2.094395102393),.PIECEWISE_BEZIER_KNOTS.) CURVE() 
GEOMETRIC_REPRESENTATION_ITEM() RATIONAL_B_SPLINE_CURVE((1.056590953773,
    1.017435169568,0.996326512422,0.989390034249,0.996326512422,
1.017435169568,1.056590953773)) REPRESENTATION_ITEM('') );
#5802 = CARTESIAN_POINT('',(0.783510896294,8.1968186946E-07,
    -5.190012875535));
#5803 = CARTESIAN_POINT('',(0.765385755111,8.8830428999E-07,
    -5.179549757593));
#5804 = CARTESIAN_POINT('',(0.752612301579,9.3666387505E-07,
    -5.161839526718));
#5805 = CARTESIAN_POINT('',(0.747994527083,9.5414478382E-07,
    -5.140014987673));
#5806 = CARTESIAN_POINT('',(0.752609705652,9.3666881107E-07,
    -5.118189899526));
#5807 = CARTESIAN_POINT('',(0.765381052571,8.8831323067E-07,
    -5.100478149453));
#5808 = CARTESIAN_POINT('',(0.783504949102,8.196931767E-07,
    -5.090012875712));
#5809 = ( BOUNDED_SURFACE() B_SPLINE_SURFACE(6,10,(
    (#5810,#5811,#5812,#5813,#5814,#5815,#5816,#5817,#5818,#5819,#5820)
    ,(#5821,#5822,#5823,#5824,#5825,#5826,#5827,#5828,#5829,#5830,#5831)
    ,(#5832,#5833,#5834,#5835,#5836,#5837,#5838,#5839,#5840,#5841,#5842)
    ,(#5843,#5844,#5845,#5846,#5847,#5848,#5849,#5850,#5851,#5852,#5853)
    ,(#5854,#5855,#5856,#5857,#5858,#5859,#5860,#5861,#5862,#5863,#5864)
    ,(#5865,#5866,#5867,#5868,#5869,#5870,#5871,#5872,#5873,#5874,#5875)
    ,(#5876,#5877,#5878,#5879,#5880,#5881,#5882,#5883,#5884,#5885,#5886
)),.UNSPECIFIED.,.F.,.F.,.F.) B_SPLINE_SURFACE_WITH_KNOTS((7,7),(11,11),
  (0.,2.094395102393),(0.,6.295904828089),.PIECEWISE_BEZIER_KNOTS.) 
GEOMETRIC_REPRESENTATION_ITEM() RATIONAL_B_SPLINE_SURFACE((
    (1.056590953773,1.056590953773,1.056590953773,1.056590953773
      ,1.056590953773,1.056590953773,1.056590953773,1.056590953773
      ,1.056590953773,1.056590953773,1.056590953773)
    ,(1.017435169568,1.017435169568,1.017435169568,1.017435169569
      ,1.017435169568,1.017435169569,1.017435169568,1.017435169568
      ,1.017435169568,1.017435169568,1.017435169568)
    ,(0.996326512422,0.996326512422,0.996326512422,0.996326512422
      ,0.996326512422,0.996326512422,0.996326512422,0.996326512422
      ,0.996326512422,0.996326512422,0.996326512422)
    ,(0.989390034249,0.989390034249,0.989390034248,0.989390034249
      ,0.989390034248,0.989390034249,0.989390034248,0.989390034249
      ,0.989390034249,0.989390034249,0.989390034249)
    ,(0.996326512422,0.996326512422,0.996326512422,0.996326512422
      ,0.996326512422,0.996326512422,0.996326512422,0.996326512422
      ,0.996326512422,0.996326512422,0.996326512422)
    ,(1.017435169568,1.017435169568,1.017435169568,1.017435169568
      ,1.017435169568,1.017435169569,1.017435169568,1.017435169568
      ,1.017435169568,1.017435169568,1.017435169568)
    ,(1.056590953773,1.056590953773,1.056590953773,1.056590953773
      ,1.056590953773,1.056590953773,1.056590953773,1.056590953773
      ,1.056590953773,1.056590953773,1.056590953773
))) REPRESENTATION_ITEM('') SURFACE() );
#5810 = CARTESIAN_POINT('',(0.783512223037,8.8273167348E-07,
    -4.790013865918));
#5811 = CARTESIAN_POINT('',(0.783510948957,-0.492323292825,
    -4.830012500918));
#5812 = CARTESIAN_POINT('',(0.439845386871,-0.984343265783,
    -4.869987747612));
#5813 = CARTESIAN_POINT('',(-0.247939531544,-1.206222286882,
    -4.910085685655));
#5814 = CARTESIAN_POINT('',(-1.034096060915,-0.895275648598,
    -4.949939251154));
#5815 = CARTESIAN_POINT('',(-1.449735004708,-2.938688836998E-05,
    -4.990013369955));
#5816 = CARTESIAN_POINT('',(-1.033894672032,0.895314437395,
    -5.030087491529));
#5817 = CARTESIAN_POINT('',(-0.248138002842,1.206206020847,
    -5.069941055209));
#5818 = CARTESIAN_POINT('',(0.439911314947,0.984346774416,
    -5.110038993976));
#5819 = CARTESIAN_POINT('',(0.783512209975,0.492324995238,
    -5.150014240542));
#5820 = CARTESIAN_POINT('',(0.783510896294,8.1968186946E-07,
    -5.190012875535));
#5821 = CARTESIAN_POINT('',(0.765387033987,9.5663284216E-07,
    -4.779550830895));
#5822 = CARTESIAN_POINT('',(0.765385872303,-0.480937298555,
    -4.819549351611));
#5823 = CARTESIAN_POINT('',(0.429668699781,-0.961547359758,
    -4.859522525866));
#5824 = CARTESIAN_POINT('',(-0.242195422658,-1.178374711523,
    -4.899628663665));
#5825 = CARTESIAN_POINT('',(-1.010193314911,-0.87451152583,
    -4.939469969049));
#5826 = CARTESIAN_POINT('',(-1.416171530465,-2.851549784078E-05,
    -4.979550293501));
#5827 = CARTESIAN_POINT('',(-1.009999425364,0.874548646299,
    -5.019630620624));
#5828 = CARTESIAN_POINT('',(-0.242387046863,1.178358967661,
    -5.059471924256));
#5829 = CARTESIAN_POINT('',(0.429731992812,0.961550856328,
    -5.099578062753));
#5830 = CARTESIAN_POINT('',(0.765386959712,0.480939143493,
    -5.139551236883));
#5831 = CARTESIAN_POINT('',(0.765385755111,8.8830428999E-07,
    -5.179549757593));
#5832 = CARTESIAN_POINT('',(0.752613499436,1.00871255884E-06,
    -4.761840658455));
#5833 = CARTESIAN_POINT('',(0.752612482133,-0.472913154831,
    -4.801839098632));
#5834 = CARTESIAN_POINT('',(0.42249801391,-0.945482262232,
    -4.841810812357));
#5835 = CARTESIAN_POINT('',(-0.238150820683,-1.158749184514,
    -4.88192272885));
#5836 = CARTESIAN_POINT('',(-0.993344515972,-0.859878989086,
    -4.921755394032));
#5837 = CARTESIAN_POINT('',(-1.392518072111,-2.691018372517E-05,
    -4.961840091892));
#5838 = CARTESIAN_POINT('',(-0.993163158778,0.859913471333,
    -5.001924792251));
#5839 = CARTESIAN_POINT('',(-0.23833063891,1.158734369152,
    -5.041757455793));
#5840 = CARTESIAN_POINT('',(0.422557023849,0.945485659321,
    -5.081869372939));
#5841 = CARTESIAN_POINT('',(0.752613364135,0.472915100207,
    -5.121841086547));
#5842 = CARTESIAN_POINT('',(0.752612301579,9.3666387505E-07,
    -5.161839526718));
#5843 = CARTESIAN_POINT('',(0.747995625098,1.02753835321E-06,
    -4.740016140536));
#5844 = CARTESIAN_POINT('',(0.747994757229,-0.470012297268,
    -4.780014551596));
#5845 = CARTESIAN_POINT('',(0.419907504997,-0.939674537861,
    -4.819985737312));
#5846 = CARTESIAN_POINT('',(-0.23669383924,-1.151653821368,
    -4.860099742916));
#5847 = CARTESIAN_POINT('',(-0.987247996538,-0.85459018172,
    -4.899929284476));
#5848 = CARTESIAN_POINT('',(-1.383966964859,-2.485094950141E-05,
    -4.940015563468));
#5849 = CARTESIAN_POINT('',(-0.987081982934,0.854621528177,
    -4.980101844748));
#5850 = CARTESIAN_POINT('',(-0.236858974415,1.151640177944,
    -5.019931384807));
#5851 = CARTESIAN_POINT('',(0.419961346826,0.939677763241,
    -5.060045391009));
#5852 = CARTESIAN_POINT('',(0.74799544105,0.470014278951,-5.100016576618
    ));
#5853 = CARTESIAN_POINT('',(0.747994527083,9.5414478382E-07,
    -5.140014987673));
#5854 = CARTESIAN_POINT('',(0.752610703822,1.00871827532E-06,
    -4.718191031276));
#5855 = CARTESIAN_POINT('',(0.752609961742,-0.472911461388,
    -4.758189471435));
#5856 = CARTESIAN_POINT('',(0.422501622648,-0.945479063874,
    -4.798161184842));
#5857 = CARTESIAN_POINT('',(-0.238164704867,-1.158743859296,
    -4.83827310261));
#5858 = CARTESIAN_POINT('',(-0.993325659254,-0.859878988662,
    -4.87810576583));
#5859 = CARTESIAN_POINT('',(-1.392513080189,-2.272443922996E-05,
    -4.918190464824));
#5860 = CARTESIAN_POINT('',(-0.993174906462,0.85990729498,
    -4.958275165895));
#5861 = CARTESIAN_POINT('',(-0.238315045057,1.158731410864,
    -4.998107827752));
#5862 = CARTESIAN_POINT('',(0.422550387546,0.94548207677,-5.038219746063
    ));
#5863 = CARTESIAN_POINT('',(0.752610492985,0.472913406775,
    -5.078191459372));
#5864 = CARTESIAN_POINT('',(0.752609705652,9.3666881107E-07,
    -5.118189899526));
#5865 = CARTESIAN_POINT('',(0.765381969713,9.5664319749E-07,
    -4.700479222777));
#5866 = CARTESIAN_POINT('',(0.765381306598,-0.480934230872,
    -4.740477743461));
#5867 = CARTESIAN_POINT('',(0.429675237034,-0.961541565909,
    -4.780450917141));
#5868 = CARTESIAN_POINT('',(-0.242220573955,-1.178365064852,
    -4.820557057248));
#5869 = CARTESIAN_POINT('',(-1.010159155834,-0.874511525061,
    -4.86039835908));
#5870 = CARTESIAN_POINT('',(-1.416162487563,-2.093299191083E-05,
    -4.900478685584));
#5871 = CARTESIAN_POINT('',(-1.010020706376,0.874537457791,
    -4.940559013998));
#5872 = CARTESIAN_POINT('',(-0.242358798487,1.178353608702,
    -4.980400314577));
#5873 = CARTESIAN_POINT('',(0.429719971102,0.961544366513,
    -5.020506455183));
#5874 = CARTESIAN_POINT('',(0.765381758604,0.480936075828,
    -5.060479628773));
#5875 = CARTESIAN_POINT('',(0.765381052571,8.8831323067E-07,
    -5.100478149453));
#5876 = CARTESIAN_POINT('',(0.783505818369,8.8274477247E-07,
    -4.690013866123));
#5877 = CARTESIAN_POINT('',(0.783505174818,-0.492319413198,
    -4.730012501082));
#5878 = CARTESIAN_POINT('',(0.439853654381,-0.984335938439,
    -4.769987747049));
#5879 = CARTESIAN_POINT('',(-0.247971339795,-1.206210086965,
    -4.810085688011));
#5880 = CARTESIAN_POINT('',(-1.034052860735,-0.895275647625,
    -4.849939249017));
#5881 = CARTESIAN_POINT('',(-1.449723568362,-1.979747171604E-05,
    -4.890013370414));
#5882 = CARTESIAN_POINT('',(-1.033921585626,0.895300287553,
    -4.930087493621));
#5883 = CARTESIAN_POINT('',(-0.248102277787,1.206199243497,
    -4.969941053439));
#5884 = CARTESIAN_POINT('',(0.439896111374,0.984338566899,
    -5.010038994875));
#5885 = CARTESIAN_POINT('',(0.783505632256,0.492321115635,
    -5.050014240756));
#5886 = CARTESIAN_POINT('',(0.783504949102,8.196931767E-07,
    -5.090012875712));
#5887 = ADVANCED_FACE('',(#5888),#5898,.T.);
#5888 = FACE_BOUND('',#5889,.T.);
#5889 = EDGE_LOOP('',(#5890,#5891,#5892,#5893));
#5890 = ORIENTED_EDGE('',*,*,#5564,.F.);
#5891 = ORIENTED_EDGE('',*,*,#5533,.T.);
#5892 = ORIENTED_EDGE('',*,*,#5782,.T.);
#5893 = ORIENTED_EDGE('',*,*,#5894,.F.);
#5894 = EDGE_CURVE('',#5565,#5783,#5895,.T.);
#5895 = B_SPLINE_CURVE_WITH_KNOTS('',1,(#5896,#5897),.UNSPECIFIED.,.F.,
  .F.,(2,2),(0.,0.28),.PIECEWISE_BEZIER_KNOTS.);
#5896 = CARTESIAN_POINT('',(1.026006334992,-9.84143824E-08,
    -5.329998454114));
#5897 = CARTESIAN_POINT('',(0.783510896294,8.1968186852E-07,
    -5.190012875535));
#5898 = B_SPLINE_SURFACE_WITH_KNOTS('',1,10,(
    (#5899,#5900,#5901,#5902,#5903,#5904,#5905,#5906,#5907,#5908,#5909)
    ,(#5910,#5911,#5912,#5913,#5914,#5915,#5916,#5917,#5918,#5919,#5920
    )),.UNSPECIFIED.,.F.,.F.,.F.,(2,2),(11,11),(0.,0.28),(0.,
    6.295904828089),.PIECEWISE_BEZIER_KNOTS.);
#5899 = CARTESIAN_POINT('',(1.026008302132,-1.059886676E-07,
    -4.929998335137));
#5900 = CARTESIAN_POINT('',(1.026005524325,-0.644655991772,
    -4.969998499125));
#5901 = CARTESIAN_POINT('',(0.575998820126,-1.289328654651,
    -5.010001472901));
#5902 = CARTESIAN_POINT('',(-0.324789702803,-1.578793729776,
    -5.049989706775));
#5903 = CARTESIAN_POINT('',(-1.353889811465,-1.173077901768,
    -5.09000729979));
#5904 = CARTESIAN_POINT('',(-1.898779198526,-4.104518213222E-05,
    -5.129998393475));
#5905 = CARTESIAN_POINT('',(-1.353588089308,1.173139011055,
    -5.169989491295));
#5906 = CARTESIAN_POINT('',(-0.325079781056,1.578770477604,
    -5.210007081599));
#5907 = CARTESIAN_POINT('',(0.576100002353,1.289332324658,
    -5.249995316546));
#5908 = CARTESIAN_POINT('',(1.026009108043,0.64465578737,-5.289998290138
    ));
#5909 = CARTESIAN_POINT('',(1.026006334992,-9.84143824E-08,
    -5.329998454114));
#5910 = CARTESIAN_POINT('',(0.783512223037,8.8273167434E-07,
    -4.790013865918));
#5911 = CARTESIAN_POINT('',(0.783510948957,-0.492323292825,
    -4.830012500918));
#5912 = CARTESIAN_POINT('',(0.439845386871,-0.984343265783,
    -4.869987747611));
#5913 = CARTESIAN_POINT('',(-0.247939531544,-1.206222286883,
    -4.910085685657));
#5914 = CARTESIAN_POINT('',(-1.034096060915,-0.895275648598,
    -4.949939251151));
#5915 = CARTESIAN_POINT('',(-1.449735004708,-2.938688836762E-05,
    -4.990013369959));
#5916 = CARTESIAN_POINT('',(-1.033894672032,0.895314437395,
    -5.030087491527));
#5917 = CARTESIAN_POINT('',(-0.248138002842,1.206206020847,
    -5.069941055211));
#5918 = CARTESIAN_POINT('',(0.439911314947,0.984346774416,
    -5.110038993975));
#5919 = CARTESIAN_POINT('',(0.783512209975,0.492324995238,
    -5.150014240542));
#5920 = CARTESIAN_POINT('',(0.783510896294,8.1968186852E-07,
    -5.190012875535));
#5921 = ADVANCED_FACE('',(#5922),#6085,.T.);
#5922 = FACE_BOUND('',#5923,.F.);
#5923 = EDGE_LOOP('',(#5924,#6001,#6002,#6079));
#5924 = ORIENTED_EDGE('',*,*,#5925,.F.);
#5925 = EDGE_CURVE('',#5565,#5926,#5928,.T.);
#5926 = VERTEX_POINT('',#5927);
#5927 = CARTESIAN_POINT('',(1.,1.9801E-11,-5.714986847665));
#5928 = B_SPLINE_CURVE_WITH_KNOTS('',6,(#5929,#5930,#5931,#5932,#5933,
    #5934,#5935,#5936,#5937,#5938,#5939,#5940,#5941,#5942,#5943,#5944,
    #5945,#5946,#5947,#5948,#5949,#5950,#5951,#5952,#5953,#5954,#5955,
    #5956,#5957,#5958,#5959,#5960,#5961,#5962,#5963,#5964,#5965,#5966,
    #5967,#5968,#5969,#5970,#5971,#5972,#5973,#5974,#5975,#5976,#5977,
    #5978,#5979,#5980,#5981,#5982,#5983,#5984,#5985,#5986,#5987,#5988,
    #5989,#5990,#5991,#5992,#5993,#5994,#5995,#5996,#5997,#5998,#5999,
    #6000),.UNSPECIFIED.,.F.,.F.,(7,5,5,5,5,5,5,5,5,5,5,5,5,5,7),(0.,
    5.299977480562E-02,9.899959460196E-02,0.15257831255,0.255577193826,
    0.365063736235,0.433222322221,0.496019518793,0.566959405736,
    0.634266083411,0.737964694413,0.849787507058,0.902878926237,
    0.948878304619,1.),.UNSPECIFIED.);
#5929 = CARTESIAN_POINT('',(1.,4.652057E-11,-5.31498575173));
#5930 = CARTESIAN_POINT('',(1.000000000001,-5.549999410516E-02,
    -5.318519127869));
#5931 = CARTESIAN_POINT('',(0.996303663375,-0.111000503463,
    -5.322052293978));
#5932 = CARTESIAN_POINT('',(0.988911041753,-0.166192110744,
    -5.32558568782));
#5933 = CARTESIAN_POINT('',(0.977856559785,-0.220767851101,
    -5.329119627168));
#5934 = CARTESIAN_POINT('',(0.963208250309,-0.274426641938,
    -5.332654188585));
#5935 = CARTESIAN_POINT('',(0.929321739085,-0.372399430763,
    -5.339257111572));
#5936 = CARTESIAN_POINT('',(0.91094505821,-0.417012291717,
    -5.342325441052));
#5937 = CARTESIAN_POINT('',(0.890002852769,-0.460524743779,
    -5.345393919999));
#5938 = CARTESIAN_POINT('',(0.866579058258,-0.502753401346,
    -5.348462372467));
#5939 = CARTESIAN_POINT('',(0.840774818555,-0.543523716426,
    -5.351530616684));
#5940 = CARTESIAN_POINT('',(0.780016186149,-0.628269569854,
    -5.358171803451));
#5941 = CARTESIAN_POINT('',(0.744254121796,-0.671667240735,
    -5.361744673279));
#5942 = CARTESIAN_POINT('',(0.705607372163,-0.712605170618,
    -5.36531677666));
#5943 = CARTESIAN_POINT('',(0.664289897163,-0.750846278864,
    -5.368888066534));
#5944 = CARTESIAN_POINT('',(0.620540810668,-0.78617881975,
    -5.372458629212));
#5945 = CARTESIAN_POINT('',(0.486346869575,-0.880397907473,
    -5.382891313652));
#5946 = CARTESIAN_POINT('',(0.390037283418,-0.930959994209,
    -5.389752830255));
#5947 = CARTESIAN_POINT('',(0.287567532012,-0.96878053569,
    -5.396612009709));
#5948 = CARTESIAN_POINT('',(0.181059501855,-0.992991455992,
    -5.403472691978));
#5949 = CARTESIAN_POINT('',(7.276384747813E-02,-1.003164270255,
    -5.410337142296));
#5950 = CARTESIAN_POINT('',(-0.149607259924,-0.995370503976,
    -5.424501282471));
#5951 = CARTESIAN_POINT('',(-0.263656516137,-0.975589712462,
    -5.431803598799));
#5952 = CARTESIAN_POINT('',(-0.374414681497,-0.940130689764,
    -5.439106863806));
#5953 = CARTESIAN_POINT('',(-0.479226807032,-0.889737495534,
    -5.446410594869));
#5954 = CARTESIAN_POINT('',(-0.575651154806,-0.825694343882,
    -5.453714671707));
#5955 = CARTESIAN_POINT('',(-0.715142222654,-0.702613696833,
    -5.465561088809));
#5956 = CARTESIAN_POINT('',(-0.764618614922,-0.650804971403,
    -5.470105830568));
#5957 = CARTESIAN_POINT('',(-0.809557567515,-0.594846837641,
    -5.474649730285));
#5958 = CARTESIAN_POINT('',(-0.849532256257,-0.535241513231,
    -5.47919304624));
#5959 = CARTESIAN_POINT('',(-0.884191182012,-0.472546454062,
    -5.483736154886));
#5960 = CARTESIAN_POINT('',(-0.940054138599,-0.347307514921,
    -5.492464580305));
#5961 = CARTESIAN_POINT('',(-0.96210330812,-0.28513699267,
    -5.496650115473));
#5962 = CARTESIAN_POINT('',(-0.97920412986,-0.221321829639,
    -5.500835665151));
#5963 = CARTESIAN_POINT('',(-0.9912106963,-0.156355582987,
    -5.505021507745));
#5964 = CARTESIAN_POINT('',(-0.998042674827,-9.074656028239E-02,
    -5.509207848151));
#5965 = CARTESIAN_POINT('',(-1.001545015382,4.925231645659E-02,
    -5.518123988359));
#5966 = CARTESIAN_POINT('',(-0.996782928226,0.123681657209,
    -5.522854126184));
#5967 = CARTESIAN_POINT('',(-0.985382368661,0.197536358499,
    -5.527584564389));
#5968 = CARTESIAN_POINT('',(-0.967435205021,0.270079084924,
    -5.532315257031));
#5969 = CARTESIAN_POINT('',(-0.943140618692,0.340593909142,
    -5.537046063685));
#5970 = CARTESIAN_POINT('',(-0.884017096324,0.472738224349,
    -5.546264405832));
#5971 = CARTESIAN_POINT('',(-0.849789818963,0.534641440144,
    -5.550752248741));
#5972 = CARTESIAN_POINT('',(-0.810378968359,0.593533141149,
    -5.555239391248));
#5973 = CARTESIAN_POINT('',(-0.766122612511,0.648876375672,
    -5.559725796459));
#5974 = CARTESIAN_POINT('',(-0.717430535139,0.700186609225,
    -5.564211568405));
#5975 = CARTESIAN_POINT('',(-0.583653624668,0.819231809946,
    -5.575606700807));
#5976 = CARTESIAN_POINT('',(-0.493111146397,0.880861118769,
    -5.582516374757));
#5977 = CARTESIAN_POINT('',(-0.394894765093,0.930366858259,
    -5.589423951791));
#5978 = CARTESIAN_POINT('',(-0.29105608547,0.966623155028,
    -5.596332300145));
#5979 = CARTESIAN_POINT('',(-0.183829390533,0.988938037,-5.603244245785)
  );
#5980 = CARTESIAN_POINT('',(4.121203324103E-02,1.005988694705,
    -5.617612653555));
#5981 = CARTESIAN_POINT('',(0.159241107829,0.998430033516,
    -5.625072024284));
#5982 = CARTESIAN_POINT('',(0.275601763993,0.974232339016,
    -5.632532761459));
#5983 = CARTESIAN_POINT('',(0.387396576786,0.933887365558,
    -5.639994773733));
#5984 = CARTESIAN_POINT('',(0.491896982223,0.878492954609,
    -5.647456207225));
#5985 = CARTESIAN_POINT('',(0.631745300252,0.777167239029,
    -5.658453647289));
#5986 = CARTESIAN_POINT('',(0.674591288661,0.741543045938,
    -5.661993458744));
#5987 = CARTESIAN_POINT('',(0.715009808546,0.703097080321,-5.66553246625
    ));
#5988 = CARTESIAN_POINT('',(0.752771094725,0.662038555508,
    -5.669070774557));
#5989 = CARTESIAN_POINT('',(0.787669957743,0.618600791455,
    -5.672608614394));
#5990 = CARTESIAN_POINT('',(0.847131379205,0.533562279885,
    -5.679211215732));
#5991 = CARTESIAN_POINT('',(0.872452352624,0.492490670468,
    -5.682276085808));
#5992 = CARTESIAN_POINT('',(0.895375870198,0.44998897084,-5.685340940145
    ));
#5993 = CARTESIAN_POINT('',(0.915802867233,0.406232902874,
    -5.688406015128));
#5994 = CARTESIAN_POINT('',(0.933651589966,0.361406814501,
    -5.691471501854));
#5995 = CARTESIAN_POINT('',(0.965758565999,0.264907667283,
    -5.697944708104));
#5996 = CARTESIAN_POINT('',(0.979395908797,0.213027240899,
    -5.701352567573));
#5997 = CARTESIAN_POINT('',(0.989683022412,0.160323512908,
    -5.704761006378));
#5998 = CARTESIAN_POINT('',(0.996560988021,0.107067041032,
    -5.708169848118));
#5999 = CARTESIAN_POINT('',(0.999999999999,5.353332764083E-02,
    -5.711578684721));
#6000 = CARTESIAN_POINT('',(1.,3.959455E-11,-5.714986847665));
#6001 = ORIENTED_EDGE('',*,*,#5719,.T.);
#6002 = ORIENTED_EDGE('',*,*,#6003,.T.);
#6003 = EDGE_CURVE('',#5643,#6004,#6006,.T.);
#6004 = VERTEX_POINT('',#6005);
#6005 = CARTESIAN_POINT('',(1.,2.601E-12,-5.765001888624));
#6006 = B_SPLINE_CURVE_WITH_KNOTS('',6,(#6007,#6008,#6009,#6010,#6011,
    #6012,#6013,#6014,#6015,#6016,#6017,#6018,#6019,#6020,#6021,#6022,
    #6023,#6024,#6025,#6026,#6027,#6028,#6029,#6030,#6031,#6032,#6033,
    #6034,#6035,#6036,#6037,#6038,#6039,#6040,#6041,#6042,#6043,#6044,
    #6045,#6046,#6047,#6048,#6049,#6050,#6051,#6052,#6053,#6054,#6055,
    #6056,#6057,#6058,#6059,#6060,#6061,#6062,#6063,#6064,#6065,#6066,
    #6067,#6068,#6069,#6070,#6071,#6072,#6073,#6074,#6075,#6076,#6077,
    #6078),.UNSPECIFIED.,.F.,.F.,(7,5,5,5,5,5,5,5,5,5,5,5,5,5,7),(0.,
    5.110701485521E-02,9.610652095423E-02,0.148030027975,0.262027234128,
    0.36243777567,0.401439800094,0.498080455672,0.563715131435,
    0.631580080346,0.73757927153,0.794679612493,0.845682020062,
    0.946401630546,1.),.UNSPECIFIED.);
#6007 = CARTESIAN_POINT('',(1.,6.20004E-12,-5.365002060331));
#6008 = CARTESIAN_POINT('',(1.,-5.351795725867E-02,-5.368409099657));
#6009 = CARTESIAN_POINT('',(0.996562963042,-0.10703631086,
    -5.371816577078));
#6010 = CARTESIAN_POINT('',(0.989688942257,-0.160277710924,
    -5.375223971467));
#6011 = CARTESIAN_POINT('',(0.979407695344,-0.212966887958,
    -5.378630973856));
#6012 = CARTESIAN_POINT('',(0.965778065627,-0.264833488564,
    -5.382037465296));
#6013 = CARTESIAN_POINT('',(0.934015172402,-0.36032773466,
    -5.388442488911));
#6014 = CARTESIAN_POINT('',(0.916614580477,-0.404199833887,
    -5.391441157675));
#6015 = CARTESIAN_POINT('',(0.896745152434,-0.447052124133,
    -5.39443952007));
#6016 = CARTESIAN_POINT('',(0.87448304529,-0.48871186611,-5.397437749865
    ));
#6017 = CARTESIAN_POINT('',(0.849920296569,-0.529014174282,
    -5.400436053079));
#6018 = CARTESIAN_POINT('',(0.792290998686,-0.612561330581,
    -5.406894411122));
#6019 = CARTESIAN_POINT('',(0.758497036833,-0.655305449516,
    -5.410354580013));
#6020 = CARTESIAN_POINT('',(0.721947066843,-0.69579672541,-5.41381522644
    ));
#6021 = CARTESIAN_POINT('',(0.682831057838,-0.733815265528,
    -5.417276544321));
#6022 = CARTESIAN_POINT('',(0.641361684521,-0.769162998981,
    -5.420738616301));
#6023 = CARTESIAN_POINT('',(0.502071254618,-0.873026554372,
    -5.431803510209));
#6024 = CARTESIAN_POINT('',(0.39612687666,-0.930693111387,
    -5.439410377094));
#6025 = CARTESIAN_POINT('',(0.282435823172,-0.97278789709,
    -5.447017627796));
#6026 = CARTESIAN_POINT('',(0.163880616579,-0.998122183636,
    -5.454623380614));
#6027 = CARTESIAN_POINT('',(4.353024132011E-02,-1.006158668262,
    -5.462227759809));
#6028 = CARTESIAN_POINT('',(-0.180349354914,-0.9892066997,
    -5.476521617526));
#6029 = CARTESIAN_POINT('',(-0.284208068487,-0.968037625242,
    -5.483214245879));
#6030 = CARTESIAN_POINT('',(-0.384961206733,-0.933792554229,
    -5.489903728633));
#6031 = CARTESIAN_POINT('',(-0.480577393494,-0.88708361491,
    -5.496592532255));
#6032 = CARTESIAN_POINT('',(-0.569182493292,-0.828907492928,
    -5.503283134709));
#6033 = CARTESIAN_POINT('',(-0.680230901723,-0.734134892144,
    -5.512573074232));
#6034 = CARTESIAN_POINT('',(-0.709998517889,-0.706098505353,
    -5.515172219104));
#6035 = CARTESIAN_POINT('',(-0.73837303069,-0.676619461458,
    -5.517771587397));
#6036 = CARTESIAN_POINT('',(-0.765267989842,-0.645784699506,
    -5.520371190525));
#6037 = CARTESIAN_POINT('',(-0.790604339469,-0.613687926881,
    -5.522971021618));
#6038 = CARTESIAN_POINT('',(-0.873050214672,-0.498020957322,
    -5.532013515491));
#6039 = CARTESIAN_POINT('',(-0.921788441483,-0.40847013757,
    -5.538457951165));
#6040 = CARTESIAN_POINT('',(-0.959423197586,-0.31331524379,
    -5.544902484068));
#6041 = CARTESIAN_POINT('',(-0.985200973314,-0.214289497619,
    -5.551346961551));
#6042 = CARTESIAN_POINT('',(-0.998708361887,-0.113236285536,
    -5.557791470524));
#6043 = CARTESIAN_POINT('',(-1.000755387802,5.667768656115E-02,
    -5.56861015223));
#6044 = CARTESIAN_POINT('',(-0.995915221376,0.125471820579,
    -5.572985624575));
#6045 = CARTESIAN_POINT('',(-0.9853998393,0.193748173185,-5.577360528929
    ));
#6046 = CARTESIAN_POINT('',(-0.969282937478,0.260923506129,
    -5.58173510359));
#6047 = CARTESIAN_POINT('',(-0.94771692181,0.326429974688,
    -5.586109677311));
#6048 = CARTESIAN_POINT('',(-0.893234530166,0.455172997349,
    -5.595007487711));
#6049 = CARTESIAN_POINT('',(-0.859955944734,0.51826012143,
    -5.599530952762));
#6050 = CARTESIAN_POINT('',(-0.821348291065,0.578388590319,
    -5.604054643174));
#6051 = CARTESIAN_POINT('',(-0.77774753409,0.635001379171,
    -5.608578934075));
#6052 = CARTESIAN_POINT('',(-0.729564751467,0.687594255598,
    -5.613104083996));
#6053 = CARTESIAN_POINT('',(-0.595611903422,0.81090550778,
    -5.624698406077));
#6054 = CARTESIAN_POINT('',(-0.503917881511,0.875218473593,
    -5.63176972785));
#6055 = CARTESIAN_POINT('',(-0.404033284775,0.926963270564,
    -5.638840949422));
#6056 = CARTESIAN_POINT('',(-0.29813665847,0.964911491935,
    -5.645911926303));
#6057 = CARTESIAN_POINT('',(-0.18860995049,0.988305100331,
    -5.652982068983));
#6058 = CARTESIAN_POINT('',(-1.833758796474E-02,1.00161818518,
    -5.663855199342));
#6059 = CARTESIAN_POINT('',(4.160915333689E-02,1.002001795404,
    -5.667661154425));
#6060 = CARTESIAN_POINT('',(0.101505840423,0.998078044083,
    -5.671466252975));
#6061 = CARTESIAN_POINT('',(0.16096631085,0.989863053215,-5.675270623385
    ));
#6062 = CARTESIAN_POINT('',(0.219609013225,0.977418662577,
    -5.679074510613));
#6063 = CARTESIAN_POINT('',(0.328380337227,0.946054354674,
    -5.686275457443));
#6064 = CARTESIAN_POINT('',(0.37875045955,0.927967614149,-5.689672649836
    ));
#6065 = CARTESIAN_POINT('',(0.427908401274,0.906667869268,
    -5.693069785268));
#6066 = CARTESIAN_POINT('',(0.475599269195,0.882259159526,
    -5.696467134945));
#6067 = CARTESIAN_POINT('',(0.521580632611,0.854872046559,
    -5.699864950964));
#6068 = CARTESIAN_POINT('',(0.652605098705,0.765004025441,
    -5.709974369678));
#6069 = CARTESIAN_POINT('',(0.732045621871,0.694328899727,
    -5.716688524711));
#6070 = CARTESIAN_POINT('',(0.80217440712,0.613845022826,-5.723404841162
    ));
#6071 = CARTESIAN_POINT('',(0.861528582724,0.52511925164,-5.730124240001
    ));
#6072 = CARTESIAN_POINT('',(0.908981540035,0.429972231846,
    -5.736844022566));
#6073 = CARTESIAN_POINT('',(0.962376614599,0.277455063323,
    -5.747135775568));
#6074 = CARTESIAN_POINT('',(0.977354422832,0.223232546997,
    -5.750709909059));
#6075 = CARTESIAN_POINT('',(0.988659171802,0.168061800675,
    -5.754283314993));
#6076 = CARTESIAN_POINT('',(0.996219704553,0.112254048276,-5.75785612336
    ));
#6077 = CARTESIAN_POINT('',(1.,5.612675050718E-02,-5.761428770382));
#6078 = CARTESIAN_POINT('',(1.,5.20073E-12,-5.765001888624));
#6079 = ORIENTED_EDGE('',*,*,#6080,.F.);
#6080 = EDGE_CURVE('',#5926,#6004,#6081,.T.);
#6081 = LINE('',#6082,#6083);
#6082 = CARTESIAN_POINT('',(1.,0.,-1.E-01));
#6083 = VECTOR('',#6084,1.);
#6084 = DIRECTION('',(0.,0.,-1.));
#6085 = CYLINDRICAL_SURFACE('',#6086,1.);
#6086 = AXIS2_PLACEMENT_3D('',#6087,#6088,#6089);
#6087 = CARTESIAN_POINT('',(0.,0.,-1.E-01));
#6088 = DIRECTION('',(-0.,-0.,-1.));
#6089 = DIRECTION('',(1.,0.,0.));
#6090 = ADVANCED_FACE('',(#6091),#6116,.T.);
#6091 = FACE_BOUND('',#6092,.T.);
#6092 = EDGE_LOOP('',(#6093,#6109,#6110,#6111));
#6093 = ORIENTED_EDGE('',*,*,#6094,.F.);
#6094 = EDGE_CURVE('',#5734,#6095,#6097,.T.);
#6095 = VERTEX_POINT('',#6096);
#6096 = CARTESIAN_POINT('',(0.78350407984,7.56641321E-07,-5.490011885296
    ));
#6097 = ( BOUNDED_CURVE() B_SPLINE_CURVE(10,(#6098,#6099,#6100,#6101,
    #6102,#6103,#6104,#6105,#6106,#6107,#6108),.UNSPECIFIED.,.F.,.F.) 
B_SPLINE_CURVE_WITH_KNOTS((11,11),(0.,6.295904828089),
.PIECEWISE_BEZIER_KNOTS.) CURVE() GEOMETRIC_REPRESENTATION_ITEM() 
RATIONAL_B_SPLINE_CURVE((1.056590953773,1.056590953773,1.056590953773,
    1.056590953773,1.056590953773,1.056590953773,1.056590953773,
    1.056590953773,1.056590953773,1.056590953773,1.056590953773)) 
REPRESENTATION_ITEM('') );
#6098 = CARTESIAN_POINT('',(0.783504949103,8.196931805E-07,
    -5.090012875712));
#6099 = CARTESIAN_POINT('',(0.783504265949,-0.492318930192,
    -5.130011510664));
#6100 = CARTESIAN_POINT('',(0.439853087072,-0.984334880581,
    -5.169986756534));
#6101 = CARTESIAN_POINT('',(-0.247971161357,-1.206208731417,
    -5.210084697886));
#6102 = CARTESIAN_POINT('',(-1.03405178645,-0.895274568689,
    -5.249938258307));
#6103 = CARTESIAN_POINT('',(-1.449721958693,-1.96806237239E-05,
    -5.29001238));
#6104 = CARTESIAN_POINT('',(-1.033920367567,0.895299374757,
    -5.330086503504));
#6105 = CARTESIAN_POINT('',(-0.248101904934,1.206197927988,
    -5.369940062736));
#6106 = CARTESIAN_POINT('',(0.43989570243,0.98433743822,-5.410038004563)
  );
#6107 = CARTESIAN_POINT('',(0.783504802596,0.492320506526,
    -5.450013250347));
#6108 = CARTESIAN_POINT('',(0.78350407984,7.5664133337E-07,
    -5.490011885296));
#6109 = ORIENTED_EDGE('',*,*,#5751,.T.);
#6110 = ORIENTED_EDGE('',*,*,#5642,.T.);
#6111 = ORIENTED_EDGE('',*,*,#6112,.F.);
#6112 = EDGE_CURVE('',#6095,#5643,#6113,.T.);
#6113 = B_SPLINE_CURVE_WITH_KNOTS('',1,(#6114,#6115),.UNSPECIFIED.,.F.,
  .F.,(2,2),(0.,0.28),.PIECEWISE_BEZIER_KNOTS.);
#6114 = CARTESIAN_POINT('',(0.78350407984,7.5664133394E-07,
    -5.490011885296));
#6115 = CARTESIAN_POINT('',(1.025983506932,-9.080397002E-08,
    -5.349998573655));
#6116 = B_SPLINE_SURFACE_WITH_KNOTS('',1,10,(
    (#6117,#6118,#6119,#6120,#6121,#6122,#6123,#6124,#6125,#6126,#6127)
    ,(#6128,#6129,#6130,#6131,#6132,#6133,#6134,#6135,#6136,#6137,#6138
    )),.UNSPECIFIED.,.F.,.F.,.F.,(2,2),(11,11),(0.,0.28),(0.,
    6.295904828089),.PIECEWISE_BEZIER_KNOTS.);
#6117 = CARTESIAN_POINT('',(0.783504949103,8.1969318079E-07,
    -5.090012875712));
#6118 = CARTESIAN_POINT('',(0.783504265949,-0.492318930192,
    -5.130011510664));
#6119 = CARTESIAN_POINT('',(0.439853087072,-0.984334880581,
    -5.169986756533));
#6120 = CARTESIAN_POINT('',(-0.247971161357,-1.206208731417,
    -5.210084697887));
#6121 = CARTESIAN_POINT('',(-1.034051786449,-0.895274568689,
    -5.249938258306));
#6122 = CARTESIAN_POINT('',(-1.449721958693,-1.968062346913E-05,
    -5.290012380001));
#6123 = CARTESIAN_POINT('',(-1.033920367567,0.895299374757,
    -5.330086503503));
#6124 = CARTESIAN_POINT('',(-0.248101904934,1.206197927988,
    -5.369940062737));
#6125 = CARTESIAN_POINT('',(0.43989570243,0.98433743822,-5.410038004562)
  );
#6126 = CARTESIAN_POINT('',(0.783504802596,0.492320506526,
    -5.450013250347));
#6127 = CARTESIAN_POINT('',(0.78350407984,7.5664133394E-07,
    -5.490011885296));
#6128 = CARTESIAN_POINT('',(1.025983735663,-9.837140914E-08,
    -4.949998454786));
#6129 = CARTESIAN_POINT('',(1.025983358617,-0.644641097936,
    -4.989998618619));
#6130 = CARTESIAN_POINT('',(0.576030117729,-1.289300518821,
    -5.030001589604));
#6131 = CARTESIAN_POINT('',(-0.324910489962,-1.578747021071,
    -5.069989834673));
#6132 = CARTESIAN_POINT('',(-1.353725340557,-1.173077645996,
    -5.11000741046));
#6133 = CARTESIAN_POINT('',(-1.898735316857,-4.61942498831E-06,
    -5.149998514088));
#6134 = CARTESIAN_POINT('',(-1.353690067999,1.173084969645,
    -5.189989618191));
#6135 = CARTESIAN_POINT('',(-0.324943964982,1.578744369851,
    -5.230007193667));
#6136 = CARTESIAN_POINT('',(0.57604209083,1.289300852671,-5.269995438858
    ));
#6137 = CARTESIAN_POINT('',(1.025983879225,0.644640908761,
    -5.309998409823));
#6138 = CARTESIAN_POINT('',(1.025983506932,-9.080397002E-08,
    -5.349998573655));
#6139 = ADVANCED_FACE('',(#6140),#6170,.T.);
#6140 = FACE_BOUND('',#6141,.T.);
#6141 = EDGE_LOOP('',(#6142,#6158,#6159,#6160));
#6142 = ORIENTED_EDGE('',*,*,#6143,.F.);
#6143 = EDGE_CURVE('',#5783,#6144,#6146,.T.);
#6144 = VERTEX_POINT('',#6145);
#6145 = CARTESIAN_POINT('',(0.783509569555,7.56631676E-07,
    -5.590011885145));
#6146 = B_SPLINE_CURVE_WITH_KNOTS('',10,(#6147,#6148,#6149,#6150,#6151,
    #6152,#6153,#6154,#6155,#6156,#6157),.UNSPECIFIED.,.F.,.F.,(11,11),(
    0.,6.295904828089),.PIECEWISE_BEZIER_KNOTS.);
#6147 = CARTESIAN_POINT('',(0.783510896294,8.1968187299E-07,
    -5.190012875535));
#6148 = CARTESIAN_POINT('',(0.783509582613,-0.492322522438,
    -5.230011510525));
#6149 = CARTESIAN_POINT('',(0.439844562673,-0.984341632558,
    -5.26998675707));
#6150 = CARTESIAN_POINT('',(-0.247939208037,-1.206220228474,
    -5.31008469571));
#6151 = CARTESIAN_POINT('',(-1.03409438342,-0.895274045558,
    -5.349938260315));
#6152 = CARTESIAN_POINT('',(-1.449732547902,-2.927004519826E-05,
    -5.390012379568));
#6153 = CARTESIAN_POINT('',(-1.033892850768,0.895313000493,
    -5.430086501596));
#6154 = CARTESIAN_POINT('',(-0.248137484925,1.206204002475,
    -5.46994006438));
#6155 = CARTESIAN_POINT('',(0.439910649109,0.984345070372,
    -5.510038003745));
#6156 = CARTESIAN_POINT('',(0.783510922838,0.492324098752,
    -5.550013250161));
#6157 = CARTESIAN_POINT('',(0.783509569555,7.5663168881E-07,
    -5.590011885145));
#6158 = ORIENTED_EDGE('',*,*,#5800,.T.);
#6159 = ORIENTED_EDGE('',*,*,#6094,.T.);
#6160 = ORIENTED_EDGE('',*,*,#6161,.F.);
#6161 = EDGE_CURVE('',#6144,#6095,#6162,.T.);
#6162 = ( BOUNDED_CURVE() B_SPLINE_CURVE(6,(#6163,#6164,#6165,#6166,
#6167,#6168,#6169),.UNSPECIFIED.,.F.,.F.) B_SPLINE_CURVE_WITH_KNOTS((7,7
),(0.,2.094395102393),.PIECEWISE_BEZIER_KNOTS.) CURVE() 
GEOMETRIC_REPRESENTATION_ITEM() RATIONAL_B_SPLINE_CURVE((1.056590953773,
    1.017435169568,0.996326512422,0.989390034249,0.996326512422,
1.017435169568,1.056590953773)) REPRESENTATION_ITEM('') );
#6163 = CARTESIAN_POINT('',(0.783509569555,7.5663168797E-07,
    -5.590011885145));
#6164 = CARTESIAN_POINT('',(0.765384476238,8.1997537596E-07,
    -5.579548684285));
#6165 = CARTESIAN_POINT('',(0.752611103727,8.6461485105E-07,
    -5.561838394975));
#6166 = CARTESIAN_POINT('',(0.747993429073,8.8075090063E-07,
    -5.540013834805));
#6167 = CARTESIAN_POINT('',(0.752608707487,8.6461906088E-07,
    -5.518188767772));
#6168 = CARTESIAN_POINT('',(0.765380135432,8.1998300341E-07,
    -5.500477076124));
#6169 = CARTESIAN_POINT('',(0.78350407984,7.5664133337E-07,
    -5.490011885296));
#6170 = ( BOUNDED_SURFACE() B_SPLINE_SURFACE(6,10,(
    (#6171,#6172,#6173,#6174,#6175,#6176,#6177,#6178,#6179,#6180,#6181)
    ,(#6182,#6183,#6184,#6185,#6186,#6187,#6188,#6189,#6190,#6191,#6192)
    ,(#6193,#6194,#6195,#6196,#6197,#6198,#6199,#6200,#6201,#6202,#6203)
    ,(#6204,#6205,#6206,#6207,#6208,#6209,#6210,#6211,#6212,#6213,#6214)
    ,(#6215,#6216,#6217,#6218,#6219,#6220,#6221,#6222,#6223,#6224,#6225)
    ,(#6226,#6227,#6228,#6229,#6230,#6231,#6232,#6233,#6234,#6235,#6236)
    ,(#6237,#6238,#6239,#6240,#6241,#6242,#6243,#6244,#6245,#6246,#6247
)),.UNSPECIFIED.,.F.,.F.,.F.) B_SPLINE_SURFACE_WITH_KNOTS((7,7),(11,11),
  (0.,2.094395102393),(0.,6.295904828089),.PIECEWISE_BEZIER_KNOTS.) 
GEOMETRIC_REPRESENTATION_ITEM() RATIONAL_B_SPLINE_SURFACE((
    (1.056590953773,1.056590953773,1.056590953773,1.056590953773
      ,1.056590953773,1.056590953773,1.056590953773,1.056590953773
      ,1.056590953773,1.056590953773,1.056590953773)
    ,(1.017435169568,1.017435169568,1.017435169568,1.017435169569
      ,1.017435169568,1.017435169569,1.017435169568,1.017435169568
      ,1.017435169568,1.017435169568,1.017435169568)
    ,(0.996326512422,0.996326512422,0.996326512422,0.996326512422
      ,0.996326512422,0.996326512422,0.996326512422,0.996326512422
      ,0.996326512422,0.996326512422,0.996326512422)
    ,(0.989390034249,0.989390034249,0.989390034248,0.989390034249
      ,0.989390034248,0.989390034249,0.989390034248,0.989390034249
      ,0.989390034249,0.989390034249,0.989390034249)
    ,(0.996326512422,0.996326512422,0.996326512422,0.996326512422
      ,0.996326512422,0.996326512422,0.996326512422,0.996326512422
      ,0.996326512422,0.996326512422,0.996326512422)
    ,(1.017435169568,1.017435169568,1.017435169568,1.017435169568
      ,1.017435169568,1.017435169569,1.017435169568,1.017435169568
      ,1.017435169568,1.017435169568,1.017435169568)
    ,(1.056590953773,1.056590953773,1.056590953773,1.056590953773
      ,1.056590953773,1.056590953773,1.056590953773,1.056590953773
      ,1.056590953773,1.056590953773,1.056590953773
))) REPRESENTATION_ITEM('') SURFACE() );
#6171 = CARTESIAN_POINT('',(0.783510896294,8.1968187277E-07,
    -5.190012875535));
#6172 = CARTESIAN_POINT('',(0.783509582612,-0.492322522438,
    -5.230011510525));
#6173 = CARTESIAN_POINT('',(0.439844562673,-0.984341632558,
    -5.26998675707));
#6174 = CARTESIAN_POINT('',(-0.247939208037,-1.206220228474,
    -5.31008469571));
#6175 = CARTESIAN_POINT('',(-1.03409438342,-0.895274045558,
    -5.349938260315));
#6176 = CARTESIAN_POINT('',(-1.449732547902,-2.927004519662E-05,
    -5.390012379568));
#6177 = CARTESIAN_POINT('',(-1.033892850768,0.895313000493,
    -5.430086501596));
#6178 = CARTESIAN_POINT('',(-0.248137484925,1.206204002475,
    -5.469940064381));
#6179 = CARTESIAN_POINT('',(0.439910649109,0.984345070372,
    -5.510038003745));
#6180 = CARTESIAN_POINT('',(0.783510922838,0.492324098752,
    -5.550013250161));
#6181 = CARTESIAN_POINT('',(0.783509569555,7.5663168797E-07,
    -5.590011885145));
#6182 = CARTESIAN_POINT('',(0.765385755111,8.883042952E-07,
    -5.179549757593));
#6183 = CARTESIAN_POINT('',(0.765384550509,-0.480936563517,-5.2195482783
    ));
#6184 = CARTESIAN_POINT('',(0.429667895832,-0.961545789698,
    -5.259521452411));
#6185 = CARTESIAN_POINT('',(-0.242195122468,-1.17837272498,
    -5.299627590785));
#6186 = CARTESIAN_POINT('',(-1.010191706549,-0.874509970673,
    -5.339468895309));
#6187 = CARTESIAN_POINT('',(-1.416169162296,-2.83888717168E-05,
    -5.379549220196));
#6188 = CARTESIAN_POINT('',(-1.009997661196,0.874547271189,
    -5.419629547756));
#6189 = CARTESIAN_POINT('',(-0.242386535986,1.178357024506,
    -5.459470850525));
#6190 = CARTESIAN_POINT('',(0.429731360482,0.961549209522,
    -5.499576989598));
#6191 = CARTESIAN_POINT('',(0.765385723757,0.480938271796,
    -5.539550163584));
#6192 = CARTESIAN_POINT('',(0.765384476238,8.1997537596E-07,
    -5.579548684285));
#6193 = CARTESIAN_POINT('',(0.752612301579,9.366638794E-07,
    -5.161839526718));
#6194 = CARTESIAN_POINT('',(0.752611239022,-0.472912474408,
    -5.201837966886));
#6195 = CARTESIAN_POINT('',(0.422497250786,-0.945480796161,
    -5.241809680476));
#6196 = CARTESIAN_POINT('',(-0.23815055192,-1.158747321268,
    -5.281921597507));
#6197 = CARTESIAN_POINT('',(-0.993343018681,-0.859877521849,
    -5.321754261883));
#6198 = CARTESIAN_POINT('',(-1.392515853972,-2.67766629628E-05,
    -5.361838960151));
#6199 = CARTESIAN_POINT('',(-0.993161497198,0.859912193944,
    -5.40192366092));
#6200 = CARTESIAN_POINT('',(-0.23833014799,1.158732551656,
    -5.441756323654));
#6201 = CARTESIAN_POINT('',(0.422556441687,0.945484112323,
    -5.481868241339));
#6202 = CARTESIAN_POINT('',(0.752612211537,0.472914275686,
    -5.521839954812));
#6203 = CARTESIAN_POINT('',(0.752611103727,8.6461485105E-07,
    -5.561838394975));
#6204 = CARTESIAN_POINT('',(0.747994527083,9.5414478959E-07,
    -5.140014987673));
#6205 = CARTESIAN_POINT('',(0.747993613116,-0.470011680909,
    -5.180013398725));
#6206 = CARTESIAN_POINT('',(0.419906796249,-0.939673198116,
    -5.219984584318));
#6207 = CARTESIAN_POINT('',(-0.23669360421,-1.151652111091,
    -5.260098590414));
#6208 = CARTESIAN_POINT('',(-0.987246632428,-0.854588827095,
    -5.299928131236));
#6209 = CARTESIAN_POINT('',(-1.383964931603,-2.471493562237E-05,
    -5.340014410602));
#6210 = CARTESIAN_POINT('',(-0.987080451467,0.854620366943,
    -5.380100692258));
#6211 = CARTESIAN_POINT('',(-0.236858513081,1.151638514273,
    -5.419930231576));
#6212 = CARTESIAN_POINT('',(0.419960822419,0.939676341059,
    -5.460044238272));
#6213 = CARTESIAN_POINT('',(0.747994389138,0.470013515804,
    -5.500015423757));
#6214 = CARTESIAN_POINT('',(0.747993429073,8.8075090063E-07,
    -5.540013834805));
#6215 = CARTESIAN_POINT('',(0.752609705652,9.3666881576E-07,
    -5.118189899526));
#6216 = CARTESIAN_POINT('',(0.752608918318,-0.472910906405,
    -5.158188339678));
#6217 = CARTESIAN_POINT('',(0.422500971655,-0.945477848948,
    -5.198160052973));
#6218 = CARTESIAN_POINT('',(-0.238164499425,-1.158742302845,
    -5.238271971188));
#6219 = CARTESIAN_POINT('',(-0.993324425262,-0.859877750194,
    -5.278104633738));
#6220 = CARTESIAN_POINT('',(-1.392511231821,-2.259091588863E-05,
    -5.31818933307));
#6221 = CARTESIAN_POINT('',(-0.993173508178,0.859906246361,
    -5.358274034484));
#6222 = CARTESIAN_POINT('',(-0.238314617457,1.158729900166,
    -5.398106695667));
#6223 = CARTESIAN_POINT('',(0.422549917518,0.945480780917,
    -5.438218614427));
#6224 = CARTESIAN_POINT('',(0.752609540074,0.472912707693,
    -5.478190327624));
#6225 = CARTESIAN_POINT('',(0.752608707487,8.6461906088E-07,
    -5.518188767772));
#6226 = CARTESIAN_POINT('',(0.765381052571,8.8831323561E-07,
    -5.100478149453));
#6227 = CARTESIAN_POINT('',(0.765380346537,-0.48093372307,
    -5.140476670131));
#6228 = CARTESIAN_POINT('',(0.429674636212,-0.961540450801,
    -5.180449843707));
#6229 = CARTESIAN_POINT('',(-0.242220388472,-1.178363634072,
    -5.220555984226));
#6230 = CARTESIAN_POINT('',(-1.010158024439,-0.874510384322,
    -5.260397285441));
#6231 = CARTESIAN_POINT('',(-1.416160789238,-2.080636168308E-05,
    -5.300477612257));
#6232 = CARTESIAN_POINT('',(-1.010019419172,0.8745364971,-5.340557940985
    ));
#6233 = CARTESIAN_POINT('',(-0.242358402315,1.178352221312,
    -5.380399240945));
#6234 = CARTESIAN_POINT('',(0.429719541903,0.961543174656,
    -5.420505381964));
#6235 = CARTESIAN_POINT('',(0.765380884383,0.480935431366,
    -5.460478555451));
#6236 = CARTESIAN_POINT('',(0.765380135432,8.1998300341E-07,
    -5.500477076124));
#6237 = CARTESIAN_POINT('',(0.783504949103,8.196931805E-07,
    -5.090012875712));
#6238 = CARTESIAN_POINT('',(0.783504265949,-0.492318930192,
    -5.130011510664));
#6239 = CARTESIAN_POINT('',(0.439853087072,-0.984334880581,
    -5.169986756534));
#6240 = CARTESIAN_POINT('',(-0.247971161357,-1.206208731417,
    -5.210084697886));
#6241 = CARTESIAN_POINT('',(-1.03405178645,-0.895274568689,
    -5.249938258307));
#6242 = CARTESIAN_POINT('',(-1.449721958693,-1.96806237239E-05,
    -5.29001238));
#6243 = CARTESIAN_POINT('',(-1.033920367567,0.895299374757,
    -5.330086503504));
#6244 = CARTESIAN_POINT('',(-0.248101904934,1.206197927988,
    -5.369940062736));
#6245 = CARTESIAN_POINT('',(0.43989570243,0.98433743822,-5.410038004563)
  );
#6246 = CARTESIAN_POINT('',(0.783504802596,0.492320506526,
    -5.450013250347));
#6247 = CARTESIAN_POINT('',(0.78350407984,7.5664133337E-07,
    -5.490011885296));
#6248 = ADVANCED_FACE('',(#6249),#6259,.T.);
#6249 = FACE_BOUND('',#6250,.T.);
#6250 = EDGE_LOOP('',(#6251,#6252,#6253,#6254));
#6251 = ORIENTED_EDGE('',*,*,#5925,.F.);
#6252 = ORIENTED_EDGE('',*,*,#5894,.T.);
#6253 = ORIENTED_EDGE('',*,*,#6143,.T.);
#6254 = ORIENTED_EDGE('',*,*,#6255,.F.);
#6255 = EDGE_CURVE('',#5926,#6144,#6256,.T.);
#6256 = B_SPLINE_CURVE_WITH_KNOTS('',1,(#6257,#6258),.UNSPECIFIED.,.F.,
  .F.,(2,2),(0.,0.28),.PIECEWISE_BEZIER_KNOTS.);
#6257 = CARTESIAN_POINT('',(1.026004367849,-9.084062153E-08,
    -5.729998573082));
#6258 = CARTESIAN_POINT('',(0.783509569555,7.5663168881E-07,
    -5.590011885145));
#6259 = B_SPLINE_SURFACE_WITH_KNOTS('',1,10,(
    (#6260,#6261,#6262,#6263,#6264,#6265,#6266,#6267,#6268,#6269,#6270)
    ,(#6271,#6272,#6273,#6274,#6275,#6276,#6277,#6278,#6279,#6280,#6281
    )),.UNSPECIFIED.,.F.,.F.,.F.,(2,2),(11,11),(0.,0.28),(0.,
    6.295904828089),.PIECEWISE_BEZIER_KNOTS.);
#6260 = CARTESIAN_POINT('',(1.026006334992,-9.841437737E-08,
    -5.329998454114));
#6261 = CARTESIAN_POINT('',(1.026003561939,-0.644654748473,
    -5.36999861809));
#6262 = CARTESIAN_POINT('',(0.575997725012,-1.289326176334,
    -5.410001591641));
#6263 = CARTESIAN_POINT('',(-0.324789067344,-1.578790709889,
    -5.449989826404));
#6264 = CARTESIAN_POINT('',(-1.353887209046,-1.173075658098,
    -5.490007418091));
#6265 = CARTESIAN_POINT('',(-1.898775555851,-4.105922763431E-05,
    -5.529998512446));
#6266 = CARTESIAN_POINT('',(-1.353585504163,1.173136747443,
    -5.569989610942));
#6267 = CARTESIAN_POINT('',(-0.325079168946,1.5787674529,-5.610007199915
    ));
#6268 = CARTESIAN_POINT('',(0.576098888211,1.28932985485,-5.649995435751
    ));
#6269 = CARTESIAN_POINT('',(1.026007136145,0.644654559218,
    -5.689998409119));
#6270 = CARTESIAN_POINT('',(1.026004367849,-9.084062153E-08,
    -5.729998573082));
#6271 = CARTESIAN_POINT('',(0.783510896294,8.1968187299E-07,
    -5.190012875535));
#6272 = CARTESIAN_POINT('',(0.783509582613,-0.492322522438,
    -5.230011510525));
#6273 = CARTESIAN_POINT('',(0.439844562673,-0.984341632558,
    -5.26998675707));
#6274 = CARTESIAN_POINT('',(-0.247939208037,-1.206220228474,
    -5.31008469571));
#6275 = CARTESIAN_POINT('',(-1.03409438342,-0.895274045558,
    -5.349938260315));
#6276 = CARTESIAN_POINT('',(-1.449732547902,-2.927004519826E-05,
    -5.390012379568));
#6277 = CARTESIAN_POINT('',(-1.033892850768,0.895313000493,
    -5.430086501596));
#6278 = CARTESIAN_POINT('',(-0.248137484925,1.206204002475,
    -5.46994006438));
#6279 = CARTESIAN_POINT('',(0.439910649109,0.984345070372,
    -5.510038003745));
#6280 = CARTESIAN_POINT('',(0.783510922838,0.492324098752,
    -5.550013250161));
#6281 = CARTESIAN_POINT('',(0.783509569555,7.5663168881E-07,
    -5.590011885145));
#6282 = ADVANCED_FACE('',(#6283),#6466,.T.);
#6283 = FACE_BOUND('',#6284,.F.);
#6284 = EDGE_LOOP('',(#6285,#6362,#6363,#6460));
#6285 = ORIENTED_EDGE('',*,*,#6286,.F.);
#6286 = EDGE_CURVE('',#5926,#6287,#6289,.T.);
#6287 = VERTEX_POINT('',#6288);
#6288 = CARTESIAN_POINT('',(1.,1.6619E-11,-6.114987943617));
#6289 = B_SPLINE_CURVE_WITH_KNOTS('',6,(#6290,#6291,#6292,#6293,#6294,
    #6295,#6296,#6297,#6298,#6299,#6300,#6301,#6302,#6303,#6304,#6305,
    #6306,#6307,#6308,#6309,#6310,#6311,#6312,#6313,#6314,#6315,#6316,
    #6317,#6318,#6319,#6320,#6321,#6322,#6323,#6324,#6325,#6326,#6327,
    #6328,#6329,#6330,#6331,#6332,#6333,#6334,#6335,#6336,#6337,#6338,
    #6339,#6340,#6341,#6342,#6343,#6344,#6345,#6346,#6347,#6348,#6349,
    #6350,#6351,#6352,#6353,#6354,#6355,#6356,#6357,#6358,#6359,#6360,
    #6361),.UNSPECIFIED.,.F.,.F.,(7,5,5,5,5,5,5,5,5,5,5,5,5,5,7),(0.,
    5.299977474339E-02,9.899959448573E-02,0.152578327893,0.255577209046,
    0.365063786756,0.433222595062,0.496019980844,0.566960095712,
    0.634269220604,0.737970497469,0.849796392261,0.902641143867,
    0.948640532592,1.),.UNSPECIFIED.);
#6290 = CARTESIAN_POINT('',(1.,3.959133E-11,-5.714986847665));
#6291 = CARTESIAN_POINT('',(1.000000000001,-5.549999411248E-02,
    -5.718520223805));
#6292 = CARTESIAN_POINT('',(0.996303663374,-0.111000503465,
    -5.722053389914));
#6293 = CARTESIAN_POINT('',(0.988911041752,-0.166192110749,
    -5.725586783759));
#6294 = CARTESIAN_POINT('',(0.977856559784,-0.22076785111,
    -5.729120723115));
#6295 = CARTESIAN_POINT('',(0.963208250307,-0.274426641944,
    -5.732655284544));
#6296 = CARTESIAN_POINT('',(0.929321739083,-0.372399430769,
    -5.739258207562));
#6297 = CARTESIAN_POINT('',(0.910945058207,-0.417012291723,
    -5.742326537061));
#6298 = CARTESIAN_POINT('',(0.890002852766,-0.460524743785,
    -5.745395016027));
#6299 = CARTESIAN_POINT('',(0.866579058255,-0.502753401351,
    -5.748463468514));
#6300 = CARTESIAN_POINT('',(0.840774818552,-0.543523716431,
    -5.751531712747));
#6301 = CARTESIAN_POINT('',(0.780016176675,-0.628269583068,
    -5.758172900578));
#6302 = CARTESIAN_POINT('',(0.74425410107,-0.671667265885,
    -5.761745771452));
#6303 = CARTESIAN_POINT('',(0.705607338569,-0.712605206203,
    -5.76531787587));
#6304 = CARTESIAN_POINT('',(0.664289849276,-0.750846323185,
    -5.768889166773));
#6305 = CARTESIAN_POINT('',(0.620540747288,-0.786178870937,
    -5.772459730472));
#6306 = CARTESIAN_POINT('',(0.486346783701,-0.880397954912,
    -5.782892415886));
#6307 = CARTESIAN_POINT('',(0.390037192611,-0.930960032253,
    -5.789753932428));
#6308 = CARTESIAN_POINT('',(0.287567437516,-0.96878056374,
    -5.796613111808));
#6309 = CARTESIAN_POINT('',(0.181059404997,-0.992991473653,
    -5.803473794019));
#6310 = CARTESIAN_POINT('',(7.27637496288E-02,-1.003164277353,
    -5.810338244307));
#6311 = CARTESIAN_POINT('',(-0.149607394093,-0.995370488084,
    -5.824502386832));
#6312 = CARTESIAN_POINT('',(-0.263656685139,-0.975589673941,
    -5.83180470555));
#6313 = CARTESIAN_POINT('',(-0.374414880764,-0.940130618805,
    -5.83910797297));
#6314 = CARTESIAN_POINT('',(-0.479227029524,-0.889737383537,
    -5.846411706452));
#6315 = CARTESIAN_POINT('',(-0.575651391393,-0.825694184092,
    -5.853715785695));
#6316 = CARTESIAN_POINT('',(-0.715142622287,-0.702613313732,
    -5.865562220028));
#6317 = CARTESIAN_POINT('',(-0.764619146226,-0.65080438843,
    -5.870106976624));
#6318 = CARTESIAN_POINT('',(-0.80955819793,-0.594846030596,
    -5.874650891162));
#6319 = CARTESIAN_POINT('',(-0.849532949423,-0.535240463191,
    -5.879194221931));
#6320 = CARTESIAN_POINT('',(-0.884191898808,-0.472545148023,
    -5.883737345389));
#6321 = CARTESIAN_POINT('',(-0.940054815889,-0.347305719229,
    -5.892465798225));
#6322 = CARTESIAN_POINT('',(-0.962103930803,-0.285134965332,-5.896651346
    ));
#6323 = CARTESIAN_POINT('',(-0.979204664645,-0.22131957066,
    -5.90083690829));
#6324 = CARTESIAN_POINT('',(-0.99121110962,-0.156353097161,
    -5.905022763504));
#6325 = CARTESIAN_POINT('',(-0.998042933658,-9.074385721742E-02,
    -5.90920911654));
#6326 = CARTESIAN_POINT('',(-1.001544878177,4.925546653757E-02,
    -5.918125284601));
#6327 = CARTESIAN_POINT('',(-0.996782538076,0.123685033239,
    -5.922855437654));
#6328 = CARTESIAN_POINT('',(-0.9853816845,0.197539935094,-5.927585891089
    ));
#6329 = CARTESIAN_POINT('',(-0.967434189169,0.270082829868,
    -5.932316598958));
#6330 = CARTESIAN_POINT('',(-0.943139238158,0.340597784046,
    -5.937047420829));
#6331 = CARTESIAN_POINT('',(-0.884013998162,0.472744399934,
    -5.946265941355));
#6332 = CARTESIAN_POINT('',(-0.84978500963,0.53464962977,-5.950753947433
    ));
#6333 = CARTESIAN_POINT('',(-0.810372093388,0.59354308216,
    -5.955241253018));
#6334 = CARTESIAN_POINT('',(-0.766113359599,0.648887749792,
    -5.959727821229));
#6335 = CARTESIAN_POINT('',(-0.717418643938,0.70019905105,
    -5.964213756135));
#6336 = CARTESIAN_POINT('',(-0.583635386083,0.819245173604,
    -5.975609228862));
#6337 = CARTESIAN_POINT('',(-0.493089121823,0.880874010847,
    -5.982519080331));
#6338 = CARTESIAN_POINT('',(-0.394868844166,0.930378462927,
    -5.989426834834));
#6339 = CARTESIAN_POINT('',(-0.291026346722,0.966632622004,
    -5.996335361016));
#6340 = CARTESIAN_POINT('',(-0.183796107285,0.98894452984,
    -6.003247485036));
#6341 = CARTESIAN_POINT('',(4.125194030204E-02,1.005987434752,
    -6.017616277481));
#6342 = CARTESIAN_POINT('',(0.1592840295,0.998423808481,-6.025075854871)
  );
#6343 = CARTESIAN_POINT('',(0.275646919557,0.974220284995,-6.03253679847
    ));
#6344 = CARTESIAN_POINT('',(0.387442964634,0.933868786173,-6.03999901649
    ));
#6345 = CARTESIAN_POINT('',(0.491943425508,0.878467378148,
    -6.047460655004));
#6346 = CARTESIAN_POINT('',(0.631579531516,0.777283527027,
    -6.058441849686));
#6347 = CARTESIAN_POINT('',(0.674234529825,0.74183636274,-6.061965216588
    ));
#6348 = CARTESIAN_POINT('',(0.714485569201,0.703592879259,
    -6.065487788141));
#6349 = CARTESIAN_POINT('',(0.752105984939,0.662759273584,
    -6.069009666473));
#6350 = CARTESIAN_POINT('',(0.786893216957,0.619565422793,
    -6.072531077505));
#6351 = CARTESIAN_POINT('',(0.846333301674,0.534827284668,
    -6.079117253117));
#6352 = CARTESIAN_POINT('',(0.871715616957,0.493793533985,
    -6.082182124647));
#6353 = CARTESIAN_POINT('',(0.89470261327,0.451326112324,-6.085246976228
    ));
#6354 = CARTESIAN_POINT('',(0.915194963067,0.407600594744,-6.08831204446
    ));
#6355 = CARTESIAN_POINT('',(0.933110637263,0.36280120817,-6.091377521538
    ));
#6356 = CARTESIAN_POINT('',(0.965440698465,0.266113992118,
    -6.097866552616));
#6357 = CARTESIAN_POINT('',(0.9792040799,0.214007693653,-6.101290251572)
  );
#6358 = CARTESIAN_POINT('',(0.989586827825,0.161066606358,
    -6.104714537297));
#6359 = CARTESIAN_POINT('',(0.996528922967,0.107565027363,
    -6.108139233888));
#6360 = CARTESIAN_POINT('',(0.999999999999,5.378231439347E-02,
    -6.111563929098));
#6361 = CARTESIAN_POINT('',(1.,3.325706E-11,-6.114987943617));
#6362 = ORIENTED_EDGE('',*,*,#6080,.T.);
#6363 = ORIENTED_EDGE('',*,*,#6364,.T.);
#6364 = EDGE_CURVE('',#6004,#6365,#6367,.T.);
#6365 = VERTEX_POINT('',#6366);
#6366 = CARTESIAN_POINT('',(1.,2.166E-12,-6.165001716918));
#6367 = B_SPLINE_CURVE_WITH_KNOTS('',7,(#6368,#6369,#6370,#6371,#6372,
    #6373,#6374,#6375,#6376,#6377,#6378,#6379,#6380,#6381,#6382,#6383,
    #6384,#6385,#6386,#6387,#6388,#6389,#6390,#6391,#6392,#6393,#6394,
    #6395,#6396,#6397,#6398,#6399,#6400,#6401,#6402,#6403,#6404,#6405,
    #6406,#6407,#6408,#6409,#6410,#6411,#6412,#6413,#6414,#6415,#6416,
    #6417,#6418,#6419,#6420,#6421,#6422,#6423,#6424,#6425,#6426,#6427,
    #6428,#6429,#6430,#6431,#6432,#6433,#6434,#6435,#6436,#6437,#6438,
    #6439,#6440,#6441,#6442,#6443,#6444,#6445,#6446,#6447,#6448,#6449,
    #6450,#6451,#6452,#6453,#6454,#6455,#6456,#6457,#6458,#6459),
  .UNSPECIFIED.,.F.,.F.,(8,6,6,6,6,6,6,6,6,6,6,6,6,6,6,8),(0.,
    5.110960284129E-02,9.611151604916E-02,0.148037735086,0.26204103919,
    0.44257347403,0.460574449634,0.499575827024,0.563732367471,
    0.631623333245,0.737628167218,0.794632087388,0.845637210393,
    0.871678409886,0.946127928709,1.),.UNSPECIFIED.);
#6368 = CARTESIAN_POINT('',(1.,5.21261E-12,-5.765001888624));
#6369 = CARTESIAN_POINT('',(1.,-4.587240390523E-02,-5.767922199713));
#6370 = CARTESIAN_POINT('',(0.997544987611,-9.174509090843E-02,
    -5.770842823723));
#6371 = CARTESIAN_POINT('',(0.992634993194,-0.137459576723,
    -5.773763462872));
#6372 = CARTESIAN_POINT('',(0.985282777493,-0.182858268645,
    -5.776683910303));
#6373 = CARTESIAN_POINT('',(0.975513654798,-0.227785275746,
    -5.779604043755));
#6374 = CARTESIAN_POINT('',(0.963365316103,-0.272087219058,
    -5.782523819238));
#6375 = CARTESIAN_POINT('',(0.936140095358,-0.35393933074,-5.78801383118
    ));
#6376 = CARTESIAN_POINT('',(0.921586537021,-0.391664104017,
    -5.790584165199));
#6377 = CARTESIAN_POINT('',(0.905261014369,-0.428686027459,
    -5.79315427766));
#6378 = CARTESIAN_POINT('',(0.887204675336,-0.464905486376,
    -5.795724245758));
#6379 = CARTESIAN_POINT('',(0.867465575414,-0.500226016489,
    -5.798294178004));
#6380 = CARTESIAN_POINT('',(0.846098474404,-0.534554734886,
    -5.800864179232));
#6381 = CARTESIAN_POINT('',(0.796702032354,-0.606166580016,
    -5.806399910979));
#6382 = CARTESIAN_POINT('',(0.768153115754,-0.643092047142,
    -5.809365722969));
#6383 = CARTESIAN_POINT('',(0.737612076874,-0.678442511868,
    -5.812331851157));
#6384 = CARTESIAN_POINT('',(0.705183879024,-0.712089569601,
    -5.815298403543));
#6385 = CARTESIAN_POINT('',(0.670983562727,-0.743913802485,
    -5.818265459143));
#6386 = CARTESIAN_POINT('',(0.63513555314,-0.773805510247,
    -5.821233030584));
#6387 = CARTESIAN_POINT('',(0.51574392138,-0.862831538258,
    -5.830717221547));
#6388 = CARTESIAN_POINT('',(0.426397912685,-0.914216386142,
    -5.837236730311));
#6389 = CARTESIAN_POINT('',(0.331161827918,-0.954746834997,
    -5.843757121178));
#6390 = CARTESIAN_POINT('',(0.231627754794,-0.983645140966,
    -5.850276979773));
#6391 = CARTESIAN_POINT('',(0.1294961232,-1.000418150189,-5.856795803984
    ));
#6392 = CARTESIAN_POINT('',(2.652682703933E-02,-1.004871048277,
    -5.863313191687));
#6393 = CARTESIAN_POINT('',(-0.237071144087,-0.984911990813,
    -5.880142914412));
#6394 = CARTESIAN_POINT('',(-0.396511725817,-0.942121832219,
    -5.890464960061));
#6395 = CARTESIAN_POINT('',(-0.54654504335,-0.869200084801,
    -5.900772085388));
#6396 = CARTESIAN_POINT('',(-0.680459214606,-0.768893135541,
    -5.911077751066));
#6397 = CARTESIAN_POINT('',(-0.792626037464,-0.645414816639,
    -5.921393650319));
#6398 = CARTESIAN_POINT('',(-0.878520633775,-0.504436082935,
    -5.931722644827));
#6399 = CARTESIAN_POINT('',(-0.941389748905,-0.337707514402,
    -5.943069401717));
#6400 = CARTESIAN_POINT('',(-0.946805125136,-0.322482847957,
    -5.944098215562));
#6401 = CARTESIAN_POINT('',(-0.951933118888,-0.307157207145,
    -5.94512703284));
#6402 = CARTESIAN_POINT('',(-0.95677148447,-0.291737103669,
    -5.946155850879));
#6403 = CARTESIAN_POINT('',(-0.961318161973,-0.276229107249,
    -5.947184667084));
#6404 = CARTESIAN_POINT('',(-0.965571277268,-0.260639845622,
    -5.94821347894));
#6405 = CARTESIAN_POINT('',(-0.978104353689,-0.211038323008,
    -5.951471319561));
#6406 = CARTESIAN_POINT('',(-0.985293618105,-0.176750326031,
    -5.953700326034));
#6407 = CARTESIAN_POINT('',(-0.991079717848,-0.142180347828,
    -5.955929276902));
#6408 = CARTESIAN_POINT('',(-0.995449688016,-0.107397254359,
    -5.958158151185));
#6409 = CARTESIAN_POINT('',(-0.998394816212,-7.247044332654E-02,
    -5.960386933443));
#6410 = CARTESIAN_POINT('',(-0.999910642542,-3.746984417637E-02,
    -5.962615613778));
#6411 = CARTESIAN_POINT('',(-1.000138949606,5.511488928746E-02,
    -5.968510150708));
#6412 = CARTESIAN_POINT('',(-0.996412727276,0.112706279619,
    -5.972175899782));
#6413 = CARTESIAN_POINT('',(-0.988817506036,0.169994723905,
    -5.975841304585));
#6414 = CARTESIAN_POINT('',(-0.977384078213,0.226668685879,
    -5.979506427551));
#6415 = CARTESIAN_POINT('',(-0.962174269402,0.282421409772,
    -5.983171418713));
#6416 = CARTESIAN_POINT('',(-0.943280392824,0.336953708096,
    -5.986836410389));
#6417 = CARTESIAN_POINT('',(-0.897061913288,0.446086157111,
    -5.994379745851));
#6418 = CARTESIAN_POINT('',(-0.869309596962,0.500507801606,
    -5.998258248672));
#6419 = CARTESIAN_POINT('',(-0.83771269141,0.552899174007,
    -6.002136914463));
#6420 = CARTESIAN_POINT('',(-0.802451635478,0.602935730624,
    -6.006015902631));
#6421 = CARTESIAN_POINT('',(-0.763740186019,0.650314027024,
    -6.009895394275));
#6422 = CARTESIAN_POINT('',(-0.72182323377,0.694754852081,
    -6.013775448601));
#6423 = CARTESIAN_POINT('',(-0.606948071711,0.800416396743,
    -6.023714725779));
#6424 = CARTESIAN_POINT('',(-0.529762288545,0.857062181993,
    -6.029775483587));
#6425 = CARTESIAN_POINT('',(-0.446467297182,0.90497137465,
    -6.035836560903));
#6426 = CARTESIAN_POINT('',(-0.358259483594,0.943374815268,
    -6.041897501965));
#6427 = CARTESIAN_POINT('',(-0.266442079099,0.971705486975,
    -6.047958096831));
#6428 = CARTESIAN_POINT('',(-0.172392625393,0.989612405838,-6.0540176927
    ));
#6429 = CARTESIAN_POINT('',(-2.652919037193E-02,1.000956431783,
    -6.063331825113));
#6430 = CARTESIAN_POINT('',(2.471639226904E-02,1.001878788387,
    -6.066588483172));
#6431 = CARTESIAN_POINT('',(7.598031395267E-02,0.999739477865,
    -6.069844557775));
#6432 = CARTESIAN_POINT('',(0.127043189892,0.994541148152,
    -6.073100077864));
#6433 = CARTESIAN_POINT('',(0.177686821864,0.986305979435,
    -6.076355149487));
#6434 = CARTESIAN_POINT('',(0.227695753407,0.975075533841,
    -6.079609900773));
#6435 = CARTESIAN_POINT('',(0.320848229716,0.948236320078,
    -6.085776463593));
#6436 = CARTESIAN_POINT('',(0.364161192293,0.933212465936,
    -6.088688369147));
#6437 = CARTESIAN_POINT('',(0.406646581097,0.915882548821,
    -6.091600215589));
#6438 = CARTESIAN_POINT('',(0.448157363871,0.896302010435,
    -6.094512137147));
#6439 = CARTESIAN_POINT('',(0.488551433921,0.874537849496,
    -6.097424283355));
#6440 = CARTESIAN_POINT('',(0.527692436284,0.850668243211,-6.10033677214
    ));
#6441 = CARTESIAN_POINT('',(0.584728416548,0.811565762414,
    -6.104736839563));
#6442 = CARTESIAN_POINT('',(0.603645865229,0.797823657229,
    -6.106224141304));
#6443 = CARTESIAN_POINT('',(0.622185685146,0.783567686403,
    -6.107711558638));
#6444 = CARTESIAN_POINT('',(0.640331160774,0.768810345902,
    -6.109199098968));
#6445 = CARTESIAN_POINT('',(0.658066115857,0.753564794431,
    -6.110686766594));
#6446 = CARTESIAN_POINT('',(0.675374913418,0.737844853433,
    -6.112174562704));
#6447 = CARTESIAN_POINT('',(0.740465288601,0.675408237108,
    -6.117916326595));
#6448 = CARTESIAN_POINT('',(0.785083198657,0.62539073958,-6.122171324478
    ));
#6449 = CARTESIAN_POINT('',(0.825741651563,0.571952685162,
    -6.126427249881));
#6450 = CARTESIAN_POINT('',(0.862129279547,0.515472627144,
    -6.130683784458));
#6451 = CARTESIAN_POINT('',(0.893981050111,0.456362351184,
    -6.134940526913));
#6452 = CARTESIAN_POINT('',(0.921081434721,0.395061725051,
    -6.139196999237));
#6453 = CARTESIAN_POINT('',(0.959321589457,0.286426021524,-6.14653206681
    ));
#6454 = CARTESIAN_POINT('',(0.972803041321,0.239912488225,
    -6.149611165187));
#6455 = CARTESIAN_POINT('',(0.983650449229,0.192667694622,
    -6.152689779724));
#6456 = CARTESIAN_POINT('',(0.991817327433,0.144870710893,
    -6.155767923575));
#6457 = CARTESIAN_POINT('',(0.997272431245,9.670387499472E-02,
    -6.15884575958));
#6458 = CARTESIAN_POINT('',(1.,4.835173642885E-02,-6.161923568444));
#6459 = CARTESIAN_POINT('',(1.,4.30866E-12,-6.165001716918));
#6460 = ORIENTED_EDGE('',*,*,#6461,.F.);
#6461 = EDGE_CURVE('',#6287,#6365,#6462,.T.);
#6462 = LINE('',#6463,#6464);
#6463 = CARTESIAN_POINT('',(1.,0.,-1.E-01));
#6464 = VECTOR('',#6465,1.);
#6465 = DIRECTION('',(0.,0.,-1.));
#6466 = CYLINDRICAL_SURFACE('',#6467,1.);
#6467 = AXIS2_PLACEMENT_3D('',#6468,#6469,#6470);
#6468 = CARTESIAN_POINT('',(0.,0.,-1.E-01));
#6469 = DIRECTION('',(-0.,-0.,-1.));
#6470 = DIRECTION('',(1.,0.,0.));
#6471 = ADVANCED_FACE('',(#6472),#6497,.T.);
#6472 = FACE_BOUND('',#6473,.T.);
#6473 = EDGE_LOOP('',(#6474,#6490,#6491,#6492));
#6474 = ORIENTED_EDGE('',*,*,#6475,.F.);
#6475 = EDGE_CURVE('',#6095,#6476,#6478,.T.);
#6476 = VERTEX_POINT('',#6477);
#6477 = CARTESIAN_POINT('',(0.78350321058,6.93589064E-07,-5.890010894873
    ));
#6478 = ( BOUNDED_CURVE() B_SPLINE_CURVE(10,(#6479,#6480,#6481,#6482,
    #6483,#6484,#6485,#6486,#6487,#6488,#6489),.UNSPECIFIED.,.F.,.F.) 
B_SPLINE_CURVE_WITH_KNOTS((11,11),(0.,6.295904828089),
.PIECEWISE_BEZIER_KNOTS.) CURVE() GEOMETRIC_REPRESENTATION_ITEM() 
RATIONAL_B_SPLINE_CURVE((1.056590953773,1.056590953773,1.056590953773,
    1.056590953773,1.056590953773,1.056590953773,1.056590953773,
    1.056590953773,1.056590953773,1.056590953773,1.056590953773)) 
REPRESENTATION_ITEM('') );
#6479 = CARTESIAN_POINT('',(0.78350407984,7.5664132157E-07,
    -5.490011885296));
#6480 = CARTESIAN_POINT('',(0.78350335708,-0.492318447189,
    -5.530010520237));
#6481 = CARTESIAN_POINT('',(0.439852519769,-0.984333822724,
    -5.569985766021));
#6482 = CARTESIAN_POINT('',(-0.247970982926,-1.206207375882,
    -5.610083707744));
#6483 = CARTESIAN_POINT('',(-1.034050712166,-0.895273489741,
    -5.649937267601));
#6484 = CARTESIAN_POINT('',(-1.449720349026,-1.956379542281E-05,
    -5.690011389579));
#6485 = CARTESIAN_POINT('',(-1.03391914952,0.895298461982,
    -5.730085513374));
#6486 = CARTESIAN_POINT('',(-0.248101532074,1.206196612474,
    -5.769939072038));
#6487 = CARTESIAN_POINT('',(0.439895293483,0.984336309548,
    -5.810037014238));
#6488 = CARTESIAN_POINT('',(0.783503972942,0.492319897419,
    -5.850012259935));
#6489 = CARTESIAN_POINT('',(0.78350321058,6.9358905624E-07,
    -5.890010894873));
#6490 = ORIENTED_EDGE('',*,*,#6112,.T.);
#6491 = ORIENTED_EDGE('',*,*,#6003,.T.);
#6492 = ORIENTED_EDGE('',*,*,#6493,.F.);
#6493 = EDGE_CURVE('',#6476,#6004,#6494,.T.);
#6494 = B_SPLINE_CURVE_WITH_KNOTS('',1,(#6495,#6496),.UNSPECIFIED.,.F.,
  .F.,(2,2),(0.,0.28),.PIECEWISE_BEZIER_KNOTS.);
#6495 = CARTESIAN_POINT('',(0.78350321058,6.9358905577E-07,
    -5.890010894873));
#6496 = CARTESIAN_POINT('',(1.025983278199,-8.323659605E-08,
    -5.749998692523));
#6497 = B_SPLINE_SURFACE_WITH_KNOTS('',1,10,(
    (#6498,#6499,#6500,#6501,#6502,#6503,#6504,#6505,#6506,#6507,#6508)
    ,(#6509,#6510,#6511,#6512,#6513,#6514,#6515,#6516,#6517,#6518,#6519
    )),.UNSPECIFIED.,.F.,.F.,.F.,(2,2),(11,11),(0.,0.28),(0.,
    6.295904828089),.PIECEWISE_BEZIER_KNOTS.);
#6498 = CARTESIAN_POINT('',(0.78350407984,7.5664132229E-07,
    -5.490011885296));
#6499 = CARTESIAN_POINT('',(0.78350335708,-0.492318447189,
    -5.530010520237));
#6500 = CARTESIAN_POINT('',(0.439852519769,-0.984333822724,
    -5.56998576602));
#6501 = CARTESIAN_POINT('',(-0.247970982926,-1.206207375882,
    -5.610083707746));
#6502 = CARTESIAN_POINT('',(-1.034050712166,-0.89527348974,
    -5.649937267597));
#6503 = CARTESIAN_POINT('',(-1.449720349026,-1.956379541723E-05,
    -5.690011389583));
#6504 = CARTESIAN_POINT('',(-1.03391914952,0.895298461981,-5.73008551337
    ));
#6505 = CARTESIAN_POINT('',(-0.248101532074,1.206196612475,
    -5.76993907204));
#6506 = CARTESIAN_POINT('',(0.439895293483,0.984336309547,
    -5.810037014237));
#6507 = CARTESIAN_POINT('',(0.783503972942,0.492319897419,
    -5.850012259935));
#6508 = CARTESIAN_POINT('',(0.78350321058,6.9358905577E-07,
    -5.890010894873));
#6509 = CARTESIAN_POINT('',(1.025983506932,-9.080398188E-08,
    -5.349998573655));
#6510 = CARTESIAN_POINT('',(1.025983134638,-0.644640946683,
    -5.389998737487));
#6511 = CARTESIAN_POINT('',(0.576029998791,-1.289300226895,
    -5.430001708447));
#6512 = CARTESIAN_POINT('',(-0.324910405765,-1.578746672055,
    -5.469989953615));
#6513 = CARTESIAN_POINT('',(-1.353725030333,-1.173077393916,
    -5.510007529254));
#6514 = CARTESIAN_POINT('',(-1.898734893299,-4.63345506674E-06,
    -5.549998632956));
#6515 = CARTESIAN_POINT('',(-1.353689775033,1.173084697635,
    -5.589989737136));
#6516 = CARTESIAN_POINT('',(-0.324943904116,1.578744016023,
    -5.630007312462));
#6517 = CARTESIAN_POINT('',(0.576041952883,1.289300569248,
    -5.669995557753));
#6518 = CARTESIAN_POINT('',(1.02598364574,0.644640772643,-5.709998528693
    ));
#6519 = CARTESIAN_POINT('',(1.025983278199,-8.323659605E-08,
    -5.749998692523));
#6520 = ADVANCED_FACE('',(#6521),#6551,.T.);
#6521 = FACE_BOUND('',#6522,.T.);
#6522 = EDGE_LOOP('',(#6523,#6539,#6540,#6541));
#6523 = ORIENTED_EDGE('',*,*,#6524,.F.);
#6524 = EDGE_CURVE('',#6144,#6525,#6527,.T.);
#6525 = VERTEX_POINT('',#6526);
#6526 = CARTESIAN_POINT('',(0.783508242818,6.93580953E-07,
    -5.990010894746));
#6527 = B_SPLINE_CURVE_WITH_KNOTS('',10,(#6528,#6529,#6530,#6531,#6532,
    #6533,#6534,#6535,#6536,#6537,#6538),.UNSPECIFIED.,.F.,.F.,(11,11),(
    0.,6.295904828089),.PIECEWISE_BEZIER_KNOTS.);
#6528 = CARTESIAN_POINT('',(0.783509569555,7.5663167555E-07,
    -5.590011885145));
#6529 = CARTESIAN_POINT('',(0.783508216266,-0.492321752054,
    -5.630010520121));
#6530 = CARTESIAN_POINT('',(0.439843738484,-0.984339999332,
    -5.669985766527));
#6531 = CARTESIAN_POINT('',(-0.24793888454,-1.206218170083,
    -5.710083705747));
#6532 = CARTESIAN_POINT('',(-1.034092705924,-0.895272442495,
    -5.749937269476));
#6533 = CARTESIAN_POINT('',(-1.449730091097,-2.915323354835E-05,
    -5.790011389174));
#6534 = CARTESIAN_POINT('',(-1.033891029517,0.895311563621,
    -5.830085511646));
#6535 = CARTESIAN_POINT('',(-0.248136966996,1.206201984092,
    -5.869939073556));
#6536 = CARTESIAN_POINT('',(0.439909983265,0.984343366336,
    -5.910037013499));
#6537 = CARTESIAN_POINT('',(0.783509635708,0.492323202267,
    -5.950012259776));
#6538 = CARTESIAN_POINT('',(0.783508242818,6.9358094557E-07,
    -5.990010894746));
#6539 = ORIENTED_EDGE('',*,*,#6161,.T.);
#6540 = ORIENTED_EDGE('',*,*,#6475,.T.);
#6541 = ORIENTED_EDGE('',*,*,#6542,.F.);
#6542 = EDGE_CURVE('',#6525,#6476,#6543,.T.);
#6543 = ( BOUNDED_CURVE() B_SPLINE_CURVE(6,(#6544,#6545,#6546,#6547,
#6548,#6549,#6550),.UNSPECIFIED.,.F.,.F.) B_SPLINE_CURVE_WITH_KNOTS((7,7
),(0.,2.094395102393),.PIECEWISE_BEZIER_KNOTS.) CURVE() 
GEOMETRIC_REPRESENTATION_ITEM() RATIONAL_B_SPLINE_CURVE((1.056590953773,
    1.017435169568,0.996326512422,0.989390034249,0.996326512422,
1.017435169568,1.056590953773)) REPRESENTATION_ITEM('') );
#6544 = CARTESIAN_POINT('',(0.783508242818,6.9358094518E-07,
    -5.990010894746));
#6545 = CARTESIAN_POINT('',(0.765383197367,7.5164589788E-07,
    -5.979547610968));
#6546 = CARTESIAN_POINT('',(0.752609905877,7.925652753E-07,
    -5.961837263223));
#6547 = CARTESIAN_POINT('',(0.747992331066,8.0735648963E-07,
    -5.940012681928));
#6548 = CARTESIAN_POINT('',(0.752607709324,7.9256881508E-07,
    -5.918187636009));
#6549 = CARTESIAN_POINT('',(0.765379218296,7.5165231167E-07,
    -5.900476002789));
#6550 = CARTESIAN_POINT('',(0.78350321058,6.9358905624E-07,
    -5.890010894873));
#6551 = ( BOUNDED_SURFACE() B_SPLINE_SURFACE(6,10,(
    (#6552,#6553,#6554,#6555,#6556,#6557,#6558,#6559,#6560,#6561,#6562)
    ,(#6563,#6564,#6565,#6566,#6567,#6568,#6569,#6570,#6571,#6572,#6573)
    ,(#6574,#6575,#6576,#6577,#6578,#6579,#6580,#6581,#6582,#6583,#6584)
    ,(#6585,#6586,#6587,#6588,#6589,#6590,#6591,#6592,#6593,#6594,#6595)
    ,(#6596,#6597,#6598,#6599,#6600,#6601,#6602,#6603,#6604,#6605,#6606)
    ,(#6607,#6608,#6609,#6610,#6611,#6612,#6613,#6614,#6615,#6616,#6617)
    ,(#6618,#6619,#6620,#6621,#6622,#6623,#6624,#6625,#6626,#6627,#6628
)),.UNSPECIFIED.,.F.,.F.,.F.) B_SPLINE_SURFACE_WITH_KNOTS((7,7),(11,11),
  (0.,2.094395102393),(0.,6.295904828089),.PIECEWISE_BEZIER_KNOTS.) 
GEOMETRIC_REPRESENTATION_ITEM() RATIONAL_B_SPLINE_SURFACE((
    (1.056590953773,1.056590953773,1.056590953773,1.056590953773
      ,1.056590953773,1.056590953773,1.056590953773,1.056590953773
      ,1.056590953773,1.056590953773,1.056590953773)
    ,(1.017435169568,1.017435169568,1.017435169568,1.017435169568
      ,1.017435169568,1.017435169568,1.017435169568,1.017435169568
      ,1.017435169568,1.017435169568,1.017435169568)
    ,(0.996326512422,0.996326512422,0.996326512422,0.996326512422
      ,0.996326512422,0.996326512422,0.996326512422,0.996326512422
      ,0.996326512422,0.996326512422,0.996326512422)
    ,(0.989390034249,0.989390034249,0.989390034249,0.989390034249
      ,0.989390034248,0.989390034249,0.989390034248,0.989390034249
      ,0.989390034249,0.989390034249,0.989390034249)
    ,(0.996326512422,0.996326512422,0.996326512422,0.996326512422
      ,0.996326512422,0.996326512422,0.996326512422,0.996326512422
      ,0.996326512422,0.996326512422,0.996326512422)
    ,(1.017435169568,1.017435169568,1.017435169568,1.017435169568
      ,1.017435169568,1.017435169569,1.017435169568,1.017435169568
      ,1.017435169568,1.017435169568,1.017435169568)
    ,(1.056590953773,1.056590953773,1.056590953773,1.056590953773
      ,1.056590953773,1.056590953773,1.056590953773,1.056590953773
      ,1.056590953773,1.056590953773,1.056590953773
))) REPRESENTATION_ITEM('') SURFACE() );
#6552 = CARTESIAN_POINT('',(0.783509569555,7.5663167637E-07,
    -5.590011885145));
#6553 = CARTESIAN_POINT('',(0.783508216266,-0.492321752054,
    -5.630010520121));
#6554 = CARTESIAN_POINT('',(0.439843738484,-0.984339999332,
    -5.669985766528));
#6555 = CARTESIAN_POINT('',(-0.24793888454,-1.206218170082,
    -5.710083705746));
#6556 = CARTESIAN_POINT('',(-1.034092705924,-0.895272442495,
    -5.749937269477));
#6557 = CARTESIAN_POINT('',(-1.449730091097,-2.9153233503E-05,
    -5.790011389173));
#6558 = CARTESIAN_POINT('',(-1.033891029517,0.895311563621,
    -5.830085511648));
#6559 = CARTESIAN_POINT('',(-0.248136966996,1.206201984092,
    -5.869939073555));
#6560 = CARTESIAN_POINT('',(0.439909983265,0.984343366336,
    -5.910037013499));
#6561 = CARTESIAN_POINT('',(0.783509635708,0.492323202267,
    -5.950012259776));
#6562 = CARTESIAN_POINT('',(0.783508242818,6.9358094518E-07,
    -5.990010894746));
#6563 = CARTESIAN_POINT('',(0.765384476238,8.1997536364E-07,
    -5.579548684285));
#6564 = CARTESIAN_POINT('',(0.765383228713,-0.48093582848,
    -5.619547204978));
#6565 = CARTESIAN_POINT('',(0.429667091893,-0.961544219639,
    -5.659520378957));
#6566 = CARTESIAN_POINT('',(-0.242194822288,-1.178370738453,
    -5.699626517887));
#6567 = CARTESIAN_POINT('',(-1.010190098187,-0.874508415496,
    -5.739467821569));
#6568 = CARTESIAN_POINT('',(-1.416166794129,-2.826227545127E-05,
    -5.779548146882));
#6569 = CARTESIAN_POINT('',(-1.009995897041,0.874545896108,
    -5.819628474872));
#6570 = CARTESIAN_POINT('',(-0.242386025098,1.178355081342,
    -5.859469776798));
#6571 = CARTESIAN_POINT('',(0.429730728146,0.961547562722,
    -5.899575916428));
#6572 = CARTESIAN_POINT('',(0.765384487809,0.480937400102,
    -5.939549090281));
#6573 = CARTESIAN_POINT('',(0.765383197367,7.5164589788E-07,
    -5.979547610968));
#6574 = CARTESIAN_POINT('',(0.752611103727,8.6461483806E-07,
    -5.561838394975));
#6575 = CARTESIAN_POINT('',(0.752609995911,-0.472911793987,
    -5.601836835129));
#6576 = CARTESIAN_POINT('',(0.42249648767,-0.94547933009,-5.641808548597
    ));
#6577 = CARTESIAN_POINT('',(-0.238150283166,-1.158745458038,
    -5.681920466146));
#6578 = CARTESIAN_POINT('',(-0.99334152139,-0.859876054593,
    -5.721753129737));
#6579 = CARTESIAN_POINT('',(-1.392513635835,-2.664317006174E-05,
    -5.761837828402));
#6580 = CARTESIAN_POINT('',(-0.993159835631,0.859910916583,
    -5.801922529573));
#6581 = CARTESIAN_POINT('',(-0.238329657059,1.158730734154,
    -5.841755191519));
#6582 = CARTESIAN_POINT('',(0.42255585952,0.945482565333,-5.881867109724
    ));
#6583 = CARTESIAN_POINT('',(0.752611058946,0.472913451167,
    -5.921838823074));
#6584 = CARTESIAN_POINT('',(0.752609905877,7.925652753E-07,
    -5.961837263223));
#6585 = CARTESIAN_POINT('',(0.747993429073,8.8075088894E-07,
    -5.540013834805));
#6586 = CARTESIAN_POINT('',(0.747992469003,-0.470011064552,
    -5.580012245843));
#6587 = CARTESIAN_POINT('',(0.419906087509,-0.939671858372,
    -5.619983431326));
#6588 = CARTESIAN_POINT('',(-0.236693369189,-1.151650400829,
    -5.660097437894));
#6589 = CARTESIAN_POINT('',(-0.987245268319,-0.854587472453,
    -5.699926977999));
#6590 = CARTESIAN_POINT('',(-1.383962898351,-2.457894741814E-05,
    -5.740013257728));
#6591 = CARTESIAN_POINT('',(-0.987078920014,0.854619205735,
    -5.780099539752));
#6592 = CARTESIAN_POINT('',(-0.236858051738,1.151636850595,
    -5.81992907835));
#6593 = CARTESIAN_POINT('',(0.419960298007,0.939674918885,-5.86004308552
    ));
#6594 = CARTESIAN_POINT('',(0.747993337234,0.47001275266,-5.900014270894
    ));
#6595 = CARTESIAN_POINT('',(0.747992331066,8.0735648963E-07,
    -5.940012681928));
#6596 = CARTESIAN_POINT('',(0.752608707487,8.6461904955E-07,
    -5.518188767772));
#6597 = CARTESIAN_POINT('',(0.752607874895,-0.472910351426,
    -5.55818720791));
#6598 = CARTESIAN_POINT('',(0.422500320669,-0.945476634023,
    -5.598158921106));
#6599 = CARTESIAN_POINT('',(-0.238164293992,-1.15874074641,
    -5.638270839749));
#6600 = CARTESIAN_POINT('',(-0.993323191271,-0.859876511711,
    -5.678103501649));
#6601 = CARTESIAN_POINT('',(-1.392509383458,-2.245741614221E-05,
    -5.71818820131));
#6602 = CARTESIAN_POINT('',(-0.993172109907,0.859905197767,
    -5.758272903058));
#6603 = CARTESIAN_POINT('',(-0.238314189848,1.158728389463,
    -5.798105563588));
#6604 = CARTESIAN_POINT('',(0.422549447485,0.945479485072,
    -5.838217482777));
#6605 = CARTESIAN_POINT('',(0.752608587169,0.472912008614,
    -5.878189195874));
#6606 = CARTESIAN_POINT('',(0.752607709324,7.9256881508E-07,
    -5.918187636009));
#6607 = CARTESIAN_POINT('',(0.765380135432,8.1998299084E-07,
    -5.500477076124));
#6608 = CARTESIAN_POINT('',(0.765379386477,-0.48093321527,-5.54047559679
    ));
#6609 = CARTESIAN_POINT('',(0.429674035396,-0.961539335695,
    -5.580448770276));
#6610 = CARTESIAN_POINT('',(-0.242220202998,-1.178362203305,
    -5.620554911187));
#6611 = CARTESIAN_POINT('',(-1.010156893047,-0.874509243569,
    -5.660396211806));
#6612 = CARTESIAN_POINT('',(-1.416159090917,-2.067975276299E-05,
    -5.700476538924));
#6613 = CARTESIAN_POINT('',(-1.01001813198,0.874535536431,
    -5.740556867957));
#6614 = CARTESIAN_POINT('',(-0.242358006136,1.178350833918,
    -5.780398167319));
#6615 = CARTESIAN_POINT('',(0.429719112699,0.961541982806,
    -5.820504308732));
#6616 = CARTESIAN_POINT('',(0.765380010169,0.480934786906,
    -5.860477482126));
#6617 = CARTESIAN_POINT('',(0.765379218296,7.5165231167E-07,
    -5.900476002789));
#6618 = CARTESIAN_POINT('',(0.78350407984,7.5664132157E-07,
    -5.490011885296));
#6619 = CARTESIAN_POINT('',(0.78350335708,-0.492318447189,
    -5.530010520237));
#6620 = CARTESIAN_POINT('',(0.439852519769,-0.984333822724,
    -5.569985766021));
#6621 = CARTESIAN_POINT('',(-0.247970982926,-1.206207375882,
    -5.610083707744));
#6622 = CARTESIAN_POINT('',(-1.034050712166,-0.895273489741,
    -5.649937267601));
#6623 = CARTESIAN_POINT('',(-1.449720349026,-1.956379542281E-05,
    -5.690011389579));
#6624 = CARTESIAN_POINT('',(-1.03391914952,0.895298461982,
    -5.730085513374));
#6625 = CARTESIAN_POINT('',(-0.248101532074,1.206196612474,
    -5.769939072038));
#6626 = CARTESIAN_POINT('',(0.439895293483,0.984336309548,
    -5.810037014238));
#6627 = CARTESIAN_POINT('',(0.783503972942,0.492319897419,
    -5.850012259935));
#6628 = CARTESIAN_POINT('',(0.78350321058,6.9358905624E-07,
    -5.890010894873));
#6629 = ADVANCED_FACE('',(#6630),#6640,.T.);
#6630 = FACE_BOUND('',#6631,.T.);
#6631 = EDGE_LOOP('',(#6632,#6633,#6634,#6635));
#6632 = ORIENTED_EDGE('',*,*,#6286,.F.);
#6633 = ORIENTED_EDGE('',*,*,#6255,.T.);
#6634 = ORIENTED_EDGE('',*,*,#6524,.T.);
#6635 = ORIENTED_EDGE('',*,*,#6636,.F.);
#6636 = EDGE_CURVE('',#6287,#6525,#6637,.T.);
#6637 = B_SPLINE_CURVE_WITH_KNOTS('',1,(#6638,#6639),.UNSPECIFIED.,.F.,
  .F.,(2,2),(0.,0.28),.PIECEWISE_BEZIER_KNOTS.);
#6638 = CARTESIAN_POINT('',(1.026002400701,-8.326741698E-08,
    -6.129998692042));
#6639 = CARTESIAN_POINT('',(0.783508242818,6.9358094557E-07,
    -5.990010894746));
#6640 = B_SPLINE_SURFACE_WITH_KNOTS('',1,10,(
    (#6641,#6642,#6643,#6644,#6645,#6646,#6647,#6648,#6649,#6650,#6651)
    ,(#6652,#6653,#6654,#6655,#6656,#6657,#6658,#6659,#6660,#6661,#6662
    )),.UNSPECIFIED.,.F.,.F.,.F.,(2,2),(11,11),(0.,0.28),(0.,
    6.295904828089),.PIECEWISE_BEZIER_KNOTS.);
#6641 = CARTESIAN_POINT('',(1.026004367849,-9.08406337E-08,
    -5.729998573082));
#6642 = CARTESIAN_POINT('',(1.026001599543,-0.644653505172,
    -5.769998737046));
#6643 = CARTESIAN_POINT('',(0.575996629907,-1.289323698007,
    -5.810001710374));
#6644 = CARTESIAN_POINT('',(-0.324788431899,-1.578787690017,
    -5.849989946022));
#6645 = CARTESIAN_POINT('',(-1.353884606612,-1.173073414385,
    -5.890007536385));
#6646 = CARTESIAN_POINT('',(-1.898771913168,-4.107332017833E-05,
    -5.929998631411));
#6647 = CARTESIAN_POINT('',(-1.353582919024,1.173134483866,
    -5.969989730577));
#6648 = CARTESIAN_POINT('',(-0.325078556819,1.578764428169,
    -6.010007318225));
#6649 = CARTESIAN_POINT('',(0.576097774056,1.289327385044,
    -6.049995554947));
#6650 = CARTESIAN_POINT('',(1.02600516425,0.644653331064,-6.089998528091
    ));
#6651 = CARTESIAN_POINT('',(1.026002400701,-8.326741698E-08,
    -6.129998692042));
#6652 = CARTESIAN_POINT('',(0.783509569555,7.5663167555E-07,
    -5.590011885145));
#6653 = CARTESIAN_POINT('',(0.783508216266,-0.492321752054,
    -5.630010520121));
#6654 = CARTESIAN_POINT('',(0.439843738484,-0.984339999332,
    -5.669985766527));
#6655 = CARTESIAN_POINT('',(-0.24793888454,-1.206218170083,
    -5.710083705747));
#6656 = CARTESIAN_POINT('',(-1.034092705924,-0.895272442495,
    -5.749937269476));
#6657 = CARTESIAN_POINT('',(-1.449730091097,-2.915323354835E-05,
    -5.790011389174));
#6658 = CARTESIAN_POINT('',(-1.033891029517,0.895311563621,
    -5.830085511646));
#6659 = CARTESIAN_POINT('',(-0.248136966996,1.206201984092,
    -5.869939073556));
#6660 = CARTESIAN_POINT('',(0.439909983265,0.984343366336,
    -5.910037013499));
#6661 = CARTESIAN_POINT('',(0.783509635708,0.492323202267,
    -5.950012259776));
#6662 = CARTESIAN_POINT('',(0.783508242818,6.9358094557E-07,
    -5.990010894746));
#6663 = ADVANCED_FACE('',(#6664),#6832,.T.);
#6664 = FACE_BOUND('',#6665,.F.);
#6665 = EDGE_LOOP('',(#6666,#6748,#6749,#6826));
#6666 = ORIENTED_EDGE('',*,*,#6667,.F.);
#6667 = EDGE_CURVE('',#6287,#6668,#6670,.T.);
#6668 = VERTEX_POINT('',#6669);
#6669 = CARTESIAN_POINT('',(1.,1.3766E-11,-6.514989039584));
#6670 = B_SPLINE_CURVE_WITH_KNOTS('',6,(#6671,#6672,#6673,#6674,#6675,
    #6676,#6677,#6678,#6679,#6680,#6681,#6682,#6683,#6684,#6685,#6686,
    #6687,#6688,#6689,#6690,#6691,#6692,#6693,#6694,#6695,#6696,#6697,
    #6698,#6699,#6700,#6701,#6702,#6703,#6704,#6705,#6706,#6707,#6708,
    #6709,#6710,#6711,#6712,#6713,#6714,#6715,#6716,#6717,#6718,#6719,
    #6720,#6721,#6722,#6723,#6724,#6725,#6726,#6727,#6728,#6729,#6730,
    #6731,#6732,#6733,#6734,#6735,#6736,#6737,#6738,#6739,#6740,#6741,
    #6742,#6743,#6744,#6745,#6746,#6747),.UNSPECIFIED.,.F.,.F.,(7,5,5,5,
    5,5,5,5,5,5,5,5,5,5,5,7),(0.,5.29997693707E-02,9.899958444998E-02,
    0.152578327744,0.255577198451,0.365063799859,0.433222819918,
    0.496020385529,0.566960717507,0.634272238898,0.737976106984,
    0.849805001177,0.902412467913,0.948411861949,0.966411453949,1.),
  .UNSPECIFIED.);
#6671 = CARTESIAN_POINT('',(1.,3.32474E-11,-6.114987943617));
#6672 = CARTESIAN_POINT('',(1.000000000001,-5.549999411918E-02,
    -6.118521319759));
#6673 = CARTESIAN_POINT('',(0.996303663373,-0.111000503468,
    -6.122054485868));
#6674 = CARTESIAN_POINT('',(0.988911041751,-0.166192110754,
    -6.125587879715));
#6675 = CARTESIAN_POINT('',(0.977856559782,-0.220767851118,
    -6.129121819078));
#6676 = CARTESIAN_POINT('',(0.963208250305,-0.274426641951,
    -6.13265638052));
#6677 = CARTESIAN_POINT('',(0.92932173908,-0.372399430775,-6.13925930357
    ));
#6678 = CARTESIAN_POINT('',(0.910945058205,-0.417012291728,
    -6.142327633085));
#6679 = CARTESIAN_POINT('',(0.890002852763,-0.46052474379,-6.14539611207
    ));
#6680 = CARTESIAN_POINT('',(0.866579058252,-0.502753401355,
    -6.148464564576));
#6681 = CARTESIAN_POINT('',(0.840774818549,-0.543523716435,
    -6.151532808826));
#6682 = CARTESIAN_POINT('',(0.780016167326,-0.628269596107,
    -6.158173997708));
#6683 = CARTESIAN_POINT('',(0.744254080619,-0.671667290702,
    -6.161746869613));
#6684 = CARTESIAN_POINT('',(0.705607305419,-0.712605241318,
    -6.165318975056));
#6685 = CARTESIAN_POINT('',(0.664289802024,-0.750846366919,
    -6.168890266973));
#6686 = CARTESIAN_POINT('',(0.620540684747,-0.786178921447,
    -6.172460831679));
#6687 = CARTESIAN_POINT('',(0.486346698962,-0.880398001723,
    -6.182893518055));
#6688 = CARTESIAN_POINT('',(0.390037103005,-0.930960069795,
    -6.189755034535));
#6689 = CARTESIAN_POINT('',(0.287567344271,-0.968780591418,
    -6.196614213842));
#6690 = CARTESIAN_POINT('',(0.18105930942,-0.99299149108,-6.203474895995
    ));
#6691 = CARTESIAN_POINT('',(7.276365307378E-02,-1.003164284356,
    -6.210339346252));
#6692 = CARTESIAN_POINT('',(-0.149607526313,-0.995370472408,
    -6.224503491086));
#6693 = CARTESIAN_POINT('',(-0.263656851559,-0.975589635989,
    -6.231805812149));
#6694 = CARTESIAN_POINT('',(-0.374415076892,-0.940130548945,
    -6.239109081942));
#6695 = CARTESIAN_POINT('',(-0.479227248437,-0.889737273328,
    -6.2464128178));
#6696 = CARTESIAN_POINT('',(-0.57565162412,-0.825694026902,
    -6.253716899406));
#6697 = CARTESIAN_POINT('',(-0.715143015275,-0.702612936998,
    -6.265563350678));
#6698 = CARTESIAN_POINT('',(-0.764619668665,-0.650803815179,
    -6.270108121861));
#6699 = CARTESIAN_POINT('',(-0.809558817807,-0.594845237036,
    -6.274652050973));
#6700 = CARTESIAN_POINT('',(-0.849533630989,-0.535239430717,
    -6.279195396305));
#6701 = CARTESIAN_POINT('',(-0.884192603599,-0.47254386385,
    -6.283738534326));
#6702 = CARTESIAN_POINT('',(-0.940055481866,-0.347303953538,
    -6.292467014123));
#6703 = CARTESIAN_POINT('',(-0.962104543109,-0.285132971788,
    -6.2966525743));
#6704 = CARTESIAN_POINT('',(-0.979205190535,-0.221317349266,
    -6.300838148997));
#6705 = CARTESIAN_POINT('',(-0.991211516074,-0.15635065263,
    -6.305024016624));
#6706 = CARTESIAN_POINT('',(-0.998043188191,-9.074119899514E-02,
    -6.309210382085));
#6707 = CARTESIAN_POINT('',(-1.001544743237,4.925856449202E-02,
    -6.318126577545));
#6708 = CARTESIAN_POINT('',(-0.996782154371,0.12368835347,
    -6.322856745579));
#6709 = CARTESIAN_POINT('',(-0.98538101163,0.197543452637,
    -6.327587213997));
#6710 = CARTESIAN_POINT('',(-0.967433190066,0.270086513036,
    -6.332317936844));
#6711 = CARTESIAN_POINT('',(-0.943137880366,0.340601595078,
    -6.337048773684));
#6712 = CARTESIAN_POINT('',(-0.884010952559,0.472750470285,
    -6.346267469411));
#6713 = CARTESIAN_POINT('',(-0.849780283168,0.534657677731,
    -6.350755635726));
#6714 = CARTESIAN_POINT('',(-0.810365337979,0.593552849749,
    -6.355243101459));
#6715 = CARTESIAN_POINT('',(-0.766104268569,0.648898924402,
    -6.359729829742));
#6716 = CARTESIAN_POINT('',(-0.717406961641,0.700211273793,
    -6.36421592468));
#6717 = CARTESIAN_POINT('',(-0.583617482382,0.819258289167,
    -6.375611730526));
#6718 = CARTESIAN_POINT('',(-0.493067515496,0.880886654525,
    -6.382521755234));
#6719 = CARTESIAN_POINT('',(-0.394843429077,0.930389837544,
    -6.389429682926));
#6720 = CARTESIAN_POINT('',(-0.290997201233,0.966641897031,
    -6.396338382651));
#6721 = CARTESIAN_POINT('',(-0.18376349995,0.988950888542,
    -6.403250680756));
#6722 = CARTESIAN_POINT('',(4.129101659213E-02,1.005986198603,
    -6.417619848791));
#6723 = CARTESIAN_POINT('',(0.159326049514,0.998417711039,-6.42507962805
    ));
#6724 = CARTESIAN_POINT('',(0.275691119045,0.974208482572,
    -6.432540773284));
#6725 = CARTESIAN_POINT('',(0.387488363621,0.933850599021,
    -6.440003192277));
#6726 = CARTESIAN_POINT('',(0.491988872959,0.878442346249,
    -6.447465031052));
#6727 = CARTESIAN_POINT('',(0.631420804357,0.777394825422,
    -6.458430601667));
#6728 = CARTESIAN_POINT('',(0.673891979402,0.742117810475,
    -6.461938149886));
#6729 = CARTESIAN_POINT('',(0.713981691008,0.704068860476,
    -6.465444910965));
#6730 = CARTESIAN_POINT('',(0.751466231442,0.663451299666,
    -6.468950984555));
#6731 = CARTESIAN_POINT('',(0.78614555111,0.620491727121,-6.472456592023
    ));
#6732 = CARTESIAN_POINT('',(0.8455643117,0.536042235708,-6.479026967212)
  );
#6733 = CARTESIAN_POINT('',(0.871005542932,0.495044965727,
    -6.482091840245));
#6734 = CARTESIAN_POINT('',(0.894053514459,0.452610585484,
    -6.485156689281));
#6735 = CARTESIAN_POINT('',(0.914608646253,0.408914528536,
    -6.488221751115));
#6736 = CARTESIAN_POINT('',(0.932588644714,0.36414090509,-6.491287218984
    ));
#6737 = CARTESIAN_POINT('',(0.953932114083,0.300614002802,
    -6.495552778589));
#6738 = CARTESIAN_POINT('',(0.959530815122,0.282611407548,
    -6.496752524626));
#6739 = CARTESIAN_POINT('',(0.964721567388,0.264484467587,-6.4979523391)
  );
#6740 = CARTESIAN_POINT('',(0.969500967583,0.246244734469,
    -6.499152221251));
#6741 = CARTESIAN_POINT('',(0.973866049125,0.2279038801,-6.500352166709)
  );
#6742 = CARTESIAN_POINT('',(0.985181971747,0.175081635933,-6.50379145612
    ));
#6743 = CARTESIAN_POINT('',(0.991098130708,0.140378353038,
    -6.506030942947));
#6744 = CARTESIAN_POINT('',(0.995546277919,0.105440720065,
    -6.508270564284));
#6745 = CARTESIAN_POINT('',(0.998515409739,7.034624630703E-02,
    -6.510510219184));
#6746 = CARTESIAN_POINT('',(1.,3.51730783414E-02,-6.512749769439));
#6747 = CARTESIAN_POINT('',(1.,2.754508E-11,-6.514989039584));
#6748 = ORIENTED_EDGE('',*,*,#6461,.T.);
#6749 = ORIENTED_EDGE('',*,*,#6750,.T.);
#6750 = EDGE_CURVE('',#6365,#6751,#6753,.T.);
#6751 = VERTEX_POINT('',#6752);
#6752 = CARTESIAN_POINT('',(1.,1.745E-12,-6.565001545216));
#6753 = B_SPLINE_CURVE_WITH_KNOTS('',6,(#6754,#6755,#6756,#6757,#6758,
    #6759,#6760,#6761,#6762,#6763,#6764,#6765,#6766,#6767,#6768,#6769,
    #6770,#6771,#6772,#6773,#6774,#6775,#6776,#6777,#6778,#6779,#6780,
    #6781,#6782,#6783,#6784,#6785,#6786,#6787,#6788,#6789,#6790,#6791,
    #6792,#6793,#6794,#6795,#6796,#6797,#6798,#6799,#6800,#6801,#6802,
    #6803,#6804,#6805,#6806,#6807,#6808,#6809,#6810,#6811,#6812,#6813,
    #6814,#6815,#6816,#6817,#6818,#6819,#6820,#6821,#6822,#6823,#6824,
    #6825),.UNSPECIFIED.,.F.,.F.,(7,5,5,5,5,5,5,5,5,5,5,5,5,5,7),(0.,
    5.110598605527E-02,9.610562577916E-02,0.148028760176,0.262026305041,
    0.362141031698,0.430046733657,0.498045963069,0.563616686461,
    0.631367068905,0.739244033099,0.795244832766,0.845247345942,
    0.881011781068,1.),.UNSPECIFIED.);
#6754 = CARTESIAN_POINT('',(1.,4.3211E-12,-6.165001716918));
#6755 = CARTESIAN_POINT('',(1.,-5.351672095671E-02,-6.16840867754));
#6756 = CARTESIAN_POINT('',(0.996563121839,-0.107033838203,
    -6.171816076225));
#6757 = CARTESIAN_POINT('',(0.989689418642,-0.160274021128,
    -6.175223391899));
#6758 = CARTESIAN_POINT('',(0.979408645358,-0.21296201928,
    -6.178630315617));
#6759 = CARTESIAN_POINT('',(0.965779639892,-0.264827497742,
    -6.182036728426));
#6760 = CARTESIAN_POINT('',(0.934017845215,-0.360320806307,
    -6.188441673499));
#6761 = CARTESIAN_POINT('',(0.916617578748,-0.404193034548,
    -6.191440342329));
#6762 = CARTESIAN_POINT('',(0.896748468611,-0.447045472113,
    -6.194438704781));
#6763 = CARTESIAN_POINT('',(0.874486670538,-0.488705379154,
    -6.197436934618));
#6764 = CARTESIAN_POINT('',(0.849924220829,-0.52900786946,
    -6.200435237853));
#6765 = CARTESIAN_POINT('',(0.792295856051,-0.612554999004,
    -6.206893560793));
#6766 = CARTESIAN_POINT('',(0.758502583856,-0.6552989553,-6.210353694546
    ));
#6767 = CARTESIAN_POINT('',(0.721953341064,-0.695790137158,
    -6.213814305795));
#6768 = CARTESIAN_POINT('',(0.682838089123,-0.733808656938,
    -6.217275588456));
#6769 = CARTESIAN_POINT('',(0.641369494334,-0.769156447748,
    -6.220737625183));
#6770 = CARTESIAN_POINT('',(0.502080620976,-0.873021167794,
    -6.231802483543));
#6771 = CARTESIAN_POINT('',(0.396136861554,-0.930688861539,
    -6.239409350132));
#6772 = CARTESIAN_POINT('',(0.282446259455,-0.97278486705,
    -6.247016600655));
#6773 = CARTESIAN_POINT('',(0.163891324458,-0.998120425488,
    -6.254622353523));
#6774 = CARTESIAN_POINT('',(4.354103529281E-02,-1.006158201224,
    -6.262226732898));
#6775 = CARTESIAN_POINT('',(-0.180029549021,-0.989232042954,
    -6.276500850203));
#6776 = CARTESIAN_POINT('',(-0.283585018687,-0.968165416206,
    -6.283173740515));
#6777 = CARTESIAN_POINT('',(-0.384059618652,-0.93409935105,
    -6.289843512111));
#6778 = CARTESIAN_POINT('',(-0.479439630384,-0.887639147452,
    -6.296512598809));
#6779 = CARTESIAN_POINT('',(-0.567866435678,-0.829770416484,
    -6.303183451781));
#6780 = CARTESIAN_POINT('',(-0.701915457566,-0.715801188331,
    -6.314379651784));
#6781 = CARTESIAN_POINT('',(-0.752162479301,-0.665116062491,
    -6.318905307482));
#6782 = CARTESIAN_POINT('',(-0.797983947502,-0.610228681407,
    -6.323431574677));
#6783 = CARTESIAN_POINT('',(-0.838948481089,-0.551627602605,
    -6.327958569117));
#6784 = CARTESIAN_POINT('',(-0.874697858995,-0.489857219929,
    -6.332486261796));
#6785 = CARTESIAN_POINT('',(-0.935254003184,-0.361068315111,
    -6.341548244214));
#6786 = CARTESIAN_POINT('',(-0.960047256912,-0.294039209924,
    -6.346082783748));
#6787 = CARTESIAN_POINT('',(-0.979056657127,-0.225011737583,
    -6.350617239444));
#6788 = CARTESIAN_POINT('',(-0.992091161646,-0.154611472815,
    -6.355151479734));
#6789 = CARTESIAN_POINT('',(-0.999049791479,-8.348459491144E-02,
    -6.35968544824));
#6790 = CARTESIAN_POINT('',(-1.000768043896,5.637201184231E-02,
    -6.368590359893));
#6791 = CARTESIAN_POINT('',(-0.995954519726,0.125100014517,
    -6.37296155894));
#6792 = CARTESIAN_POINT('',(-0.98547674782,0.19331317184,-6.377332191375
    ));
#6793 = CARTESIAN_POINT('',(-0.96940799002,0.260429933291,
    -6.381702494172));
#6794 = CARTESIAN_POINT('',(-0.947899917848,0.325884047176,
    -6.386072794539));
#6795 = CARTESIAN_POINT('',(-0.893572979701,0.454489438561,
    -6.394958682113));
#6796 = CARTESIAN_POINT('',(-0.860400482219,0.517495156908,
    -6.399474495999));
#6797 = CARTESIAN_POINT('',(-0.821914604941,0.57755663641,
    -6.403990533195));
#6798 = CARTESIAN_POINT('',(-0.778449113832,0.634119390612,
    -6.408507166986));
#6799 = CARTESIAN_POINT('',(-0.730412433105,0.686681294907,
    -6.413024655317));
#6800 = CARTESIAN_POINT('',(-0.595271281307,0.811426969881,
    -6.424736502935));
#6801 = CARTESIAN_POINT('',(-0.501860599417,0.876811200917,
    -6.431933171175));
#6802 = CARTESIAN_POINT('',(-0.399982713912,0.929157606494,
    -6.439129668149));
#6803 = CARTESIAN_POINT('',(-0.291939130346,0.96717758203,
    -6.446325865678));
#6804 = CARTESIAN_POINT('',(-0.180246732082,0.990086925996,
    -6.453521187015));
#6805 = CARTESIAN_POINT('',(-9.032074287129E-03,1.001677239885,
    -6.464445864791));
#6806 = CARTESIAN_POINT('',(4.975535388698E-02,1.001520703811,
    -6.46817842011));
#6807 = CARTESIAN_POINT('',(0.108458573723,0.997222335183,
    -6.471910159376));
#6808 = CARTESIAN_POINT('',(0.166713509749,0.988800292152,
    -6.475641210224));
#6809 = CARTESIAN_POINT('',(0.224160641326,0.9763150001,-6.479371807146)
  );
#6810 = CARTESIAN_POINT('',(0.330710129301,0.945183863348,
    -6.486432862883));
#6811 = CARTESIAN_POINT('',(0.380048191439,0.927340851032,
    -6.489763443399));
#6812 = CARTESIAN_POINT('',(0.428215245207,0.906412270565,
    -6.493093976964));
#6813 = CARTESIAN_POINT('',(0.4749712734,0.882496488248,-6.496424717133)
  );
#6814 = CARTESIAN_POINT('',(0.520087781893,0.855716368953,
    -6.499755899671));
#6815 = CARTESIAN_POINT('',(0.594294136263,0.805119338984,
    -6.505470597078));
#6816 = CARTESIAN_POINT('',(0.62428976878,0.782629790047,-6.507853876378
    ));
#6817 = CARTESIAN_POINT('',(0.653258764909,0.758803031105,
    -6.510237480789));
#6818 = CARTESIAN_POINT('',(0.68112720715,0.733698036239,-6.512621432648
    ));
#6819 = CARTESIAN_POINT('',(0.707825810415,0.707379150638,
    -6.515005727467));
#6820 = CARTESIAN_POINT('',(0.818008980985,0.588546533386,
    -6.525323915872));
#6821 = CARTESIAN_POINT('',(0.8890871648,0.484486844704,-6.533262834914)
  );
#6822 = CARTESIAN_POINT('',(0.944092477289,0.370335841612,
    -6.541202370365));
#6823 = CARTESIAN_POINT('',(0.981369132,0.249234023511,-6.549137601304)
  );
#6824 = CARTESIAN_POINT('',(1.,0.124600909838,-6.557069253039));
#6825 = CARTESIAN_POINT('',(1.,3.49565E-12,-6.565001545216));
#6826 = ORIENTED_EDGE('',*,*,#6827,.F.);
#6827 = EDGE_CURVE('',#6668,#6751,#6828,.T.);
#6828 = LINE('',#6829,#6830);
#6829 = CARTESIAN_POINT('',(1.,0.,-1.E-01));
#6830 = VECTOR('',#6831,1.);
#6831 = DIRECTION('',(0.,0.,-1.));
#6832 = CYLINDRICAL_SURFACE('',#6833,1.);
#6833 = AXIS2_PLACEMENT_3D('',#6834,#6835,#6836);
#6834 = CARTESIAN_POINT('',(0.,0.,-1.E-01));
#6835 = DIRECTION('',(-0.,-0.,-1.));
#6836 = DIRECTION('',(1.,0.,0.));
#6837 = ADVANCED_FACE('',(#6838),#6863,.T.);
#6838 = FACE_BOUND('',#6839,.T.);
#6839 = EDGE_LOOP('',(#6840,#6856,#6857,#6858));
#6840 = ORIENTED_EDGE('',*,*,#6841,.F.);
#6841 = EDGE_CURVE('',#6476,#6842,#6844,.T.);
#6842 = VERTEX_POINT('',#6843);
#6843 = CARTESIAN_POINT('',(0.783502341324,6.30536526E-07,
    -6.290009904445));
#6844 = ( BOUNDED_CURVE() B_SPLINE_CURVE(10,(#6845,#6846,#6847,#6848,
    #6849,#6850,#6851,#6852,#6853,#6854,#6855),.UNSPECIFIED.,.F.,.F.) 
B_SPLINE_CURVE_WITH_KNOTS((11,11),(0.,6.295904828089),
.PIECEWISE_BEZIER_KNOTS.) CURVE() GEOMETRIC_REPRESENTATION_ITEM() 
RATIONAL_B_SPLINE_CURVE((1.056590953773,1.056590953773,1.056590953773,
    1.056590953773,1.056590953773,1.056590953773,1.056590953773,
    1.056590953773,1.056590953773,1.056590953773,1.056590953773)) 
REPRESENTATION_ITEM('') );
#6845 = CARTESIAN_POINT('',(0.78350321058,6.9358906432E-07,
    -5.890010894873));
#6846 = CARTESIAN_POINT('',(0.783502448216,-0.492317964188,
    -5.930009529807));
#6847 = CARTESIAN_POINT('',(0.439851952464,-0.984332764872,
    -5.969984775496));
#6848 = CARTESIAN_POINT('',(-0.247970804492,-1.206206020345,
    -6.010082717605));
#6849 = CARTESIAN_POINT('',(-1.03404963789,-0.895272410807,
    -6.049936276881));
#6850 = CARTESIAN_POINT('',(-1.449718739367,-1.94469491768E-05,
    -6.090010399153));
#6851 = CARTESIAN_POINT('',(-1.03391793147,0.895297549195,
    -6.130084523245));
#6852 = CARTESIAN_POINT('',(-0.248101159221,1.206195296974,
    -6.169938081325));
#6853 = CARTESIAN_POINT('',(0.439894884542,0.984335180876,
    -6.210036023913));
#6854 = CARTESIAN_POINT('',(0.783503143289,0.492319288314,
    -6.250011269514));
#6855 = CARTESIAN_POINT('',(0.783502341324,6.3053653757E-07,
    -6.290009904445));
#6856 = ORIENTED_EDGE('',*,*,#6493,.T.);
#6857 = ORIENTED_EDGE('',*,*,#6364,.T.);
#6858 = ORIENTED_EDGE('',*,*,#6859,.F.);
#6859 = EDGE_CURVE('',#6842,#6365,#6860,.T.);
#6860 = B_SPLINE_CURVE_WITH_KNOTS('',1,(#6861,#6862),.UNSPECIFIED.,.F.,
  .F.,(2,2),(0.,0.28),.PIECEWISE_BEZIER_KNOTS.);
#6861 = CARTESIAN_POINT('',(0.783502341324,6.3053653714E-07,
    -6.290009904445));
#6862 = CARTESIAN_POINT('',(1.025983049466,-7.566923115E-08,
    -6.14999881139));
#6863 = B_SPLINE_SURFACE_WITH_KNOTS('',1,10,(
    (#6864,#6865,#6866,#6867,#6868,#6869,#6870,#6871,#6872,#6873,#6874)
    ,(#6875,#6876,#6877,#6878,#6879,#6880,#6881,#6882,#6883,#6884,#6885
    )),.UNSPECIFIED.,.F.,.F.,.F.,(2,2),(11,11),(0.,0.28),(0.,
    6.295904828089),.PIECEWISE_BEZIER_KNOTS.);
#6864 = CARTESIAN_POINT('',(0.78350321058,6.9358906478E-07,
    -5.890010894873));
#6865 = CARTESIAN_POINT('',(0.783502448216,-0.492317964188,
    -5.930009529807));
#6866 = CARTESIAN_POINT('',(0.439851952464,-0.984332764872,
    -5.969984775495));
#6867 = CARTESIAN_POINT('',(-0.247970804492,-1.206206020345,
    -6.010082717606));
#6868 = CARTESIAN_POINT('',(-1.03404963789,-0.895272410807,
    -6.04993627688));
#6869 = CARTESIAN_POINT('',(-1.449718739367,-1.944694921407E-05,
    -6.090010399155));
#6870 = CARTESIAN_POINT('',(-1.03391793147,0.895297549195,
    -6.130084523243));
#6871 = CARTESIAN_POINT('',(-0.248101159221,1.206195296974,
    -6.169938081326));
#6872 = CARTESIAN_POINT('',(0.439894884542,0.984335180876,
    -6.210036023913));
#6873 = CARTESIAN_POINT('',(0.783503143289,0.492319288314,
    -6.250011269514));
#6874 = CARTESIAN_POINT('',(0.783502341324,6.3053653714E-07,
    -6.290009904445));
#6875 = CARTESIAN_POINT('',(1.025983278199,-8.323658678E-08,
    -5.749998692523));
#6876 = CARTESIAN_POINT('',(1.025982910657,-0.64464079543,
    -5.789998856354));
#6877 = CARTESIAN_POINT('',(0.576029879853,-1.289299934969,
    -5.830001827289));
#6878 = CARTESIAN_POINT('',(-0.324910321568,-1.578746323035,
    -5.869990072557));
#6879 = CARTESIAN_POINT('',(-1.353724720108,-1.173077141838,
    -5.910007648046));
#6880 = CARTESIAN_POINT('',(-1.89873446974,-4.64748126872E-06,
    -5.949998751822));
#6881 = CARTESIAN_POINT('',(-1.353689482065,1.17308442562,
    -5.989989856082));
#6882 = CARTESIAN_POINT('',(-0.32494384325,1.578743662197,
    -6.030007431254));
#6883 = CARTESIAN_POINT('',(0.576041814936,1.289300285821,
    -6.069995676647));
#6884 = CARTESIAN_POINT('',(1.025983412254,0.644640636524,
    -6.109998647561));
#6885 = CARTESIAN_POINT('',(1.025983049466,-7.566923115E-08,
    -6.14999881139));
#6886 = ADVANCED_FACE('',(#6887),#6917,.T.);
#6887 = FACE_BOUND('',#6888,.T.);
#6888 = EDGE_LOOP('',(#6889,#6905,#6906,#6907));
#6889 = ORIENTED_EDGE('',*,*,#6890,.F.);
#6890 = EDGE_CURVE('',#6525,#6891,#6893,.T.);
#6891 = VERTEX_POINT('',#6892);
#6892 = CARTESIAN_POINT('',(0.783506916083,6.30529831E-07,
    -6.390009904341));
#6893 = B_SPLINE_CURVE_WITH_KNOTS('',10,(#6894,#6895,#6896,#6897,#6898,
    #6899,#6900,#6901,#6902,#6903,#6904),.UNSPECIFIED.,.F.,.F.,(11,11),(
    0.,6.295904828089),.PIECEWISE_BEZIER_KNOTS.);
#6894 = CARTESIAN_POINT('',(0.783508242818,6.9358095401E-07,
    -5.990010894746));
#6895 = CARTESIAN_POINT('',(0.783506849924,-0.492320981672,
    -6.030009529712));
#6896 = CARTESIAN_POINT('',(0.439842914289,-0.984338366112,
    -6.069984775971));
#6897 = CARTESIAN_POINT('',(-0.247938561037,-1.206216111684,
    -6.110082715784));
#6898 = CARTESIAN_POINT('',(-1.034091028436,-0.895270839454,
    -6.149936278623));
#6899 = CARTESIAN_POINT('',(-1.449727634298,-2.903639402252E-05,
    -6.190010398771));
#6900 = CARTESIAN_POINT('',(-1.03388920826,0.895310126729,
    -6.230084521697));
#6901 = CARTESIAN_POINT('',(-0.248136449077,1.206199965725,
    -6.269938082713));
#6902 = CARTESIAN_POINT('',(0.43990931743,0.984341662299,-6.310036023252
    ));
#6903 = CARTESIAN_POINT('',(0.783508348576,0.492322305783,
    -6.350011269381));
#6904 = CARTESIAN_POINT('',(0.783506916083,6.3052984301E-07,
    -6.390009904341));
#6905 = ORIENTED_EDGE('',*,*,#6542,.T.);
#6906 = ORIENTED_EDGE('',*,*,#6841,.T.);
#6907 = ORIENTED_EDGE('',*,*,#6908,.F.);
#6908 = EDGE_CURVE('',#6891,#6842,#6909,.T.);
#6909 = ( BOUNDED_CURVE() B_SPLINE_CURVE(6,(#6910,#6911,#6912,#6913,
#6914,#6915,#6916),.UNSPECIFIED.,.F.,.F.) B_SPLINE_CURVE_WITH_KNOTS((7,7
),(0.,2.094395102393),.PIECEWISE_BEZIER_KNOTS.) CURVE() 
GEOMETRIC_REPRESENTATION_ITEM() RATIONAL_B_SPLINE_CURVE((1.056590953773,
    1.017435169568,0.996326512422,0.989390034249,0.996326512422,
1.017435169568,1.056590953773)) REPRESENTATION_ITEM('') );
#6910 = CARTESIAN_POINT('',(0.783506916083,6.3052984278E-07,
    -6.390009904341));
#6911 = CARTESIAN_POINT('',(0.7653819185,6.8331606937E-07,
    -6.379546537645));
#6912 = CARTESIAN_POINT('',(0.752608708031,7.2051536509E-07,
    -6.361836131464));
#6913 = CARTESIAN_POINT('',(0.747991233062,7.3396177064E-07,
    -6.340011529045));
#6914 = CARTESIAN_POINT('',(0.752606711165,7.2051828662E-07,
    -6.318186504241));
#6915 = CARTESIAN_POINT('',(0.765378301165,6.8332136277E-07,
    -6.300474929448));
#6916 = CARTESIAN_POINT('',(0.783502341324,6.3053653757E-07,
    -6.290009904445));
#6917 = ( BOUNDED_SURFACE() B_SPLINE_SURFACE(6,10,(
    (#6918,#6919,#6920,#6921,#6922,#6923,#6924,#6925,#6926,#6927,#6928)
    ,(#6929,#6930,#6931,#6932,#6933,#6934,#6935,#6936,#6937,#6938,#6939)
    ,(#6940,#6941,#6942,#6943,#6944,#6945,#6946,#6947,#6948,#6949,#6950)
    ,(#6951,#6952,#6953,#6954,#6955,#6956,#6957,#6958,#6959,#6960,#6961)
    ,(#6962,#6963,#6964,#6965,#6966,#6967,#6968,#6969,#6970,#6971,#6972)
    ,(#6973,#6974,#6975,#6976,#6977,#6978,#6979,#6980,#6981,#6982,#6983)
    ,(#6984,#6985,#6986,#6987,#6988,#6989,#6990,#6991,#6992,#6993,#6994
)),.UNSPECIFIED.,.F.,.F.,.F.) B_SPLINE_SURFACE_WITH_KNOTS((7,7),(11,11),
  (0.,2.094395102393),(0.,6.295904828089),.PIECEWISE_BEZIER_KNOTS.) 
GEOMETRIC_REPRESENTATION_ITEM() RATIONAL_B_SPLINE_SURFACE((
    (1.056590953773,1.056590953773,1.056590953773,1.056590953773
      ,1.056590953773,1.056590953773,1.056590953773,1.056590953773
      ,1.056590953773,1.056590953773,1.056590953773)
    ,(1.017435169568,1.017435169568,1.017435169568,1.017435169568
      ,1.017435169568,1.017435169569,1.017435169568,1.017435169568
      ,1.017435169568,1.017435169568,1.017435169568)
    ,(0.996326512422,0.996326512422,0.996326512422,0.996326512422
      ,0.996326512422,0.996326512422,0.996326512422,0.996326512422
      ,0.996326512422,0.996326512422,0.996326512422)
    ,(0.989390034249,0.989390034249,0.989390034249,0.989390034249
      ,0.989390034248,0.989390034249,0.989390034248,0.989390034249
      ,0.989390034249,0.989390034249,0.989390034249)
    ,(0.996326512422,0.996326512422,0.996326512422,0.996326512422
      ,0.996326512422,0.996326512422,0.996326512422,0.996326512422
      ,0.996326512422,0.996326512422,0.996326512422)
    ,(1.017435169568,1.017435169568,1.017435169568,1.017435169568
      ,1.017435169568,1.017435169569,1.017435169568,1.017435169568
      ,1.017435169568,1.017435169568,1.017435169568)
    ,(1.056590953773,1.056590953773,1.056590953773,1.056590953773
      ,1.056590953773,1.056590953773,1.056590953773,1.056590953773
      ,1.056590953773,1.056590953773,1.056590953773
))) REPRESENTATION_ITEM('') SURFACE() );
#6918 = CARTESIAN_POINT('',(0.783508242818,6.9358095395E-07,
    -5.990010894746));
#6919 = CARTESIAN_POINT('',(0.783506849924,-0.492320981672,
    -6.030009529712));
#6920 = CARTESIAN_POINT('',(0.439842914289,-0.984338366112,
    -6.069984775971));
#6921 = CARTESIAN_POINT('',(-0.247938561037,-1.206216111684,
    -6.110082715783));
#6922 = CARTESIAN_POINT('',(-1.034091028436,-0.895270839454,
    -6.149936278624));
#6923 = CARTESIAN_POINT('',(-1.449727634297,-2.903639402263E-05,
    -6.190010398769));
#6924 = CARTESIAN_POINT('',(-1.033889208261,0.895310126729,
    -6.230084521698));
#6925 = CARTESIAN_POINT('',(-0.248136449077,1.206199965725,
    -6.269938082712));
#6926 = CARTESIAN_POINT('',(0.43990931743,0.984341662299,-6.310036023252
    ));
#6927 = CARTESIAN_POINT('',(0.783508348576,0.492322305783,
    -6.350011269381));
#6928 = CARTESIAN_POINT('',(0.783506916083,6.3052984278E-07,
    -6.390009904341));
#6929 = CARTESIAN_POINT('',(0.765383197367,7.516459061E-07,
    -5.979547610968));
#6930 = CARTESIAN_POINT('',(0.765381906923,-0.480935093446,
    -6.019546131651));
#6931 = CARTESIAN_POINT('',(0.429666287948,-0.961542649586,
    -6.059519305488));
#6932 = CARTESIAN_POINT('',(-0.242194522102,-1.178368751921,
    -6.099625444989));
#6933 = CARTESIAN_POINT('',(-1.010188489833,-0.874506860339,
    -6.139466747815));
#6934 = CARTESIAN_POINT('',(-1.416164425968,-2.813565264551E-05,
    -6.179547073561));
#6935 = CARTESIAN_POINT('',(-1.009994132882,0.874544521009,
    -6.219627401988));
#6936 = CARTESIAN_POINT('',(-0.24238551422,1.178353138194,
    -6.259468703053));
#6937 = CARTESIAN_POINT('',(0.42973009582,0.961545915922,-6.299574843257
    ));
#6938 = CARTESIAN_POINT('',(0.76538325186,0.480936528408,-6.339548016967
    ));
#6939 = CARTESIAN_POINT('',(0.7653819185,6.8331606937E-07,
    -6.379546537645));
#6940 = CARTESIAN_POINT('',(0.752609905877,7.925652831E-07,
    -5.961837263223));
#6941 = CARTESIAN_POINT('',(0.752608752805,-0.472911113569,
    -6.001835703366));
#6942 = CARTESIAN_POINT('',(0.42249572455,-0.945477864025,
    -6.041807416703));
#6943 = CARTESIAN_POINT('',(-0.238150014407,-1.158743594804,
    -6.081919334786));
#6944 = CARTESIAN_POINT('',(-0.993340024108,-0.859874587358,
    -6.121751997575));
#6945 = CARTESIAN_POINT('',(-1.392511417706,-2.650965192041E-05,
    -6.161836696645));
#6946 = CARTESIAN_POINT('',(-0.99315817406,0.859909639206,
    -6.201921398226));
#6947 = CARTESIAN_POINT('',(-0.238329166137,1.158728916667,
    -6.241754059366));
#6948 = CARTESIAN_POINT('',(0.422555277362,0.945481018344,
    -6.281865978108));
#6949 = CARTESIAN_POINT('',(0.752609906354,0.47291262665,-6.321837691324
    ));
#6950 = CARTESIAN_POINT('',(0.752608708031,7.2051536509E-07,
    -6.361836131464));
#6951 = CARTESIAN_POINT('',(0.747992331066,8.0735649804E-07,
    -5.940012681928));
#6952 = CARTESIAN_POINT('',(0.747991324895,-0.470010448198,
    -5.980011092957));
#6953 = CARTESIAN_POINT('',(0.419905378765,-0.939670518634,
    -6.019982278319));
#6954 = CARTESIAN_POINT('',(-0.236693134163,-1.151648690565,
    -6.060096285377));
#6955 = CARTESIAN_POINT('',(-0.987243904218,-0.85458611783,
    -6.099925824747));
#6956 = CARTESIAN_POINT('',(-1.383960865106,-2.444293626611E-05,
    -6.140012104847));
#6957 = CARTESIAN_POINT('',(-0.987077388558,0.854618044513,
    -6.180098387246));
#6958 = CARTESIAN_POINT('',(-0.236857590404,1.151635186933,
    -6.219927925106));
#6959 = CARTESIAN_POINT('',(0.419959773603,0.939673496711,
    -6.260041932768));
#6960 = CARTESIAN_POINT('',(0.74799228533,0.470011989517,-6.30001311802)
  );
#6961 = CARTESIAN_POINT('',(0.747991233062,7.3396177064E-07,
    -6.340011529045));
#6962 = CARTESIAN_POINT('',(0.752607709324,7.9256882374E-07,
    -5.918187636009));
#6963 = CARTESIAN_POINT('',(0.752606831476,-0.472909796448,
    -5.958186076139));
#6964 = CARTESIAN_POINT('',(0.422499669679,-0.945475419105,
    -5.998157789226));
#6965 = CARTESIAN_POINT('',(-0.238164088554,-1.158739189972,
    -6.038269708313));
#6966 = CARTESIAN_POINT('',(-0.993321957289,-0.859875273247,
    -6.078102369545));
#6967 = CARTESIAN_POINT('',(-1.392507535101,-2.232389487586E-05,
    -6.118187069544));
#6968 = CARTESIAN_POINT('',(-0.993170711634,0.859904149159,
    -6.158271771632));
#6969 = CARTESIAN_POINT('',(-0.238313762247,1.158726878775,
    -6.198104431492));
#6970 = CARTESIAN_POINT('',(0.422548977461,0.945478189227,
    -6.238216351128));
#6971 = CARTESIAN_POINT('',(0.752607634266,0.472911309536,
    -6.278188064114));
#6972 = CARTESIAN_POINT('',(0.752606711165,7.2051828662E-07,
    -6.318186504241));
#6973 = CARTESIAN_POINT('',(0.765379218296,7.5165231953E-07,
    -5.900476002789));
#6974 = CARTESIAN_POINT('',(0.765378426422,-0.480932707473,
    -5.940474523446));
#6975 = CARTESIAN_POINT('',(0.429673434578,-0.961538220595,
    -5.980447696832));
#6976 = CARTESIAN_POINT('',(-0.24222001752,-1.178360772537,
    -6.02055383815));
#6977 = CARTESIAN_POINT('',(-1.010155761662,-0.874508102833,
    -6.060395138157));
#6978 = CARTESIAN_POINT('',(-1.416157392603,-2.055312446816E-05,
    -6.100475465584));
#6979 = CARTESIAN_POINT('',(-1.010016844785,0.874534575751,
    -6.140555794931));
#6980 = CARTESIAN_POINT('',(-0.242357609963,1.178349446537,
    -6.180397093676));
#6981 = CARTESIAN_POINT('',(0.429718683504,0.961540790958,
    -6.220503235499));
#6982 = CARTESIAN_POINT('',(0.765379135956,0.480934142447,
    -6.260476408793));
#6983 = CARTESIAN_POINT('',(0.765378301165,6.8332136277E-07,
    -6.300474929448));
#6984 = CARTESIAN_POINT('',(0.78350321058,6.9358906432E-07,
    -5.890010894873));
#6985 = CARTESIAN_POINT('',(0.783502448216,-0.492317964188,
    -5.930009529807));
#6986 = CARTESIAN_POINT('',(0.439851952464,-0.984332764872,
    -5.969984775496));
#6987 = CARTESIAN_POINT('',(-0.247970804492,-1.206206020345,
    -6.010082717605));
#6988 = CARTESIAN_POINT('',(-1.03404963789,-0.895272410807,
    -6.049936276881));
#6989 = CARTESIAN_POINT('',(-1.449718739367,-1.94469491768E-05,
    -6.090010399153));
#6990 = CARTESIAN_POINT('',(-1.03391793147,0.895297549195,
    -6.130084523245));
#6991 = CARTESIAN_POINT('',(-0.248101159221,1.206195296974,
    -6.169938081325));
#6992 = CARTESIAN_POINT('',(0.439894884542,0.984335180876,
    -6.210036023913));
#6993 = CARTESIAN_POINT('',(0.783503143289,0.492319288314,
    -6.250011269514));
#6994 = CARTESIAN_POINT('',(0.783502341324,6.3053653757E-07,
    -6.290009904445));
#6995 = ADVANCED_FACE('',(#6996),#7006,.T.);
#6996 = FACE_BOUND('',#6997,.T.);
#6997 = EDGE_LOOP('',(#6998,#6999,#7000,#7001));
#6998 = ORIENTED_EDGE('',*,*,#6667,.F.);
#6999 = ORIENTED_EDGE('',*,*,#6636,.T.);
#7000 = ORIENTED_EDGE('',*,*,#6890,.T.);
#7001 = ORIENTED_EDGE('',*,*,#7002,.F.);
#7002 = EDGE_CURVE('',#6668,#6891,#7003,.T.);
#7003 = B_SPLINE_CURVE_WITH_KNOTS('',1,(#7004,#7005),.UNSPECIFIED.,.F.,
  .F.,(2,2),(0.,0.28),.PIECEWISE_BEZIER_KNOTS.);
#7004 = CARTESIAN_POINT('',(1.026000433551,-7.56946711E-08,
    -6.529998810993));
#7005 = CARTESIAN_POINT('',(0.783506916083,6.3052984301E-07,
    -6.390009904341));
#7006 = B_SPLINE_SURFACE_WITH_KNOTS('',1,10,(
    (#7007,#7008,#7009,#7010,#7011,#7012,#7013,#7014,#7015,#7016,#7017)
    ,(#7018,#7019,#7020,#7021,#7022,#7023,#7024,#7025,#7026,#7027,#7028
    )),.UNSPECIFIED.,.F.,.F.,.F.,(2,2),(11,11),(0.,0.28),(0.,
    6.295904828089),.PIECEWISE_BEZIER_KNOTS.);
#7007 = CARTESIAN_POINT('',(1.026002400701,-8.326740909E-08,
    -6.129998692042));
#7008 = CARTESIAN_POINT('',(1.025999637148,-0.644652261868,
    -6.169998855993));
#7009 = CARTESIAN_POINT('',(0.57599553479,-1.289321219679,
    -6.210001829097));
#7010 = CARTESIAN_POINT('',(-0.324787796441,-1.578784670122,
    -6.249990065633));
#7011 = CARTESIAN_POINT('',(-1.353882004183,-1.173071170697,
    -6.290007654667));
#7012 = CARTESIAN_POINT('',(-1.898768270477,-4.108737144337E-05,
    -6.329998750366));
#7013 = CARTESIAN_POINT('',(-1.353580333869,1.173132220251,
    -6.369989850204));
#7014 = CARTESIAN_POINT('',(-0.325077944703,1.578761403451,
    -6.410007436524));
#7015 = CARTESIAN_POINT('',(0.576096659909,1.289324915226,
    -6.449995674135));
#7016 = CARTESIAN_POINT('',(1.026003192346,0.644652102907,
    -6.489998647054));
#7017 = CARTESIAN_POINT('',(1.026000433551,-7.56946711E-08,
    -6.529998810993));
#7018 = CARTESIAN_POINT('',(0.783508242818,6.9358095401E-07,
    -5.990010894746));
#7019 = CARTESIAN_POINT('',(0.783506849924,-0.492320981672,
    -6.030009529712));
#7020 = CARTESIAN_POINT('',(0.439842914289,-0.984338366112,
    -6.069984775971));
#7021 = CARTESIAN_POINT('',(-0.247938561037,-1.206216111684,
    -6.110082715784));
#7022 = CARTESIAN_POINT('',(-1.034091028436,-0.895270839454,
    -6.149936278623));
#7023 = CARTESIAN_POINT('',(-1.449727634298,-2.903639402252E-05,
    -6.190010398771));
#7024 = CARTESIAN_POINT('',(-1.03388920826,0.895310126729,
    -6.230084521697));
#7025 = CARTESIAN_POINT('',(-0.248136449077,1.206199965725,
    -6.269938082713));
#7026 = CARTESIAN_POINT('',(0.43990931743,0.984341662299,-6.310036023252
    ));
#7027 = CARTESIAN_POINT('',(0.783508348576,0.492322305783,
    -6.350011269381));
#7028 = CARTESIAN_POINT('',(0.783506916083,6.3052984301E-07,
    -6.390009904341));
#7029 = ADVANCED_FACE('',(#7030),#7207,.T.);
#7030 = FACE_BOUND('',#7031,.F.);
#7031 = EDGE_LOOP('',(#7032,#7109,#7110,#7201));
#7032 = ORIENTED_EDGE('',*,*,#7033,.F.);
#7033 = EDGE_CURVE('',#6668,#7034,#7036,.T.);
#7034 = VERTEX_POINT('',#7035);
#7035 = CARTESIAN_POINT('',(1.,1.1115E-11,-6.914990135561));
#7036 = B_SPLINE_CURVE_WITH_KNOTS('',6,(#7037,#7038,#7039,#7040,#7041,
    #7042,#7043,#7044,#7045,#7046,#7047,#7048,#7049,#7050,#7051,#7052,
    #7053,#7054,#7055,#7056,#7057,#7058,#7059,#7060,#7061,#7062,#7063,
    #7064,#7065,#7066,#7067,#7068,#7069,#7070,#7071,#7072,#7073,#7074,
    #7075,#7076,#7077,#7078,#7079,#7080,#7081,#7082,#7083,#7084,#7085,
    #7086,#7087,#7088,#7089,#7090,#7091,#7092,#7093,#7094,#7095,#7096,
    #7097,#7098,#7099,#7100,#7101,#7102,#7103,#7104,#7105,#7106,#7107,
    #7108),.UNSPECIFIED.,.F.,.F.,(7,5,5,5,5,5,5,5,5,5,5,5,5,5,7),(0.,
    5.29997746605E-02,9.89995943309E-02,0.152578357054,0.255577238039,
    0.365063882306,0.433223111081,0.496020855414,0.566961402257,
    0.634275150358,0.73798141751,0.849813089515,0.902162013824,
    0.949161388789,1.),.UNSPECIFIED.);
#7037 = CARTESIAN_POINT('',(1.,2.75221E-11,-6.514989039584));
#7038 = CARTESIAN_POINT('',(1.000000000001,-5.549999412546E-02,
    -6.518522415728));
#7039 = CARTESIAN_POINT('',(0.996303663373,-0.111000503471,
    -6.522055581835));
#7040 = CARTESIAN_POINT('',(0.98891104175,-0.166192110759,
    -6.525588975684));
#7041 = CARTESIAN_POINT('',(0.977856559781,-0.220767851126,
    -6.529122915054));
#7042 = CARTESIAN_POINT('',(0.963208250303,-0.274426641957,
    -6.532657476509));
#7043 = CARTESIAN_POINT('',(0.929321739078,-0.372399430782,
    -6.539260399589));
#7044 = CARTESIAN_POINT('',(0.910945058202,-0.417012291734,
    -6.542328729122));
#7045 = CARTESIAN_POINT('',(0.89000285276,-0.460524743795,
    -6.545397208126));
#7046 = CARTESIAN_POINT('',(0.866579058249,-0.50275340136,
    -6.548465660651));
#7047 = CARTESIAN_POINT('',(0.840774818546,-0.543523716439,
    -6.551533904917));
#7048 = CARTESIAN_POINT('',(0.780016158731,-0.628269608095,
    -6.558175094767));
#7049 = CARTESIAN_POINT('',(0.744254061818,-0.671667313517,
    -6.561747967622));
#7050 = CARTESIAN_POINT('',(0.705607274944,-0.7126052736,-6.565320074006
    ));
#7051 = CARTESIAN_POINT('',(0.664289758583,-0.750846407125,
    -6.568891366856));
#7052 = CARTESIAN_POINT('',(0.62054062725,-0.786178967882,
    -6.572461932487));
#7053 = CARTESIAN_POINT('',(0.486346621059,-0.880398044758,
    -6.582894619742));
#7054 = CARTESIAN_POINT('',(0.390037020629,-0.930960104308,
    -6.58975613616));
#7055 = CARTESIAN_POINT('',(0.287567258546,-0.968780616864,
    -6.596615315393));
#7056 = CARTESIAN_POINT('',(0.181059221553,-0.992991507102,
    -6.603475997488));
#7057 = CARTESIAN_POINT('',(7.276356430689E-02,-1.003164290794,
    -6.610340447715));
#7058 = CARTESIAN_POINT('',(-0.149607647808,-0.995370457998,
    -6.624504594666));
#7059 = CARTESIAN_POINT('',(-0.263657004436,-0.975589601119,
    -6.631806917885));
#7060 = CARTESIAN_POINT('',(-0.374415257024,-0.940130484776,
    -6.639110189858));
#7061 = CARTESIAN_POINT('',(-0.47922744947,-0.889737172115,
    -6.646413927901));
#7062 = CARTESIAN_POINT('',(-0.575651837819,-0.825693882561,
    -6.653718011679));
#7063 = CARTESIAN_POINT('',(-0.715143377006,-0.702612590295,
    -6.665564478583));
#7064 = CARTESIAN_POINT('',(-0.764620150018,-0.650803287092,
    -6.670109263237));
#7065 = CARTESIAN_POINT('',(-0.809559389228,-0.594844505588,
    -6.674653205805));
#7066 = CARTESIAN_POINT('',(-0.849534259471,-0.535238478719,
    -6.679196564585));
#7067 = CARTESIAN_POINT('',(-0.884193253631,-0.472542679488,
    -6.683739716053));
#7068 = CARTESIAN_POINT('',(-0.94005609648,-0.347302324134,
    -6.69246822078));
#7069 = CARTESIAN_POINT('',(-0.962105108408,-0.285131131489,
    -6.696653792443));
#7070 = CARTESIAN_POINT('',(-0.979205676202,-0.221315298042,
    -6.700839378629));
#7071 = CARTESIAN_POINT('',(-0.991211891531,-0.156348394813,
    -6.705025257754));
#7072 = CARTESIAN_POINT('',(-0.998043423356,-9.073874330372E-02,
    -6.709211634721));
#7073 = CARTESIAN_POINT('',(-1.001544618562,4.926142747831E-02,
    -6.718127855561));
#7074 = CARTESIAN_POINT('',(-0.996781799757,0.123691422398,
    -6.722858037474));
#7075 = CARTESIAN_POINT('',(-0.985380389647,0.197546704426,
    -6.727588519771));
#7076 = CARTESIAN_POINT('',(-0.967432266366,0.270089918376,
    -6.732319256495));
#7077 = CARTESIAN_POINT('',(-0.94313662487,0.340605119033,
    -6.737050107205));
#7078 = CARTESIAN_POINT('',(-0.884008137139,0.472756081506,
    -6.746268964809));
#7079 = CARTESIAN_POINT('',(-0.849775914804,0.534665115536,
    -6.750757279137));
#7080 = CARTESIAN_POINT('',(-0.810359095142,0.5935618758,-6.755244892802
    ));
#7081 = CARTESIAN_POINT('',(-0.766095867986,0.648909249901,
    -6.759731768945));
#7082 = CARTESIAN_POINT('',(-0.717396167186,0.700222567193,
    -6.764218011706));
#7083 = CARTESIAN_POINT('',(-0.583600951883,0.81927039638,
    -6.775614124287));
#7084 = CARTESIAN_POINT('',(-0.493047578548,0.880898318155,
    -6.782524308046));
#7085 = CARTESIAN_POINT('',(-0.394819989626,0.930400324795,
    -6.789432394744));
#7086 = CARTESIAN_POINT('',(-0.290970332747,0.966650444719,-6.7963412538
    ));
#7087 = CARTESIAN_POINT('',(-0.183733450606,0.988956746407,
    -6.803253711736));
#7088 = CARTESIAN_POINT('',(4.132700946383E-02,1.005985057866,
    -6.817623224777));
#7089 = CARTESIAN_POINT('',(0.159364746649,0.998412092981,
    -6.825083189542));
#7090 = CARTESIAN_POINT('',(0.275731816686,0.974197612053,
    -6.832544520071));
#7091 = CARTESIAN_POINT('',(0.387530159819,0.933833851811,
    -6.840007123749));
#7092 = CARTESIAN_POINT('',(0.492030708659,0.878419300286,
    -6.847469146554));
#7093 = CARTESIAN_POINT('',(0.631240678923,0.777521957183,
    -6.858417658683));
#7094 = CARTESIAN_POINT('',(0.67351180075,0.742430619455,-6.861907970419
    ));
#7095 = CARTESIAN_POINT('',(0.713425866267,0.704593780001,
    -6.865397503891));
#7096 = CARTESIAN_POINT('',(0.750762359445,0.664211662274,
    -6.868886356097));
#7097 = CARTESIAN_POINT('',(0.785323942827,0.621507328999,-6.87237474351
    ));
#7098 = CARTESIAN_POINT('',(0.84532335067,0.536517189542,-6.878994532078
    ));
#7099 = CARTESIAN_POINT('',(0.871333045073,0.494633965529,
    -6.882126030715));
#7100 = CARTESIAN_POINT('',(0.894844012401,0.45125028771,-6.885257502133
    ));
#7101 = CARTESIAN_POINT('',(0.915750122001,0.406553361939,
    -6.888389201148));
#7102 = CARTESIAN_POINT('',(0.933964096429,0.360739820781,
    -6.891521334056));
#7103 = CARTESIAN_POINT('',(0.96613512156,0.263470980338,-6.898042351162
    ));
#7104 = CARTESIAN_POINT('',(0.979623141322,0.211859750649,
    -6.901431352226));
#7105 = CARTESIAN_POINT('',(0.989796966836,0.159438758909,
    -6.904820923839));
#7106 = CARTESIAN_POINT('',(0.996598969659,0.106474153203,
    -6.908210889138));
#7107 = CARTESIAN_POINT('',(0.999999999999,5.323689157033E-02,
    -6.911600845013));
#7108 = CARTESIAN_POINT('',(1.,2.226408E-11,-6.914990135561));
#7109 = ORIENTED_EDGE('',*,*,#6827,.T.);
#7110 = ORIENTED_EDGE('',*,*,#7111,.T.);
#7111 = EDGE_CURVE('',#6751,#7112,#7114,.T.);
#7112 = VERTEX_POINT('',#7113);
#7113 = CARTESIAN_POINT('',(1.,1.362E-12,-6.965001373516));
#7114 = B_SPLINE_CURVE_WITH_KNOTS('',7,(#7115,#7116,#7117,#7118,#7119,
    #7120,#7121,#7122,#7123,#7124,#7125,#7126,#7127,#7128,#7129,#7130,
    #7131,#7132,#7133,#7134,#7135,#7136,#7137,#7138,#7139,#7140,#7141,
    #7142,#7143,#7144,#7145,#7146,#7147,#7148,#7149,#7150,#7151,#7152,
    #7153,#7154,#7155,#7156,#7157,#7158,#7159,#7160,#7161,#7162,#7163,
    #7164,#7165,#7166,#7167,#7168,#7169,#7170,#7171,#7172,#7173,#7174,
    #7175,#7176,#7177,#7178,#7179,#7180,#7181,#7182,#7183,#7184,#7185,
    #7186,#7187,#7188,#7189,#7190,#7191,#7192,#7193,#7194,#7195,#7196,
    #7197,#7198,#7199,#7200),.UNSPECIFIED.,.F.,.F.,(8,6,6,6,6,6,6,6,6,6,
    6,6,6,6,8),(0.,5.110870139101E-02,9.611091844072E-02,0.148036931714,
    0.262041005751,0.36213842054,0.430036566991,0.49803970836,
    0.536549821057,0.555550923849,0.738099271736,0.845665056074,
    0.871716383152,0.946763041775,1.),.UNSPECIFIED.);
#7115 = CARTESIAN_POINT('',(1.,3.48499E-12,-6.565001545216));
#7116 = CARTESIAN_POINT('',(1.,-4.587128506742E-02,-6.56792178508));
#7117 = CARTESIAN_POINT('',(0.997545107368,-9.174285319234E-02,
    -6.57084233784));
#7118 = CARTESIAN_POINT('',(0.992635352462,-0.137456231714,
    -6.573762905747));
#7119 = CARTESIAN_POINT('',(0.985283494781,-0.182853839452,
    -6.576683281961));
#7120 = CARTESIAN_POINT('',(0.975514846149,-0.227779796794,
    -6.579603344228));
#7121 = CARTESIAN_POINT('',(0.963367093902,-0.272080735793,
    -6.582523048554));
#7122 = CARTESIAN_POINT('',(0.936142867328,-0.353931999019,
    -6.588012989414));
#7123 = CARTESIAN_POINT('',(0.921589604465,-0.391656886225,
    -6.590583323491));
#7124 = CARTESIAN_POINT('',(0.905264371793,-0.428678937466,
    -6.593153436005));
#7125 = CARTESIAN_POINT('',(0.887208316462,-0.464898537734,
    -6.595723404146));
#7126 = CARTESIAN_POINT('',(0.867469493212,-0.500219222378,
    -6.598293336422));
#7127 = CARTESIAN_POINT('',(0.846102661113,-0.534548108059,
    -6.600863337664));
#7128 = CARTESIAN_POINT('',(0.796707063567,-0.606159928893,
    -6.606399037634));
#7129 = CARTESIAN_POINT('',(0.768158764473,-0.643085239325,
    -6.609364817823));
#7130 = CARTESIAN_POINT('',(0.737618372446,-0.678435598186,
    -6.61233091418));
#7131 = CARTESIAN_POINT('',(0.705190846296,-0.712082604103,
    -6.615297434703));
#7132 = CARTESIAN_POINT('',(0.670991221694,-0.743906841965,
    -6.618264458415));
#7133 = CARTESIAN_POINT('',(0.635143918642,-0.773798613731,
    -6.621231997945));
#7134 = CARTESIAN_POINT('',(0.515753695678,-0.862825695762,
    -6.630716156735));
#7135 = CARTESIAN_POINT('',(0.426408268959,-0.914211555851,
    -6.637235665238));
#7136 = CARTESIAN_POINT('',(0.331172643145,-0.954743083621,
    -6.643756055915));
#7137 = CARTESIAN_POINT('',(0.23163889719,-0.983642517138,
    -6.650275914459));
#7138 = CARTESIAN_POINT('',(0.129507455442,-1.000416683275,
    -6.65679473876));
#7139 = CARTESIAN_POINT('',(2.653820962074E-02,-1.004870747739,
    -6.663312126636));
#7140 = CARTESIAN_POINT('',(-0.165073122705,-0.990364542812,
    -6.67554576756));
#7141 = CARTESIAN_POINT('',(-0.253954907552,-0.974192391667,
    -6.681264270894));
#7142 = CARTESIAN_POINT('',(-0.340937113177,-0.948717362314,
    -6.686980792119));
#7143 = CARTESIAN_POINT('',(-0.424857651852,-0.914220456949,
    -6.692696129598));
#7144 = CARTESIAN_POINT('',(-0.504610876165,-0.871155816651,
    -6.698411677816));
#7145 = CARTESIAN_POINT('',(-0.579172205836,-0.820140857773,
    -6.704128289401));
#7146 = CARTESIAN_POINT('',(-0.694062095829,-0.722489891742,
    -6.713723058081));
#7147 = CARTESIAN_POINT('',(-0.73769166041,-0.679720295797,
    -6.717601436476));
#7148 = CARTESIAN_POINT('',(-0.778232579678,-0.633889336436,
    -6.721480263386));
#7149 = CARTESIAN_POINT('',(-0.815429137497,-0.58526650783,
    -6.72535957657));
#7150 = CARTESIAN_POINT('',(-0.849055793798,-0.534146747921,
    -6.729239400898));
#7151 = CARTESIAN_POINT('',(-0.878919490043,-0.480847389733,
    -6.733119650097));
#7152 = CARTESIAN_POINT('',(-0.930844535696,-0.370477565865,
    -6.740886407352));
#7153 = CARTESIAN_POINT('',(-0.95289491053,-0.313398917176,
    -6.744773093825));
#7154 = CARTESIAN_POINT('',(-0.970854034648,-0.254807400778,
    -6.748659794241));
#7155 = CARTESIAN_POINT('',(-0.984600213032,-0.195055660845,
    -6.752546378759));
#7156 = CARTESIAN_POINT('',(-0.994049931581,-0.134507037519,
    -6.756432793603));
#7157 = CARTESIAN_POINT('',(-0.999158688506,-7.353185287252E-02,
    -6.760318973292));
#7158 = CARTESIAN_POINT('',(-1.000353989591,2.205648841291E-02,
    -6.766405266061));
#7159 = CARTESIAN_POINT('',(-0.999392556895,5.663429224513E-02,
    -6.768605680104));
#7160 = CARTESIAN_POINT('',(-0.99703670997,9.116189758848E-02,
    -6.77080599141));
#7161 = CARTESIAN_POINT('',(-0.993289681342,0.125571926174,
    -6.773006202292));
#7162 = CARTESIAN_POINT('',(-0.988158753728,0.159797438504,
    -6.775206320971));
#7163 = CARTESIAN_POINT('',(-0.981655260042,0.193771933853,
    -6.77740636157));
#7164 = CARTESIAN_POINT('',(-0.969916082013,0.244036105847,
    -6.780691827684));
#7165 = CARTESIAN_POINT('',(-0.965707167739,0.260565720081,
    -6.781777297446));
#7166 = CARTESIAN_POINT('',(-0.961169684273,0.277010294059,
    -6.78286275579));
#7167 = CARTESIAN_POINT('',(-0.956305707019,0.293361997449,
    -6.783948205273));
#7168 = CARTESIAN_POINT('',(-0.951117543082,0.309613068492,
    -6.785033648622));
#7169 = CARTESIAN_POINT('',(-0.945607731265,0.325755814006,
    -6.786119088731));
#7170 = CARTESIAN_POINT('',(-0.883781366894,0.495756041894,
    -6.797632621679));
#7171 = CARTESIAN_POINT('',(-0.798285132959,0.639210370967,
    -6.808073090413));
#7172 = CARTESIAN_POINT('',(-0.685742123493,0.765006833591,
    -6.81850526009));
#7173 = CARTESIAN_POINT('',(-0.550791304854,0.867239805802,
    -6.828941120719));
#7174 = CARTESIAN_POINT('',(-0.399227091135,0.9415229409,-6.839383182712
    ));
#7175 = CARTESIAN_POINT('',(-0.237986079083,0.984990407462,
    -6.849831271011));
#7176 = CARTESIAN_POINT('',(2.166996251936E-02,1.004415622034,
    -6.866407795512));
#7177 = CARTESIAN_POINT('',(0.118768031001,1.000775471475,
    -6.872552912212));
#7178 = CARTESIAN_POINT('',(0.215200765618,0.986176180088,
    -6.878695289398));
#7179 = CARTESIAN_POINT('',(0.309490109354,0.960765915341,
    -6.884835585162));
#7180 = CARTESIAN_POINT('',(0.400201878204,0.92493070339,-6.890975867575
    ));
#7181 = CARTESIAN_POINT('',(0.485982462833,0.87928489716,-6.897117923732
    ));
#7182 = CARTESIAN_POINT('',(0.584883646742,0.811454154141,
    -6.904748659034));
#7183 = CARTESIAN_POINT('',(0.603805665017,0.797703160694,
    -6.906236528644));
#7184 = CARTESIAN_POINT('',(0.622349666185,0.78343798312,-6.907724513983
    ));
#7185 = CARTESIAN_POINT('',(0.640498918078,0.768671134993,
    -6.909212622449));
#7186 = CARTESIAN_POINT('',(0.658237228751,0.753415793534,
    -6.910700858329));
#7187 = CARTESIAN_POINT('',(0.675548946488,0.737685799608,
    -6.912189222795));
#7188 = CARTESIAN_POINT('',(0.741016796123,0.674856342688,-6.91796564456
    ));
#7189 = CARTESIAN_POINT('',(0.785950804709,0.624396646013,
    -6.922254753192));
#7190 = CARTESIAN_POINT('',(0.826857900269,0.570465113108,-6.92654480205
    ));
#7191 = CARTESIAN_POINT('',(0.863419606804,0.513449884956,
    -6.930835461562));
#7192 = CARTESIAN_POINT('',(0.895365343889,0.453773331593,
    -6.935126318581));
#7193 = CARTESIAN_POINT('',(0.922475712979,0.391886685599,
    -6.939416884657));
#7194 = CARTESIAN_POINT('',(0.960270331591,0.283132189314,
    -6.946749666145));
#7195 = CARTESIAN_POINT('',(0.973439143436,0.237124992333,
    -6.949792413188));
#7196 = CARTESIAN_POINT('',(0.984033563659,0.190411936777,
    -6.952834688273));
#7197 = CARTESIAN_POINT('',(0.99200925102,0.143165952659,-6.955876508418
    ));
#7198 = CARTESIAN_POINT('',(0.997336406302,9.556305276629E-02,
    -6.958918033933));
#7199 = CARTESIAN_POINT('',(1.,4.778133754524E-02,-6.961959537541));
#7200 = CARTESIAN_POINT('',(1.,2.7266E-12,-6.965001373516));
#7201 = ORIENTED_EDGE('',*,*,#7202,.F.);
#7202 = EDGE_CURVE('',#7034,#7112,#7203,.T.);
#7203 = LINE('',#7204,#7205);
#7204 = CARTESIAN_POINT('',(1.,0.,-1.E-01));
#7205 = VECTOR('',#7206,1.);
#7206 = DIRECTION('',(0.,0.,-1.));
#7207 = CYLINDRICAL_SURFACE('',#7208,1.);
#7208 = AXIS2_PLACEMENT_3D('',#7209,#7210,#7211);
#7209 = CARTESIAN_POINT('',(0.,0.,-1.E-01));
#7210 = DIRECTION('',(-0.,-0.,-1.));
#7211 = DIRECTION('',(1.,0.,0.));
#7212 = ADVANCED_FACE('',(#7213),#7238,.T.);
#7213 = FACE_BOUND('',#7214,.T.);
#7214 = EDGE_LOOP('',(#7215,#7231,#7232,#7233));
#7215 = ORIENTED_EDGE('',*,*,#7216,.F.);
#7216 = EDGE_CURVE('',#6842,#7217,#7219,.T.);
#7217 = VERTEX_POINT('',#7218);
#7218 = CARTESIAN_POINT('',(0.783501472076,5.67483964E-07,
    -6.690008914018));
#7219 = ( BOUNDED_CURVE() B_SPLINE_CURVE(10,(#7220,#7221,#7222,#7223,
    #7224,#7225,#7226,#7227,#7228,#7229,#7230),.UNSPECIFIED.,.F.,.F.) 
B_SPLINE_CURVE_WITH_KNOTS((11,11),(0.,6.295904828089),
.PIECEWISE_BEZIER_KNOTS.) CURVE() GEOMETRIC_REPRESENTATION_ITEM() 
RATIONAL_B_SPLINE_CURVE((1.056590953773,1.056590953773,1.056590953773,
    1.056590953773,1.056590953773,1.056590953773,1.056590953773,
    1.056590953773,1.056590953773,1.056590953773,1.056590953773)) 
REPRESENTATION_ITEM('') );
#7220 = CARTESIAN_POINT('',(0.783502341324,6.3053652599E-07,
    -6.290009904445));
#7221 = CARTESIAN_POINT('',(0.783501539366,-0.492317481191,
    -6.330008539384));
#7222 = CARTESIAN_POINT('',(0.439851385149,-0.984331707036,
    -6.36998378495));
#7223 = CARTESIAN_POINT('',(-0.247970626046,-1.206204664797,
    -6.410081727489));
#7224 = CARTESIAN_POINT('',(-1.034048563631,-0.89527133192,
    -6.44993528614));
#7225 = CARTESIAN_POINT('',(-1.449717129723,-1.933005665841E-05,
    -6.490009408727));
#7226 = CARTESIAN_POINT('',(-1.033916713415,0.895296636381,
    -6.530083533129));
#7227 = CARTESIAN_POINT('',(-0.248100786384,1.206193981501,
    -6.56993709059));
#7228 = CARTESIAN_POINT('',(0.439894475617,0.984334052209,
    -6.610035033602));
#7229 = CARTESIAN_POINT('',(0.783502313637,0.492318679211,
    -6.650010279084));
#7230 = CARTESIAN_POINT('',(0.783501472076,5.6748396812E-07,
    -6.690008914018));
#7231 = ORIENTED_EDGE('',*,*,#6859,.T.);
#7232 = ORIENTED_EDGE('',*,*,#6750,.T.);
#7233 = ORIENTED_EDGE('',*,*,#7234,.F.);
#7234 = EDGE_CURVE('',#7217,#6751,#7235,.T.);
#7235 = B_SPLINE_CURVE_WITH_KNOTS('',1,(#7236,#7237),.UNSPECIFIED.,.F.,
  .F.,(2,2),(0.,0.28),.PIECEWISE_BEZIER_KNOTS.);
#7236 = CARTESIAN_POINT('',(0.783501472076,5.6748396815E-07,
    -6.690008914018));
#7237 = CARTESIAN_POINT('',(1.025982820733,-6.81020246E-08,
    -6.549998930256));
#7238 = B_SPLINE_SURFACE_WITH_KNOTS('',1,10,(
    (#7239,#7240,#7241,#7242,#7243,#7244,#7245,#7246,#7247,#7248,#7249)
    ,(#7250,#7251,#7252,#7253,#7254,#7255,#7256,#7257,#7258,#7259,#7260
    )),.UNSPECIFIED.,.F.,.F.,.F.,(2,2),(11,11),(0.,0.28),(0.,
    6.295904828089),.PIECEWISE_BEZIER_KNOTS.);
#7239 = CARTESIAN_POINT('',(0.783502341324,6.305365251E-07,
    -6.290009904445));
#7240 = CARTESIAN_POINT('',(0.783501539366,-0.492317481191,
    -6.330008539384));
#7241 = CARTESIAN_POINT('',(0.439851385149,-0.984331707036,
    -6.369983784949));
#7242 = CARTESIAN_POINT('',(-0.247970626046,-1.206204664797,
    -6.410081727491));
#7243 = CARTESIAN_POINT('',(-1.03404856363,-0.89527133192,
    -6.449935286138));
#7244 = CARTESIAN_POINT('',(-1.449717129723,-1.933005654764E-05,
    -6.49000940873));
#7245 = CARTESIAN_POINT('',(-1.033916713415,0.895296636381,
    -6.530083533127));
#7246 = CARTESIAN_POINT('',(-0.248100786384,1.206193981501,
    -6.56993709059));
#7247 = CARTESIAN_POINT('',(0.439894475617,0.984334052209,
    -6.610035033602));
#7248 = CARTESIAN_POINT('',(0.783502313637,0.492318679211,
    -6.650010279084));
#7249 = CARTESIAN_POINT('',(0.783501472076,5.6748396815E-07,
    -6.690008914018));
#7250 = CARTESIAN_POINT('',(1.025983049466,-7.566924212E-08,
    -6.14999881139));
#7251 = CARTESIAN_POINT('',(1.025982686679,-0.644640644176,
    -6.189998975219));
#7252 = CARTESIAN_POINT('',(0.576029760911,-1.289299643044,
    -6.230001946125));
#7253 = CARTESIAN_POINT('',(-0.324910237367,-1.578745974011,
    -6.269990191507));
#7254 = CARTESIAN_POINT('',(-1.353724409886,-1.173076889769,
    -6.310007766827));
#7255 = CARTESIAN_POINT('',(-1.898734046181,-4.66149535816E-06,
    -6.349998870692));
#7256 = CARTESIAN_POINT('',(-1.353689189094,1.173084153597,
    -6.389989975029));
#7257 = CARTESIAN_POINT('',(-0.324943782387,1.578743308375,
    -6.43000755004));
#7258 = CARTESIAN_POINT('',(0.576041676992,1.289300002394,
    -6.469995795543));
#7259 = CARTESIAN_POINT('',(1.025983178767,0.644640500405,
    -6.509998766429));
#7260 = CARTESIAN_POINT('',(1.025982820733,-6.81020246E-08,
    -6.549998930256));
#7261 = ADVANCED_FACE('',(#7262),#7292,.T.);
#7262 = FACE_BOUND('',#7263,.T.);
#7263 = EDGE_LOOP('',(#7264,#7280,#7281,#7282));
#7264 = ORIENTED_EDGE('',*,*,#7265,.F.);
#7265 = EDGE_CURVE('',#6891,#7266,#7268,.T.);
#7266 = VERTEX_POINT('',#7267);
#7267 = CARTESIAN_POINT('',(0.783505589359,5.67478527E-07,
    -6.790008913934));
#7268 = B_SPLINE_CURVE_WITH_KNOTS('',10,(#7269,#7270,#7271,#7272,#7273,
    #7274,#7275,#7276,#7277,#7278,#7279),.UNSPECIFIED.,.F.,.F.,(11,11),(
    0.,6.295904828089),.PIECEWISE_BEZIER_KNOTS.);
#7269 = CARTESIAN_POINT('',(0.783506916083,6.3052983081E-07,
    -6.390009904341));
#7270 = CARTESIAN_POINT('',(0.783505483601,-0.492320211294,
    -6.430008539308));
#7271 = CARTESIAN_POINT('',(0.439842090078,-0.984336732911,
    -6.469983785392));
#7272 = CARTESIAN_POINT('',(-0.247938237516,-1.206214053263,
    -6.510081725842));
#7273 = CARTESIAN_POINT('',(-1.034089350972,-0.895269236481,
    -6.549935287746));
#7274 = CARTESIAN_POINT('',(-1.449725177516,-2.891948196737E-05,
    -6.590009408365));
#7275 = CARTESIAN_POINT('',(-1.033887386995,0.895308689791,
    -6.630083531759));
#7276 = CARTESIAN_POINT('',(-0.248135931181,1.206197947397,
    -6.669937091845));
#7277 = CARTESIAN_POINT('',(0.439908651616,0.984339958263,
    -6.710035033016));
#7278 = CARTESIAN_POINT('',(0.783507061444,0.492321409302,
    -6.750010278974));
#7279 = CARTESIAN_POINT('',(0.783505589359,5.6747853196E-07,
    -6.790008913934));
#7280 = ORIENTED_EDGE('',*,*,#6908,.T.);
#7281 = ORIENTED_EDGE('',*,*,#7216,.T.);
#7282 = ORIENTED_EDGE('',*,*,#7283,.F.);
#7283 = EDGE_CURVE('',#7266,#7217,#7284,.T.);
#7284 = ( BOUNDED_CURVE() B_SPLINE_CURVE(6,(#7285,#7286,#7287,#7288,
#7289,#7290,#7291),.UNSPECIFIED.,.F.,.F.) B_SPLINE_CURVE_WITH_KNOTS((7,7
),(0.,2.094395102393),.PIECEWISE_BEZIER_KNOTS.) CURVE() 
GEOMETRIC_REPRESENTATION_ITEM() RATIONAL_B_SPLINE_CURVE((1.056590953773,
    1.017435169568,0.996326512422,0.989390034249,0.996326512422,
1.017435169568,1.056590953773)) REPRESENTATION_ITEM('') );
#7285 = CARTESIAN_POINT('',(0.783505589359,5.6747853089E-07,
    -6.790008913934));
#7286 = CARTESIAN_POINT('',(0.765380639644,6.1498607193E-07,
    -6.77954546432));
#7287 = CARTESIAN_POINT('',(0.752607510195,6.4846533271E-07,
    -6.761834999705));
#7288 = CARTESIAN_POINT('',(0.747990135069,6.6056696876E-07,
    -6.740010376163));
#7289 = CARTESIAN_POINT('',(0.752605713017,6.4846770534E-07,
    -6.718185372474));
#7290 = CARTESIAN_POINT('',(0.765377384042,6.1499037168E-07,
    -6.700473856107));
#7291 = CARTESIAN_POINT('',(0.783501472076,5.6748396812E-07,
    -6.690008914018));
#7292 = ( BOUNDED_SURFACE() B_SPLINE_SURFACE(6,10,(
    (#7293,#7294,#7295,#7296,#7297,#7298,#7299,#7300,#7301,#7302,#7303)
    ,(#7304,#7305,#7306,#7307,#7308,#7309,#7310,#7311,#7312,#7313,#7314)
    ,(#7315,#7316,#7317,#7318,#7319,#7320,#7321,#7322,#7323,#7324,#7325)
    ,(#7326,#7327,#7328,#7329,#7330,#7331,#7332,#7333,#7334,#7335,#7336)
    ,(#7337,#7338,#7339,#7340,#7341,#7342,#7343,#7344,#7345,#7346,#7347)
    ,(#7348,#7349,#7350,#7351,#7352,#7353,#7354,#7355,#7356,#7357,#7358)
    ,(#7359,#7360,#7361,#7362,#7363,#7364,#7365,#7366,#7367,#7368,#7369
)),.UNSPECIFIED.,.F.,.F.,.F.) B_SPLINE_SURFACE_WITH_KNOTS((7,7),(11,11),
  (0.,2.094395102393),(0.,6.295904828089),.PIECEWISE_BEZIER_KNOTS.) 
GEOMETRIC_REPRESENTATION_ITEM() RATIONAL_B_SPLINE_SURFACE((
    (1.056590953773,1.056590953773,1.056590953773,1.056590953773
      ,1.056590953773,1.056590953773,1.056590953773,1.056590953773
      ,1.056590953773,1.056590953773,1.056590953773)
    ,(1.017435169568,1.017435169568,1.017435169568,1.017435169569
      ,1.017435169568,1.017435169569,1.017435169568,1.017435169568
      ,1.017435169568,1.017435169568,1.017435169568)
    ,(0.996326512422,0.996326512422,0.996326512422,0.996326512422
      ,0.996326512422,0.996326512422,0.996326512422,0.996326512422
      ,0.996326512422,0.996326512422,0.996326512422)
    ,(0.989390034249,0.989390034249,0.989390034248,0.989390034249
      ,0.989390034248,0.989390034249,0.989390034248,0.989390034249
      ,0.989390034249,0.989390034249,0.989390034249)
    ,(0.996326512422,0.996326512422,0.996326512422,0.996326512422
      ,0.996326512422,0.996326512422,0.996326512422,0.996326512422
      ,0.996326512422,0.996326512422,0.996326512422)
    ,(1.017435169568,1.017435169568,1.017435169568,1.017435169568
      ,1.017435169568,1.017435169569,1.017435169568,1.017435169568
      ,1.017435169568,1.017435169568,1.017435169568)
    ,(1.056590953773,1.056590953773,1.056590953773,1.056590953773
      ,1.056590953773,1.056590953773,1.056590953773,1.056590953773
      ,1.056590953773,1.056590953773,1.056590953773
))) REPRESENTATION_ITEM('') SURFACE() );
#7293 = CARTESIAN_POINT('',(0.783506916083,6.3052983121E-07,
    -6.390009904341));
#7294 = CARTESIAN_POINT('',(0.783505483601,-0.492320211294,
    -6.430008539308));
#7295 = CARTESIAN_POINT('',(0.439842090078,-0.984336732911,
    -6.469983785393));
#7296 = CARTESIAN_POINT('',(-0.247938237516,-1.206214053263,
    -6.510081725841));
#7297 = CARTESIAN_POINT('',(-1.034089350972,-0.895269236482,
    -6.549935287747));
#7298 = CARTESIAN_POINT('',(-1.449725177515,-2.891948187855E-05,
    -6.590009408365));
#7299 = CARTESIAN_POINT('',(-1.033887386995,0.895308689791,
    -6.63008353176));
#7300 = CARTESIAN_POINT('',(-0.248135931181,1.206197947397,
    -6.669937091845));
#7301 = CARTESIAN_POINT('',(0.439908651616,0.984339958263,
    -6.710035033016));
#7302 = CARTESIAN_POINT('',(0.783507061444,0.492321409302,
    -6.750010278974));
#7303 = CARTESIAN_POINT('',(0.783505589359,5.6747853089E-07,
    -6.790008913934));
#7304 = CARTESIAN_POINT('',(0.7653819185,6.8331605618E-07,
    -6.379546537645));
#7305 = CARTESIAN_POINT('',(0.765380585151,-0.480934358417,
    -6.41954505833));
#7306 = CARTESIAN_POINT('',(0.429665483988,-0.961541079552,
    -6.459518231996));
#7307 = CARTESIAN_POINT('',(-0.242194221898,-1.178366765368,
    -6.499624372115));
#7308 = CARTESIAN_POINT('',(-1.010186881503,-0.874505305249,
    -6.539465674036));
#7309 = CARTESIAN_POINT('',(-1.416162057825,-2.800896023583E-05,
    -6.579546000238));
#7310 = CARTESIAN_POINT('',(-1.009992368714,0.874543145866,
    -6.619626329117));
#7311 = CARTESIAN_POINT('',(-0.242385003364,1.178351195085,
    -6.659467629283));
#7312 = CARTESIAN_POINT('',(0.429729463515,0.961544269125,
    -6.699573770098));
#7313 = CARTESIAN_POINT('',(0.765382015911,0.480935656719,
    -6.739546943642));
#7314 = CARTESIAN_POINT('',(0.765380639644,6.1498607193E-07,
    -6.77954546432));
#7315 = CARTESIAN_POINT('',(0.752608708031,7.2051535324E-07,
    -6.361836131464));
#7316 = CARTESIAN_POINT('',(0.752607509717,-0.472910433155,
    -6.401834571612));
#7317 = CARTESIAN_POINT('',(0.422494961416,-0.94547639798,
    -6.441806284785));
#7318 = CARTESIAN_POINT('',(-0.238149745632,-1.158741731552,
    -6.481918203451));
#7319 = CARTESIAN_POINT('',(-0.993338526849,-0.859873120184,
    -6.521750865388));
#7320 = CARTESIAN_POINT('',(-1.392509199595,-2.637606904901E-05,
    -6.561835564888));
#7321 = CARTESIAN_POINT('',(-0.993156512482,0.859908361788,
    -6.601920266893));
#7322 = CARTESIAN_POINT('',(-0.238328675238,1.158727099217,
    -6.641752927188));
#7323 = CARTESIAN_POINT('',(0.422554695225,0.945479471358,
    -6.681864846506));
#7324 = CARTESIAN_POINT('',(0.752608753763,0.472911802136,
    -6.721836559564));
#7325 = CARTESIAN_POINT('',(0.752607510195,6.4846533271E-07,
    -6.761834999705));
#7326 = CARTESIAN_POINT('',(0.747991233062,7.3396175768E-07,
    -6.340011529045));
#7327 = CARTESIAN_POINT('',(0.747990180804,-0.470009831849,
    -6.380009940079));
#7328 = CARTESIAN_POINT('',(0.419904670009,-0.939669178915,
    -6.41998112529));
#7329 = CARTESIAN_POINT('',(-0.236692899124,-1.151646980285,
    -6.460095132885));
#7330 = CARTESIAN_POINT('',(-0.987242540139,-0.854584763265,
    -6.499924671471));
#7331 = CARTESIAN_POINT('',(-1.38395883188,-2.430686596844E-05,
    -6.540010951966));
#7332 = CARTESIAN_POINT('',(-0.987075857095,0.854616883254,
    -6.580097234755));
#7333 = CARTESIAN_POINT('',(-0.23685712909,1.151633523305,
    -6.619926771837));
#7334 = CARTESIAN_POINT('',(0.419959249219,0.939672074542,-6.66004078003
    ));
#7335 = CARTESIAN_POINT('',(0.747991233427,0.470011226378,
    -6.700011965135));
#7336 = CARTESIAN_POINT('',(0.747990135069,6.6056696876E-07,
    -6.740010376163));
#7337 = CARTESIAN_POINT('',(0.752606711165,7.2051827588E-07,
    -6.318186504241));
#7338 = CARTESIAN_POINT('',(0.752605788073,-0.472909241475,
    -6.358184944376));
#7339 = CARTESIAN_POINT('',(0.42249901868,-0.945474204204,
    -6.398156657323));
#7340 = CARTESIAN_POINT('',(-0.238163883105,-1.158737633521,
    -6.438268576902));
#7341 = CARTESIAN_POINT('',(-0.993320723326,-0.859874034835,
    -6.478101237418));
#7342 = CARTESIAN_POINT('',(-1.392505686763,-2.219032048834E-05,
    -6.518185937778));
#7343 = CARTESIAN_POINT('',(-0.993169313356,0.859903100519,
    -6.558270640221));
#7344 = CARTESIAN_POINT('',(-0.238313334665,1.158725368118,
    -6.598103299371));
#7345 = CARTESIAN_POINT('',(0.422548507454,0.945476893387,
    -6.638215219493));
#7346 = CARTESIAN_POINT('',(0.752606681363,0.472910610461,
    -6.678186932344));
#7347 = CARTESIAN_POINT('',(0.752605713017,6.4846770534E-07,
    -6.718185372474));
#7348 = CARTESIAN_POINT('',(0.765378301165,6.8332135111E-07,
    -6.300474929448));
#7349 = CARTESIAN_POINT('',(0.765377466381,-0.48093219968,-6.34047345011
    ));
#7350 = CARTESIAN_POINT('',(0.42967283375,-0.961537105511,
    -6.380446623366));
#7351 = CARTESIAN_POINT('',(-0.24221983203,-1.178359341757,
    -6.420552765138));
#7352 = CARTESIAN_POINT('',(-1.010154630295,-0.874506962146,
    -6.460394064485));
#7353 = CARTESIAN_POINT('',(-1.416155694307,-2.042644732048E-05,
    -6.500474392245));
#7354 = CARTESIAN_POINT('',(-1.010015557586,0.874533615041,
    -6.540554721919));
#7355 = CARTESIAN_POINT('',(-0.242357213808,1.178348059187,
    -6.58039602001));
#7356 = CARTESIAN_POINT('',(0.429718254324,0.961539599113,
    -6.620502162281));
#7357 = CARTESIAN_POINT('',(0.765378261744,0.480933497992,
    -6.660475335449));
#7358 = CARTESIAN_POINT('',(0.765377384042,6.1499037168E-07,
    -6.700473856107));
#7359 = CARTESIAN_POINT('',(0.783502341324,6.3053652599E-07,
    -6.290009904445));
#7360 = CARTESIAN_POINT('',(0.783501539366,-0.492317481191,
    -6.330008539384));
#7361 = CARTESIAN_POINT('',(0.439851385149,-0.984331707036,
    -6.36998378495));
#7362 = CARTESIAN_POINT('',(-0.247970626046,-1.206204664797,
    -6.410081727489));
#7363 = CARTESIAN_POINT('',(-1.034048563631,-0.89527133192,
    -6.44993528614));
#7364 = CARTESIAN_POINT('',(-1.449717129723,-1.933005665841E-05,
    -6.490009408727));
#7365 = CARTESIAN_POINT('',(-1.033916713415,0.895296636381,
    -6.530083533129));
#7366 = CARTESIAN_POINT('',(-0.248100786384,1.206193981501,
    -6.56993709059));
#7367 = CARTESIAN_POINT('',(0.439894475617,0.984334052209,
    -6.610035033602));
#7368 = CARTESIAN_POINT('',(0.783502313637,0.492318679211,
    -6.650010279084));
#7369 = CARTESIAN_POINT('',(0.783501472076,5.6748396812E-07,
    -6.690008914018));
#7370 = ADVANCED_FACE('',(#7371),#7381,.T.);
#7371 = FACE_BOUND('',#7372,.T.);
#7372 = EDGE_LOOP('',(#7373,#7374,#7375,#7376));
#7373 = ORIENTED_EDGE('',*,*,#7033,.F.);
#7374 = ORIENTED_EDGE('',*,*,#7002,.T.);
#7375 = ORIENTED_EDGE('',*,*,#7265,.T.);
#7376 = ORIENTED_EDGE('',*,*,#7377,.F.);
#7377 = EDGE_CURVE('',#7034,#7266,#7378,.T.);
#7378 = B_SPLINE_CURVE_WITH_KNOTS('',1,(#7379,#7380),.UNSPECIFIED.,.F.,
  .F.,(2,2),(0.,0.28),.PIECEWISE_BEZIER_KNOTS.);
#7379 = CARTESIAN_POINT('',(1.025998466409,-6.812268581E-08,
    -6.929998929934));
#7380 = CARTESIAN_POINT('',(0.783505589359,5.6747853196E-07,
    -6.790008913934));
#7381 = B_SPLINE_SURFACE_WITH_KNOTS('',1,10,(
    (#7382,#7383,#7384,#7385,#7386,#7387,#7388,#7389,#7390,#7391,#7392)
    ,(#7393,#7394,#7395,#7396,#7397,#7398,#7399,#7400,#7401,#7402,#7403
    )),.UNSPECIFIED.,.F.,.F.,.F.,(2,2),(11,11),(0.,0.28),(0.,
    6.295904828089),.PIECEWISE_BEZIER_KNOTS.);
#7382 = CARTESIAN_POINT('',(1.026000433551,-7.569468217E-08,
    -6.529998810993));
#7383 = CARTESIAN_POINT('',(1.025997674772,-0.644651018568,
    -6.569998974931));
#7384 = CARTESIAN_POINT('',(0.575994439643,-1.289318741371,
    -6.610001947807));
#7385 = CARTESIAN_POINT('',(-0.324787160951,-1.578781650182,
    -6.649990185243));
#7386 = CARTESIAN_POINT('',(-1.353879401784,-1.173068927105,
    -6.690007772933));
#7387 = CARTESIAN_POINT('',(-1.898764627792,-4.11013115813E-05,
    -6.729998869314));
#7388 = CARTESIAN_POINT('',(-1.353577748698,1.173129956556,
    -6.769989969827));
#7389 = CARTESIAN_POINT('',(-0.325077332616,1.578758378782,
    -6.810007554809));
#7390 = CARTESIAN_POINT('',(0.576095545789,1.289322445401,
    -6.849995793315));
#7391 = CARTESIAN_POINT('',(1.026001220433,0.644650874752,
    -6.889998766008));
#7392 = CARTESIAN_POINT('',(1.025998466409,-6.812268581E-08,
    -6.929998929934));
#7393 = CARTESIAN_POINT('',(0.783506916083,6.3052983081E-07,
    -6.390009904341));
#7394 = CARTESIAN_POINT('',(0.783505483601,-0.492320211294,
    -6.430008539308));
#7395 = CARTESIAN_POINT('',(0.439842090078,-0.984336732911,
    -6.469983785392));
#7396 = CARTESIAN_POINT('',(-0.247938237516,-1.206214053263,
    -6.510081725842));
#7397 = CARTESIAN_POINT('',(-1.034089350972,-0.895269236481,
    -6.549935287746));
#7398 = CARTESIAN_POINT('',(-1.449725177516,-2.891948196737E-05,
    -6.590009408365));
#7399 = CARTESIAN_POINT('',(-1.033887386995,0.895308689791,
    -6.630083531759));
#7400 = CARTESIAN_POINT('',(-0.248135931181,1.206197947397,
    -6.669937091845));
#7401 = CARTESIAN_POINT('',(0.439908651616,0.984339958263,
    -6.710035033016));
#7402 = CARTESIAN_POINT('',(0.783507061444,0.492321409302,
    -6.750010278974));
#7403 = CARTESIAN_POINT('',(0.783505589359,5.6747853196E-07,
    -6.790008913934));
#7404 = ADVANCED_FACE('',(#7405),#7568,.T.);
#7405 = FACE_BOUND('',#7406,.F.);
#7406 = EDGE_LOOP('',(#7407,#7484,#7485,#7562));
#7407 = ORIENTED_EDGE('',*,*,#7408,.F.);
#7408 = EDGE_CURVE('',#7034,#7409,#7411,.T.);
#7409 = VERTEX_POINT('',#7410);
#7410 = CARTESIAN_POINT('',(1.,8.761E-12,-7.314991231553));
#7411 = B_SPLINE_CURVE_WITH_KNOTS('',6,(#7412,#7413,#7414,#7415,#7416,
    #7417,#7418,#7419,#7420,#7421,#7422,#7423,#7424,#7425,#7426,#7427,
    #7428,#7429,#7430,#7431,#7432,#7433,#7434,#7435,#7436,#7437,#7438,
    #7439,#7440,#7441,#7442,#7443,#7444,#7445,#7446,#7447,#7448,#7449,
    #7450,#7451,#7452,#7453,#7454,#7455,#7456,#7457,#7458,#7459,#7460,
    #7461,#7462,#7463,#7464,#7465,#7466,#7467,#7468,#7469,#7470,#7471,
    #7472,#7473,#7474,#7475,#7476,#7477,#7478,#7479,#7480,#7481,#7482,
    #7483),.UNSPECIFIED.,.F.,.F.,(7,5,5,5,5,5,5,5,5,5,5,5,5,5,7),(0.,
    5.299977489571E-02,9.899959477025E-02,0.152578372903,0.255577254342,
    0.365063933695,0.433223380052,0.496021309508,0.566962079413,
    0.634278208626,0.737987022935,0.849821647652,0.902859047433,
    0.948858428142,1.),.UNSPECIFIED.);
#7412 = CARTESIAN_POINT('',(1.,2.222866E-11,-6.914990135561));
#7413 = CARTESIAN_POINT('',(1.000000000001,-5.549999413114E-02,
    -6.918523511707));
#7414 = CARTESIAN_POINT('',(0.996303663372,-0.111000503473,
    -6.922056677813));
#7415 = CARTESIAN_POINT('',(0.988911041749,-0.166192110763,
    -6.925590071664));
#7416 = CARTESIAN_POINT('',(0.97785655978,-0.220767851133,
    -6.929124011042));
#7417 = CARTESIAN_POINT('',(0.963208250302,-0.274426641963,
    -6.93265857251));
#7418 = CARTESIAN_POINT('',(0.929321739076,-0.372399430787,
    -6.939261495621));
#7419 = CARTESIAN_POINT('',(0.9109450582,-0.417012291739,-6.942329825171
    ));
#7420 = CARTESIAN_POINT('',(0.890002852758,-0.460524743799,
    -6.945398304194));
#7421 = CARTESIAN_POINT('',(0.866579058247,-0.502753401364,
    -6.948466756738));
#7422 = CARTESIAN_POINT('',(0.840774818544,-0.543523716443,
    -6.951535001021));
#7423 = CARTESIAN_POINT('',(0.780016149471,-0.62826962101,
    -6.958176191911));
#7424 = CARTESIAN_POINT('',(0.744254041561,-0.671667338099,
    -6.961749065788));
#7425 = CARTESIAN_POINT('',(0.705607242109,-0.712605308381,
    -6.965321173187));
#7426 = CARTESIAN_POINT('',(0.664289711779,-0.750846450444,
    -6.968892467043));
#7427 = CARTESIAN_POINT('',(0.620540565302,-0.786179017912,
    -6.972463033671));
#7428 = CARTESIAN_POINT('',(0.486346537125,-0.880398091124,
    -6.982895721878));
#7429 = CARTESIAN_POINT('',(0.390036931874,-0.930960141493,
    -6.989757238234));
#7430 = CARTESIAN_POINT('',(0.287567166185,-0.968780644281,
    -6.996616417394));
#7431 = CARTESIAN_POINT('',(0.181059126883,-0.992991524363,
    -7.003477099431));
#7432 = CARTESIAN_POINT('',(7.276346866818E-02,-1.003164297731,
    -7.010341549627));
#7433 = CARTESIAN_POINT('',(-0.149607778913,-0.995370442466,
    -7.024505698873));
#7434 = CARTESIAN_POINT('',(-0.263657169557,-0.975589563479,
    -7.031808024425));
#7435 = CARTESIAN_POINT('',(-0.374415451697,-0.940130415449,
    -7.039111298757));
#7436 = CARTESIAN_POINT('',(-0.479227666819,-0.889737062705,
    -7.046415039163));
#7437 = CARTESIAN_POINT('',(-0.575652068927,-0.82569372647,
    -7.053719125291));
#7438 = CARTESIAN_POINT('',(-0.7151437674,-0.702612216053,
    -7.065565609029));
#7439 = CARTESIAN_POINT('',(-0.764620669053,-0.650802717583,
    -7.070110408178));
#7440 = CARTESIAN_POINT('',(-0.809560005092,-0.594843717169,
    -7.074654365227));
#7441 = CARTESIAN_POINT('',(-0.849534936643,-0.535237452903,
    -7.079197738479));
#7442 = CARTESIAN_POINT('',(-0.88419395389,-0.472541403569,
    -7.083740904417));
#7443 = CARTESIAN_POINT('',(-0.940056758112,-0.347300569916,
    -7.092469435924));
#7444 = CARTESIAN_POINT('',(-0.962105716669,-0.285129151041,
    -7.096655019899));
#7445 = CARTESIAN_POINT('',(-0.979206198581,-0.221313091374,
    -7.100840618401));
#7446 = CARTESIAN_POINT('',(-0.991212295247,-0.15634596661,
    -7.10502650985));
#7447 = CARTESIAN_POINT('',(-0.998043676157,-9.073610295091E-02,
    -7.10921289915));
#7448 = CARTESIAN_POINT('',(-1.001544484516,4.926450445282E-02,
    -7.118129147196));
#7449 = CARTESIAN_POINT('',(-0.996781418629,0.123694720106,
    -7.122859343986));
#7450 = CARTESIAN_POINT('',(-0.985379721319,0.197550198072,
    -7.127589841162));
#7451 = CARTESIAN_POINT('',(-0.967431274027,0.270093576489,
    -7.132320592762));
#7452 = CARTESIAN_POINT('',(-0.94313527629,0.34060890411,-7.137051458337
    ));
#7453 = CARTESIAN_POINT('',(-0.884005114844,0.472762104597,
    -7.146270489537));
#7454 = CARTESIAN_POINT('',(-0.849771226659,0.534673097305,
    -7.150758962602));
#7455 = CARTESIAN_POINT('',(-0.810352396334,0.593571560598,
    -7.155246734915));
#7456 = CARTESIAN_POINT('',(-0.766086854739,0.648920327964,
    -7.15973376963));
#7457 = CARTESIAN_POINT('',(-0.717384586291,0.700234682909,
    -7.164220170923));
#7458 = CARTESIAN_POINT('',(-0.58358323039,0.819283373376,
    -7.175616611459));
#7459 = CARTESIAN_POINT('',(-0.493026217961,0.880910811334,
    -7.182526964789));
#7460 = CARTESIAN_POINT('',(-0.394794888998,0.930411551958,
    -7.189435221012));
#7461 = CARTESIAN_POINT('',(-0.290941572019,0.966659591516,
    -7.196344249942));
#7462 = CARTESIAN_POINT('',(-0.183701296064,0.988963012543,
    -7.203256878283));
#7463 = CARTESIAN_POINT('',(4.136550510385E-02,1.005983835559,
    -7.217626759324));
#7464 = CARTESIAN_POINT('',(0.159406127081,0.998406082417,
    -7.225086922038));
#7465 = CARTESIAN_POINT('',(0.275775329417,0.974185986257,
    -7.232548450287));
#7466 = CARTESIAN_POINT('',(0.387574840904,0.933815945115,
    -7.240011251031));
#7467 = CARTESIAN_POINT('',(0.492075426615,0.878394663013,
    -7.247473470203));
#7468 = CARTESIAN_POINT('',(0.631866216401,0.77706488753,-7.258468089076
    ));
#7469 = CARTESIAN_POINT('',(0.674663182602,0.74147081501,-7.26200429688)
  );
#7470 = CARTESIAN_POINT('',(0.71503727069,0.703061043832,-7.265539702659
    ));
#7471 = CARTESIAN_POINT('',(0.752759439328,0.66204416911,-7.269074410955
    ));
#7472 = CARTESIAN_POINT('',(0.787625122425,0.618652795417,
    -7.272608651627));
#7473 = CARTESIAN_POINT('',(0.847064742146,0.533668064355,
    -7.279207654145));
#7474 = CARTESIAN_POINT('',(0.872390845153,0.492599615954,
    -7.282272524264));
#7475 = CARTESIAN_POINT('',(0.895319670726,0.450100777912,
    -7.285337378291));
#7476 = CARTESIAN_POINT('',(0.915752132191,0.406347259845,
    -7.288402452641));
#7477 = CARTESIAN_POINT('',(0.933606452766,0.36152339959,-7.291467938507
    ));
#7478 = CARTESIAN_POINT('',(0.965732051702,0.265008514847,
    -7.297942467457));
#7479 = CARTESIAN_POINT('',(0.979379908167,0.213109200151,
    -7.301351650907));
#7480 = CARTESIAN_POINT('',(0.989674998842,0.160385627687,
    -7.304761414341));
#7481 = CARTESIAN_POINT('',(0.996558313491,0.107108666452,
    -7.308171581391));
#7482 = CARTESIAN_POINT('',(1.,5.355413974442E-02,-7.311581743613));
#7483 = CARTESIAN_POINT('',(1.,1.751732E-11,-7.314991231553));
#7484 = ORIENTED_EDGE('',*,*,#7202,.T.);
#7485 = ORIENTED_EDGE('',*,*,#7486,.T.);
#7486 = EDGE_CURVE('',#7112,#7487,#7489,.T.);
#7487 = VERTEX_POINT('',#7488);
#7488 = CARTESIAN_POINT('',(1.,1.063E-12,-7.365001201818));
#7489 = B_SPLINE_CURVE_WITH_KNOTS('',6,(#7490,#7491,#7492,#7493,#7494,
    #7495,#7496,#7497,#7498,#7499,#7500,#7501,#7502,#7503,#7504,#7505,
    #7506,#7507,#7508,#7509,#7510,#7511,#7512,#7513,#7514,#7515,#7516,
    #7517,#7518,#7519,#7520,#7521,#7522,#7523,#7524,#7525,#7526,#7527,
    #7528,#7529,#7530,#7531,#7532,#7533,#7534,#7535,#7536,#7537,#7538,
    #7539,#7540,#7541,#7542,#7543,#7544,#7545,#7546,#7547,#7548,#7549,
    #7550,#7551,#7552,#7553,#7554,#7555,#7556,#7557,#7558,#7559,#7560,
    #7561),.UNSPECIFIED.,.F.,.F.,(7,5,5,5,5,5,5,5,5,5,5,5,5,5,7),(0.,
    5.110597809494E-02,9.610560278147E-02,0.148028722658,0.262026229425,
    0.362099436755,0.42998447051,0.497983679865,0.564423557393,
    0.631806309772,0.737805725071,0.79470515905,0.845707681105,
    0.881033146922,1.),.UNSPECIFIED.);
#7490 = CARTESIAN_POINT('',(1.,2.74547E-12,-6.965001373516));
#7491 = CARTESIAN_POINT('',(1.,-5.351673050661E-02,-6.968408334746));
#7492 = CARTESIAN_POINT('',(0.996563120612,-0.107033857301,
    -6.971815734031));
#7493 = CARTESIAN_POINT('',(0.989689414962,-0.160274049627,
    -6.975223050308));
#7494 = CARTESIAN_POINT('',(0.979408638021,-0.212962056884,
    -6.978629974637));
#7495 = CARTESIAN_POINT('',(0.965779627733,-0.264827544012,
    -6.98203638807));
#7496 = CARTESIAN_POINT('',(0.934017824573,-0.360320859815,
    -6.988441333798));
#7497 = CARTESIAN_POINT('',(0.916617555593,-0.404193087058,
    -6.991440002656));
#7498 = CARTESIAN_POINT('',(0.896748443001,-0.447045523483,
    -6.994438365143));
#7499 = CARTESIAN_POINT('',(0.874486642543,-0.488705429248,
    -6.997436595018));
#7500 = CARTESIAN_POINT('',(0.849924190526,-0.529007918146,
    -7.000434898288));
#7501 = CARTESIAN_POINT('',(0.792295819281,-0.612555046827,
    -7.006893221482));
#7502 = CARTESIAN_POINT('',(0.758502542636,-0.655299003406,
    -7.010353355452));
#7503 = CARTESIAN_POINT('',(0.721953295233,-0.695790185132,
    -7.013813966906));
#7504 = CARTESIAN_POINT('',(0.682838038563,-0.73380870434,
    -7.017275249758));
#7505 = CARTESIAN_POINT('',(0.641369438974,-0.76915649412,-7.02073728666
    ));
#7506 = CARTESIAN_POINT('',(0.50208055544,-0.873021205485,
    -7.031802145122));
#7507 = CARTESIAN_POINT('',(0.396136791684,-0.930688891279,
    -7.039409011586));
#7508 = CARTESIAN_POINT('',(0.282446186417,-0.972784888258,
    -7.047016261938));
#7509 = CARTESIAN_POINT('',(0.163891249511,-0.998120437795,
    -7.05462201467));
#7510 = CARTESIAN_POINT('',(4.354095974035E-02,-1.006158204494,
    -7.062226393981));
#7511 = CARTESIAN_POINT('',(-0.179986304797,-0.989235309011,
    -7.076497745562));
#7512 = CARTESIAN_POINT('',(-0.283499250487,-0.968182853452,
    -7.083167870281));
#7513 = CARTESIAN_POINT('',(-0.383934758202,-0.934141674244,
    -7.089834880164));
#7514 = CARTESIAN_POINT('',(-0.479281576942,-0.887716120748,
    -7.096501204454));
#7515 = CARTESIAN_POINT('',(-0.567683256879,-0.82989026104,
    -7.103169290605));
#7516 = CARTESIAN_POINT('',(-0.70171239772,-0.715998105688,
    -7.114361346145));
#7517 = CARTESIAN_POINT('',(-0.751958540265,-0.665342890204,
    -7.118885623447));
#7518 = CARTESIAN_POINT('',(-0.79778306635,-0.610486692772,
    -7.123410511814));
#7519 = CARTESIAN_POINT('',(-0.838754841274,-0.551917492381,
    -7.12793612722));
#7520 = CARTESIAN_POINT('',(-0.874515783442,-0.490179060239,
    -7.132462440975));
#7521 = CARTESIAN_POINT('',(-0.935112991758,-0.361433357627,
    -7.141523044117));
#7522 = CARTESIAN_POINT('',(-0.959932409637,-0.294413930652,
    -7.146057583281));
#7523 = CARTESIAN_POINT('',(-0.978968753539,-0.225393878973,
    -7.150592039628));
#7524 = CARTESIAN_POINT('',(-0.992030737137,-0.154998703122,
    -7.155126281443));
#7525 = CARTESIAN_POINT('',(-0.999017129402,-8.387454324414E-02,
    -7.159660252011));
#7526 = CARTESIAN_POINT('',(-1.000801507307,5.68914659224E-02,
    -7.168623114519));
#7527 = CARTESIAN_POINT('',(-0.99587537402,0.126533443409,
    -7.173052258478));
#7528 = CARTESIAN_POINT('',(-0.985133518616,0.195641101041,
    -7.177480814722));
#7529 = CARTESIAN_POINT('',(-0.968653041979,0.263609463425,
    -7.181909035244));
#7530 = CARTESIAN_POINT('',(-0.946593656528,0.329849873334,
    -7.186337266184));
#7531 = CARTESIAN_POINT('',(-0.891408421911,0.458660960143,
    -7.195256597486));
#7532 = CARTESIAN_POINT('',(-0.858128545923,0.52116952969,
    -7.199747924422));
#7533 = CARTESIAN_POINT('',(-0.819606258206,0.580742308812,
    -7.204239484679));
#7534 = CARTESIAN_POINT('',(-0.776172240048,0.636835240705,
    -7.208731640661));
#7535 = CARTESIAN_POINT('',(-0.728230022419,0.688955791771,
    -7.213224640283));
#7536 = CARTESIAN_POINT('',(-0.594476906228,0.811737942591,
    -7.224786821772));
#7537 = CARTESIAN_POINT('',(-0.50269301764,0.875922560021,
    -7.231858155864));
#7538 = CARTESIAN_POINT('',(-0.402736151556,0.927527564208,
    -7.238929380804));
#7539 = CARTESIAN_POINT('',(-0.296786565844,0.965327603291,
    -7.246000345196));
#7540 = CARTESIAN_POINT('',(-0.187227258455,0.988567972251,
    -7.253070463824));
#7541 = CARTESIAN_POINT('',(-1.71463489093E-02,1.001626740958,
    -7.26393015091));
#7542 = CARTESIAN_POINT('',(4.25886513572E-02,1.001940446222,
    -7.267722693077));
#7543 = CARTESIAN_POINT('',(0.10226931856,0.997977244381,-7.27151438604)
  );
#7544 = CARTESIAN_POINT('',(0.161513582874,0.989753459476,
    -7.275305357466));
#7545 = CARTESIAN_POINT('',(0.219943955299,0.977330489606,
    -7.279095849878));
#7546 = CARTESIAN_POINT('',(0.328508753242,0.946009771116,
    -7.286283404756));
#7547 = CARTESIAN_POINT('',(0.378876421131,0.927916193006,
    -7.289680597189));
#7548 = CARTESIAN_POINT('',(0.428031472189,0.906609774974,
    -7.293077733041));
#7549 = CARTESIAN_POINT('',(0.475719027266,0.882194591168,
    -7.296475083511));
#7550 = CARTESIAN_POINT('',(0.521696673339,0.854801236198,
    -7.299872900638));
#7551 = CARTESIAN_POINT('',(0.596240896928,0.803657416784,
    -7.305625026562));
#7552 = CARTESIAN_POINT('',(0.625815562318,0.781375132043,-7.30797907178
    ));
#7553 = CARTESIAN_POINT('',(0.654385807134,0.757790517643,
    -7.310333434996));
#7554 = CARTESIAN_POINT('',(0.681880510626,0.732960546706,
    -7.312688137021));
#7555 = CARTESIAN_POINT('',(0.708232975042,0.706947292809,
    -7.315043173223));
#7556 = CARTESIAN_POINT('',(0.818072591368,0.588453390338,-7.32533067855
    ));
#7557 = CARTESIAN_POINT('',(0.889126554855,0.484405100387,
    -7.333268176905));
#7558 = CARTESIAN_POINT('',(0.944112499429,0.37027079214,-7.341206289642
    ));
#7559 = CARTESIAN_POINT('',(0.981375800862,0.249189392603,
    -7.349140098041));
#7560 = CARTESIAN_POINT('',(1.,0.124578608446,-7.357070329382));
#7561 = CARTESIAN_POINT('',(1.,2.14317E-12,-7.365001201818));
#7562 = ORIENTED_EDGE('',*,*,#7563,.F.);
#7563 = EDGE_CURVE('',#7409,#7487,#7564,.T.);
#7564 = LINE('',#7565,#7566);
#7565 = CARTESIAN_POINT('',(1.,0.,-1.E-01));
#7566 = VECTOR('',#7567,1.);
#7567 = DIRECTION('',(0.,0.,-1.));
#7568 = CYLINDRICAL_SURFACE('',#7569,1.);
#7569 = AXIS2_PLACEMENT_3D('',#7570,#7571,#7572);
#7570 = CARTESIAN_POINT('',(0.,0.,-1.E-01));
#7571 = DIRECTION('',(-0.,-0.,-1.));
#7572 = DIRECTION('',(1.,0.,0.));
#7573 = ADVANCED_FACE('',(#7574),#7599,.T.);
#7574 = FACE_BOUND('',#7575,.T.);
#7575 = EDGE_LOOP('',(#7576,#7592,#7593,#7594));
#7576 = ORIENTED_EDGE('',*,*,#7577,.F.);
#7577 = EDGE_CURVE('',#7217,#7578,#7580,.T.);
#7578 = VERTEX_POINT('',#7579);
#7579 = CARTESIAN_POINT('',(0.783500602832,5.04431144E-07,
    -7.090007923587));
#7580 = ( BOUNDED_CURVE() B_SPLINE_CURVE(10,(#7581,#7582,#7583,#7584,
    #7585,#7586,#7587,#7588,#7589,#7590,#7591),.UNSPECIFIED.,.F.,.F.) 
B_SPLINE_CURVE_WITH_KNOTS((11,11),(0.,6.295904828089),
.PIECEWISE_BEZIER_KNOTS.) CURVE() GEOMETRIC_REPRESENTATION_ITEM() 
RATIONAL_B_SPLINE_CURVE((1.056590953773,1.056590953773,1.056590953773,
    1.056590953773,1.056590953773,1.056590953773,1.056590953773,
    1.056590953773,1.056590953773,1.056590953773,1.056590953773)) 
REPRESENTATION_ITEM('') );
#7581 = CARTESIAN_POINT('',(0.783501472076,5.6748396354E-07,
    -6.690008914018));
#7582 = CARTESIAN_POINT('',(0.783500630514,-0.492316998198,
    -6.73000754895));
#7583 = CARTESIAN_POINT('',(0.439850817849,-0.9843306492,-6.76998279442)
  );
#7584 = CARTESIAN_POINT('',(-0.247970447616,-1.206203309278,
    -6.810080737348));
#7585 = CARTESIAN_POINT('',(-1.034047489372,-0.895270253003,
    -6.849934295415));
#7586 = CARTESIAN_POINT('',(-1.449715520087,-1.921320661805E-05,
    -6.890008418297));
#7587 = CARTESIAN_POINT('',(-1.033915495381,0.895295723606,
    -6.930082542997));
#7588 = CARTESIAN_POINT('',(-0.248100413535,1.206192666021,
    -6.969936099871));
#7589 = CARTESIAN_POINT('',(0.439894066685,0.984332923552,
    -7.010034043274));
#7590 = CARTESIAN_POINT('',(0.783501483996,0.492318070113,
    -7.050009288659));
#7591 = CARTESIAN_POINT('',(0.783500602832,5.0443112243E-07,
    -7.090007923587));
#7592 = ORIENTED_EDGE('',*,*,#7234,.T.);
#7593 = ORIENTED_EDGE('',*,*,#7111,.T.);
#7594 = ORIENTED_EDGE('',*,*,#7595,.F.);
#7595 = EDGE_CURVE('',#7578,#7112,#7596,.T.);
#7596 = B_SPLINE_CURVE_WITH_KNOTS('',1,(#7597,#7598),.UNSPECIFIED.,.F.,
  .F.,(2,2),(0.,0.28),.PIECEWISE_BEZIER_KNOTS.);
#7597 = CARTESIAN_POINT('',(0.783500602832,5.0443112276E-07,
    -7.090007923587));
#7598 = CARTESIAN_POINT('',(1.025982591999,-6.053489104E-08,
    -6.949999049121));
#7599 = B_SPLINE_SURFACE_WITH_KNOTS('',1,10,(
    (#7600,#7601,#7602,#7603,#7604,#7605,#7606,#7607,#7608,#7609,#7610)
    ,(#7611,#7612,#7613,#7614,#7615,#7616,#7617,#7618,#7619,#7620,#7621
    )),.UNSPECIFIED.,.F.,.F.,.F.,(2,2),(11,11),(0.,0.28),(0.,
    6.295904828089),.PIECEWISE_BEZIER_KNOTS.);
#7600 = CARTESIAN_POINT('',(0.783501472076,5.6748396349E-07,
    -6.690008914018));
#7601 = CARTESIAN_POINT('',(0.783500630514,-0.492316998198,
    -6.73000754895));
#7602 = CARTESIAN_POINT('',(0.439850817849,-0.9843306492,-6.769982794419
    ));
#7603 = CARTESIAN_POINT('',(-0.247970447616,-1.206203309279,
    -6.810080737349));
#7604 = CARTESIAN_POINT('',(-1.034047489371,-0.895270253002,
    -6.849934295413));
#7605 = CARTESIAN_POINT('',(-1.449715520087,-1.921320673071E-05,
    -6.890008418299));
#7606 = CARTESIAN_POINT('',(-1.033915495381,0.895295723606,
    -6.930082542995));
#7607 = CARTESIAN_POINT('',(-0.248100413535,1.206192666021,
    -6.969936099872));
#7608 = CARTESIAN_POINT('',(0.439894066685,0.984332923552,
    -7.010034043274));
#7609 = CARTESIAN_POINT('',(0.783501483996,0.492318070113,
    -7.050009288659));
#7610 = CARTESIAN_POINT('',(0.783500602832,5.0443112276E-07,
    -7.090007923587));
#7611 = CARTESIAN_POINT('',(1.025982820733,-6.810202906E-08,
    -6.549998930256));
#7612 = CARTESIAN_POINT('',(1.025982462699,-0.644640492923,
    -6.589999094084));
#7613 = CARTESIAN_POINT('',(0.576029641972,-1.289299351117,
    -6.630002064964));
#7614 = CARTESIAN_POINT('',(-0.324910153169,-1.578745624991,
    -6.669990310448));
#7615 = CARTESIAN_POINT('',(-1.353724099661,-1.173076637691,
    -6.710007885614));
#7616 = CARTESIAN_POINT('',(-1.898733622622,-4.6755201617E-06,
    -6.749998989557));
#7617 = CARTESIAN_POINT('',(-1.353688896125,1.173083881581,
    -6.789990093972));
#7618 = CARTESIAN_POINT('',(-0.324943721521,1.578742954549,
    -6.830007668829));
#7619 = CARTESIAN_POINT('',(0.576041539046,1.289299718967,
    -6.869995914435));
#7620 = CARTESIAN_POINT('',(1.025982945281,0.644640364286,
    -6.909998885295));
#7621 = CARTESIAN_POINT('',(1.025982591999,-6.053489104E-08,
    -6.949999049121));
#7622 = ADVANCED_FACE('',(#7623),#7653,.T.);
#7623 = FACE_BOUND('',#7624,.T.);
#7624 = EDGE_LOOP('',(#7625,#7641,#7642,#7643));
#7625 = ORIENTED_EDGE('',*,*,#7626,.F.);
#7626 = EDGE_CURVE('',#7266,#7627,#7629,.T.);
#7627 = VERTEX_POINT('',#7628);
#7628 = CARTESIAN_POINT('',(0.783504262639,5.04426845E-07,-7.19000792352
    ));
#7629 = B_SPLINE_CURVE_WITH_KNOTS('',10,(#7630,#7631,#7632,#7633,#7634,
    #7635,#7636,#7637,#7638,#7639,#7640),.UNSPECIFIED.,.F.,.F.,(11,11),(
    0.,6.295904828089),.PIECEWISE_BEZIER_KNOTS.);
#7630 = CARTESIAN_POINT('',(0.783505589359,5.6747852667E-07,
    -6.790008913934));
#7631 = CARTESIAN_POINT('',(0.783504117273,-0.492319440921,
    -6.830007548891));
#7632 = CARTESIAN_POINT('',(0.43984126589,-0.98433509971,-6.869982794826
    ));
#7633 = CARTESIAN_POINT('',(-0.247937914017,-1.206211994885,
    -6.910080735873));
#7634 = CARTESIAN_POINT('',(-1.034087673505,-0.89526763346,
    -6.949934296882));
#7635 = CARTESIAN_POINT('',(-1.449722720743,-2.880263625893E-05,
    -6.990008417956));
#7636 = CARTESIAN_POINT('',(-1.033885565756,0.895307252912,
    -7.030082541801));
#7637 = CARTESIAN_POINT('',(-0.248135413266,1.206195929055,
    -7.069936100993));
#7638 = CARTESIAN_POINT('',(0.439907985791,0.984338254242,
    -7.110034042761));
#7639 = CARTESIAN_POINT('',(0.783505774326,0.492320512827,
    -7.150009288569));
#7640 = CARTESIAN_POINT('',(0.783504262639,5.0442682414E-07,
    -7.19000792352));
#7641 = ORIENTED_EDGE('',*,*,#7283,.T.);
#7642 = ORIENTED_EDGE('',*,*,#7577,.T.);
#7643 = ORIENTED_EDGE('',*,*,#7644,.F.);
#7644 = EDGE_CURVE('',#7627,#7578,#7645,.T.);
#7645 = ( BOUNDED_CURVE() B_SPLINE_CURVE(6,(#7646,#7647,#7648,#7649,
#7650,#7651,#7652),.UNSPECIFIED.,.F.,.F.) B_SPLINE_CURVE_WITH_KNOTS((7,7
),(0.,2.094395102393),.PIECEWISE_BEZIER_KNOTS.) CURVE() 
GEOMETRIC_REPRESENTATION_ITEM() RATIONAL_B_SPLINE_CURVE((1.056590953773,
    1.017435169568,0.996326512422,0.989390034249,0.996326512422,
1.017435169568,1.056590953773)) REPRESENTATION_ITEM('') );
#7646 = CARTESIAN_POINT('',(0.783504262639,5.0442682337E-07,
    -7.19000792352));
#7647 = CARTESIAN_POINT('',(0.765379360792,5.4665568786E-07,
    -7.179544390989));
#7648 = CARTESIAN_POINT('',(0.752606312365,5.7641493456E-07,
    -7.161833867941));
#7649 = CARTESIAN_POINT('',(0.747989037081,5.8717182547E-07,
    -7.140009223275));
#7650 = CARTESIAN_POINT('',(0.752604714873,5.764168102E-07,
    -7.118184240701));
#7651 = CARTESIAN_POINT('',(0.765376466924,5.4665908758E-07,
    -7.100472782762));
#7652 = CARTESIAN_POINT('',(0.783500602832,5.0443112243E-07,
    -7.090007923587));
#7653 = ( BOUNDED_SURFACE() B_SPLINE_SURFACE(6,10,(
    (#7654,#7655,#7656,#7657,#7658,#7659,#7660,#7661,#7662,#7663,#7664)
    ,(#7665,#7666,#7667,#7668,#7669,#7670,#7671,#7672,#7673,#7674,#7675)
    ,(#7676,#7677,#7678,#7679,#7680,#7681,#7682,#7683,#7684,#7685,#7686)
    ,(#7687,#7688,#7689,#7690,#7691,#7692,#7693,#7694,#7695,#7696,#7697)
    ,(#7698,#7699,#7700,#7701,#7702,#7703,#7704,#7705,#7706,#7707,#7708)
    ,(#7709,#7710,#7711,#7712,#7713,#7714,#7715,#7716,#7717,#7718,#7719)
    ,(#7720,#7721,#7722,#7723,#7724,#7725,#7726,#7727,#7728,#7729,#7730
)),.UNSPECIFIED.,.F.,.F.,.F.) B_SPLINE_SURFACE_WITH_KNOTS((7,7),(11,11),
  (0.,2.094395102393),(0.,6.295904828089),.PIECEWISE_BEZIER_KNOTS.) 
GEOMETRIC_REPRESENTATION_ITEM() RATIONAL_B_SPLINE_SURFACE((
    (1.056590953773,1.056590953773,1.056590953773,1.056590953773
      ,1.056590953773,1.056590953773,1.056590953773,1.056590953773
      ,1.056590953773,1.056590953773,1.056590953773)
    ,(1.017435169568,1.017435169568,1.017435169568,1.017435169569
      ,1.017435169568,1.017435169569,1.017435169568,1.017435169568
      ,1.017435169568,1.017435169568,1.017435169568)
    ,(0.996326512422,0.996326512422,0.996326512422,0.996326512422
      ,0.996326512422,0.996326512422,0.996326512422,0.996326512422
      ,0.996326512422,0.996326512422,0.996326512422)
    ,(0.989390034249,0.989390034249,0.989390034248,0.989390034249
      ,0.989390034248,0.989390034249,0.989390034248,0.989390034249
      ,0.989390034249,0.989390034249,0.989390034249)
    ,(0.996326512422,0.996326512422,0.996326512422,0.996326512422
      ,0.996326512422,0.996326512422,0.996326512422,0.996326512422
      ,0.996326512422,0.996326512422,0.996326512422)
    ,(1.017435169568,1.017435169568,1.017435169568,1.017435169568
      ,1.017435169568,1.017435169569,1.017435169568,1.017435169568
      ,1.017435169568,1.017435169568,1.017435169568)
    ,(1.056590953773,1.056590953773,1.056590953773,1.056590953773
      ,1.056590953773,1.056590953773,1.056590953773,1.056590953773
      ,1.056590953773,1.056590953773,1.056590953773
))) REPRESENTATION_ITEM('') SURFACE() );
#7654 = CARTESIAN_POINT('',(0.783505589359,5.6747852717E-07,
    -6.790008913934));
#7655 = CARTESIAN_POINT('',(0.783504117273,-0.492319440921,
    -6.830007548891));
#7656 = CARTESIAN_POINT('',(0.43984126589,-0.98433509971,-6.869982794827
    ));
#7657 = CARTESIAN_POINT('',(-0.247937914017,-1.206211994884,
    -6.910080735871));
#7658 = CARTESIAN_POINT('',(-1.034087673505,-0.89526763346,
    -6.949934296885));
#7659 = CARTESIAN_POINT('',(-1.449722720742,-2.880263623584E-05,
    -6.990008417953));
#7660 = CARTESIAN_POINT('',(-1.033885565756,0.895307252912,
    -7.030082541803));
#7661 = CARTESIAN_POINT('',(-0.248135413267,1.206195929055,
    -7.069936100992));
#7662 = CARTESIAN_POINT('',(0.439907985791,0.984338254242,
    -7.110034042761));
#7663 = CARTESIAN_POINT('',(0.783505774326,0.492320512827,
    -7.150009288569));
#7664 = CARTESIAN_POINT('',(0.783504262639,5.0442682337E-07,
    -7.19000792352));
#7665 = CARTESIAN_POINT('',(0.765380639644,6.1498606713E-07,
    -6.77954546432));
#7666 = CARTESIAN_POINT('',(0.765379263376,-0.480933623392,
    -6.819543984996));
#7667 = CARTESIAN_POINT('',(0.42966468005,-0.961539509518,
    -6.859517158519));
#7668 = CARTESIAN_POINT('',(-0.242193921717,-1.178364778857,
    -6.899623299211));
#7669 = CARTESIAN_POINT('',(-1.01018527317,-0.874503750113,
    -6.939464600272));
#7670 = CARTESIAN_POINT('',(-1.416159689692,-2.788233128437E-05,
    -6.979544926909));
#7671 = CARTESIAN_POINT('',(-1.009990604572,0.874541770781,
    -7.019625256226));
#7672 = CARTESIAN_POINT('',(-0.242384492491,1.178349251962,
    -7.059466555529));
#7673 = CARTESIAN_POINT('',(0.429728831199,0.961542622343,-7.09957269692
    ));
#7674 = CARTESIAN_POINT('',(0.765380779977,0.480934785034,
    -7.139545870319));
#7675 = CARTESIAN_POINT('',(0.765379360792,5.4665568786E-07,
    -7.179544390989));
#7676 = CARTESIAN_POINT('',(0.752607510195,6.4846532816E-07,
    -6.761834999705));
#7677 = CARTESIAN_POINT('',(0.752606266627,-0.472909752747,
    -6.801833439844));
#7678 = CARTESIAN_POINT('',(0.422494198302,-0.945474931935,
    -6.841805152884));
#7679 = CARTESIAN_POINT('',(-0.238149476877,-1.158739868339,
    -6.881917072086));
#7680 = CARTESIAN_POINT('',(-0.993337029588,-0.859871652969,
    -6.921749733219));
#7681 = CARTESIAN_POINT('',(-1.392506981493,-2.624254584782E-05,
    -6.961834433125));
#7682 = CARTESIAN_POINT('',(-0.99315485093,0.859907084424,-7.00191913554
    ));
#7683 = CARTESIAN_POINT('',(-0.238328184321,1.158725281756,
    -7.041751795027));
#7684 = CARTESIAN_POINT('',(0.422554113077,0.945477924386,
    -7.081863714885));
#7685 = CARTESIAN_POINT('',(0.752607601187,0.472910977627,
    -7.121835427807));
#7686 = CARTESIAN_POINT('',(0.752606312365,5.7641493456E-07,
    -7.161833867941));
#7687 = CARTESIAN_POINT('',(0.747990135069,6.6056696357E-07,
    -6.740010376163));
#7688 = CARTESIAN_POINT('',(0.747989036711,-0.470009215505,
    -6.780008787188));
#7689 = CARTESIAN_POINT('',(0.419903961272,-0.939667839197,
    -6.819979972276));
#7690 = CARTESIAN_POINT('',(-0.236692664102,-1.151645270042,
    -6.860093980364));
#7691 = CARTESIAN_POINT('',(-0.987241176059,-0.854583408662,
    -6.899923518212));
#7692 = CARTESIAN_POINT('',(-1.383956798663,-2.417085016576E-05,
    -6.94000979908));
#7693 = CARTESIAN_POINT('',(-0.987074325657,0.854615722046,
    -6.980096082245));
#7694 = CARTESIAN_POINT('',(-0.23685666776,1.151631859668,
    -7.019925618586));
#7695 = CARTESIAN_POINT('',(0.419958724826,0.939670652386,
    -7.060039627274));
#7696 = CARTESIAN_POINT('',(0.747990181537,0.470010463244,
    -7.100010812255));
#7697 = CARTESIAN_POINT('',(0.747989037081,5.8717182547E-07,
    -7.140009223275));
#7698 = CARTESIAN_POINT('',(0.752605713017,6.4846770212E-07,
    -6.718185372474));
#7699 = CARTESIAN_POINT('',(0.752604744669,-0.472908686508,
    -6.758183812601));
#7700 = CARTESIAN_POINT('',(0.422498367697,-0.945472989305,
    -6.798155525437));
#7701 = CARTESIAN_POINT('',(-0.238163677672,-1.158736077104,
    -6.838267445462));
#7702 = CARTESIAN_POINT('',(-0.993319489364,-0.859872796389,
    -6.878100105309));
#7703 = CARTESIAN_POINT('',(-1.392503838434,-2.205679561032E-05,
    -6.918184806007));
#7704 = CARTESIAN_POINT('',(-0.9931679151,0.859902051925,-6.958269508792
    ));
#7705 = CARTESIAN_POINT('',(-0.238312907069,1.158723857454,
    -6.998102167269));
#7706 = CARTESIAN_POINT('',(0.422548037439,0.94547559756,-7.03821408784)
  );
#7707 = CARTESIAN_POINT('',(0.752605728474,0.472909911392,
    -7.078185800578));
#7708 = CARTESIAN_POINT('',(0.752604714873,5.764168102E-07,
    -7.118184240701));
#7709 = CARTESIAN_POINT('',(0.765377384042,6.1499036558E-07,
    -6.700473856107));
#7710 = CARTESIAN_POINT('',(0.765376506339,-0.480931691892,
    -6.740472376763));
#7711 = CARTESIAN_POINT('',(0.429672232938,-0.961535990429,
    -6.780445549917));
#7712 = CARTESIAN_POINT('',(-0.242219646556,-1.178357911009,
    -6.820551692099));
#7713 = CARTESIAN_POINT('',(-1.010153498929,-0.874505821427,
    -6.860392990831));
#7714 = CARTESIAN_POINT('',(-1.416153996018,-2.029981538132E-05,
    -6.900473318901));
#7715 = CARTESIAN_POINT('',(-1.010014270408,0.874532654373,
    -6.94055364889));
#7716 = CARTESIAN_POINT('',(-0.24235681764,1.178346671829,
    -6.980394946363));
#7717 = CARTESIAN_POINT('',(0.429717825138,0.961538407281,
    -7.020501089046));
#7718 = CARTESIAN_POINT('',(0.765377387544,0.480932853541,
    -7.060474262111));
#7719 = CARTESIAN_POINT('',(0.765376466924,5.4665908758E-07,
    -7.100472782762));
#7720 = CARTESIAN_POINT('',(0.783501472076,5.6748396354E-07,
    -6.690008914018));
#7721 = CARTESIAN_POINT('',(0.783500630514,-0.492316998198,
    -6.73000754895));
#7722 = CARTESIAN_POINT('',(0.439850817849,-0.9843306492,-6.76998279442)
  );
#7723 = CARTESIAN_POINT('',(-0.247970447616,-1.206203309278,
    -6.810080737348));
#7724 = CARTESIAN_POINT('',(-1.034047489372,-0.895270253003,
    -6.849934295415));
#7725 = CARTESIAN_POINT('',(-1.449715520087,-1.921320661805E-05,
    -6.890008418297));
#7726 = CARTESIAN_POINT('',(-1.033915495381,0.895295723606,
    -6.930082542997));
#7727 = CARTESIAN_POINT('',(-0.248100413535,1.206192666021,
    -6.969936099871));
#7728 = CARTESIAN_POINT('',(0.439894066685,0.984332923552,
    -7.010034043274));
#7729 = CARTESIAN_POINT('',(0.783501483996,0.492318070113,
    -7.050009288659));
#7730 = CARTESIAN_POINT('',(0.783500602832,5.0443112243E-07,
    -7.090007923587));
#7731 = ADVANCED_FACE('',(#7732),#7742,.T.);
#7732 = FACE_BOUND('',#7733,.T.);
#7733 = EDGE_LOOP('',(#7734,#7735,#7736,#7737));
#7734 = ORIENTED_EDGE('',*,*,#7408,.F.);
#7735 = ORIENTED_EDGE('',*,*,#7377,.T.);
#7736 = ORIENTED_EDGE('',*,*,#7626,.T.);
#7737 = ORIENTED_EDGE('',*,*,#7738,.F.);
#7738 = EDGE_CURVE('',#7409,#7627,#7739,.T.);
#7739 = B_SPLINE_CURVE_WITH_KNOTS('',1,(#7740,#7741),.UNSPECIFIED.,.F.,
  .F.,(2,2),(0.,0.28),.PIECEWISE_BEZIER_KNOTS.);
#7740 = CARTESIAN_POINT('',(1.025996499265,-6.055122714E-08,
    -7.329999048866));
#7741 = CARTESIAN_POINT('',(0.783504262639,5.0442682414E-07,
    -7.19000792352));
#7742 = B_SPLINE_SURFACE_WITH_KNOTS('',1,10,(
    (#7743,#7744,#7745,#7746,#7747,#7748,#7749,#7750,#7751,#7752,#7753)
    ,(#7754,#7755,#7756,#7757,#7758,#7759,#7760,#7761,#7762,#7763,#7764
    )),.UNSPECIFIED.,.F.,.F.,.F.,(2,2),(11,11),(0.,0.28),(0.,
    6.295904828089),.PIECEWISE_BEZIER_KNOTS.);
#7743 = CARTESIAN_POINT('',(1.025998466409,-6.812268882E-08,
    -6.929998929934));
#7744 = CARTESIAN_POINT('',(1.025995712383,-0.644649775271,
    -6.96999909386));
#7745 = CARTESIAN_POINT('',(0.575993344526,-1.289316263053,
    -7.010002066512));
#7746 = CARTESIAN_POINT('',(-0.324786525496,-1.578778630294,
    -7.049990304836));
#7747 = CARTESIAN_POINT('',(-1.353876799366,-1.173066683429,
    -7.090007891197));
#7748 = CARTESIAN_POINT('',(-1.898760985113,-4.111535286322E-05,
    -7.12999898825));
#7749 = CARTESIAN_POINT('',(-1.353575163549,1.173127692944,
    -7.169990089437));
#7750 = CARTESIAN_POINT('',(-0.325076720501,1.578755354077,
    -7.210007673089));
#7751 = CARTESIAN_POINT('',(0.57609443165,1.28931997559,-7.249995912485)
  );
#7752 = CARTESIAN_POINT('',(1.025999248535,0.644649646597,
    -7.289998884953));
#7753 = CARTESIAN_POINT('',(1.025996499265,-6.055122714E-08,
    -7.329999048866));
#7754 = CARTESIAN_POINT('',(0.783505589359,5.6747852667E-07,
    -6.790008913934));
#7755 = CARTESIAN_POINT('',(0.783504117273,-0.492319440921,
    -6.830007548891));
#7756 = CARTESIAN_POINT('',(0.43984126589,-0.98433509971,-6.869982794826
    ));
#7757 = CARTESIAN_POINT('',(-0.247937914017,-1.206211994885,
    -6.910080735873));
#7758 = CARTESIAN_POINT('',(-1.034087673505,-0.89526763346,
    -6.949934296882));
#7759 = CARTESIAN_POINT('',(-1.449722720743,-2.880263625893E-05,
    -6.990008417956));
#7760 = CARTESIAN_POINT('',(-1.033885565756,0.895307252912,
    -7.030082541801));
#7761 = CARTESIAN_POINT('',(-0.248135413266,1.206195929055,
    -7.069936100993));
#7762 = CARTESIAN_POINT('',(0.439907985791,0.984338254242,
    -7.110034042761));
#7763 = CARTESIAN_POINT('',(0.783505774326,0.492320512827,
    -7.150009288569));
#7764 = CARTESIAN_POINT('',(0.783504262639,5.0442682414E-07,
    -7.19000792352));
#7765 = ADVANCED_FACE('',(#7766),#7960,.T.);
#7766 = FACE_BOUND('',#7767,.F.);
#7767 = EDGE_LOOP('',(#7768,#7850,#7851,#7954));
#7768 = ORIENTED_EDGE('',*,*,#7769,.F.);
#7769 = EDGE_CURVE('',#7409,#7770,#7772,.T.);
#7770 = VERTEX_POINT('',#7771);
#7771 = CARTESIAN_POINT('',(1.,6.719E-12,-7.714992327563));
#7772 = B_SPLINE_CURVE_WITH_KNOTS('',6,(#7773,#7774,#7775,#7776,#7777,
    #7778,#7779,#7780,#7781,#7782,#7783,#7784,#7785,#7786,#7787,#7788,
    #7789,#7790,#7791,#7792,#7793,#7794,#7795,#7796,#7797,#7798,#7799,
    #7800,#7801,#7802,#7803,#7804,#7805,#7806,#7807,#7808,#7809,#7810,
    #7811,#7812,#7813,#7814,#7815,#7816,#7817,#7818,#7819,#7820,#7821,
    #7822,#7823,#7824,#7825,#7826,#7827,#7828,#7829,#7830,#7831,#7832,
    #7833,#7834,#7835,#7836,#7837,#7838,#7839,#7840,#7841,#7842,#7843,
    #7844,#7845,#7846,#7847,#7848,#7849),.UNSPECIFIED.,.F.,.F.,(7,5,5,5,
    5,5,5,5,5,5,5,5,5,5,5,7),(0.,5.299976943675E-02,9.899958457345E-02,
    0.152578372916,0.255577243743,0.365063947782,0.433223612425,
    0.496021726721,0.566962719878,0.634281304118,0.737992725128,
    0.849830375278,0.902547253944,0.948546643342,0.966546237295,1.),
  .UNSPECIFIED.);
#7773 = CARTESIAN_POINT('',(1.,1.754386E-11,-7.314991231553));
#7774 = CARTESIAN_POINT('',(1.,-5.549999413606E-02,-7.318524607701));
#7775 = CARTESIAN_POINT('',(0.996303663372,-0.111000503475,
    -7.322057773807));
#7776 = CARTESIAN_POINT('',(0.988911041748,-0.166192110766,
    -7.325591167661));
#7777 = CARTESIAN_POINT('',(0.977856559779,-0.220767851139,
    -7.329125107046));
#7778 = CARTESIAN_POINT('',(0.963208250301,-0.274426641967,
    -7.332659668527));
#7779 = CARTESIAN_POINT('',(0.929321739074,-0.372399430791,
    -7.339262591669));
#7780 = CARTESIAN_POINT('',(0.910945058198,-0.417012291743,
    -7.342330921237));
#7781 = CARTESIAN_POINT('',(0.890002852756,-0.460524743803,
    -7.345399400279));
#7782 = CARTESIAN_POINT('',(0.866579058245,-0.502753401367,
    -7.348467852842));
#7783 = CARTESIAN_POINT('',(0.840774818542,-0.543523716446,
    -7.351536097142));
#7784 = CARTESIAN_POINT('',(0.780016139872,-0.628269634398,
    -7.35817728911));
#7785 = CARTESIAN_POINT('',(0.744254020563,-0.67166736358,
    -7.361750164046));
#7786 = CARTESIAN_POINT('',(0.705607208072,-0.712605344436,
    -7.365322272496));
#7787 = CARTESIAN_POINT('',(0.66428966326,-0.750846495351,
    -7.368893567395));
#7788 = CARTESIAN_POINT('',(0.620540501084,-0.786179069776,
    -7.372464135057));
#7789 = CARTESIAN_POINT('',(0.486346450115,-0.88039813919,
    -7.382896824252));
#7790 = CARTESIAN_POINT('',(0.390036839866,-0.930960180041,
    -7.389758340547));
#7791 = CARTESIAN_POINT('',(0.287567070439,-0.968780672701,
    -7.396617519633));
#7792 = CARTESIAN_POINT('',(0.181059028744,-0.992991542258,
    -7.403478201612));
#7793 = CARTESIAN_POINT('',(7.276336952434E-02,-1.003164304922,
    -7.410342651777));
#7794 = CARTESIAN_POINT('',(-0.149607914923,-0.995370426361,
    -7.42450680341));
#7795 = CARTESIAN_POINT('',(-0.263657340926,-0.975589524426,
    -7.431809131386));
#7796 = CARTESIAN_POINT('',(-0.374415653791,-0.940130343489,
    -7.439112408169));
#7797 = CARTESIAN_POINT('',(-0.479227892495,-0.889736949111,
    -7.446416151028));
#7798 = CARTESIAN_POINT('',(-0.57565230892,-0.825693564383,
    -7.453720239597));
#7799 = CARTESIAN_POINT('',(-0.715144172569,-0.702611827626,
    -7.465566740795));
#7800 = CARTESIAN_POINT('',(-0.76462120759,-0.650802126648,
    -7.470111554975));
#7801 = CARTESIAN_POINT('',(-0.809560644009,-0.594842899213,
    -7.474655527039));
#7802 = CARTESIAN_POINT('',(-0.849535639103,-0.535236388756,
    -7.479198915298));
#7803 = CARTESIAN_POINT('',(-0.884194680258,-0.472540080061,
    -7.483742096242));
#7804 = CARTESIAN_POINT('',(-0.940057444205,-0.347298750758,
    -7.492470655494));
#7805 = CARTESIAN_POINT('',(-0.962106347286,-0.285127097658,
    -7.496656252211));
#7806 = CARTESIAN_POINT('',(-0.979206740068,-0.221310803795,
    -7.50084186346));
#7807 = CARTESIAN_POINT('',(-0.991212713671,-0.156343449704,
    -7.505027767664));
#7808 = CARTESIAN_POINT('',(-0.998043938139,-9.073336645301E-02,
    -7.50921416973));
#7809 = CARTESIAN_POINT('',(-1.001544345584,4.926769287552E-02,
    -7.518130445934));
#7810 = CARTESIAN_POINT('',(-0.996781023687,0.123698136985,
    -7.522860658122));
#7811 = CARTESIAN_POINT('',(-0.985379028843,0.19755381772,
    -7.527591170699));
#7812 = CARTESIAN_POINT('',(-0.967430245918,0.270097366306,
    -7.532321937694));
#7813 = CARTESIAN_POINT('',(-0.943133879196,0.340612825256,
    -7.537052818656));
#7814 = CARTESIAN_POINT('',(-0.884001985855,0.472768339778,
    -7.546272029384));
#7815 = CARTESIAN_POINT('',(-0.849766374531,0.53468135764,
    -7.550760666595));
#7816 = CARTESIAN_POINT('',(-0.810345464514,0.59358158167,
    -7.555248602963));
#7817 = CARTESIAN_POINT('',(-0.76607752912,0.648931789396,
    -7.559735801654));
#7818 = CARTESIAN_POINT('',(-0.717372605061,0.700247216913,
    -7.564222366884));
#7819 = CARTESIAN_POINT('',(-0.58356491087,0.819296785564,
    -7.575619145481));
#7820 = CARTESIAN_POINT('',(-0.493004150349,0.880923714443,
    -7.58252967309));
#7821 = CARTESIAN_POINT('',(-0.394768971137,0.930423141055,
    -7.589438103545));
#7822 = CARTESIAN_POINT('',(-0.290911887814,0.966669028899,
    -7.596347307067));
#7823 = CARTESIAN_POINT('',(-0.183668121041,0.98896947525,
    -7.603260110546));
#7824 = CARTESIAN_POINT('',(4.140520209114E-02,1.005982572672,
    -7.617630369993));
#7825 = CARTESIAN_POINT('',(0.15944879074,0.998399882272,-7.625090736339
    ));
#7826 = CARTESIAN_POINT('',(0.275820183985,0.974173998312,
    -7.632552467982));
#7827 = CARTESIAN_POINT('',(0.387620893146,0.933797485063,
    -7.640015471447));
#7828 = CARTESIAN_POINT('',(0.492121511047,0.878369269025,
    -7.647477892618));
#7829 = CARTESIAN_POINT('',(0.63163751598,0.777226886008,-7.658451338487
    ));
#7830 = CARTESIAN_POINT('',(0.674186931417,0.74186357,-7.661966178743));
#7831 = CARTESIAN_POINT('',(0.714344011753,0.703717529564,
    -7.665480228112));
#7832 = CARTESIAN_POINT('',(0.751883726922,0.662993450493,-7.66899358771
    ));
#7833 = CARTESIAN_POINT('',(0.786604913045,0.619919476706,
    -7.672506481165));
#7834 = CARTESIAN_POINT('',(0.846017973014,0.535325949302,-7.67908414056
    ));
#7835 = CARTESIAN_POINT('',(0.871424469617,0.494307157521,
    -7.682149012627));
#7836 = CARTESIAN_POINT('',(0.89443649163,0.451853283165,-7.685213863083
    ));
#7837 = CARTESIAN_POINT('',(0.914954607883,0.408139843276,
    -7.688278928618));
#7838 = CARTESIAN_POINT('',(0.932896680732,0.363351016931,
    -7.691344401863));
#7839 = CARTESIAN_POINT('',(0.954186344006,0.299806067202,
    -7.695609969896));
#7840 = CARTESIAN_POINT('',(0.959769798269,0.281798735437,
    -7.696809718563));
#7841 = CARTESIAN_POINT('',(0.964945198601,0.263667404184,
    -7.698009535675));
#7842 = CARTESIAN_POINT('',(0.969709151465,0.245423627873,
    -7.699209420394));
#7843 = CARTESIAN_POINT('',(0.974058700137,0.227079080934,
    -7.700409368266));
#7844 = CARTESIAN_POINT('',(0.985300438996,0.174385301135,
    -7.703839677868));
#7845 = CARTESIAN_POINT('',(0.99116938706,0.139817537223,-7.706070180131
    ));
#7846 = CARTESIAN_POINT('',(0.995581950436,0.105018227111,-7.70830081455
    ));
#7847 = CARTESIAN_POINT('',(0.998527300805,7.006395651001E-02,
    -7.710531481094));
#7848 = CARTESIAN_POINT('',(1.,3.503193579714E-02,-7.712762043158));
#7849 = CARTESIAN_POINT('',(1.,1.342138E-11,-7.714992327563));
#7850 = ORIENTED_EDGE('',*,*,#7563,.T.);
#7851 = ORIENTED_EDGE('',*,*,#7852,.T.);
#7852 = EDGE_CURVE('',#7487,#7853,#7855,.T.);
#7853 = VERTEX_POINT('',#7854);
#7854 = CARTESIAN_POINT('',(1.,7.79E-13,-7.765001030122));
#7855 = B_SPLINE_CURVE_WITH_KNOTS('',7,(#7856,#7857,#7858,#7859,#7860,
    #7861,#7862,#7863,#7864,#7865,#7866,#7867,#7868,#7869,#7870,#7871,
    #7872,#7873,#7874,#7875,#7876,#7877,#7878,#7879,#7880,#7881,#7882,
    #7883,#7884,#7885,#7886,#7887,#7888,#7889,#7890,#7891,#7892,#7893,
    #7894,#7895,#7896,#7897,#7898,#7899,#7900,#7901,#7902,#7903,#7904,
    #7905,#7906,#7907,#7908,#7909,#7910,#7911,#7912,#7913,#7914,#7915,
    #7916,#7917,#7918,#7919,#7920,#7921,#7922,#7923,#7924,#7925,#7926,
    #7927,#7928,#7929,#7930,#7931,#7932,#7933,#7934,#7935,#7936,#7937,
    #7938,#7939,#7940,#7941,#7942,#7943,#7944,#7945,#7946,#7947,#7948,
    #7949,#7950,#7951,#7952,#7953),.UNSPECIFIED.,.F.,.F.,(8,6,6,6,6,6,6,
    6,6,6,6,6,6,6,6,6,8),(0.,5.110793859713E-02,9.610978247444E-02,
    0.148035212802,0.262038341538,0.362171860739,0.430087131701,
    0.498089706715,0.563696837997,0.631521720805,0.68652719943,
    0.70452866916,0.730530428765,0.910618586843,0.946620019469,
    0.973620933687,1.),.UNSPECIFIED.);
#7856 = CARTESIAN_POINT('',(1.,2.10665E-12,-7.365001201818));
#7857 = CARTESIAN_POINT('',(1.,-4.587098080632E-02,-7.367921422312));
#7858 = CARTESIAN_POINT('',(0.997545139935,-9.174224465803E-02,
    -7.370841955692));
#7859 = CARTESIAN_POINT('',(0.992635450162,-0.137455322058,
    -7.373762504221));
#7860 = CARTESIAN_POINT('',(0.98528368984,-0.182852634957,
    -7.376682861068));
#7861 = CARTESIAN_POINT('',(0.975515170126,-0.227778306822,
    -7.379602903981));
#7862 = CARTESIAN_POINT('',(0.963367577358,-0.272078972701,
    -7.382522588968));
#7863 = CARTESIAN_POINT('',(0.936143621141,-0.353930005192,
    -7.388012510527));
#7864 = CARTESIAN_POINT('',(0.921590438631,-0.391654923378,
    -7.390582844637));
#7865 = CARTESIAN_POINT('',(0.905265284818,-0.428677009373,
    -7.393152957186));
#7866 = CARTESIAN_POINT('',(0.88720930664,-0.464896648079,
    -7.395722925362));
#7867 = CARTESIAN_POINT('',(0.86747055863,-0.500217374745,
    -7.398292857668));
#7868 = CARTESIAN_POINT('',(0.846103799661,-0.534546305917,
    -7.400862858936));
#7869 = CARTESIAN_POINT('',(0.796708432316,-0.606158119356,
    -7.406398550245));
#7870 = CARTESIAN_POINT('',(0.768160301776,-0.643083386449,
    -7.409364321742));
#7871 = CARTESIAN_POINT('',(0.737620086364,-0.67843371586,
    -7.412330409395));
#7872 = CARTESIAN_POINT('',(0.705192743658,-0.7120807071,-7.415296921199
    ));
#7873 = CARTESIAN_POINT('',(0.670993308003,-0.743904945813,
    -7.418263936175));
#7874 = CARTESIAN_POINT('',(0.63514619799,-0.773796734571,
    -7.421231466955));
#7875 = CARTESIAN_POINT('',(0.515756359498,-0.862824103462,
    -7.43071561688));
#7876 = CARTESIAN_POINT('',(0.426411091386,-0.914210239413,
    -7.437235125241));
#7877 = CARTESIAN_POINT('',(0.33117559065,-0.954742061226,
    -7.443755515768));
#7878 = CARTESIAN_POINT('',(0.231641933857,-0.983641802037,
    -7.450275374203));
#7879 = CARTESIAN_POINT('',(0.129510543845,-1.000416283471,
    -7.45679419846));
#7880 = CARTESIAN_POINT('',(2.654131174458E-02,-1.00487066581,
    -7.46331158635));
#7881 = CARTESIAN_POINT('',(-0.165103120325,-0.990362550031,
    -7.475547337806));
#7882 = CARTESIAN_POINT('',(-0.254017503952,-0.974181238958,
    -7.481267951609));
#7883 = CARTESIAN_POINT('',(-0.341030489079,-0.948690205885,
    -7.48698658136));
#7884 = CARTESIAN_POINT('',(-0.424978709882,-0.914170835885,
    -7.492704026654));
#7885 = CARTESIAN_POINT('',(-0.504755338069,-0.871077901298,
    -7.498421684051));
#7886 = CARTESIAN_POINT('',(-0.57933475432,-0.82002967675,
    -7.504140407042));
#7887 = CARTESIAN_POINT('',(-0.69423962723,-0.722320643296,
    -7.513738298781));
#7888 = CARTESIAN_POINT('',(-0.737870028661,-0.679529051792,
    -7.517617689311));
#7889 = CARTESIAN_POINT('',(-0.778409399758,-0.633675272547,
    -7.521497528664));
#7890 = CARTESIAN_POINT('',(-0.815601893338,-0.585029076801,
    -7.52537785445));
#7891 = CARTESIAN_POINT('',(-0.849221876604,-0.533885697884,
    -7.529258691407));
#7892 = CARTESIAN_POINT('',(-0.879076238785,-0.480562777912,
    -7.533139953051));
#7893 = CARTESIAN_POINT('',(-0.930970491976,-0.3701609367,
    -7.540907723083));
#7894 = CARTESIAN_POINT('',(-0.953001450084,-0.313074794853,
    -7.544794409901));
#7895 = CARTESIAN_POINT('',(-0.97094064371,-0.254477176994,
    -7.548681110044));
#7896 = CARTESIAN_POINT('',(-0.984666497801,-0.194720768461,
    -7.552567693713));
#7897 = CARTESIAN_POINT('',(-0.99409562179,-0.134168937598,
    -7.556454107258));
#7898 = CARTESIAN_POINT('',(-0.999183639748,-7.319202146245E-02,
    -7.560340285378));
#7899 = CARTESIAN_POINT('',(-1.000642250391,4.671502504996E-02,
    -7.567974961709));
#7900 = CARTESIAN_POINT('',(-0.997313647841,0.105644012134,
    -7.571723642605));
#7901 = CARTESIAN_POINT('',(-0.989936122852,0.16428801107,
    -7.575471955826));
#7902 = CARTESIAN_POINT('',(-0.978540146502,0.222313577087,
    -7.579219965677));
#7903 = CARTESIAN_POINT('',(-0.963190157388,0.279392281732,
    -7.582967833771));
#7904 = CARTESIAN_POINT('',(-0.943983968024,0.335203835333,
    -7.586715701853));
#7905 = CARTESIAN_POINT('',(-0.897345199163,0.445507929738,
    -7.594338138661));
#7906 = CARTESIAN_POINT('',(-0.869655471667,0.499894487114,
    -7.598212870022));
#7907 = CARTESIAN_POINT('',(-0.838127302166,0.552257290269,
    -7.602087763078));
#7908 = CARTESIAN_POINT('',(-0.802940379309,0.60227262019,
    -7.605962976907));
#7909 = CARTESIAN_POINT('',(-0.764307595916,0.649637750561,
    -7.609838692324));
#7910 = CARTESIAN_POINT('',(-0.722472877909,0.694074068189,
    -7.613714968908));
#7911 = CARTESIAN_POINT('',(-0.641405849894,0.768788606033,
    -7.620735522836));
#7912 = CARTESIAN_POINT('',(-0.603175172079,0.800156330412,
    -7.623879766174));
#7913 = CARTESIAN_POINT('',(-0.563162154739,0.829299558609,
    -7.627024256497));
#7914 = CARTESIAN_POINT('',(-0.521522829787,0.856097704452,
    -7.630168942023));
#7915 = CARTESIAN_POINT('',(-0.478422965683,0.880444114931,
    -7.633313763994));
#7916 = CARTESIAN_POINT('',(-0.434036947016,0.90224678158,
    -7.636458625953));
#7917 = CARTESIAN_POINT('',(-0.373659189179,0.927706773035,
    -7.640632531204));
#7918 = CARTESIAN_POINT('',(-0.358653402156,0.933703864196,
    -7.641661689444));
#7919 = CARTESIAN_POINT('',(-0.343535649565,0.939417646556,
    -7.642690833807));
#7920 = CARTESIAN_POINT('',(-0.328312353114,0.944845624831,
    -7.643719960441));
#7921 = CARTESIAN_POINT('',(-0.312989999646,0.949985487237,
    -7.644749065568));
#7922 = CARTESIAN_POINT('',(-0.297575141139,0.954835105491,
    -7.645778145483));
#7923 = CARTESIAN_POINT('',(-0.259684740509,0.965975396285,
    -7.648293582882));
#7924 = CARTESIAN_POINT('',(-0.237115858499,0.971948654805,
    -7.64977990961));
#7925 = CARTESIAN_POINT('',(-0.21438771922,0.977306445219,
    -7.651266165521));
#7926 = CARTESIAN_POINT('',(-0.191520464213,0.98204373199,
    -7.652752340731));
#7927 = CARTESIAN_POINT('',(-0.168534406015,0.986156309193,
    -7.654238426687));
#7928 = CARTESIAN_POINT('',(-0.145450028164,0.989640800519,
    -7.655724416166));
#7929 = CARTESIAN_POINT('',(3.813229859956E-02,1.012260481792,
    -7.66750155572));
#7930 = CARTESIAN_POINT('',(0.202459876682,1.001797759353,-7.67779940087
    ));
#7931 = CARTESIAN_POINT('',(0.363528950611,0.960099019599,
    -7.688081140996));
#7932 = CARTESIAN_POINT('',(0.514275887562,0.88852061392,-7.698353834786
    ));
#7933 = CARTESIAN_POINT('',(0.648394103699,0.790048155325,-7.70864076155
    ));
#7934 = CARTESIAN_POINT('',(0.760360802295,0.66931070744,-7.71894606445)
  );
#7935 = CARTESIAN_POINT('',(0.863636685823,0.505149235403,
    -7.731299867953));
#7936 = CARTESIAN_POINT('',(0.879811845065,0.477150606861,
    -7.733358143644));
#7937 = CARTESIAN_POINT('',(0.894926515154,0.448550237184,
    -7.735416440407));
#7938 = CARTESIAN_POINT('',(0.908954048715,0.419396363173,
    -7.737474704369));
#7939 = CARTESIAN_POINT('',(0.921870603803,0.389738561162,
    -7.739532886899));
#7940 = CARTESIAN_POINT('',(0.933655143906,0.359627747018,-7.74159094461
    ));
#7941 = CARTESIAN_POINT('',(0.952265111125,0.306232633804,
    -7.745192251258));
#7942 = CARTESIAN_POINT('',(0.959593817187,0.28312356867,-7.746735575324
    ));
#7943 = CARTESIAN_POINT('',(0.966267892566,0.259810977802,
    -7.748278797647));
#7944 = CARTESIAN_POINT('',(0.972280625516,0.236317104598,
    -7.749821911999));
#7945 = CARTESIAN_POINT('',(0.9776262561,0.212664438794,-7.751364919836)
  );
#7946 = CARTESIAN_POINT('',(0.982299976196,0.188875716463,
    -7.752907830293));
#7947 = CARTESIAN_POINT('',(0.990203807422,0.141622596866,
    -7.755957957743));
#7948 = CARTESIAN_POINT('',(0.993464699332,0.118163283509,
    -7.757465179509));
#7949 = CARTESIAN_POINT('',(0.996077012603,9.461741414837E-02,
    -7.758972343182));
#7950 = CARTESIAN_POINT('',(0.998038050989,7.100650696466E-02,
    -7.760479473869));
#7951 = CARTESIAN_POINT('',(0.999346014621,4.735216411985E-02,
    -7.761986604077));
#7952 = CARTESIAN_POINT('',(1.,2.367607175727E-02,-7.763493773722));
#7953 = CARTESIAN_POINT('',(1.,1.55975E-12,-7.765001030122));
#7954 = ORIENTED_EDGE('',*,*,#7955,.F.);
#7955 = EDGE_CURVE('',#7770,#7853,#7956,.T.);
#7956 = LINE('',#7957,#7958);
#7957 = CARTESIAN_POINT('',(1.,0.,-1.E-01));
#7958 = VECTOR('',#7959,1.);
#7959 = DIRECTION('',(0.,0.,-1.));
#7960 = CYLINDRICAL_SURFACE('',#7961,1.);
#7961 = AXIS2_PLACEMENT_3D('',#7962,#7963,#7964);
#7962 = CARTESIAN_POINT('',(0.,0.,-1.E-01));
#7963 = DIRECTION('',(-0.,-0.,-1.));
#7964 = DIRECTION('',(1.,0.,0.));
#7965 = ADVANCED_FACE('',(#7966),#7991,.T.);
#7966 = FACE_BOUND('',#7967,.T.);
#7967 = EDGE_LOOP('',(#7968,#7984,#7985,#7986));
#7968 = ORIENTED_EDGE('',*,*,#7969,.F.);
#7969 = EDGE_CURVE('',#7578,#7970,#7972,.T.);
#7970 = VERTEX_POINT('',#7971);
#7971 = CARTESIAN_POINT('',(0.78349973359,4.41377838E-07,-7.490006933148
    ));
#7972 = ( BOUNDED_CURVE() B_SPLINE_CURVE(10,(#7973,#7974,#7975,#7976,
    #7977,#7978,#7979,#7980,#7981,#7982,#7983),.UNSPECIFIED.,.F.,.F.) 
B_SPLINE_CURVE_WITH_KNOTS((11,11),(0.,6.295904828089),
.PIECEWISE_BEZIER_KNOTS.) CURVE() GEOMETRIC_REPRESENTATION_ITEM() 
RATIONAL_B_SPLINE_CURVE((1.056590953773,1.056590953773,1.056590953773,
    1.056590953773,1.056590953773,1.056590953773,1.056590953773,
    1.056590953773,1.056590953773,1.056590953773,1.056590953773)) 
REPRESENTATION_ITEM('') );
#7973 = CARTESIAN_POINT('',(0.783500602832,5.0443114349E-07,
    -7.090007923587));
#7974 = CARTESIAN_POINT('',(0.783499721662,-0.492316515207,
    -7.130006558506));
#7975 = CARTESIAN_POINT('',(0.439850250558,-0.984329591366,
    -7.169981803894));
#7976 = CARTESIAN_POINT('',(-0.247970269195,-1.206201953775,
    -7.210079747185));
#7977 = CARTESIAN_POINT('',(-1.034046415111,-0.895269174065,
    -7.249933304696));
#7978 = CARTESIAN_POINT('',(-1.449713910455,-1.909638725978E-05,
    -7.290007427861));
#7979 = CARTESIAN_POINT('',(-1.033914277358,0.895294810862,
    -7.330081552846));
#7980 = CARTESIAN_POINT('',(-0.248100040676,1.206191350531,
    -7.369935109162));
#7981 = CARTESIAN_POINT('',(0.439893657746,0.984331794903,-7.41003305293
    ));
#7982 = CARTESIAN_POINT('',(0.783500654363,0.492317461017,
    -7.450008298233));
#7983 = CARTESIAN_POINT('',(0.78349973359,4.4137785937E-07,
    -7.490006933148));
#7984 = ORIENTED_EDGE('',*,*,#7595,.T.);
#7985 = ORIENTED_EDGE('',*,*,#7486,.T.);
#7986 = ORIENTED_EDGE('',*,*,#7987,.F.);
#7987 = EDGE_CURVE('',#7970,#7487,#7988,.T.);
#7988 = B_SPLINE_CURVE_WITH_KNOTS('',1,(#7989,#7990),.UNSPECIFIED.,.F.,
  .F.,(2,2),(0.,0.28),.PIECEWISE_BEZIER_KNOTS.);
#7989 = CARTESIAN_POINT('',(0.78349973359,4.4137785913E-07,
    -7.490006933148));
#7990 = CARTESIAN_POINT('',(1.025982363265,-5.296771391E-08,
    -7.349999167985));
#7991 = B_SPLINE_SURFACE_WITH_KNOTS('',1,10,(
    (#7992,#7993,#7994,#7995,#7996,#7997,#7998,#7999,#8000,#8001,#8002)
    ,(#8003,#8004,#8005,#8006,#8007,#8008,#8009,#8010,#8011,#8012,#8013
    )),.UNSPECIFIED.,.F.,.F.,.F.,(2,2),(11,11),(0.,0.28),(0.,
    6.295904828089),.PIECEWISE_BEZIER_KNOTS.);
#7992 = CARTESIAN_POINT('',(0.783500602832,5.0443114572E-07,
    -7.090007923587));
#7993 = CARTESIAN_POINT('',(0.783499721662,-0.492316515207,
    -7.130006558506));
#7994 = CARTESIAN_POINT('',(0.439850250558,-0.984329591366,
    -7.169981803893));
#7995 = CARTESIAN_POINT('',(-0.247970269195,-1.206201953776,
    -7.210079747188));
#7996 = CARTESIAN_POINT('',(-1.034046415111,-0.895269174065,
    -7.249933304693));
#7997 = CARTESIAN_POINT('',(-1.449713910455,-1.909638762077E-05,
    -7.290007427864));
#7998 = CARTESIAN_POINT('',(-1.033914277358,0.895294810862,
    -7.330081552843));
#7999 = CARTESIAN_POINT('',(-0.248100040676,1.206191350531,
    -7.369935109164));
#8000 = CARTESIAN_POINT('',(0.439893657746,0.984331794903,
    -7.410033052929));
#8001 = CARTESIAN_POINT('',(0.783500654363,0.492317461017,
    -7.450008298233));
#8002 = CARTESIAN_POINT('',(0.78349973359,4.4137785913E-07,
    -7.490006933148));
#8003 = CARTESIAN_POINT('',(1.025982591999,-6.053486881E-08,
    -6.949999049121));
#8004 = CARTESIAN_POINT('',(1.025982238717,-0.644640341669,
    -6.989999212947));
#8005 = CARTESIAN_POINT('',(0.576029523033,-1.289299059189,
    -7.030002183803));
#8006 = CARTESIAN_POINT('',(-0.324910068973,-1.578745275972,
    -7.069990429384));
#8007 = CARTESIAN_POINT('',(-1.353723789433,-1.173076385606,
    -7.110008004406));
#8008 = CARTESIAN_POINT('',(-1.898733199062,-4.68955342869E-06,
    -7.14999910842));
#8009 = CARTESIAN_POINT('',(-1.353688603155,1.173083609572,
    -7.189990212912));
#8010 = CARTESIAN_POINT('',(-0.324943660654,1.578742600717,
    -7.230007787621));
#8011 = CARTESIAN_POINT('',(0.576041401098,1.289299435541,
    -7.269996033325));
#8012 = CARTESIAN_POINT('',(1.025982711795,0.644640228166,-7.30999900416
    ));
#8013 = CARTESIAN_POINT('',(1.025982363265,-5.296771391E-08,
    -7.349999167985));
#8014 = ADVANCED_FACE('',(#8015),#8045,.T.);
#8015 = FACE_BOUND('',#8016,.T.);
#8016 = EDGE_LOOP('',(#8017,#8033,#8034,#8035));
#8017 = ORIENTED_EDGE('',*,*,#8018,.F.);
#8018 = EDGE_CURVE('',#7627,#8019,#8021,.T.);
#8019 = VERTEX_POINT('',#8020);
#8020 = CARTESIAN_POINT('',(0.783502935919,4.41374541E-07,
    -7.590006933096));
#8021 = B_SPLINE_CURVE_WITH_KNOTS('',10,(#8022,#8023,#8024,#8025,#8026,
    #8027,#8028,#8029,#8030,#8031,#8032),.UNSPECIFIED.,.F.,.F.,(11,11),(
    0.,6.295904828089),.PIECEWISE_BEZIER_KNOTS.);
#8022 = CARTESIAN_POINT('',(0.783504262639,5.0442684602E-07,
    -7.19000792352));
#8023 = CARTESIAN_POINT('',(0.783502750942,-0.49231867055,
    -7.230006558462));
#8024 = CARTESIAN_POINT('',(0.439840441713,-0.984333466506,
    -7.269981804263));
#8025 = CARTESIAN_POINT('',(-0.247937590533,-1.206209936527,
    -7.310079745879));
#8026 = CARTESIAN_POINT('',(-1.03408599603,-0.895266030403,
    -7.349933306024));
#8027 = CARTESIAN_POINT('',(-1.449720263973,-2.868583773741E-05,
    -7.390007427535));
#8028 = CARTESIAN_POINT('',(-1.03388374453,0.895305816076,
    -7.430081551825));
#8029 = CARTESIAN_POINT('',(-0.248134895337,1.206193910694,
    -7.469935110148));
#8030 = CARTESIAN_POINT('',(0.439907319955,0.98433655023,-7.510033052487
    ));
#8031 = CARTESIAN_POINT('',(0.783504487217,0.492319616352,
    -7.550008298162));
#8032 = CARTESIAN_POINT('',(0.783502935919,4.4137456263E-07,
    -7.590006933096));
#8033 = ORIENTED_EDGE('',*,*,#7644,.T.);
#8034 = ORIENTED_EDGE('',*,*,#7969,.T.);
#8035 = ORIENTED_EDGE('',*,*,#8036,.F.);
#8036 = EDGE_CURVE('',#8019,#7970,#8037,.T.);
#8037 = ( BOUNDED_CURVE() B_SPLINE_CURVE(6,(#8038,#8039,#8040,#8041,
#8042,#8043,#8044),.UNSPECIFIED.,.F.,.F.) B_SPLINE_CURVE_WITH_KNOTS((7,7
),(0.,2.094395102393),.PIECEWISE_BEZIER_KNOTS.) CURVE() 
GEOMETRIC_REPRESENTATION_ITEM() RATIONAL_B_SPLINE_CURVE((1.056590953773,
    1.017435169568,0.996326512422,0.989390034249,0.996326512422,
1.017435169568,1.056590953773)) REPRESENTATION_ITEM('') );
#8038 = CARTESIAN_POINT('',(0.783502935919,4.4137456331E-07,
    -7.590006933096));
#8039 = CARTESIAN_POINT('',(0.76537808194,4.7832474523E-07,
    -7.579543317648));
#8040 = CARTESIAN_POINT('',(0.752605114535,5.0436398483E-07,
    -7.561832736166));
#8041 = CARTESIAN_POINT('',(0.747987939094,5.1377615734E-07,
    -7.540008070378));
#8042 = CARTESIAN_POINT('',(0.75260371673,5.0436542395E-07,
    -7.51818310892));
#8043 = CARTESIAN_POINT('',(0.765375549807,4.7832735142E-07,
    -7.500471709409));
#8044 = CARTESIAN_POINT('',(0.78349973359,4.4137785937E-07,
    -7.490006933148));
#8045 = ( BOUNDED_SURFACE() B_SPLINE_SURFACE(6,10,(
    (#8046,#8047,#8048,#8049,#8050,#8051,#8052,#8053,#8054,#8055,#8056)
    ,(#8057,#8058,#8059,#8060,#8061,#8062,#8063,#8064,#8065,#8066,#8067)
    ,(#8068,#8069,#8070,#8071,#8072,#8073,#8074,#8075,#8076,#8077,#8078)
    ,(#8079,#8080,#8081,#8082,#8083,#8084,#8085,#8086,#8087,#8088,#8089)
    ,(#8090,#8091,#8092,#8093,#8094,#8095,#8096,#8097,#8098,#8099,#8100)
    ,(#8101,#8102,#8103,#8104,#8105,#8106,#8107,#8108,#8109,#8110,#8111)
    ,(#8112,#8113,#8114,#8115,#8116,#8117,#8118,#8119,#8120,#8121,#8122
)),.UNSPECIFIED.,.F.,.F.,.F.) B_SPLINE_SURFACE_WITH_KNOTS((7,7),(11,11),
  (0.,2.094395102393),(0.,6.295904828089),.PIECEWISE_BEZIER_KNOTS.) 
GEOMETRIC_REPRESENTATION_ITEM() RATIONAL_B_SPLINE_SURFACE((
    (1.056590953773,1.056590953773,1.056590953773,1.056590953773
      ,1.056590953773,1.056590953773,1.056590953773,1.056590953773
      ,1.056590953773,1.056590953773,1.056590953773)
    ,(1.017435169568,1.017435169568,1.017435169568,1.017435169568
      ,1.017435169568,1.017435169568,1.017435169568,1.017435169568
      ,1.017435169568,1.017435169568,1.017435169568)
    ,(0.996326512422,0.996326512422,0.996326512422,0.996326512422
      ,0.996326512422,0.996326512422,0.996326512422,0.996326512422
      ,0.996326512422,0.996326512422,0.996326512422)
    ,(0.989390034249,0.989390034249,0.989390034249,0.989390034249
      ,0.989390034248,0.989390034249,0.989390034248,0.989390034249
      ,0.989390034249,0.989390034249,0.989390034249)
    ,(0.996326512422,0.996326512422,0.996326512422,0.996326512422
      ,0.996326512422,0.996326512422,0.996326512422,0.996326512422
      ,0.996326512422,0.996326512422,0.996326512422)
    ,(1.017435169568,1.017435169568,1.017435169568,1.017435169568
      ,1.017435169568,1.017435169569,1.017435169568,1.017435169568
      ,1.017435169568,1.017435169568,1.017435169568)
    ,(1.056590953773,1.056590953773,1.056590953773,1.056590953773
      ,1.056590953773,1.056590953773,1.056590953773,1.056590953773
      ,1.056590953773,1.056590953773,1.056590953773
))) REPRESENTATION_ITEM('') SURFACE() );
#8046 = CARTESIAN_POINT('',(0.783504262639,5.044268446E-07,
    -7.19000792352));
#8047 = CARTESIAN_POINT('',(0.783502750942,-0.49231867055,
    -7.230006558462));
#8048 = CARTESIAN_POINT('',(0.439840441713,-0.984333466506,
    -7.269981804263));
#8049 = CARTESIAN_POINT('',(-0.247937590533,-1.206209936527,
    -7.310079745878));
#8050 = CARTESIAN_POINT('',(-1.034085996031,-0.895266030404,
    -7.349933306026));
#8051 = CARTESIAN_POINT('',(-1.449720263972,-2.868583761911E-05,
    -7.390007427534));
#8052 = CARTESIAN_POINT('',(-1.03388374453,0.895305816076,
    -7.430081551826));
#8053 = CARTESIAN_POINT('',(-0.248134895337,1.206193910694,
    -7.469935110147));
#8054 = CARTESIAN_POINT('',(0.439907319955,0.98433655023,-7.510033052488
    ));
#8055 = CARTESIAN_POINT('',(0.783504487217,0.492319616352,
    -7.550008298161));
#8056 = CARTESIAN_POINT('',(0.783502935919,4.4137456331E-07,
    -7.590006933096));
#8057 = CARTESIAN_POINT('',(0.765379360792,5.4665570809E-07,
    -7.179544390989));
#8058 = CARTESIAN_POINT('',(0.765377941598,-0.48093288837,
    -7.219542911649));
#8059 = CARTESIAN_POINT('',(0.429663876123,-0.961537939483,
    -7.259516085045));
#8060 = CARTESIAN_POINT('',(-0.242193621549,-1.178362792367,
    -7.299622226284));
#8061 = CARTESIAN_POINT('',(-1.010183664831,-0.874502194944,
    -7.339463526513));
#8062 = CARTESIAN_POINT('',(-1.416157321562,-2.775574825162E-05,
    -7.379543853573));
#8063 = CARTESIAN_POINT('',(-1.009988840445,0.874540395737,
    -7.419624183315));
#8064 = CARTESIAN_POINT('',(-0.242383981602,1.178347308822,
    -7.459465481783));
#8065 = CARTESIAN_POINT('',(0.429728198872,0.96154097557,-7.499571623723
    ));
#8066 = CARTESIAN_POINT('',(0.765379544052,0.480933913351,
    -7.539544796995));
#8067 = CARTESIAN_POINT('',(0.76537808194,4.7832474523E-07,
    -7.579543317648));
#8068 = CARTESIAN_POINT('',(0.752606312365,5.764149561E-07,
    -7.161833867941));
#8069 = CARTESIAN_POINT('',(0.752605023534,-0.472909072341,
    -7.201832308063));
#8070 = CARTESIAN_POINT('',(0.4224934352,-0.94547346589,-7.241804020986)
  );
#8071 = CARTESIAN_POINT('',(-0.238149208136,-1.158738005147,
    -7.281915940698));
#8072 = CARTESIAN_POINT('',(-0.993335532323,-0.859870185723,
    -7.321748601054));
#8073 = CARTESIAN_POINT('',(-1.392504763396,-2.610906511749E-05,
    -7.361833301355));
#8074 = CARTESIAN_POINT('',(-0.993153189392,0.859905807101,
    -7.401918004167));
#8075 = CARTESIAN_POINT('',(-0.238327693391,1.158723464279,
    -7.441750662875));
#8076 = CARTESIAN_POINT('',(0.42255353092,0.945476377423,-7.481862583243
    ));
#8077 = CARTESIAN_POINT('',(0.75260644862,0.47291015312,-7.521834296049)
  );
#8078 = CARTESIAN_POINT('',(0.752605114535,5.0436398483E-07,
    -7.561832736166));
#8079 = CARTESIAN_POINT('',(0.747989037081,5.871718462E-07,
    -7.140009223275));
#8080 = CARTESIAN_POINT('',(0.747987892617,-0.470008599163,
    -7.180007634285));
#8081 = CARTESIAN_POINT('',(0.419903252545,-0.939666499479,
    -7.219978819268));
#8082 = CARTESIAN_POINT('',(-0.236692429093,-1.151643559818,
    -7.260092827819));
#8083 = CARTESIAN_POINT('',(-0.987239811976,-0.854582054032,
    -7.299922364959));
#8084 = CARTESIAN_POINT('',(-1.38395476545,-2.403487318361E-05,
    -7.340008646186));
#8085 = CARTESIAN_POINT('',(-0.987072794233,0.854614560875,
    -7.380094929715));
#8086 = CARTESIAN_POINT('',(-0.236856206418,1.151630196017,
    -7.419924465345));
#8087 = CARTESIAN_POINT('',(0.419958200424,0.939669230239,
    -7.460038474497));
#8088 = CARTESIAN_POINT('',(0.747989129657,0.470009700112,
    -7.500009659373));
#8089 = CARTESIAN_POINT('',(0.747987939094,5.1377615734E-07,
    -7.540008070378));
#8090 = CARTESIAN_POINT('',(0.752604714873,5.764168316E-07,
    -7.118184240701));
#8091 = CARTESIAN_POINT('',(0.752603701264,-0.472908131542,
    -7.158182680814));
#8092 = CARTESIAN_POINT('',(0.422497716724,-0.945471774406,
    -7.198154393556));
#8093 = CARTESIAN_POINT('',(-0.23816347225,-1.158734520705,-7.238266314)
  );
#8094 = CARTESIAN_POINT('',(-0.993318255399,-0.85987155792,
    -7.278098973205));
#8095 = CARTESIAN_POINT('',(-1.392501990109,-2.192330549444E-05,
    -7.318183674229));
#8096 = CARTESIAN_POINT('',(-0.993166516858,0.859901003366,
    -7.358268377344));
#8097 = CARTESIAN_POINT('',(-0.238312479461,1.158722346778,
    -7.398101035176));
#8098 = CARTESIAN_POINT('',(0.422547567417,0.945474301741,
    -7.438212956167));
#8099 = CARTESIAN_POINT('',(0.752604775593,0.472909212325,
    -7.478184668812));
#8100 = CARTESIAN_POINT('',(0.75260371673,5.0436542395E-07,
    -7.51818310892));
#8101 = CARTESIAN_POINT('',(0.765376466924,5.4665910912E-07,
    -7.100472782762));
#8102 = CARTESIAN_POINT('',(0.765375546297,-0.480931184106,
    -7.140471303404));
#8103 = CARTESIAN_POINT('',(0.429671632134,-0.961534875347,
    -7.180444476472));
#8104 = CARTESIAN_POINT('',(-0.242219461092,-1.178356480277,
    -7.220550619038));
#8105 = CARTESIAN_POINT('',(-1.010152367562,-0.874504680687,
    -7.260391917182));
#8106 = CARTESIAN_POINT('',(-1.416152297734,-2.017321561248E-05,
    -7.300472245551));
#8107 = CARTESIAN_POINT('',(-1.010012983243,0.874531693737,
    -7.340552575842));
#8108 = CARTESIAN_POINT('',(-0.242356421462,1.178345284461,
    -7.380393872725));
#8109 = CARTESIAN_POINT('',(0.429717395944,0.961537215456,
    -7.420500015793));
#8110 = CARTESIAN_POINT('',(0.765376513352,0.480932209092,
    -7.460473188772));
#8111 = CARTESIAN_POINT('',(0.765375549807,4.7832735142E-07,
    -7.500471709409));
#8112 = CARTESIAN_POINT('',(0.783500602832,5.0443114349E-07,
    -7.090007923587));
#8113 = CARTESIAN_POINT('',(0.783499721662,-0.492316515207,
    -7.130006558506));
#8114 = CARTESIAN_POINT('',(0.439850250558,-0.984329591366,
    -7.169981803894));
#8115 = CARTESIAN_POINT('',(-0.247970269195,-1.206201953775,
    -7.210079747185));
#8116 = CARTESIAN_POINT('',(-1.034046415111,-0.895269174065,
    -7.249933304696));
#8117 = CARTESIAN_POINT('',(-1.449713910455,-1.909638725978E-05,
    -7.290007427861));
#8118 = CARTESIAN_POINT('',(-1.033914277358,0.895294810862,
    -7.330081552846));
#8119 = CARTESIAN_POINT('',(-0.248100040676,1.206191350531,
    -7.369935109162));
#8120 = CARTESIAN_POINT('',(0.439893657746,0.984331794903,-7.41003305293
    ));
#8121 = CARTESIAN_POINT('',(0.783500654363,0.492317461017,
    -7.450008298233));
#8122 = CARTESIAN_POINT('',(0.78349973359,4.4137785937E-07,
    -7.490006933148));
#8123 = ADVANCED_FACE('',(#8124),#8134,.T.);
#8124 = FACE_BOUND('',#8125,.T.);
#8125 = EDGE_LOOP('',(#8126,#8127,#8128,#8129));
#8126 = ORIENTED_EDGE('',*,*,#7769,.F.);
#8127 = ORIENTED_EDGE('',*,*,#7738,.T.);
#8128 = ORIENTED_EDGE('',*,*,#8018,.T.);
#8129 = ORIENTED_EDGE('',*,*,#8130,.F.);
#8130 = EDGE_CURVE('',#7770,#8019,#8131,.T.);
#8131 = B_SPLINE_CURVE_WITH_KNOTS('',1,(#8132,#8133),.UNSPECIFIED.,.F.,
  .F.,(2,2),(0.,0.28),.PIECEWISE_BEZIER_KNOTS.);
#8132 = CARTESIAN_POINT('',(1.025994532114,-5.298024183E-08,
    -7.72999916779));
#8133 = CARTESIAN_POINT('',(0.783502935919,4.4137456263E-07,
    -7.590006933096));
#8134 = B_SPLINE_SURFACE_WITH_KNOTS('',1,10,(
    (#8135,#8136,#8137,#8138,#8139,#8140,#8141,#8142,#8143,#8144,#8145)
    ,(#8146,#8147,#8148,#8149,#8150,#8151,#8152,#8153,#8154,#8155,#8156
    )),.UNSPECIFIED.,.F.,.F.,.F.,(2,2),(11,11),(0.,0.28),(0.,
    6.295904828089),.PIECEWISE_BEZIER_KNOTS.);
#8135 = CARTESIAN_POINT('',(1.025996499265,-6.055120569E-08,
    -7.329999048866));
#8136 = CARTESIAN_POINT('',(1.025993749981,-0.64464853197,-7.36999921278
    ));
#8137 = CARTESIAN_POINT('',(0.575992249422,-1.289313784722,
    -7.410002185209));
#8138 = CARTESIAN_POINT('',(-0.32478589006,-1.578775610427,
    -7.449990424416));
#8139 = CARTESIAN_POINT('',(-1.353874196926,-1.173064439692,
    -7.490008009457));
#8140 = CARTESIAN_POINT('',(-1.898757342428,-4.112946463541E-05,
    -7.529999107177));
#8141 = CARTESIAN_POINT('',(-1.353572578409,1.173125429387,
    -7.569990209036));
#8142 = CARTESIAN_POINT('',(-0.325076108364,1.578752329334,
    -7.610007791364));
#8143 = CARTESIAN_POINT('',(0.57609331749,1.289317505782,-7.649996031644
    ));
#8144 = CARTESIAN_POINT('',(1.025997276642,0.64464841844,-7.689999003889
    ));
#8145 = CARTESIAN_POINT('',(1.025994532114,-5.298024183E-08,
    -7.72999916779));
#8146 = CARTESIAN_POINT('',(0.783504262639,5.0442684602E-07,
    -7.19000792352));
#8147 = CARTESIAN_POINT('',(0.783502750942,-0.49231867055,
    -7.230006558462));
#8148 = CARTESIAN_POINT('',(0.439840441713,-0.984333466506,
    -7.269981804263));
#8149 = CARTESIAN_POINT('',(-0.247937590533,-1.206209936527,
    -7.310079745879));
#8150 = CARTESIAN_POINT('',(-1.03408599603,-0.895266030403,
    -7.349933306024));
#8151 = CARTESIAN_POINT('',(-1.449720263973,-2.868583773741E-05,
    -7.390007427535));
#8152 = CARTESIAN_POINT('',(-1.03388374453,0.895305816076,
    -7.430081551825));
#8153 = CARTESIAN_POINT('',(-0.248134895337,1.206193910694,
    -7.469935110148));
#8154 = CARTESIAN_POINT('',(0.439907319955,0.98433655023,-7.510033052487
    ));
#8155 = CARTESIAN_POINT('',(0.783504487217,0.492319616352,
    -7.550008298162));
#8156 = CARTESIAN_POINT('',(0.783502935919,4.4137456263E-07,
    -7.590006933096));
#8157 = ADVANCED_FACE('',(#8158),#8341,.T.);
#8158 = FACE_BOUND('',#8159,.F.);
#8159 = EDGE_LOOP('',(#8160,#8237,#8238,#8335));
#8160 = ORIENTED_EDGE('',*,*,#8161,.F.);
#8161 = EDGE_CURVE('',#7770,#8162,#8164,.T.);
#8162 = VERTEX_POINT('',#8163);
#8163 = CARTESIAN_POINT('',(1.,4.939E-12,-8.114993423586));
#8164 = B_SPLINE_CURVE_WITH_KNOTS('',6,(#8165,#8166,#8167,#8168,#8169,
    #8170,#8171,#8172,#8173,#8174,#8175,#8176,#8177,#8178,#8179,#8180,
    #8181,#8182,#8183,#8184,#8185,#8186,#8187,#8188,#8189,#8190,#8191,
    #8192,#8193,#8194,#8195,#8196,#8197,#8198,#8199,#8200,#8201,#8202,
    #8203,#8204,#8205,#8206,#8207,#8208,#8209,#8210,#8211,#8212,#8213,
    #8214,#8215,#8216,#8217,#8218,#8219,#8220,#8221,#8222,#8223,#8224,
    #8225,#8226,#8227,#8228,#8229,#8230,#8231,#8232,#8233,#8234,#8235,
    #8236),.UNSPECIFIED.,.F.,.F.,(7,5,5,5,5,5,5,5,5,5,5,5,5,5,7),(0.,
    5.299981882421E-02,9.899967682555E-02,0.152578529842,0.255577496645,
    0.365064336228,0.433224275642,0.496022628199,0.566963904057,
    0.634284858864,0.737998814872,0.799842187155,0.849845061325,
    0.885192397601,1.),.UNSPECIFIED.);
#8165 = CARTESIAN_POINT('',(1.,1.341471E-11,-7.714992327563));
#8166 = CARTESIAN_POINT('',(1.,-5.549999414061E-02,-7.718525703713));
#8167 = CARTESIAN_POINT('',(0.996303663371,-0.111000503477,
    -7.722058869819));
#8168 = CARTESIAN_POINT('',(0.988911041747,-0.16619211077,
    -7.725592263674));
#8169 = CARTESIAN_POINT('',(0.977856559778,-0.220767851145,
    -7.729126203067));
#8170 = CARTESIAN_POINT('',(0.963208250299,-0.274426641972,
    -7.73266076456));
#8171 = CARTESIAN_POINT('',(0.929321739072,-0.372399430795,
    -7.739263687734));
#8172 = CARTESIAN_POINT('',(0.910945058196,-0.417012291747,
    -7.742332017318));
#8173 = CARTESIAN_POINT('',(0.890002852754,-0.460524743806,
    -7.74540049638));
#8174 = CARTESIAN_POINT('',(0.866579058244,-0.50275340137,
    -7.748468948962));
#8175 = CARTESIAN_POINT('',(0.840774818541,-0.543523716448,
    -7.751537193279));
#8176 = CARTESIAN_POINT('',(0.780016130873,-0.62826964695,
    -7.758178386258));
#8177 = CARTESIAN_POINT('',(0.744254000875,-0.671667387472,
    -7.761751262188));
#8178 = CARTESIAN_POINT('',(0.705607176158,-0.712605378242,
    -7.765323371625));
#8179 = CARTESIAN_POINT('',(0.664289617768,-0.750846537455,-7.7688946675
    ));
#8180 = CARTESIAN_POINT('',(0.620540440873,-0.786179118403,
    -7.772465236132));
#8181 = CARTESIAN_POINT('',(0.486346368534,-0.880398184257,
    -7.78289792625));
#8182 = CARTESIAN_POINT('',(0.390036753599,-0.930960216183,
    -7.789759442483));
#8183 = CARTESIAN_POINT('',(0.287566980668,-0.968780699349,
    -7.796618621495));
#8184 = CARTESIAN_POINT('',(0.181058936729,-0.992991559035,
    -7.803479303416));
#8185 = CARTESIAN_POINT('',(7.276327656695E-02,-1.003164311665,
    -7.810343753551));
#8186 = CARTESIAN_POINT('',(-0.149608042238,-0.995370411269,
    -7.824507907407));
#8187 = CARTESIAN_POINT('',(-0.263657501187,-0.975589487881,
    -7.831810237644));
#8188 = CARTESIAN_POINT('',(-0.374415842671,-0.940130276213,
    -7.839113516714));
#8189 = CARTESIAN_POINT('',(-0.479228103328,-0.889736842971,
    -7.846417261864));
#8190 = CARTESIAN_POINT('',(-0.575652533063,-0.825693412991,
    -7.853721352711));
#8191 = CARTESIAN_POINT('',(-0.715144551584,-0.702611464324,
    -7.865567870269));
#8192 = CARTESIAN_POINT('',(-0.764621711721,-0.650801573531,
    -7.870112698542));
#8193 = CARTESIAN_POINT('',(-0.809561242329,-0.59484213329,
    -7.874656684687));
#8194 = CARTESIAN_POINT('',(-0.849536297078,-0.535235392047,
    -7.879200087016));
#8195 = CARTESIAN_POINT('',(-0.884195360728,-0.472538840209,
    -7.883743282029));
#8196 = CARTESIAN_POINT('',(-0.940058087224,-0.347297045887,
    -7.892471867319));
#8197 = CARTESIAN_POINT('',(-0.962106938467,-0.285125172823,
    -7.896657476008));
#8198 = CARTESIAN_POINT('',(-0.9792072478,-0.221308659001,
    -7.900843099233));
#8199 = CARTESIAN_POINT('',(-0.991213106078,-0.156341089501,
    -7.90502901542));
#8200 = CARTESIAN_POINT('',(-0.99804418386,-9.073079996336E-02,
    -7.909215429479));
#8201 = CARTESIAN_POINT('',(-1.001544215267,4.92706839265E-02,
    -7.918131732138));
#8202 = CARTESIAN_POINT('',(-0.996780653181,0.123701342676,
    -7.922861958793));
#8203 = CARTESIAN_POINT('',(-0.985378379135,0.197557213946,
    -7.927592485837));
#8204 = CARTESIAN_POINT('',(-0.967429281213,0.270100922471,
    -7.932323267298));
#8205 = CARTESIAN_POINT('',(-0.943132568152,0.340616504899,
    -7.937054162716));
#8206 = CARTESIAN_POINT('',(-0.883999050495,0.472774188751,
    -7.946273541764));
#8207 = CARTESIAN_POINT('',(-0.849761823586,0.534689104807,
    -7.950762332845));
#8208 = CARTESIAN_POINT('',(-0.810338963756,0.593590979131,
    -7.955250422998));
#8209 = CARTESIAN_POINT('',(-0.766068784116,0.648942536789,
    -7.959737775401));
#8210 = CARTESIAN_POINT('',(-0.717361370408,0.700258969439,
    -7.964224494303));
#8211 = CARTESIAN_POINT('',(-0.583547745956,0.819309349921,
    -7.975621588784));
#8212 = CARTESIAN_POINT('',(-0.492983486305,0.880935793563,
    -7.982532278746));
#8213 = CARTESIAN_POINT('',(-0.394744714268,0.93043398412,
    -7.989440871512));
#8214 = CARTESIAN_POINT('',(-0.290884117906,0.966677854811,
    -7.996350237682));
#8215 = CARTESIAN_POINT('',(-0.183637096484,0.988975516918,
    -8.00326320432));
#8216 = CARTESIAN_POINT('',(-1.076416920779E-02,1.002036929982,
    -8.014300597125));
#8217 = CARTESIAN_POINT('',(5.419221955645E-02,1.001897642289,
    -8.01842453176));
#8218 = CARTESIAN_POINT('',(0.119038955101,0.996703013808,
    -8.022549297868));
#8219 = CARTESIAN_POINT('',(0.18328534602,0.986479744255,-8.026674819302
    ));
#8220 = CARTESIAN_POINT('',(0.24644814237,0.971317308089,-8.030800877318
    ));
#8221 = CARTESIAN_POINT('',(0.357875171129,0.935236407663,
    -8.038262994956));
#8222 = CARTESIAN_POINT('',(0.406677683762,0.915975451076,
    -8.041599138359));
#8223 = CARTESIAN_POINT('',(0.454220526708,0.893663980013,
    -8.044935097161));
#8224 = CARTESIAN_POINT('',(0.500266615063,0.868407255627,
    -8.048270692489));
#8225 = CARTESIAN_POINT('',(0.544591089513,0.840334696975,
    -8.051605789139));
#8226 = CARTESIAN_POINT('',(0.616951635693,0.787871074473,
    -8.057297424382));
#8227 = CARTESIAN_POINT('',(0.645954401715,0.76481229863,-8.059654289222
    ));
#8228 = CARTESIAN_POINT('',(0.673917891603,0.740476196627,
    -8.062010832428));
#8229 = CARTESIAN_POINT('',(0.700772364184,0.71492168334,-8.064367054811
    ));
#8230 = CARTESIAN_POINT('',(0.726452643442,0.688212669407,
    -8.066722983976));
#8231 = CARTESIAN_POINT('',(0.830296644101,0.570141603075,
    -8.076729920144));
#8232 = CARTESIAN_POINT('',(0.896687911037,0.468391088,-8.084380468525)
  );
#8233 = CARTESIAN_POINT('',(0.947953868623,0.357554636333,
    -8.092027617665));
#8234 = CARTESIAN_POINT('',(0.98265526317,0.240473557344,-8.099680489463
    ));
#8235 = CARTESIAN_POINT('',(0.999999999999,0.120223443812,
    -8.107339479665));
#8236 = CARTESIAN_POINT('',(1.,9.8801E-12,-8.114993423586));
#8237 = ORIENTED_EDGE('',*,*,#7955,.T.);
#8238 = ORIENTED_EDGE('',*,*,#8239,.T.);
#8239 = EDGE_CURVE('',#7853,#8240,#8242,.T.);
#8240 = VERTEX_POINT('',#8241);
#8241 = CARTESIAN_POINT('',(1.,5.43E-13,-8.16500085843));
#8242 = B_SPLINE_CURVE_WITH_KNOTS('',7,(#8243,#8244,#8245,#8246,#8247,
    #8248,#8249,#8250,#8251,#8252,#8253,#8254,#8255,#8256,#8257,#8258,
    #8259,#8260,#8261,#8262,#8263,#8264,#8265,#8266,#8267,#8268,#8269,
    #8270,#8271,#8272,#8273,#8274,#8275,#8276,#8277,#8278,#8279,#8280,
    #8281,#8282,#8283,#8284,#8285,#8286,#8287,#8288,#8289,#8290,#8291,
    #8292,#8293,#8294,#8295,#8296,#8297,#8298,#8299,#8300,#8301,#8302,
    #8303,#8304,#8305,#8306,#8307,#8308,#8309,#8310,#8311,#8312,#8313,
    #8314,#8315,#8316,#8317,#8318,#8319,#8320,#8321,#8322,#8323,#8324,
    #8325,#8326,#8327,#8328,#8329,#8330,#8331,#8332,#8333,#8334),
  .UNSPECIFIED.,.F.,.F.,(8,6,6,6,6,6,6,6,6,6,6,6,6,6,6,8),(0.,
    5.110718403145E-02,9.61092829058E-02,0.148034540754,0.262038315651,
    0.442645979259,0.459646973725,0.497648489765,0.563741676053,
    0.631636499042,0.737641788009,0.845068864169,0.899570605875,
    0.946573087512,0.973574214602,1.),.UNSPECIFIED.);
#8243 = CARTESIAN_POINT('',(1.,1.55875E-12,-7.765001030122));
#8244 = CARTESIAN_POINT('',(1.,-4.587004360264E-02,-7.767921190953));
#8245 = CARTESIAN_POINT('',(0.997545240248,-9.174037021808E-02,
    -7.770841664651));
#8246 = CARTESIAN_POINT('',(0.992635751097,-0.137452520086,
    -7.773762153506));
#8247 = CARTESIAN_POINT('',(0.985284290665,-0.182848924808,
    -7.776682450698));
#8248 = CARTESIAN_POINT('',(0.975516168041,-0.227773717331,
    -7.77960243398));
#8249 = CARTESIAN_POINT('',(0.963369066502,-0.272073541935,
    -7.782522059357));
#8250 = CARTESIAN_POINT('',(0.936145943044,-0.3539238637,-7.78801192136)
  );
#8251 = CARTESIAN_POINT('',(0.921593008042,-0.391648877318,
    -7.790582255511));
#8252 = CARTESIAN_POINT('',(0.905268097133,-0.428671070363,
    -7.793152368095));
#8253 = CARTESIAN_POINT('',(0.887212356602,-0.464890827472,
    -7.795722336296));
#8254 = CARTESIAN_POINT('',(0.867473840349,-0.50021168358,
    -7.798292268617));
#8255 = CARTESIAN_POINT('',(0.846107306635,-0.534540754877,
    -7.800862269887));
#8256 = CARTESIAN_POINT('',(0.796712647033,-0.606152547459,
    -7.80639793452));
#8257 = CARTESIAN_POINT('',(0.768165034144,-0.643077682829,
    -7.809363679331));
#8258 = CARTESIAN_POINT('',(0.737625361015,-0.678427923135,
    -7.812329740276));
#8259 = CARTESIAN_POINT('',(0.705198581452,-0.712074870593,
    -7.81529622535));
#8260 = CARTESIAN_POINT('',(0.670999725732,-0.743899113147,
    -7.818263213576));
#8261 = CARTESIAN_POINT('',(0.635153208121,-0.773790955244,
    -7.821230717593));
#8262 = CARTESIAN_POINT('',(0.515764550586,-0.862819207164,
    -7.830714840556));
#8263 = CARTESIAN_POINT('',(0.426419770201,-0.914206191367,
    -7.837234348731));
#8264 = CARTESIAN_POINT('',(0.331184654097,-0.954738917336,
    -7.843754739144));
#8265 = CARTESIAN_POINT('',(0.231651271495,-0.983639603062,
    -7.850274597581));
#8266 = CARTESIAN_POINT('',(0.129520040595,-1.000415054023,
    -7.856793421945));
#8267 = CARTESIAN_POINT('',(2.655085069486E-02,-1.004870413821,
    -7.863310809995));
#8268 = CARTESIAN_POINT('',(-0.237114257289,-0.984912612492,
    -7.880144789771));
#8269 = CARTESIAN_POINT('',(-0.396621036991,-0.942095980165,
    -7.890471114974));
#8270 = CARTESIAN_POINT('',(-0.546710384973,-0.869122667036,
    -7.900782491673));
#8271 = CARTESIAN_POINT('',(-0.68066220541,-0.768743488774,
    -7.911092411633));
#8272 = CARTESIAN_POINT('',(-0.792842226394,-0.645178645696,
    -7.921412579781));
#8273 = CARTESIAN_POINT('',(-0.878721442313,-0.504107695944,
    -7.931745861928));
#8274 = CARTESIAN_POINT('',(-0.941223618945,-0.338128565513,
    -7.943039723543));
#8275 = CARTESIAN_POINT('',(-0.946346697219,-0.323753065252,
    -7.944011381158));
#8276 = CARTESIAN_POINT('',(-0.951213517612,-0.309287292281,
    -7.944983041923));
#8277 = CARTESIAN_POINT('',(-0.955822182151,-0.294736730008,
    -7.945954703586));
#8278 = CARTESIAN_POINT('',(-0.960170940556,-0.2801069084,
    -7.946926363957));
#8279 = CARTESIAN_POINT('',(-0.964258190231,-0.26540340398,
    -7.947898020902));
#8280 = CARTESIAN_POINT('',(-0.976630721353,-0.217613663561,
    -7.951041558715));
#8281 = CARTESIAN_POINT('',(-0.983865141194,-0.184255245701,
    -7.953213420063));
#8282 = CARTESIAN_POINT('',(-0.989769443201,-0.150619684213,
    -7.95538523164));
#8283 = CARTESIAN_POINT('',(-0.994331163311,-0.11677059056,
    -7.957556973567));
#8284 = CARTESIAN_POINT('',(-0.997541665992,-8.277208970522E-02,
    -7.959728630843));
#8285 = CARTESIAN_POINT('',(-0.999396144247,-4.868882011397E-02,
    -7.961900193341));
#8286 = CARTESIAN_POINT('',(-1.000758841192,4.472665837935E-02,
    -7.967848317603));
#8287 = CARTESIAN_POINT('',(-0.997519254826,0.104100301393,
    -7.971624759953));
#8288 = CARTESIAN_POINT('',(-0.990169852603,0.163192149169,
    -7.975400826818));
#8289 = CARTESIAN_POINT('',(-0.978741224233,0.22166123158,
    -7.979176584004));
#8290 = CARTESIAN_POINT('',(-0.963298949079,0.279171694678,
    -7.982952197605));
#8291 = CARTESIAN_POINT('',(-0.943942988176,0.335396040888,
    -7.986727812436));
#8292 = CARTESIAN_POINT('',(-0.897040501639,0.446129649634,
    -7.99438196823));
#8293 = CARTESIAN_POINT('',(-0.869284058206,0.500552809435,
    -7.99826067493));
#8294 = CARTESIAN_POINT('',(-0.837682721089,0.552945292043,
    -8.002139544677));
#8295 = CARTESIAN_POINT('',(-0.802416974173,0.602982511637,
    -8.006018736883));
#8296 = CARTESIAN_POINT('',(-0.763700625225,0.650360987884,
    -8.009898432652));
#8297 = CARTESIAN_POINT('',(-0.721778621008,0.69480148069,
    -8.013778691157));
#8298 = CARTESIAN_POINT('',(-0.606893961181,0.800457425301,
    -8.023718172994));
#8299 = CARTESIAN_POINT('',(-0.529704349402,0.857097992162,
    -8.029778931169));
#8300 = CARTESIAN_POINT('',(-0.446406120278,0.905001553489,
    -8.03584000854));
#8301 = CARTESIAN_POINT('',(-0.358195711708,0.943399030858,
    -8.041900949197));
#8302 = CARTESIAN_POINT('',(-0.266376393177,0.971723495575,
    -8.047961543214));
#8303 = CARTESIAN_POINT('',(-0.172325729927,0.989624056795,
    -8.054021137977));
#8304 = CARTESIAN_POINT('',(1.865792545303E-02,1.004464164485,
    -8.06621636283));
#8305 = CARTESIAN_POINT('',(0.115640016974,1.001121470138,
    -8.072353626603));
#8306 = CARTESIAN_POINT('',(0.211991837575,0.986846120246,
    -8.078488156351));
#8307 = CARTESIAN_POINT('',(0.306240619923,0.961781125261,
    -8.084620590804));
#8308 = CARTESIAN_POINT('',(0.396956490407,0.926306275633,
    -8.090752976411));
#8309 = CARTESIAN_POINT('',(0.48278896061,0.881028800181,-8.096887093519
    ));
#8310 = CARTESIAN_POINT('',(0.602953424127,0.799274741967,
    -8.106134624916));
#8311 = CARTESIAN_POINT('',(0.641828160515,0.769449604686,
    -8.109247626678));
#8312 = CARTESIAN_POINT('',(0.678974059705,0.737424014573,
    -8.112361161859));
#8313 = CARTESIAN_POINT('',(0.714242341152,0.70331911552,-8.115475279126
    ));
#8314 = CARTESIAN_POINT('',(0.747495170259,0.667268260195,
    -8.118589983878));
#8315 = CARTESIAN_POINT('',(0.778606573616,0.629416109642,
    -8.121705197237));
#8316 = CARTESIAN_POINT('',(0.832349536943,0.555854202588,
    -8.127507547887));
#8317 = CARTESIAN_POINT('',(0.855559203253,0.520565860164,
    -8.130194643711));
#8318 = CARTESIAN_POINT('',(0.877019818387,0.484152059595,
    -8.132881888587));
#8319 = CARTESIAN_POINT('',(0.896666465361,0.446717122552,
    -8.135569163495));
#8320 = CARTESIAN_POINT('',(0.914442108529,0.408369808012,-8.13825635174
    ));
#8321 = CARTESIAN_POINT('',(0.930297857113,0.369222781908,
    -8.140943346364));
#8322 = CARTESIAN_POINT('',(0.952175587998,0.306510876576,
    -8.145173470321));
#8323 = CARTESIAN_POINT('',(0.959511046055,0.283403954708,-8.14671679536
    ));
#8324 = CARTESIAN_POINT('',(0.966191932933,0.26009331599,-8.148260018723
    ));
#8325 = CARTESIAN_POINT('',(0.9722115304,0.236601201854,-8.149803134137)
  );
#8326 = CARTESIAN_POINT('',(0.977564071969,0.212950100336,
    -8.151346143003));
#8327 = CARTESIAN_POINT('',(0.982244742888,0.189162746077,
    -8.152889054398));
#8328 = CARTESIAN_POINT('',(0.990169279953,0.141870770574,
    -8.155941841013));
#8329 = CARTESIAN_POINT('',(0.993441649179,0.118370859407,
    -8.157451720801));
#8330 = CARTESIAN_POINT('',(0.996063169764,9.478393432761E-02,
    -8.15896154213));
#8331 = CARTESIAN_POINT('',(0.998031126375,7.113162727149E-02,
    -8.160471330169));
#8332 = CARTESIAN_POINT('',(0.999343706411,4.743565460175E-02,
    -8.161981117569));
#8333 = CARTESIAN_POINT('',(1.,2.371781710686E-02,-8.163490944454));
#8334 = CARTESIAN_POINT('',(1.,1.07736E-12,-8.16500085843));
#8335 = ORIENTED_EDGE('',*,*,#8336,.F.);
#8336 = EDGE_CURVE('',#8162,#8240,#8337,.T.);
#8337 = LINE('',#8338,#8339);
#8338 = CARTESIAN_POINT('',(1.,0.,-1.E-01));
#8339 = VECTOR('',#8340,1.);
#8340 = DIRECTION('',(0.,0.,-1.));
#8341 = CYLINDRICAL_SURFACE('',#8342,1.);
#8342 = AXIS2_PLACEMENT_3D('',#8343,#8344,#8345);
#8343 = CARTESIAN_POINT('',(0.,0.,-1.E-01));
#8344 = DIRECTION('',(-0.,-0.,-1.));
#8345 = DIRECTION('',(1.,0.,0.));
#8346 = ADVANCED_FACE('',(#8347),#8372,.T.);
#8347 = FACE_BOUND('',#8348,.T.);
#8348 = EDGE_LOOP('',(#8349,#8365,#8366,#8367));
#8349 = ORIENTED_EDGE('',*,*,#8350,.F.);
#8350 = EDGE_CURVE('',#7970,#8351,#8353,.T.);
#8351 = VERTEX_POINT('',#8352);
#8352 = CARTESIAN_POINT('',(0.783498864354,3.78324416E-07,
    -7.890005942706));
#8353 = ( BOUNDED_CURVE() B_SPLINE_CURVE(10,(#8354,#8355,#8356,#8357,
    #8358,#8359,#8360,#8361,#8362,#8363,#8364),.UNSPECIFIED.,.F.,.F.) 
B_SPLINE_CURVE_WITH_KNOTS((11,11),(0.,6.295904828089),
.PIECEWISE_BEZIER_KNOTS.) CURVE() GEOMETRIC_REPRESENTATION_ITEM() 
RATIONAL_B_SPLINE_CURVE((1.056590953773,1.056590953773,1.056590953773,
    1.056590953773,1.056590953773,1.056590953773,1.056590953773,
    1.056590953773,1.056590953773,1.056590953773,1.056590953773)) 
REPRESENTATION_ITEM('') );
#8354 = CARTESIAN_POINT('',(0.78349973359,4.4137783853E-07,
    -7.490006933148));
#8355 = CARTESIAN_POINT('',(0.78349881282,-0.492316032219,
    -7.530005568064));
#8356 = CARTESIAN_POINT('',(0.439849683256,-0.984328533542,
    -7.569980813345));
#8357 = CARTESIAN_POINT('',(-0.247970090762,-1.206200598257,
    -7.610078757043));
#8358 = CARTESIAN_POINT('',(-1.034045340865,-0.895268095171,
    -7.649932313953));
#8359 = CARTESIAN_POINT('',(-1.449712300832,-1.89795163274E-05,
    -7.69000643742));
#8360 = CARTESIAN_POINT('',(-1.033913059326,0.89529389808,-7.73008056271
    ));
#8361 = CARTESIAN_POINT('',(-0.248099667835,1.206190035069,
    -7.769934118423));
#8362 = CARTESIAN_POINT('',(0.439893248824,0.984330666253,
    -7.810032062598));
#8363 = CARTESIAN_POINT('',(0.783499824726,0.492316851922,
    -7.850007307793));
#8364 = CARTESIAN_POINT('',(0.783498864354,3.7832441652E-07,
    -7.890005942706));
#8365 = ORIENTED_EDGE('',*,*,#7987,.T.);
#8366 = ORIENTED_EDGE('',*,*,#7852,.T.);
#8367 = ORIENTED_EDGE('',*,*,#8368,.F.);
#8368 = EDGE_CURVE('',#8351,#7853,#8369,.T.);
#8369 = B_SPLINE_CURVE_WITH_KNOTS('',1,(#8370,#8371),.UNSPECIFIED.,.F.,
  .F.,(2,2),(0.,0.28),.PIECEWISE_BEZIER_KNOTS.);
#8370 = CARTESIAN_POINT('',(0.783498864354,3.783244162E-07,
    -7.890005942706));
#8371 = CARTESIAN_POINT('',(1.025982134529,-4.54006773E-08,
    -7.749999286848));
#8372 = B_SPLINE_SURFACE_WITH_KNOTS('',1,10,(
    (#8373,#8374,#8375,#8376,#8377,#8378,#8379,#8380,#8381,#8382,#8383)
    ,(#8384,#8385,#8386,#8387,#8388,#8389,#8390,#8391,#8392,#8393,#8394
    )),.UNSPECIFIED.,.F.,.F.,.F.,(2,2),(11,11),(0.,0.28),(0.,
    6.295904828089),.PIECEWISE_BEZIER_KNOTS.);
#8373 = CARTESIAN_POINT('',(0.78349973359,4.4137783824E-07,
    -7.490006933148));
#8374 = CARTESIAN_POINT('',(0.78349881282,-0.492316032219,
    -7.530005568064));
#8375 = CARTESIAN_POINT('',(0.439849683256,-0.984328533542,
    -7.569980813344));
#8376 = CARTESIAN_POINT('',(-0.247970090762,-1.206200598257,
    -7.610078757044));
#8377 = CARTESIAN_POINT('',(-1.034045340864,-0.895268095171,
    -7.649932313951));
#8378 = CARTESIAN_POINT('',(-1.449712300833,-1.897951605478E-05,
    -7.690006437422));
#8379 = CARTESIAN_POINT('',(-1.033913059325,0.89529389808,
    -7.730080562708));
#8380 = CARTESIAN_POINT('',(-0.248099667835,1.206190035069,
    -7.769934118424));
#8381 = CARTESIAN_POINT('',(0.439893248824,0.984330666253,
    -7.810032062598));
#8382 = CARTESIAN_POINT('',(0.783499824726,0.492316851922,
    -7.850007307793));
#8383 = CARTESIAN_POINT('',(0.783498864354,3.783244162E-07,
    -7.890005942706));
#8384 = CARTESIAN_POINT('',(1.025982363265,-5.296773406E-08,
    -7.349999167985));
#8385 = CARTESIAN_POINT('',(1.025982014735,-0.644640190414,
    -7.38999933181));
#8386 = CARTESIAN_POINT('',(0.576029404092,-1.289298767261,
    -7.430002302639));
#8387 = CARTESIAN_POINT('',(-0.324909984773,-1.578744926947,
    -7.469990548326));
#8388 = CARTESIAN_POINT('',(-1.353723479207,-1.17307613353,
    -7.510008123189));
#8389 = CARTESIAN_POINT('',(-1.898732775498,-4.70357243021E-06,
    -7.549999227283));
#8390 = CARTESIAN_POINT('',(-1.353688310183,1.17308333755,
    -7.589990331856));
#8391 = CARTESIAN_POINT('',(-0.324943599788,1.57874224689,
    -7.630007906406));
#8392 = CARTESIAN_POINT('',(0.576041263152,1.289299152111,
    -7.669996152216));
#8393 = CARTESIAN_POINT('',(1.025982478306,0.644640092046,
    -7.709999123025));
#8394 = CARTESIAN_POINT('',(1.025982134529,-4.54006773E-08,
    -7.749999286848));
#8395 = ADVANCED_FACE('',(#8396),#8426,.T.);
#8396 = FACE_BOUND('',#8397,.T.);
#8397 = EDGE_LOOP('',(#8398,#8414,#8415,#8416));
#8398 = ORIENTED_EDGE('',*,*,#8399,.F.);
#8399 = EDGE_CURVE('',#8019,#8400,#8402,.T.);
#8400 = VERTEX_POINT('',#8401);
#8401 = CARTESIAN_POINT('',(0.783501609205,3.78321997E-07,
    -7.990005942669));
#8402 = B_SPLINE_CURVE_WITH_KNOTS('',10,(#8403,#8404,#8405,#8406,#8407,
    #8408,#8409,#8410,#8411,#8412,#8413),.UNSPECIFIED.,.F.,.F.,(11,11),(
    0.,6.295904828089),.PIECEWISE_BEZIER_KNOTS.);
#8403 = CARTESIAN_POINT('',(0.783502935919,4.413745423E-07,
    -7.590006933096));
#8404 = CARTESIAN_POINT('',(0.783501384624,-0.492317900181,
    -7.630005568033));
#8405 = CARTESIAN_POINT('',(0.439839617518,-0.984331833315,
    -7.669980813675));
#8406 = CARTESIAN_POINT('',(-0.247937267029,-1.206207878141,
    -7.710078755904));
#8407 = CARTESIAN_POINT('',(-1.034084318576,-0.895264427412,
    -7.749932315139));
#8408 = CARTESIAN_POINT('',(-1.449717807211,-2.856895978409E-05,
    -7.790006437109));
#8409 = CARTESIAN_POINT('',(-1.033881923288,0.89530437918,-7.83008056186
    ));
#8410 = CARTESIAN_POINT('',(-0.248134377432,1.206191892371,
    -7.86993411927));
#8411 = CARTESIAN_POINT('',(0.439906654141,0.984334846212,
    -7.910032062224));
#8412 = CARTESIAN_POINT('',(0.783503200101,0.492318719878,
    -7.950007307738));
#8413 = CARTESIAN_POINT('',(0.783501609205,3.7832199601E-07,
    -7.990005942669));
#8414 = ORIENTED_EDGE('',*,*,#8036,.T.);
#8415 = ORIENTED_EDGE('',*,*,#8350,.T.);
#8416 = ORIENTED_EDGE('',*,*,#8417,.F.);
#8417 = EDGE_CURVE('',#8400,#8351,#8418,.T.);
#8418 = ( BOUNDED_CURVE() B_SPLINE_CURVE(6,(#8419,#8420,#8421,#8422,
#8423,#8424,#8425),.UNSPECIFIED.,.F.,.F.) B_SPLINE_CURVE_WITH_KNOTS((7,7
),(0.,2.094395102393),.PIECEWISE_BEZIER_KNOTS.) CURVE() 
GEOMETRIC_REPRESENTATION_ITEM() RATIONAL_B_SPLINE_CURVE((1.056590953773,
    1.017435169568,0.996326512422,0.989390034249,0.996326512422,
1.017435169568,1.056590953773)) REPRESENTATION_ITEM('') );
#8419 = CARTESIAN_POINT('',(0.783501609205,3.7832199762E-07,
    -7.990005942669));
#8420 = CARTESIAN_POINT('',(0.765376803095,4.0999352111E-07,
    -7.979542244304));
#8421 = CARTESIAN_POINT('',(0.752603916712,4.3231278304E-07,
    -7.961831604388));
#8422 = CARTESIAN_POINT('',(0.747986841114,4.40380266E-07,
    -7.940006917477));
#8423 = CARTESIAN_POINT('',(0.752602718595,4.3231383898E-07,
    -7.918181977136));
#8424 = CARTESIAN_POINT('',(0.765374632697,4.0999543288E-07,
    -7.900470636054));
#8425 = CARTESIAN_POINT('',(0.783498864354,3.7832441652E-07,
    -7.890005942706));
#8426 = ( BOUNDED_SURFACE() B_SPLINE_SURFACE(6,10,(
    (#8427,#8428,#8429,#8430,#8431,#8432,#8433,#8434,#8435,#8436,#8437)
    ,(#8438,#8439,#8440,#8441,#8442,#8443,#8444,#8445,#8446,#8447,#8448)
    ,(#8449,#8450,#8451,#8452,#8453,#8454,#8455,#8456,#8457,#8458,#8459)
    ,(#8460,#8461,#8462,#8463,#8464,#8465,#8466,#8467,#8468,#8469,#8470)
    ,(#8471,#8472,#8473,#8474,#8475,#8476,#8477,#8478,#8479,#8480,#8481)
    ,(#8482,#8483,#8484,#8485,#8486,#8487,#8488,#8489,#8490,#8491,#8492)
    ,(#8493,#8494,#8495,#8496,#8497,#8498,#8499,#8500,#8501,#8502,#8503
)),.UNSPECIFIED.,.F.,.F.,.F.) B_SPLINE_SURFACE_WITH_KNOTS((7,7),(11,11),
  (0.,2.094395102393),(0.,6.295904828089),.PIECEWISE_BEZIER_KNOTS.) 
GEOMETRIC_REPRESENTATION_ITEM() RATIONAL_B_SPLINE_SURFACE((
    (1.056590953773,1.056590953773,1.056590953773,1.056590953773
      ,1.056590953773,1.056590953773,1.056590953773,1.056590953773
      ,1.056590953773,1.056590953773,1.056590953773)
    ,(1.017435169568,1.017435169568,1.017435169568,1.017435169568
      ,1.017435169568,1.017435169568,1.017435169568,1.017435169568
      ,1.017435169568,1.017435169568,1.017435169568)
    ,(0.996326512422,0.996326512422,0.996326512422,0.996326512422
      ,0.996326512422,0.996326512422,0.996326512422,0.996326512422
      ,0.996326512422,0.996326512422,0.996326512422)
    ,(0.989390034249,0.989390034249,0.989390034249,0.989390034249
      ,0.989390034248,0.989390034249,0.989390034248,0.989390034249
      ,0.989390034249,0.989390034249,0.989390034249)
    ,(0.996326512422,0.996326512422,0.996326512422,0.996326512422
      ,0.996326512422,0.996326512422,0.996326512422,0.996326512422
      ,0.996326512422,0.996326512422,0.996326512422)
    ,(1.017435169568,1.017435169568,1.017435169568,1.017435169568
      ,1.017435169568,1.017435169569,1.017435169568,1.017435169568
      ,1.017435169568,1.017435169568,1.017435169568)
    ,(1.056590953773,1.056590953773,1.056590953773,1.056590953773
      ,1.056590953773,1.056590953773,1.056590953773,1.056590953773
      ,1.056590953773,1.056590953773,1.056590953773
))) REPRESENTATION_ITEM('') SURFACE() );
#8427 = CARTESIAN_POINT('',(0.783502935919,4.4137454161E-07,
    -7.590006933096));
#8428 = CARTESIAN_POINT('',(0.783501384624,-0.492317900181,
    -7.630005568033));
#8429 = CARTESIAN_POINT('',(0.439839617518,-0.984331833316,
    -7.669980813675));
#8430 = CARTESIAN_POINT('',(-0.247937267029,-1.206207878141,
    -7.710078755903));
#8431 = CARTESIAN_POINT('',(-1.034084318576,-0.895264427412,
    -7.74993231514));
#8432 = CARTESIAN_POINT('',(-1.44971780721,-2.856895989298E-05,
    -7.790006437107));
#8433 = CARTESIAN_POINT('',(-1.033881923288,0.89530437918,
    -7.830080561861));
#8434 = CARTESIAN_POINT('',(-0.248134377432,1.206191892371,
    -7.86993411927));
#8435 = CARTESIAN_POINT('',(0.439906654141,0.984334846212,
    -7.910032062225));
#8436 = CARTESIAN_POINT('',(0.783503200101,0.492318719878,
    -7.950007307738));
#8437 = CARTESIAN_POINT('',(0.783501609205,3.7832199762E-07,
    -7.990005942669));
#8438 = CARTESIAN_POINT('',(0.76537808194,4.7832472405E-07,
    -7.579543317648));
#8439 = CARTESIAN_POINT('',(0.765376619832,-0.48093215335,
    -7.619541838304));
#8440 = CARTESIAN_POINT('',(0.429663072179,-0.961536369461,
    -7.659515011545));
#8441 = CARTESIAN_POINT('',(-0.242193321363,-1.17836080585,
    -7.699621153376));
#8442 = CARTESIAN_POINT('',(-1.010182056512,-0.874500639837,
    -7.739462452727));
#8443 = CARTESIAN_POINT('',(-1.416154953442,-2.762908831461E-05,
    -7.779542780229));
#8444 = CARTESIAN_POINT('',(-1.009987076302,0.874539020637,
    -7.819623110417));
#8445 = CARTESIAN_POINT('',(-0.242383470739,1.17834536572,
    -7.859464408005));
#8446 = CARTESIAN_POINT('',(0.429727566568,0.961539328791,
    -7.899570550538));
#8447 = CARTESIAN_POINT('',(0.76537830812,0.480933041668,-7.939543723654
    ));
#8448 = CARTESIAN_POINT('',(0.765376803095,4.0999352111E-07,
    -7.979542244304));
#8449 = CARTESIAN_POINT('',(0.752605114535,5.0436396423E-07,
    -7.561832736166));
#8450 = CARTESIAN_POINT('',(0.752603780453,-0.472908391938,
    -7.601831176285));
#8451 = CARTESIAN_POINT('',(0.422492672082,-0.945471999858,
    -7.641802889062));
#8452 = CARTESIAN_POINT('',(-0.238148939377,-1.158736141931,
    -7.681914809329));
#8453 = CARTESIAN_POINT('',(-0.993334035077,-0.859868718537,
    -7.721747468862));
#8454 = CARTESIAN_POINT('',(-1.392502545309,-2.597551268083E-05,
    -7.761832169578));
#8455 = CARTESIAN_POINT('',(-0.99315152784,0.859904529725,
    -7.801916872808));
#8456 = CARTESIAN_POINT('',(-0.238327202484,1.158721646839,
    -7.84174953069));
#8457 = CARTESIAN_POINT('',(0.422552948784,0.945474830457,
    -7.881861451615));
#8458 = CARTESIAN_POINT('',(0.752605296047,0.472909328615,
    -7.921833164275));
#8459 = CARTESIAN_POINT('',(0.752603916712,4.3231278304E-07,
    -7.961831604388));
#8460 = CARTESIAN_POINT('',(0.747987939094,5.1377613619E-07,
    -7.540008070378));
#8461 = CARTESIAN_POINT('',(0.747986748535,-0.470007982824,
    -7.580006481384));
#8462 = CARTESIAN_POINT('',(0.419902543804,-0.939665159774,
    -7.619977666233));
#8463 = CARTESIAN_POINT('',(-0.236692194069,-1.151641849574,
    -7.660091675294));
#8464 = CARTESIAN_POINT('',(-0.987238447911,-0.854580699457,
    -7.699921211678));
#8465 = CARTESIAN_POINT('',(-1.383952732248,-2.389883051279E-05,
    -7.740007493287));
#8466 = CARTESIAN_POINT('',(-0.987071262797,0.854613399656,
    -7.780093777199));
#8467 = CARTESIAN_POINT('',(-0.236855745098,1.151628532401,
    -7.819923312071));
#8468 = CARTESIAN_POINT('',(0.419957676042,0.93966780809,-7.860037321735
    ));
#8469 = CARTESIAN_POINT('',(0.747988077772,0.470008936981,
    -7.900008506475));
#8470 = CARTESIAN_POINT('',(0.747986841114,4.40380266E-07,
    -7.940006917477));
#8471 = CARTESIAN_POINT('',(0.75260371673,5.0436540261E-07,
    -7.51818310892));
#8472 = CARTESIAN_POINT('',(0.75260265787,-0.472907576579,-7.55818154903
    ));
#8473 = CARTESIAN_POINT('',(0.422497065739,-0.945470559519,
    -7.598153261649));
#8474 = CARTESIAN_POINT('',(-0.238163266814,-1.158732964289,
    -7.638265182558));
#8475 = CARTESIAN_POINT('',(-0.993317021451,-0.8598703195,
    -7.678097841075));
#8476 = CARTESIAN_POINT('',(-1.392500141795,-2.178975621353E-05,
    -7.718182542446));
#8477 = CARTESIAN_POINT('',(-0.993165118604,0.859899954764,
    -7.75826724591));
#8478 = CARTESIAN_POINT('',(-0.238312051874,1.158720836134,
    -7.798099903052));
#8479 = CARTESIAN_POINT('',(0.422547097413,0.94547300592,-7.838211824509
    ));
#8480 = CARTESIAN_POINT('',(0.752603822708,0.472908513259,-7.87818353703
    ));
#8481 = CARTESIAN_POINT('',(0.752602718595,4.3231383898E-07,
    -7.918181977136));
#8482 = CARTESIAN_POINT('',(0.765375549807,4.7832733066E-07,
    -7.500471709409));
#8483 = CARTESIAN_POINT('',(0.765374586265,-0.480930676322,
    -7.540470230048));
#8484 = CARTESIAN_POINT('',(0.42967103132,-0.961533760277,
    -7.580443403004));
#8485 = CARTESIAN_POINT('',(-0.242219275616,-1.178355049529,
    -7.620549545998));
#8486 = CARTESIAN_POINT('',(-1.010151236209,-0.874503539994,
    -7.660390843508));
#8487 = CARTESIAN_POINT('',(-1.41615059946,-2.004656101579E-05,
    -7.700471172196));
#8488 = CARTESIAN_POINT('',(-1.010011696067,0.874530733062,
    -7.740551502808));
#8489 = CARTESIAN_POINT('',(-0.242356025302,1.178343897122,
    -7.780392799055));
#8490 = CARTESIAN_POINT('',(0.429716966767,0.96153602363,-7.820498942553
    ));
#8491 = CARTESIAN_POINT('',(0.765375639157,0.480931564645,
    -7.860472115418));
#8492 = CARTESIAN_POINT('',(0.765374632697,4.0999543288E-07,
    -7.900470636054));
#8493 = CARTESIAN_POINT('',(0.78349973359,4.4137783853E-07,
    -7.490006933148));
#8494 = CARTESIAN_POINT('',(0.78349881282,-0.492316032219,
    -7.530005568064));
#8495 = CARTESIAN_POINT('',(0.439849683256,-0.984328533542,
    -7.569980813345));
#8496 = CARTESIAN_POINT('',(-0.247970090762,-1.206200598257,
    -7.610078757043));
#8497 = CARTESIAN_POINT('',(-1.034045340865,-0.895268095171,
    -7.649932313953));
#8498 = CARTESIAN_POINT('',(-1.449712300832,-1.89795163274E-05,
    -7.69000643742));
#8499 = CARTESIAN_POINT('',(-1.033913059326,0.89529389808,-7.73008056271
    ));
#8500 = CARTESIAN_POINT('',(-0.248099667835,1.206190035069,
    -7.769934118423));
#8501 = CARTESIAN_POINT('',(0.439893248824,0.984330666253,
    -7.810032062598));
#8502 = CARTESIAN_POINT('',(0.783499824726,0.492316851922,
    -7.850007307793));
#8503 = CARTESIAN_POINT('',(0.783498864354,3.7832441652E-07,
    -7.890005942706));
#8504 = ADVANCED_FACE('',(#8505),#8515,.T.);
#8505 = FACE_BOUND('',#8506,.T.);
#8506 = EDGE_LOOP('',(#8507,#8508,#8509,#8510));
#8507 = ORIENTED_EDGE('',*,*,#8161,.F.);
#8508 = ORIENTED_EDGE('',*,*,#8130,.T.);
#8509 = ORIENTED_EDGE('',*,*,#8399,.T.);
#8510 = ORIENTED_EDGE('',*,*,#8511,.F.);
#8511 = EDGE_CURVE('',#8162,#8400,#8512,.T.);
#8512 = B_SPLINE_CURVE_WITH_KNOTS('',1,(#8513,#8514),.UNSPECIFIED.,.F.,
  .F.,(2,2),(0.,0.28),.PIECEWISE_BEZIER_KNOTS.);
#8513 = CARTESIAN_POINT('',(1.025992564965,-4.540986889E-08,
    -8.129999286705));
#8514 = CARTESIAN_POINT('',(0.783501609205,3.7832199601E-07,
    -7.990005942669));
#8515 = B_SPLINE_SURFACE_WITH_KNOTS('',1,10,(
    (#8516,#8517,#8518,#8519,#8520,#8521,#8522,#8523,#8524,#8525,#8526)
    ,(#8527,#8528,#8529,#8530,#8531,#8532,#8533,#8534,#8535,#8536,#8537
    )),.UNSPECIFIED.,.F.,.F.,.F.,(2,2),(11,11),(0.,0.28),(0.,
    6.295904828089),.PIECEWISE_BEZIER_KNOTS.);
#8516 = CARTESIAN_POINT('',(1.025994532114,-5.298026387E-08,
    -7.72999916779));
#8517 = CARTESIAN_POINT('',(1.025991787591,-0.644647288669,
    -7.769999331692));
#8518 = CARTESIAN_POINT('',(0.575991154288,-1.289311306401,
    -7.810002303894));
#8519 = CARTESIAN_POINT('',(-0.32478525459,-1.578772590507,
    -7.849990543995));
#8520 = CARTESIAN_POINT('',(-1.353871594511,-1.173062196045,
    -7.8900081277));
#8521 = CARTESIAN_POINT('',(-1.898753699736,-4.114345800765E-05,
    -7.929999226097));
#8522 = CARTESIAN_POINT('',(-1.353569993241,1.173123165732,
    -7.969990328629));
#8523 = CARTESIAN_POINT('',(-0.325075496259,1.578749304638,
    -8.010007909624));
#8524 = CARTESIAN_POINT('',(0.576092203358,1.289315035956,
    -8.049996150797));
#8525 = CARTESIAN_POINT('',(1.025995304732,0.64464719028,-8.089999122816
    ));
#8526 = CARTESIAN_POINT('',(1.025992564965,-4.540986889E-08,
    -8.129999286705));
#8527 = CARTESIAN_POINT('',(0.783502935919,4.413745423E-07,
    -7.590006933096));
#8528 = CARTESIAN_POINT('',(0.783501384624,-0.492317900181,
    -7.630005568033));
#8529 = CARTESIAN_POINT('',(0.439839617518,-0.984331833315,
    -7.669980813675));
#8530 = CARTESIAN_POINT('',(-0.247937267029,-1.206207878141,
    -7.710078755904));
#8531 = CARTESIAN_POINT('',(-1.034084318576,-0.895264427412,
    -7.749932315139));
#8532 = CARTESIAN_POINT('',(-1.449717807211,-2.856895978409E-05,
    -7.790006437109));
#8533 = CARTESIAN_POINT('',(-1.033881923288,0.89530437918,-7.83008056186
    ));
#8534 = CARTESIAN_POINT('',(-0.248134377432,1.206191892371,
    -7.86993411927));
#8535 = CARTESIAN_POINT('',(0.439906654141,0.984334846212,
    -7.910032062224));
#8536 = CARTESIAN_POINT('',(0.783503200101,0.492318719878,
    -7.950007307738));
#8537 = CARTESIAN_POINT('',(0.783501609205,3.7832199601E-07,
    -7.990005942669));
#8538 = ADVANCED_FACE('',(#8539),#8716,.T.);
#8539 = FACE_BOUND('',#8540,.F.);
#8540 = EDGE_LOOP('',(#8541,#8618,#8619,#8710));
#8541 = ORIENTED_EDGE('',*,*,#8542,.F.);
#8542 = EDGE_CURVE('',#8162,#8543,#8545,.T.);
#8543 = VERTEX_POINT('',#8544);
#8544 = CARTESIAN_POINT('',(1.,3.438E-12,-8.514994519618));
#8545 = B_SPLINE_CURVE_WITH_KNOTS('',6,(#8546,#8547,#8548,#8549,#8550,
    #8551,#8552,#8553,#8554,#8555,#8556,#8557,#8558,#8559,#8560,#8561,
    #8562,#8563,#8564,#8565,#8566,#8567,#8568,#8569,#8570,#8571,#8572,
    #8573,#8574,#8575,#8576,#8577,#8578,#8579,#8580,#8581,#8582,#8583,
    #8584,#8585,#8586,#8587,#8588,#8589,#8590,#8591,#8592,#8593,#8594,
    #8595,#8596,#8597,#8598,#8599,#8600,#8601,#8602,#8603,#8604,#8605,
    #8606,#8607,#8608,#8609,#8610,#8611,#8612,#8613,#8614,#8615,#8616,
    #8617),.UNSPECIFIED.,.F.,.F.,(7,5,5,5,5,5,5,5,5,5,5,5,5,5,7),(0.,
    5.299982243112E-02,9.899968356306E-02,0.152578554203,0.255577528013,
    0.365064406718,0.433224550774,0.496023078226,0.566964564567,
    0.634287709941,0.738003969216,0.849847232037,0.869011716622,
    0.948806043985,1.),.UNSPECIFIED.);
#8546 = CARTESIAN_POINT('',(1.,9.87954E-12,-8.114993423586));
#8547 = CARTESIAN_POINT('',(1.,-5.549999414463E-02,-8.118526799737));
#8548 = CARTESIAN_POINT('',(0.996303663371,-0.111000503479,
    -8.122059965841));
#8549 = CARTESIAN_POINT('',(0.988911041747,-0.166192110774,
    -8.125593359699));
#8550 = CARTESIAN_POINT('',(0.977856559777,-0.220767851151,
    -8.129127299098));
#8551 = CARTESIAN_POINT('',(0.963208250298,-0.274426641976,
    -8.132661860604));
#8552 = CARTESIAN_POINT('',(0.929321739071,-0.372399430799,
    -8.139264783808));
#8553 = CARTESIAN_POINT('',(0.910945058194,-0.417012291751,
    -8.14233311341));
#8554 = CARTESIAN_POINT('',(0.890002852753,-0.46052474381,
    -8.145401592491));
#8555 = CARTESIAN_POINT('',(0.866579058242,-0.502753401373,
    -8.148470045092));
#8556 = CARTESIAN_POINT('',(0.840774818539,-0.543523716451,
    -8.151538289425));
#8557 = CARTESIAN_POINT('',(0.780016122343,-0.628269658848,
    -8.158179483366));
#8558 = CARTESIAN_POINT('',(0.744253982214,-0.671667410117,
    -8.161752360238));
#8559 = CARTESIAN_POINT('',(0.70560714591,-0.712605410283,
    -8.165324470609));
#8560 = CARTESIAN_POINT('',(0.664289574651,-0.750846577362,
    -8.168895767411));
#8561 = CARTESIAN_POINT('',(0.620540383805,-0.786179164493,
    -8.17246633696));
#8562 = CARTESIAN_POINT('',(0.48634629121,-0.880398226971,
    -8.182899027951));
#8563 = CARTESIAN_POINT('',(0.390036671835,-0.930960250439,
    -8.189760544122));
#8564 = CARTESIAN_POINT('',(0.28756689558,-0.968780724606,
    -8.196619723061));
#8565 = CARTESIAN_POINT('',(0.181058849515,-0.992991574938,
    -8.203480404924));
#8566 = CARTESIAN_POINT('',(7.276318846004E-02,-1.003164318055,
    -8.210344855028));
#8567 = CARTESIAN_POINT('',(-0.149608162804,-0.995370396967,
    -8.224509010984));
#8568 = CARTESIAN_POINT('',(-0.263657652877,-0.975589453279,
    -8.231811343358));
#8569 = CARTESIAN_POINT('',(-0.374416021392,-0.940130212544,
    -8.239114624591));
#8570 = CARTESIAN_POINT('',(-0.479228302776,-0.889736742554,
    -8.246418371909));
#8571 = CARTESIAN_POINT('',(-0.575652745069,-0.825693269791,
    -8.253722464911));
#8572 = CARTESIAN_POINT('',(-0.715144910199,-0.702611120589,
    -8.265568997956));
#8573 = CARTESIAN_POINT('',(-0.764622188802,-0.650801050105,
    -8.270113839572));
#8574 = CARTESIAN_POINT('',(-0.8095618086,-0.594841408407,
    -8.274657839046));
#8575 = CARTESIAN_POINT('',(-0.849536919842,-0.535234448683,
    -8.279201254696));
#8576 = CARTESIAN_POINT('',(-0.884196004808,-0.472537666665,
    -8.283744463028));
#8577 = CARTESIAN_POINT('',(-0.940058696077,-0.34729543168,
    -8.292473072999));
#8578 = CARTESIAN_POINT('',(-0.962107498386,-0.285123349912,
    -8.296658693052));
#8579 = CARTESIAN_POINT('',(-0.979207728785,-0.221306627369,
    -8.300844327644));
#8580 = CARTESIAN_POINT('',(-0.991213477875,-0.156338853446,
    -8.305030255206));
#8581 = CARTESIAN_POINT('',(-0.998044416704,-9.072836812184E-02,
    -8.30921668065));
#8582 = CARTESIAN_POINT('',(-1.001544091775,4.927351882092E-02,
    -8.318133008424));
#8583 = CARTESIAN_POINT('',(-0.996780302007,0.123704381393,
    -8.322863248815));
#8584 = CARTESIAN_POINT('',(-0.985377763234,0.197560433632,
    -8.327593789597));
#8585 = CARTESIAN_POINT('',(-0.967428366592,0.270104294107,
    -8.332324584793));
#8586 = CARTESIAN_POINT('',(-0.943131325042,0.340619993898,
    -8.337055493937));
#8587 = CARTESIAN_POINT('',(-0.883996268026,0.472779732748,
    -8.346275032453));
#8588 = CARTESIAN_POINT('',(-0.849757510535,0.534696446608,
    -8.350763969281));
#8589 = CARTESIAN_POINT('',(-0.810332803549,0.593599883891,
    -8.355252205099));
#8590 = CARTESIAN_POINT('',(-0.766060497875,0.648952719971,
    -8.359739703097));
#8591 = CARTESIAN_POINT('',(-0.717350725705,0.70027010441,
    -8.364226567557));
#8592 = CARTESIAN_POINT('',(-0.583531494001,0.81932124378,
    -8.375623960346));
#8593 = CARTESIAN_POINT('',(-0.492963932607,0.880947220696,
    -8.382534803194));
#8594 = CARTESIAN_POINT('',(-0.394721771909,0.930444236635,
    -8.389443548806));
#8595 = CARTESIAN_POINT('',(-0.290857863463,0.966686196528,
    -8.39635306814));
#8596 = CARTESIAN_POINT('',(-0.183607774808,0.988981225091,
    -8.403266188427));
#8597 = CARTESIAN_POINT('',(4.147735858774E-02,1.005980270793,
    -8.417637132872));
#8598 = CARTESIAN_POINT('',(0.159526318354,0.998388607162,
    -8.425097868068));
#8599 = CARTESIAN_POINT('',(0.275901673194,0.974152209826,
    -8.432559968135));
#8600 = CARTESIAN_POINT('',(0.387704540626,0.933763944943,
    -8.440023338802));
#8601 = CARTESIAN_POINT('',(0.492205201771,0.878323142739,
    -8.447486125862));
#8602 = CARTESIAN_POINT('',(0.603270672979,0.797788981036,
    -8.456222467528));
#8603 = CARTESIAN_POINT('',(0.619234187282,0.785616748741,
    -8.457500376925));
#8604 = CARTESIAN_POINT('',(0.634902189275,0.773061791472,
    -8.458778195017));
#8605 = CARTESIAN_POINT('',(0.650263249326,0.760133119242,-8.46005592013
    ));
#8606 = CARTESIAN_POINT('',(0.665306308549,0.746840194591,
    -8.461333552791));
#8607 = CARTESIAN_POINT('',(0.741286259508,0.676370423907,
    -8.467930345445));
#8608 = CARTESIAN_POINT('',(0.796856713154,0.613401884838,
    -8.473248340725));
#8609 = CARTESIAN_POINT('',(0.845954840771,0.545008222808,
    -8.478564564853));
#8610 = CARTESIAN_POINT('',(0.887935255203,0.472030387371,
    -8.483880535711));
#8611 = CARTESIAN_POINT('',(0.922300149651,0.395403743614,
    -8.489197844857));
#8612 = CARTESIAN_POINT('',(0.965662186656,0.265274051503,
    -8.497928312177));
#8613 = CARTESIAN_POINT('',(0.979337746266,0.21332500778,-8.501340981913
    ));
#8614 = CARTESIAN_POINT('',(0.989653856514,0.160549185069,
    -8.504754233284));
#8615 = CARTESIAN_POINT('',(0.996551266001,0.107218273246,
    -8.508167890017));
#8616 = CARTESIAN_POINT('',(1.,5.360894176106E-02,-8.511581542739));
#8617 = CARTESIAN_POINT('',(1.,6.86717E-12,-8.514994519618));
#8618 = ORIENTED_EDGE('',*,*,#8336,.T.);
#8619 = ORIENTED_EDGE('',*,*,#8620,.T.);
#8620 = EDGE_CURVE('',#8240,#8621,#8623,.T.);
#8621 = VERTEX_POINT('',#8622);
#8622 = CARTESIAN_POINT('',(1.,3.3E-13,-8.565000686739));
#8623 = B_SPLINE_CURVE_WITH_KNOTS('',7,(#8624,#8625,#8626,#8627,#8628,
    #8629,#8630,#8631,#8632,#8633,#8634,#8635,#8636,#8637,#8638,#8639,
    #8640,#8641,#8642,#8643,#8644,#8645,#8646,#8647,#8648,#8649,#8650,
    #8651,#8652,#8653,#8654,#8655,#8656,#8657,#8658,#8659,#8660,#8661,
    #8662,#8663,#8664,#8665,#8666,#8667,#8668,#8669,#8670,#8671,#8672,
    #8673,#8674,#8675,#8676,#8677,#8678,#8679,#8680,#8681,#8682,#8683,
    #8684,#8685,#8686,#8687,#8688,#8689,#8690,#8691,#8692,#8693,#8694,
    #8695,#8696,#8697,#8698,#8699,#8700,#8701,#8702,#8703,#8704,#8705,
    #8706,#8707,#8708,#8709),.UNSPECIFIED.,.F.,.F.,(8,6,6,6,6,6,6,6,6,6,
    6,6,6,6,8),(0.,5.110705971088E-02,9.610925298187E-02,0.148034515697,
    0.262038529768,0.362217696819,0.430055319014,0.49805841571,
    0.536603447024,0.555604538461,0.738239110173,0.845023488373,
    0.899388443435,0.946391073744,1.),.UNSPECIFIED.);
#8624 = CARTESIAN_POINT('',(1.,1.08091E-12,-8.16500085843));
#8625 = CARTESIAN_POINT('',(1.,-4.586983579622E-02,-8.167921006031));
#8626 = CARTESIAN_POINT('',(0.99754526249,-9.173995459763E-02,
    -8.170841466494));
#8627 = CARTESIAN_POINT('',(0.992635817823,-0.137451898803,
    -8.173761942115));
#8628 = CARTESIAN_POINT('',(0.985284423884,-0.182848102154,
    -8.176682226079));
#8629 = CARTESIAN_POINT('',(0.975516389307,-0.2277726997,-8.179602196142
    ));
#8630 = CARTESIAN_POINT('',(0.963369396687,-0.272072337766,
    -8.182521808307));
#8631 = CARTESIAN_POINT('',(0.936146457876,-0.35392250194,
    -8.188011657122));
#8632 = CARTESIAN_POINT('',(0.921593577754,-0.391647536718,
    -8.190581991291));
#8633 = CARTESIAN_POINT('',(0.905268720704,-0.428669753498,
    -8.193152103893));
#8634 = CARTESIAN_POINT('',(0.887213032868,-0.46488953686,
    -8.195722072112));
#8635 = CARTESIAN_POINT('',(0.867474568003,-0.500210421668,
    -8.198292004448));
#8636 = CARTESIAN_POINT('',(0.846108084236,-0.534539524034,
    -8.20086200573));
#8637 = CARTESIAN_POINT('',(0.796713581853,-0.606151311571,
    -8.206397664438));
#8638 = CARTESIAN_POINT('',(0.768166084077,-0.643076417345,
    -8.20936340331));
#8639 = CARTESIAN_POINT('',(0.737626531567,-0.678426637541,
    -8.212329458306));
#8640 = CARTESIAN_POINT('',(0.705199877287,-0.712073574977,
    -8.215295937424));
#8641 = CARTESIAN_POINT('',(0.671001150608,-0.743897818114,
    -8.218262919685));
#8642 = CARTESIAN_POINT('',(0.635154764832,-0.773789671816,
    -8.22123041773));
#8643 = CARTESIAN_POINT('',(0.515766369878,-0.862818119651,
    -8.230714534651));
#8644 = CARTESIAN_POINT('',(0.42642169782,-0.914205292258,
    -8.237234042747));
#8645 = CARTESIAN_POINT('',(0.331186667143,-0.954738219047,
    -8.243754433083));
#8646 = CARTESIAN_POINT('',(0.23165334544,-0.983639114645,-8.25027429147
    ));
#8647 = CARTESIAN_POINT('',(0.129522149878,-1.000414780944,
    -8.256793115821));
#8648 = CARTESIAN_POINT('',(2.655296935166E-02,-1.004870357841,
    -8.263310503888));
#8649 = CARTESIAN_POINT('',(-0.165131788062,-0.990361425785,
    -8.275548819597));
#8650 = CARTESIAN_POINT('',(-0.254085911221,-0.974169681079,
    -8.281271998051));
#8651 = CARTESIAN_POINT('',(-0.341136496833,-0.948659878575,
    -8.286993190033));
#8652 = CARTESIAN_POINT('',(-0.425118619349,-0.914113861603,
    -8.292713196465));
#8653 = CARTESIAN_POINT('',(-0.504924011451,-0.870987164565,
    -8.298433416396));
#8654 = CARTESIAN_POINT('',(-0.579525788583,-0.819899098078,
    -8.304154704473));
#8655 = CARTESIAN_POINT('',(-0.694381481219,-0.722178358675,
    -8.313750698979));
#8656 = CARTESIAN_POINT('',(-0.737953331712,-0.679428036405,
    -8.317625625527));
#8657 = CARTESIAN_POINT('',(-0.77844076338,-0.633623128246,
    -8.321501000053));
#8658 = CARTESIAN_POINT('',(-0.815588853422,-0.585032509702,
    -8.325376859879));
#8659 = CARTESIAN_POINT('',(-0.849172756976,-0.533950398623,
    -8.32925322948));
#8660 = CARTESIAN_POINT('',(-0.879000001089,-0.480693319283,
    -8.3331300227));
#8661 = CARTESIAN_POINT('',(-0.930888764617,-0.370366418826,
    -8.340893324113));
#8662 = CARTESIAN_POINT('',(-0.952932323546,-0.313285138928,
    -8.344780010673));
#8663 = CARTESIAN_POINT('',(-0.970884451349,-0.254691479853,
    -8.348666710958));
#8664 = CARTESIAN_POINT('',(-0.984623495119,-0.194938100231,
    -8.352553295147));
#8665 = CARTESIAN_POINT('',(-0.99406598412,-0.134388350108,
    -8.356439709513));
#8666 = CARTESIAN_POINT('',(-0.999167460746,-7.341255682234E-02,
    -8.36032588864));
#8667 = CARTESIAN_POINT('',(-1.000351737416,2.220728517132E-02,
    -8.366414177246));
#8668 = CARTESIAN_POINT('',(-0.999384034441,5.681636556331E-02,
    -8.368616587515));
#8669 = CARTESIAN_POINT('',(-0.997019390851,9.137492769418E-02,
    -8.370818894869));
#8670 = CARTESIAN_POINT('',(-0.993261059752,0.125815410239,
    -8.373021101646));
#8671 = CARTESIAN_POINT('',(-0.988116359058,0.160070693153,
    -8.37522321611));
#8672 = CARTESIAN_POINT('',(-0.9815966715,0.194074097671,-8.377425252445
    ));
#8673 = CARTESIAN_POINT('',(-0.969833314668,0.244364827463,
    -8.38071271415));
#8674 = CARTESIAN_POINT('',(-0.96561879794,0.260893015302,
    -8.381798183769));
#8675 = CARTESIAN_POINT('',(-0.961075740814,0.277336051531,
    -8.382883642007));
#8676 = CARTESIAN_POINT('',(-0.956206221347,0.293686106519,
    -8.383969091422));
#8677 = CARTESIAN_POINT('',(-0.951012549275,0.309935419286,
    -8.385054534743));
#8678 = CARTESIAN_POINT('',(-0.945497266011,0.326076297505,
    -8.386139974868));
#8679 = CARTESIAN_POINT('',(-0.883586773417,0.49612838205,
    -8.397658440205));
#8680 = CARTESIAN_POINT('',(-0.797987407795,0.63961684108,
    -8.408103874476));
#8681 = CARTESIAN_POINT('',(-0.685322685904,0.765418005412,
    -8.418540989592));
#8682 = CARTESIAN_POINT('',(-0.55024148065,0.867619980156,
    -8.428981803752));
#8683 = CARTESIAN_POINT('',(-0.398549065563,0.941833798958,
    -8.439428808805));
#8684 = CARTESIAN_POINT('',(-0.237194221017,0.98519428234,
    -8.449881843509));
#8685 = CARTESIAN_POINT('',(2.18567722098E-02,1.004344412606,
    -8.466418617472));
#8686 = CARTESIAN_POINT('',(0.118240125232,1.000723831944,
    -8.472519069367));
#8687 = CARTESIAN_POINT('',(0.213968998762,0.986304264772,
    -8.478616839512));
#8688 = CARTESIAN_POINT('',(0.307597459872,0.961229978223,
    -8.484712566462));
#8689 = CARTESIAN_POINT('',(0.397721986031,0.925876381541,
    -8.490808253428));
#8690 = CARTESIAN_POINT('',(0.483016855805,0.880840894619,
    -8.496905640268));
#8691 = CARTESIAN_POINT('',(0.602625541926,0.799514471661,
    -8.506108622225));
#8692 = CARTESIAN_POINT('',(0.641414945261,0.769781042483,
    -8.509213797758));
#8693 = CARTESIAN_POINT('',(0.678485206387,0.737857447942,
    -8.512319503641));
#8694 = CARTESIAN_POINT('',(0.713688605578,0.7038638453,-8.515425788532)
  );
#8695 = CARTESIAN_POINT('',(0.746888252001,0.667932485025,
    -8.518532658261));
#8696 = CARTESIAN_POINT('',(0.777958988147,0.630206822294,
    -8.521640035225));
#8697 = CARTESIAN_POINT('',(0.831713417691,0.556805565798,
    -8.527434545252));
#8698 = CARTESIAN_POINT('',(0.854963425394,0.521543773935,
    -8.530121637497));
#8699 = CARTESIAN_POINT('',(0.876465668667,0.485154524273,
    -8.532808881001));
#8700 = CARTESIAN_POINT('',(0.896155111046,0.447742064747,
    -8.535496156968));
#8701 = CARTESIAN_POINT('',(0.913974592459,0.409415089662,
    -8.538183348661));
#8702 = CARTESIAN_POINT('',(0.929875093392,0.370286209499,
    -8.540870348747));
#8703 = CARTESIAN_POINT('',(0.959716321638,0.2850605988,-8.546621407074)
  );
#8704 = CARTESIAN_POINT('',(0.973067707382,0.238756835354,
    -8.549685432219));
#8705 = CARTESIAN_POINT('',(0.9838098576,0.191732416611,-8.552748978458)
  );
#8706 = CARTESIAN_POINT('',(0.991897185073,0.144163849639,
    -8.555812060592));
#8707 = CARTESIAN_POINT('',(0.997299050673,9.623083174604E-02,
    -8.558874840411));
#8708 = CARTESIAN_POINT('',(1.,4.811521987622E-02,-8.561937595283));
#8709 = CARTESIAN_POINT('',(1.,6.5181E-13,-8.565000686739));
#8710 = ORIENTED_EDGE('',*,*,#8711,.F.);
#8711 = EDGE_CURVE('',#8543,#8621,#8712,.T.);
#8712 = LINE('',#8713,#8714);
#8713 = CARTESIAN_POINT('',(1.,0.,-1.E-01));
#8714 = VECTOR('',#8715,1.);
#8715 = DIRECTION('',(0.,0.,-1.));
#8716 = CYLINDRICAL_SURFACE('',#8717,1.);
#8717 = AXIS2_PLACEMENT_3D('',#8718,#8719,#8720);
#8718 = CARTESIAN_POINT('',(0.,0.,-1.E-01));
#8719 = DIRECTION('',(-0.,-0.,-1.));
#8720 = DIRECTION('',(1.,0.,0.));
#8721 = ADVANCED_FACE('',(#8722),#8747,.T.);
#8722 = FACE_BOUND('',#8723,.T.);
#8723 = EDGE_LOOP('',(#8724,#8740,#8741,#8742));
#8724 = ORIENTED_EDGE('',*,*,#8725,.F.);
#8725 = EDGE_CURVE('',#8351,#8726,#8728,.T.);
#8726 = VERTEX_POINT('',#8727);
#8727 = CARTESIAN_POINT('',(0.783497995126,3.15271039E-07,
    -8.290004952266));
#8728 = ( BOUNDED_CURVE() B_SPLINE_CURVE(10,(#8729,#8730,#8731,#8732,
    #8733,#8734,#8735,#8736,#8737,#8738,#8739),.UNSPECIFIED.,.F.,.F.) 
B_SPLINE_CURVE_WITH_KNOTS((11,11),(0.,6.295904828089),
.PIECEWISE_BEZIER_KNOTS.) CURVE() GEOMETRIC_REPRESENTATION_ITEM() 
RATIONAL_B_SPLINE_CURVE((1.056590953773,1.056590953773,1.056590953773,
    1.056590953773,1.056590953773,1.056590953773,1.056590953773,
    1.056590953773,1.056590953773,1.056590953773,1.056590953773)) 
REPRESENTATION_ITEM('') );
#8729 = CARTESIAN_POINT('',(0.783498864354,3.7832441585E-07,
    -7.890005942706));
#8730 = CARTESIAN_POINT('',(0.783497903989,-0.492315549236,
    -7.930004577628));
#8731 = CARTESIAN_POINT('',(0.43984911595,-0.984327475732,
    -7.969979822784));
#8732 = CARTESIAN_POINT('',(-0.247969912323,-1.206199242737,
    -8.010077766915));
#8733 = CARTESIAN_POINT('',(-1.034044266634,-0.895267016311,
    -8.049931323197));
#8734 = CARTESIAN_POINT('',(-1.449710691226,-1.88626141383E-05,
    -8.090005446979));
#8735 = CARTESIAN_POINT('',(-1.033911841294,0.895292985283,
    -8.130079572584));
#8736 = CARTESIAN_POINT('',(-0.248099295006,1.206188719632,
    -8.169933127669));
#8737 = CARTESIAN_POINT('',(0.439892839914,0.984329537609,
    -8.210031072276));
#8738 = CARTESIAN_POINT('',(0.783498995093,0.492316242831,
    -8.250006317348));
#8739 = CARTESIAN_POINT('',(0.783497995126,3.152710443E-07,
    -8.290004952266));
#8740 = ORIENTED_EDGE('',*,*,#8368,.T.);
#8741 = ORIENTED_EDGE('',*,*,#8239,.T.);
#8742 = ORIENTED_EDGE('',*,*,#8743,.F.);
#8743 = EDGE_CURVE('',#8726,#8240,#8744,.T.);
#8744 = B_SPLINE_CURVE_WITH_KNOTS('',1,(#8745,#8746),.UNSPECIFIED.,.F.,
  .F.,(2,2),(0.,0.28),.PIECEWISE_BEZIER_KNOTS.);
#8745 = CARTESIAN_POINT('',(0.783497995126,3.15271045E-07,
    -8.290004952266));
#8746 = CARTESIAN_POINT('',(1.025981905795,-3.783373493E-08,
    -8.149999405709));
#8747 = B_SPLINE_SURFACE_WITH_KNOTS('',1,10,(
    (#8748,#8749,#8750,#8751,#8752,#8753,#8754,#8755,#8756,#8757,#8758)
    ,(#8759,#8760,#8761,#8762,#8763,#8764,#8765,#8766,#8767,#8768,#8769
    )),.UNSPECIFIED.,.F.,.F.,.F.,(2,2),(11,11),(0.,0.28),(0.,
    6.295904828089),.PIECEWISE_BEZIER_KNOTS.);
#8748 = CARTESIAN_POINT('',(0.783498864354,3.7832441597E-07,
    -7.890005942706));
#8749 = CARTESIAN_POINT('',(0.783497903989,-0.492315549236,
    -7.930004577628));
#8750 = CARTESIAN_POINT('',(0.43984911595,-0.984327475732,
    -7.969979822783));
#8751 = CARTESIAN_POINT('',(-0.247969912323,-1.206199242738,
    -8.010077766917));
#8752 = CARTESIAN_POINT('',(-1.034044266633,-0.895267016311,
    -8.049931323194));
#8753 = CARTESIAN_POINT('',(-1.449710691227,-1.886261414619E-05,
    -8.090005446982));
#8754 = CARTESIAN_POINT('',(-1.033911841294,0.895292985282,
    -8.130079572583));
#8755 = CARTESIAN_POINT('',(-0.248099295006,1.206188719632,
    -8.16993312767));
#8756 = CARTESIAN_POINT('',(0.439892839914,0.984329537609,
    -8.210031072276));
#8757 = CARTESIAN_POINT('',(0.783498995093,0.492316242831,
    -8.250006317348));
#8758 = CARTESIAN_POINT('',(0.783497995126,3.15271045E-07,
    -8.290004952266));
#8759 = CARTESIAN_POINT('',(1.025982134529,-4.540067667E-08,
    -7.749999286848));
#8760 = CARTESIAN_POINT('',(1.025981790755,-0.64464003916,
    -7.789999450671));
#8761 = CARTESIAN_POINT('',(0.576029285148,-1.289298475334,
    -7.830002421471));
#8762 = CARTESIAN_POINT('',(-0.324909900572,-1.57874457792,
    -7.869990667271));
#8763 = CARTESIAN_POINT('',(-1.353723168983,-1.17307588146,
    -7.910008241965));
#8764 = CARTESIAN_POINT('',(-1.898732351936,-4.71758443199E-06,
    -7.949999346148));
#8765 = CARTESIAN_POINT('',(-1.353688017209,1.173083065523,-7.9899904508
    ));
#8766 = CARTESIAN_POINT('',(-0.324943538925,1.578741893068,
    -8.030008025187));
#8767 = CARTESIAN_POINT('',(0.576041125208,1.289298868681,
    -8.069996271107));
#8768 = CARTESIAN_POINT('',(1.025982244817,0.644639955926,
    -8.109999241888));
#8769 = CARTESIAN_POINT('',(1.025981905795,-3.783373493E-08,
    -8.149999405709));
#8770 = ADVANCED_FACE('',(#8771),#8801,.T.);
#8771 = FACE_BOUND('',#8772,.T.);
#8772 = EDGE_LOOP('',(#8773,#8789,#8790,#8791));
#8773 = ORIENTED_EDGE('',*,*,#8774,.F.);
#8774 = EDGE_CURVE('',#8400,#8775,#8777,.T.);
#8775 = VERTEX_POINT('',#8776);
#8776 = CARTESIAN_POINT('',(0.783500282503,3.15269363E-07,-8.39000495224
    ));
#8777 = B_SPLINE_CURVE_WITH_KNOTS('',10,(#8778,#8779,#8780,#8781,#8782,
    #8783,#8784,#8785,#8786,#8787,#8788),.UNSPECIFIED.,.F.,.F.,(11,11),(
    0.,6.295904828089),.PIECEWISE_BEZIER_KNOTS.);
#8778 = CARTESIAN_POINT('',(0.783501609205,3.7832199684E-07,
    -7.990005942669));
#8779 = CARTESIAN_POINT('',(0.783500018321,-0.492317129818,
    -8.030004577608));
#8780 = CARTESIAN_POINT('',(0.439838793316,-0.984330200143,
    -8.069979823073));
#8781 = CARTESIAN_POINT('',(-0.247936943514,-1.20620581975,
    -8.110077765942));
#8782 = CARTESIAN_POINT('',(-1.034082641143,-0.895262824469,
    -8.149931324238));
#8783 = CARTESIAN_POINT('',(-1.449715350468,-2.845203382473E-05,
    -8.190005446681));
#8784 = CARTESIAN_POINT('',(-1.033880102045,0.895302942257,
    -8.230079571904));
#8785 = CARTESIAN_POINT('',(-0.248133859546,1.206189874083,
    -8.269933128376));
#8786 = CARTESIAN_POINT('',(0.439905988345,0.9843331422,-8.31003107197)
  );
#8787 = CARTESIAN_POINT('',(0.783501912989,0.492317823409,
    -8.350006317308));
#8788 = CARTESIAN_POINT('',(0.783500282503,3.152693675E-07,
    -8.39000495224));
#8789 = ORIENTED_EDGE('',*,*,#8417,.T.);
#8790 = ORIENTED_EDGE('',*,*,#8725,.T.);
#8791 = ORIENTED_EDGE('',*,*,#8792,.F.);
#8792 = EDGE_CURVE('',#8775,#8726,#8793,.T.);
#8793 = ( BOUNDED_CURVE() B_SPLINE_CURVE(6,(#8794,#8795,#8796,#8797,
#8798,#8799,#8800),.UNSPECIFIED.,.F.,.F.) B_SPLINE_CURVE_WITH_KNOTS((7,7
),(0.,2.094395102393),.PIECEWISE_BEZIER_KNOTS.) CURVE() 
GEOMETRIC_REPRESENTATION_ITEM() RATIONAL_B_SPLINE_CURVE((1.056590953773,
    1.017435169568,0.996326512422,0.989390034249,0.996326512422,
1.017435169568,1.056590953773)) REPRESENTATION_ITEM('') );
#8794 = CARTESIAN_POINT('',(0.783500282503,3.1526936836E-07,
    -8.39000495224));
#8795 = CARTESIAN_POINT('',(0.765375524262,3.4166227356E-07,
    -8.379541170959));
#8796 = CARTESIAN_POINT('',(0.752602718901,3.6026160166E-07,
    -8.361830472611));
#8797 = CARTESIAN_POINT('',(0.747985743146,3.6698443101E-07,
    -8.340005764578));
#8798 = CARTESIAN_POINT('',(0.752601720469,3.6026233335E-07,
    -8.318180845353));
#8799 = CARTESIAN_POINT('',(0.765373715597,3.4166359869E-07,
    -8.300469562699));
#8800 = CARTESIAN_POINT('',(0.783497995126,3.152710443E-07,
    -8.290004952266));
#8801 = ( BOUNDED_SURFACE() B_SPLINE_SURFACE(6,10,(
    (#8802,#8803,#8804,#8805,#8806,#8807,#8808,#8809,#8810,#8811,#8812)
    ,(#8813,#8814,#8815,#8816,#8817,#8818,#8819,#8820,#8821,#8822,#8823)
    ,(#8824,#8825,#8826,#8827,#8828,#8829,#8830,#8831,#8832,#8833,#8834)
    ,(#8835,#8836,#8837,#8838,#8839,#8840,#8841,#8842,#8843,#8844,#8845)
    ,(#8846,#8847,#8848,#8849,#8850,#8851,#8852,#8853,#8854,#8855,#8856)
    ,(#8857,#8858,#8859,#8860,#8861,#8862,#8863,#8864,#8865,#8866,#8867)
    ,(#8868,#8869,#8870,#8871,#8872,#8873,#8874,#8875,#8876,#8877,#8878
)),.UNSPECIFIED.,.F.,.F.,.F.) B_SPLINE_SURFACE_WITH_KNOTS((7,7),(11,11),
  (0.,2.094395102393),(0.,6.295904828089),.PIECEWISE_BEZIER_KNOTS.) 
GEOMETRIC_REPRESENTATION_ITEM() RATIONAL_B_SPLINE_SURFACE((
    (1.056590953773,1.056590953773,1.056590953773,1.056590953773
      ,1.056590953773,1.056590953773,1.056590953773,1.056590953773
      ,1.056590953773,1.056590953773,1.056590953773)
    ,(1.017435169568,1.017435169568,1.017435169568,1.017435169569
      ,1.017435169568,1.017435169569,1.017435169568,1.017435169568
      ,1.017435169568,1.017435169568,1.017435169568)
    ,(0.996326512422,0.996326512422,0.996326512422,0.996326512422
      ,0.996326512422,0.996326512422,0.996326512422,0.996326512422
      ,0.996326512422,0.996326512422,0.996326512422)
    ,(0.989390034249,0.989390034249,0.989390034248,0.989390034249
      ,0.989390034248,0.989390034249,0.989390034248,0.989390034249
      ,0.989390034249,0.989390034249,0.989390034249)
    ,(0.996326512422,0.996326512422,0.996326512422,0.996326512422
      ,0.996326512422,0.996326512422,0.996326512422,0.996326512422
      ,0.996326512422,0.996326512422,0.996326512422)
    ,(1.017435169568,1.017435169568,1.017435169568,1.017435169568
      ,1.017435169568,1.017435169569,1.017435169568,1.017435169568
      ,1.017435169568,1.017435169568,1.017435169568)
    ,(1.056590953773,1.056590953773,1.056590953773,1.056590953773
      ,1.056590953773,1.056590953773,1.056590953773,1.056590953773
      ,1.056590953773,1.056590953773,1.056590953773
))) REPRESENTATION_ITEM('') SURFACE() );
#8802 = CARTESIAN_POINT('',(0.783501609205,3.7832199726E-07,
    -7.990005942669));
#8803 = CARTESIAN_POINT('',(0.783500018321,-0.492317129818,
    -8.030004577608));
#8804 = CARTESIAN_POINT('',(0.439838793316,-0.984330200143,
    -8.069979823073));
#8805 = CARTESIAN_POINT('',(-0.247936943514,-1.206205819749,
    -8.110077765941));
#8806 = CARTESIAN_POINT('',(-1.034082641144,-0.895262824469,
    -8.14993132424));
#8807 = CARTESIAN_POINT('',(-1.449715350468,-2.845203380961E-05,
    -8.190005446679));
#8808 = CARTESIAN_POINT('',(-1.033880102045,0.895302942258,
    -8.230079571905));
#8809 = CARTESIAN_POINT('',(-0.248133859546,1.206189874082,
    -8.269933128376));
#8810 = CARTESIAN_POINT('',(0.439905988345,0.9843331422,-8.31003107197)
  );
#8811 = CARTESIAN_POINT('',(0.783501912989,0.492317823409,
    -8.350006317308));
#8812 = CARTESIAN_POINT('',(0.783500282503,3.1526936836E-07,
    -8.39000495224));
#8813 = CARTESIAN_POINT('',(0.765376803095,4.0999352011E-07,
    -7.979542244304));
#8814 = CARTESIAN_POINT('',(0.765375298082,-0.480931418336,
    -8.019540764962));
#8815 = CARTESIAN_POINT('',(0.429662268229,-0.961534799457,
    -8.059513938031));
#8816 = CARTESIAN_POINT('',(-0.242193021166,-1.178358819329,
    -8.099620080483));
#8817 = CARTESIAN_POINT('',(-1.010180448215,-0.874499084779,
    -8.139461378925));
#8818 = CARTESIAN_POINT('',(-1.416152585341,-2.750238225419E-05,
    -8.179541706884));
#8819 = CARTESIAN_POINT('',(-1.009985312158,0.874537645511,
    -8.219622037528));
#8820 = CARTESIAN_POINT('',(-0.242382959893,1.178343422652,
    -8.259463334209));
#8821 = CARTESIAN_POINT('',(0.429726934281,0.96153768202,-8.299569477361
    ));
#8822 = CARTESIAN_POINT('',(0.765377072192,0.480932169991,
    -8.339542650306));
#8823 = CARTESIAN_POINT('',(0.765375524262,3.4166227356E-07,
    -8.379541170959));
#8824 = CARTESIAN_POINT('',(0.752603916712,4.3231278374E-07,
    -7.961831604388));
#8825 = CARTESIAN_POINT('',(0.752602537388,-0.47290771154,
    -8.001830044512));
#8826 = CARTESIAN_POINT('',(0.422491908958,-0.945470533844,
    -8.041801757123));
#8827 = CARTESIAN_POINT('',(-0.238148670609,-1.158734278712,
    -8.081913677977));
#8828 = CARTESIAN_POINT('',(-0.993332537852,-0.859867251396,
    -8.121746336655));
#8829 = CARTESIAN_POINT('',(-1.392500327242,-2.584191704749E-05,
    -8.1618310378));
#8830 = CARTESIAN_POINT('',(-0.993149866288,0.859903252326,
    -8.201915741459));
#8831 = CARTESIAN_POINT('',(-0.238326711594,1.158719829431,
    -8.241748398487));
#8832 = CARTESIAN_POINT('',(0.422552366665,0.945473283498,
    -8.281860319997));
#8833 = CARTESIAN_POINT('',(0.752604143478,0.472908504114,
    -8.321832032493));
#8834 = CARTESIAN_POINT('',(0.752602718901,3.6026160166E-07,
    -8.361830472611));
#8835 = CARTESIAN_POINT('',(0.747986841114,4.4038026617E-07,
    -7.940006917477));
#8836 = CARTESIAN_POINT('',(0.747985604467,-0.470007366491,
    -7.980005328489));
#8837 = CARTESIAN_POINT('',(0.419901835059,-0.939663820085,
    -8.019976513184));
#8838 = CARTESIAN_POINT('',(-0.236691959036,-1.151640139328,
    -8.060090522787));
#8839 = CARTESIAN_POINT('',(-0.987237083865,-0.854579344924,
    -8.099920058383));
#8840 = CARTESIAN_POINT('',(-1.383950699067,-2.376274844224E-05,
    -8.140006340387));
#8841 = CARTESIAN_POINT('',(-0.987069731361,0.854612238417,
    -8.180092624694));
#8842 = CARTESIAN_POINT('',(-0.236855283794,1.151626868815,
    -8.219922158779));
#8843 = CARTESIAN_POINT('',(0.419957151676,0.939666385948,
    -8.260036168983));
#8844 = CARTESIAN_POINT('',(0.747987025891,0.470008173855,
    -8.300007353571));
#8845 = CARTESIAN_POINT('',(0.747985743146,3.6698443101E-07,
    -8.340005764578));
#8846 = CARTESIAN_POINT('',(0.752602718595,4.3231383906E-07,
    -7.918181977136));
#8847 = CARTESIAN_POINT('',(0.75260161449,-0.472907021622,
    -7.958180417252));
#8848 = CARTESIAN_POINT('',(0.422496414749,-0.945469344648,
    -7.998152129729));
#8849 = CARTESIAN_POINT('',(-0.238163061371,-1.15873140787,
    -8.038264051134));
#8850 = CARTESIAN_POINT('',(-0.993315787521,-0.859869081119,
    -8.07809670893));
#8851 = CARTESIAN_POINT('',(-1.3924982935,-2.165617101096E-05,
    -8.118181410662));
#8852 = CARTESIAN_POINT('',(-0.993163720352,0.859898906144,
    -8.158266114487));
#8853 = CARTESIAN_POINT('',(-0.238311624302,1.158719325518,
    -8.19809877091));
#8854 = CARTESIAN_POINT('',(0.422546627423,0.945471710107,
    -8.238210692862));
#8855 = CARTESIAN_POINT('',(0.752602869828,0.472907814198,
    -8.278182405242));
#8856 = CARTESIAN_POINT('',(0.752601720469,3.6026233335E-07,
    -8.318180845353));
#8857 = CARTESIAN_POINT('',(0.765374632697,4.0999543452E-07,
    -7.900470636054));
#8858 = CARTESIAN_POINT('',(0.765373626246,-0.480930168544,
    -7.940469156699));
#8859 = CARTESIAN_POINT('',(0.429670430502,-0.961532645221,
    -7.980442329522));
#8860 = CARTESIAN_POINT('',(-0.242219090133,-1.17835361878,
    -8.020548472974));
#8861 = CARTESIAN_POINT('',(-1.010150104873,-0.874502399336,
    -8.06038976982));
#8862 = CARTESIAN_POINT('',(-1.416148901204,-1.991987385813E-05,
    -8.100470098842));
#8863 = CARTESIAN_POINT('',(-1.010010408893,0.874529772371,
    -8.140550429786));
#8864 = CARTESIAN_POINT('',(-0.242355629156,1.178342509809,
    -8.18039172537));
#8865 = CARTESIAN_POINT('',(0.429716537604,0.961534831811,
    -8.220497869324));
#8866 = CARTESIAN_POINT('',(0.765374764966,0.480930920203,
    -8.260471042058));
#8867 = CARTESIAN_POINT('',(0.765373715597,3.4166359869E-07,
    -8.300469562699));
#8868 = CARTESIAN_POINT('',(0.783498864354,3.7832441585E-07,
    -7.890005942706));
#8869 = CARTESIAN_POINT('',(0.783497903989,-0.492315549236,
    -7.930004577628));
#8870 = CARTESIAN_POINT('',(0.43984911595,-0.984327475732,
    -7.969979822784));
#8871 = CARTESIAN_POINT('',(-0.247969912323,-1.206199242737,
    -8.010077766915));
#8872 = CARTESIAN_POINT('',(-1.034044266634,-0.895267016311,
    -8.049931323197));
#8873 = CARTESIAN_POINT('',(-1.449710691226,-1.88626141383E-05,
    -8.090005446979));
#8874 = CARTESIAN_POINT('',(-1.033911841294,0.895292985283,
    -8.130079572584));
#8875 = CARTESIAN_POINT('',(-0.248099295006,1.206188719632,
    -8.169933127669));
#8876 = CARTESIAN_POINT('',(0.439892839914,0.984329537609,
    -8.210031072276));
#8877 = CARTESIAN_POINT('',(0.783498995093,0.492316242831,
    -8.250006317348));
#8878 = CARTESIAN_POINT('',(0.783497995126,3.152710443E-07,
    -8.290004952266));
#8879 = ADVANCED_FACE('',(#8880),#8890,.T.);
#8880 = FACE_BOUND('',#8881,.T.);
#8881 = EDGE_LOOP('',(#8882,#8883,#8884,#8885));
#8882 = ORIENTED_EDGE('',*,*,#8542,.F.);
#8883 = ORIENTED_EDGE('',*,*,#8511,.T.);
#8884 = ORIENTED_EDGE('',*,*,#8774,.T.);
#8885 = ORIENTED_EDGE('',*,*,#8886,.F.);
#8886 = EDGE_CURVE('',#8543,#8775,#8887,.T.);
#8887 = B_SPLINE_CURVE_WITH_KNOTS('',1,(#8888,#8889),.UNSPECIFIED.,.F.,
  .F.,(2,2),(0.,0.28),.PIECEWISE_BEZIER_KNOTS.);
#8888 = CARTESIAN_POINT('',(1.025990597826,-3.784010458E-08,
    -8.52999940561));
#8889 = CARTESIAN_POINT('',(0.783500282503,3.152693675E-07,
    -8.39000495224));
#8890 = B_SPLINE_SURFACE_WITH_KNOTS('',1,10,(
    (#8891,#8892,#8893,#8894,#8895,#8896,#8897,#8898,#8899,#8900,#8901)
    ,(#8902,#8903,#8904,#8905,#8906,#8907,#8908,#8909,#8910,#8911,#8912
    )),.UNSPECIFIED.,.F.,.F.,.F.,(2,2),(11,11),(0.,0.28),(0.,
    6.295904828089),.PIECEWISE_BEZIER_KNOTS.);
#8891 = CARTESIAN_POINT('',(1.025992564965,-4.540986851E-08,
    -8.129999286705));
#8892 = CARTESIAN_POINT('',(1.025989825217,-0.644646045373,
    -8.169999450593));
#8893 = CARTESIAN_POINT('',(0.575990059137,-1.289308828098,
    -8.210002422569));
#8894 = CARTESIAN_POINT('',(-0.3247846191,-1.578769570566,
    -8.249990663568));
#8895 = CARTESIAN_POINT('',(-1.353868992122,-1.173059952462,
    -8.290008245931));
#8896 = CARTESIAN_POINT('',(-1.898750057054,-4.115737887966E-05,
    -8.329999345007));
#8897 = CARTESIAN_POINT('',(-1.353567408064,1.173120902029,
    -8.369990448218));
#8898 = CARTESIAN_POINT('',(-0.325074884175,1.578746279981,
    -8.410008027871));
#8899 = CARTESIAN_POINT('',(0.576091089248,1.289312566129,
    -8.449996269942));
#8900 = CARTESIAN_POINT('',(1.025993332819,0.644645962124,
    -8.489999241734));
#8901 = CARTESIAN_POINT('',(1.025990597826,-3.784010458E-08,
    -8.52999940561));
#8902 = CARTESIAN_POINT('',(0.783501609205,3.7832199684E-07,
    -7.990005942669));
#8903 = CARTESIAN_POINT('',(0.783500018321,-0.492317129818,
    -8.030004577608));
#8904 = CARTESIAN_POINT('',(0.439838793316,-0.984330200143,
    -8.069979823073));
#8905 = CARTESIAN_POINT('',(-0.247936943514,-1.20620581975,
    -8.110077765942));
#8906 = CARTESIAN_POINT('',(-1.034082641143,-0.895262824469,
    -8.149931324238));
#8907 = CARTESIAN_POINT('',(-1.449715350468,-2.845203382473E-05,
    -8.190005446681));
#8908 = CARTESIAN_POINT('',(-1.033880102045,0.895302942257,
    -8.230079571904));
#8909 = CARTESIAN_POINT('',(-0.248133859546,1.206189874083,
    -8.269933128376));
#8910 = CARTESIAN_POINT('',(0.439905988345,0.9843331422,-8.31003107197)
  );
#8911 = CARTESIAN_POINT('',(0.783501912989,0.492317823409,
    -8.350006317308));
#8912 = CARTESIAN_POINT('',(0.783500282503,3.152693675E-07,
    -8.39000495224));
#8913 = ADVANCED_FACE('',(#8914),#9087,.T.);
#8914 = FACE_BOUND('',#8915,.F.);
#8915 = EDGE_LOOP('',(#8916,#8998,#8999,#9081));
#8916 = ORIENTED_EDGE('',*,*,#8917,.F.);
#8917 = EDGE_CURVE('',#8543,#8918,#8920,.T.);
#8918 = VERTEX_POINT('',#8919);
#8919 = CARTESIAN_POINT('',(1.,2.178E-12,-8.914995615665));
#8920 = B_SPLINE_CURVE_WITH_KNOTS('',6,(#8921,#8922,#8923,#8924,#8925,
    #8926,#8927,#8928,#8929,#8930,#8931,#8932,#8933,#8934,#8935,#8936,
    #8937,#8938,#8939,#8940,#8941,#8942,#8943,#8944,#8945,#8946,#8947,
    #8948,#8949,#8950,#8951,#8952,#8953,#8954,#8955,#8956,#8957,#8958,
    #8959,#8960,#8961,#8962,#8963,#8964,#8965,#8966,#8967,#8968,#8969,
    #8970,#8971,#8972,#8973,#8974,#8975,#8976,#8977,#8978,#8979,#8980,
    #8981,#8982,#8983,#8984,#8985,#8986,#8987,#8988,#8989,#8990,#8991,
    #8992,#8993,#8994,#8995,#8996,#8997),.UNSPECIFIED.,.F.,.F.,(7,5,5,5,
    5,5,5,5,5,5,5,5,5,5,5,7),(0.,5.299981591978E-02,9.899967140053E-02,
    0.152578550581,0.255577511734,0.365064411355,0.433224763473,
    0.496023466975,0.566965166117,0.634290658639,0.738009365315,
    0.849855476479,0.868989672273,0.948340544101,0.966340152729,1.),
  .UNSPECIFIED.);
#8921 = CARTESIAN_POINT('',(1.,6.8725E-12,-8.514994519618));
#8922 = CARTESIAN_POINT('',(1.,-5.54999941479E-02,-8.518527895771));
#8923 = CARTESIAN_POINT('',(0.996303663371,-0.11100050348,
    -8.522061061875));
#8924 = CARTESIAN_POINT('',(0.988911041746,-0.166192110776,
    -8.525594455734));
#8925 = CARTESIAN_POINT('',(0.977856559776,-0.220767851155,
    -8.529128395141));
#8926 = CARTESIAN_POINT('',(0.963208250297,-0.27442664198,-8.53266295666
    ));
#8927 = CARTESIAN_POINT('',(0.929321739069,-0.372399430802,
    -8.539265879895));
#8928 = CARTESIAN_POINT('',(0.910945058193,-0.417012291753,
    -8.542334209514));
#8929 = CARTESIAN_POINT('',(0.890002852751,-0.460524743812,
    -8.545402688614));
#8930 = CARTESIAN_POINT('',(0.866579058241,-0.502753401375,
    -8.548471141234));
#8931 = CARTESIAN_POINT('',(0.840774818538,-0.543523716452,
    -8.551539385584));
#8932 = CARTESIAN_POINT('',(0.780016113115,-0.628269671719,
    -8.558180580562));
#8933 = CARTESIAN_POINT('',(0.744253962025,-0.671667434617,
    -8.561753458453));
#8934 = CARTESIAN_POINT('',(0.705607113183,-0.71260544495,
    -8.565325569835));
#8935 = CARTESIAN_POINT('',(0.664289528,-0.75084662054,-8.56889686764));
#8936 = CARTESIAN_POINT('',(0.620540322059,-0.786179214359,
    -8.572467438183));
#8937 = CARTESIAN_POINT('',(0.48634620755,-0.880398273187,
    -8.582900130122));
#8938 = CARTESIAN_POINT('',(0.39003658337,-0.930960287503,
    -8.589761646231));
#8939 = CARTESIAN_POINT('',(0.28756680352,-0.968780751932,
    -8.596620825096));
#8940 = CARTESIAN_POINT('',(0.181058755154,-0.992991592143,
    -8.603481506901));
#8941 = CARTESIAN_POINT('',(7.276309313335E-02,-1.00316432497,
    -8.610345956975));
#8942 = CARTESIAN_POINT('',(-0.149608293356,-0.99537038149,
    -8.624510115211));
#8943 = CARTESIAN_POINT('',(-0.263657817207,-0.975589415806,
    -8.631812449903));
#8944 = CARTESIAN_POINT('',(-0.374416215063,-0.94013014356,
    -8.639115733479));
#8945 = CARTESIAN_POINT('',(-0.479228518953,-0.889736633723,
    -8.646419483144));
#8946 = CARTESIAN_POINT('',(-0.57565297489,-0.825693114563,
    -8.65372357848));
#8947 = CARTESIAN_POINT('',(-0.71514529868,-0.702610748203,
    -8.665570128287));
#8948 = CARTESIAN_POINT('',(-0.764622705452,-0.650800483238,
    -8.670114984343));
#8949 = CARTESIAN_POINT('',(-0.809562421735,-0.594840623504,
    -8.674658998241));
#8950 = CARTESIAN_POINT('',(-0.849537594079,-0.535233427325,
    -8.679202428307));
#8951 = CARTESIAN_POINT('',(-0.884196702076,-0.472536396193,
    -8.683745651053));
#8952 = CARTESIAN_POINT('',(-0.940059354777,-0.347293685143,
    -8.692474287675));
#8953 = CARTESIAN_POINT('',(-0.962108103854,-0.285121378407,
    -8.696659919968));
#8954 = CARTESIAN_POINT('',(-0.979208248697,-0.221304430918,
    -8.700845566804));
#8955 = CARTESIAN_POINT('',(-0.991213879635,-0.156336436722,
    -8.705031506618));
#8956 = CARTESIAN_POINT('',(-0.998044668249,-9.072574047202E-02,
    -8.709217944323));
#8957 = CARTESIAN_POINT('',(-1.001543958342,4.927658061938E-02,
    -8.718134299149));
#8958 = CARTESIAN_POINT('',(-0.996779922718,0.123707662692,
    -8.722864554335));
#8959 = CARTESIAN_POINT('',(-0.985377098192,0.197563909761,
    -8.727595109914));
#8960 = CARTESIAN_POINT('',(-0.967427379191,0.270107933754,
    -8.732325919902));
#8961 = CARTESIAN_POINT('',(-0.943129983234,0.340623759756,
    -8.737056843831));
#8962 = CARTESIAN_POINT('',(-0.883993266669,0.472785712399,
    -8.746276554168));
#8963 = CARTESIAN_POINT('',(-0.849752859515,0.534704363163,
    -8.750765648038));
#8964 = CARTESIAN_POINT('',(-0.810326161765,0.593609484253,
    -8.755254040812));
#8965 = CARTESIAN_POINT('',(-0.766051564852,0.648963697501,
    -8.75974169569));
#8966 = CARTESIAN_POINT('',(-0.717339251023,0.700282107109,
    -8.764228716991));
#8967 = CARTESIAN_POINT('',(-0.583513987559,0.81933405333,
    -8.775626430279));
#8968 = CARTESIAN_POINT('',(-0.49294288161,0.880959519695,-8.78253743693
    ));
#8969 = CARTESIAN_POINT('',(-0.394697084647,0.93045526575,
    -8.789446346304));
#8970 = CARTESIAN_POINT('',(-0.290829623529,0.966695166353,
    -8.796356029742));
#8971 = CARTESIAN_POINT('',(-0.183576246171,0.988987360879,
    -8.803269314651));
#8972 = CARTESIAN_POINT('',(4.151503053704E-02,1.005979065768,
    -8.817640615288));
#8973 = CARTESIAN_POINT('',(0.159566783653,0.998382717906,
    -8.825101542397));
#8974 = CARTESIAN_POINT('',(0.275944196238,0.974140835229,
    -8.832563834156));
#8975 = CARTESIAN_POINT('',(0.387748180971,0.933746441369,
    -8.840027395873));
#8976 = CARTESIAN_POINT('',(0.492248856939,0.878299076988,
    -8.847490373299));
#8977 = CARTESIAN_POINT('',(0.603286853806,0.797775947972,
    -8.856224884882));
#8978 = CARTESIAN_POINT('',(0.61922495039,0.785622733081,-8.857500774696
    ));
#8979 = CARTESIAN_POINT('',(0.634868466492,0.773088003932,
    -8.858776573492));
#8980 = CARTESIAN_POINT('',(0.650206026455,0.760180727789,-8.8600522796)
  );
#8981 = CARTESIAN_POINT('',(0.665226623107,0.746910321514,
    -8.861327893547));
#8982 = CARTESIAN_POINT('',(0.740852512377,0.676788322682,
    -8.867893108968));
#8983 = CARTESIAN_POINT('',(0.796154196169,0.614211359667,
    -8.873181554308));
#8984 = CARTESIAN_POINT('',(0.845060333436,0.546264543634,
    -8.878468253276));
#8985 = CARTESIAN_POINT('',(0.886935405087,0.473774112993,
    -8.883754686887));
#8986 = CARTESIAN_POINT('',(0.92128808238,0.397658864084,-8.889042415007
    ));
#8987 = CARTESIAN_POINT('',(0.953797409951,0.301041122936,-8.89553085247
    ));
#8988 = CARTESIAN_POINT('',(0.959404171317,0.283041037385,
    -8.896730597099));
#8989 = CARTESIAN_POINT('',(0.96460303963,0.264916424624,-8.897930410165
    ));
#8990 = CARTESIAN_POINT('',(0.969390606432,0.246678834678,
    -8.899130290949));
#8991 = CARTESIAN_POINT('',(0.973763899931,0.228339938113,
    -8.900330235126));
#8992 = CARTESIAN_POINT('',(0.985119139368,0.175449802519,
    -8.903774272698));
#8993 = CARTESIAN_POINT('',(0.991060337301,0.140674879565,
    -8.906018510295));
#8994 = CARTESIAN_POINT('',(0.995527357519,0.105664116039,
    -8.908262883595));
#8995 = CARTESIAN_POINT('',(0.998509102805,7.049551275926E-02,
    -8.91050729114));
#8996 = CARTESIAN_POINT('',(1.,3.524771250327E-02,-8.912751593979));
#8997 = CARTESIAN_POINT('',(1.,4.37383E-12,-8.914995615665));
#8998 = ORIENTED_EDGE('',*,*,#8711,.T.);
#8999 = ORIENTED_EDGE('',*,*,#9000,.T.);
#9000 = EDGE_CURVE('',#8621,#9001,#9003,.T.);
#9001 = VERTEX_POINT('',#9002);
#9002 = CARTESIAN_POINT('',(1.,1.99E-13,-8.965000515051));
#9003 = B_SPLINE_CURVE_WITH_KNOTS('',6,(#9004,#9005,#9006,#9007,#9008,
    #9009,#9010,#9011,#9012,#9013,#9014,#9015,#9016,#9017,#9018,#9019,
    #9020,#9021,#9022,#9023,#9024,#9025,#9026,#9027,#9028,#9029,#9030,
    #9031,#9032,#9033,#9034,#9035,#9036,#9037,#9038,#9039,#9040,#9041,
    #9042,#9043,#9044,#9045,#9046,#9047,#9048,#9049,#9050,#9051,#9052,
    #9053,#9054,#9055,#9056,#9057,#9058,#9059,#9060,#9061,#9062,#9063,
    #9064,#9065,#9066,#9067,#9068,#9069,#9070,#9071,#9072,#9073,#9074,
    #9075,#9076,#9077,#9078,#9079,#9080),.UNSPECIFIED.,.F.,.F.,(7,5,5,5,
    5,5,5,5,5,5,5,5,5,5,5,7),(0.,5.110375766861E-02,9.610323424924E-02,
    0.148025264829,0.262022396747,0.362422813682,0.430229415744,
    0.498228360997,0.598071479414,0.695095401486,0.738797958772,
    0.794625830598,0.845628168225,0.946545261779,0.973544807229,1.),
  .UNSPECIFIED.);
#9004 = CARTESIAN_POINT('',(1.,6.8567E-13,-8.565000686739));
#9005 = CARTESIAN_POINT('',(1.,-5.351458137778E-02,-8.568407511153));
#9006 = CARTESIAN_POINT('',(0.996563396648,-0.107029558953,
    -8.571814773566));
#9007 = CARTESIAN_POINT('',(0.989690243061,-0.160267635462,
    -8.575221953007));
#9008 = CARTESIAN_POINT('',(0.979410289427,-0.212953593399,
    -8.578628740577));
#9009 = CARTESIAN_POINT('',(0.965782364274,-0.264817129835,
    -8.582035017326));
#9010 = CARTESIAN_POINT('',(0.934022470741,-0.360308815852,
    -8.588439826534));
#9011 = CARTESIAN_POINT('',(0.916622767525,-0.40418126736,
    -8.591438495514));
#9012 = CARTESIAN_POINT('',(0.896754207567,-0.447033959872,
    -8.59443685811));
#9013 = CARTESIAN_POINT('',(0.874492944387,-0.488694152572,
    -8.597435088067));
#9014 = CARTESIAN_POINT('',(0.849931012162,-0.528996958077,
    -8.600433391383));
#9015 = CARTESIAN_POINT('',(0.792304264536,-0.61254403796,
    -8.606891653398));
#9016 = CARTESIAN_POINT('',(0.758512188604,-0.655287709736,
    -8.610351726119));
#9017 = CARTESIAN_POINT('',(0.721964207445,-0.695778726152,
    -8.613812276249));
#9018 = CARTESIAN_POINT('',(0.682850269178,-0.733797208429,
    -8.617273497701));
#9019 = CARTESIAN_POINT('',(0.641383025511,-0.769145096641,
    -8.620735473143));
#9020 = CARTESIAN_POINT('',(0.502096851738,-0.873011833192,
    -8.63180026961));
#9021 = CARTESIAN_POINT('',(0.396154164195,-0.930681496756,
    -8.639407135526));
#9022 = CARTESIAN_POINT('',(0.282464344324,-0.972779616058,
    -8.647014385523));
#9023 = CARTESIAN_POINT('',(0.163909879995,-0.99811737854,
    -8.654620138307));
#9024 = CARTESIAN_POINT('',(4.355974005069E-02,-1.006157391625,
    -8.662224517914));
#9025 = CARTESIAN_POINT('',(-0.180309849807,-0.989212781761,
    -8.676517706169));
#9026 = CARTESIAN_POINT('',(-0.284158920939,-0.968050194265,
    -8.683209667627));
#9027 = CARTESIAN_POINT('',(-0.384903622111,-0.933814106544,
    -8.689898483525));
#9028 = CARTESIAN_POINT('',(-0.480513153503,-0.887116373361,
    -8.696586619053));
#9029 = CARTESIAN_POINT('',(-0.569113889321,-0.828953265266,
    -8.703276550712));
#9030 = CARTESIAN_POINT('',(-0.703109079016,-0.714618473914,
    -8.714485256463));
#9031 = CARTESIAN_POINT('',(-0.753198581797,-0.66392463854,
    -8.719004340162));
#9032 = CARTESIAN_POINT('',(-0.79886866055,-0.609048015066,
    -8.723524033832));
#9033 = CARTESIAN_POINT('',(-0.839690591344,-0.550475715368,
    -8.72804444945));
#9034 = CARTESIAN_POINT('',(-0.875308484281,-0.48875023286,
    -8.732565557354));
#9035 = CARTESIAN_POINT('',(-0.935671508243,-0.35998500692,
    -8.74162095787));
#9036 = CARTESIAN_POINT('',(-0.960387117668,-0.292927249108,
    -8.74615549833));
#9037 = CARTESIAN_POINT('',(-0.979316566088,-0.223877823477,
    -8.750689951923));
#9038 = CARTESIAN_POINT('',(-0.992269535791,-0.153462524313,
    -8.755224187557));
#9039 = CARTESIAN_POINT('',(-0.999145795608,-8.232764646662E-02,
    -8.759758149877));
#9040 = CARTESIAN_POINT('',(-1.001101426895,9.341723154833E-02,
    -8.770947963318));
#9041 = CARTESIAN_POINT('',(-0.989148646953,0.198120964688,
    -8.777604275388));
#9042 = CARTESIAN_POINT('',(-0.964050648979,0.300897052461,
    -8.784258522702));
#9043 = CARTESIAN_POINT('',(-0.926231416123,0.39970396711,
    -8.790912347078));
#9044 = CARTESIAN_POINT('',(-0.876502701499,0.492620148425,
    -8.797567905961));
#9045 = CARTESIAN_POINT('',(-0.75735580681,0.660859409451,
    -8.810691759564));
#9046 = CARTESIAN_POINT('',(-0.688519104864,0.736625132909,
    -8.817161564475));
#9047 = CARTESIAN_POINT('',(-0.610668435082,0.803675807637,
    -8.823632056127));
#9048 = CARTESIAN_POINT('',(-0.525210471195,0.860714136127,
    -8.830104020987));
#9049 = CARTESIAN_POINT('',(-0.433771855687,0.906733010173,
    -8.836577102652));
#9050 = CARTESIAN_POINT('',(-0.295087846284,0.95656548576,
    -8.845963659186));
#9051 = CARTESIAN_POINT('',(-0.251169633452,0.969675777257,
    -8.848878506352));
#9052 = CARTESIAN_POINT('',(-0.206564272584,0.980362435113,
    -8.85179308414));
#9053 = CARTESIAN_POINT('',(-0.161439215743,0.988582137796,
    -8.854707320044));
#9054 = CARTESIAN_POINT('',(-0.11596515326,0.994307000522,
    -8.857621165579));
#9055 = CARTESIAN_POINT('',(-1.199824924207E-02,1.001635530445,
    -8.864256296594));
#9056 = CARTESIAN_POINT('',(4.660719098634E-02,1.001655125395,
    -8.867977372266));
#9057 = CARTESIAN_POINT('',(0.105141503778,0.997558256732,
    -8.871697636803));
#9058 = CARTESIAN_POINT('',(0.163243926717,0.989361781469,
    -8.875417212782));
#9059 = CARTESIAN_POINT('',(0.220558059518,0.977124319239,
    -8.879136328826));
#9060 = CARTESIAN_POINT('',(0.328059616258,0.946165617494,
    -8.886252521563));
#9061 = CARTESIAN_POINT('',(0.378435863982,0.928095954003,
    -8.889649714403));
#9062 = CARTESIAN_POINT('',(0.42760102061,0.906812875771,-8.893046849334
    ));
#9063 = CARTESIAN_POINT('',(0.475300157864,0.882420335751,
    -8.896444197527));
#9064 = CARTESIAN_POINT('',(0.521290800919,0.855048813221,-8.89984201119
    ));
#9065 = CARTESIAN_POINT('',(0.652516422615,0.765108220477,-8.90996458883
    ));
#9066 = CARTESIAN_POINT('',(0.732122067769,0.694299703266,
    -8.916691920404));
#9067 = CARTESIAN_POINT('',(0.802379184952,0.613643114174,
    -8.923421417208));
#9068 = CARTESIAN_POINT('',(0.861816378464,0.524714810475,
    -8.930154011686));
#9069 = CARTESIAN_POINT('',(0.909301160783,0.429346773249,
    -8.936886982539));
#9070 = CARTESIAN_POINT('',(0.95344709185,0.302882782268,-8.945417976325
    ));
#9071 = CARTESIAN_POINT('',(0.961859435565,0.275873676935,
    -8.947218502499));
#9072 = CARTESIAN_POINT('',(0.969352749135,0.248586887608,-8.9490188815)
  );
#9073 = CARTESIAN_POINT('',(0.975915823261,0.221061478459,
    -8.950819106771));
#9074 = CARTESIAN_POINT('',(0.981539669261,0.193337089479,
    -8.952619189652));
#9075 = CARTESIAN_POINT('',(0.990801056162,0.138132951046,
    -8.956182838925));
#9076 = CARTESIAN_POINT('',(0.99447637608,0.110659445193,-8.957946411561
    ));
#9077 = CARTESIAN_POINT('',(0.997237117386,8.307126025858E-02,
    -8.959709908186));
#9078 = CARTESIAN_POINT('',(0.999079034963,5.540643462577E-02,
    -8.961473377304));
#9079 = CARTESIAN_POINT('',(1.,2.770320371838E-02,-8.963236885022));
#9080 = CARTESIAN_POINT('',(1.,3.6793E-13,-8.965000515051));
#9081 = ORIENTED_EDGE('',*,*,#9082,.F.);
#9082 = EDGE_CURVE('',#8918,#9001,#9083,.T.);
#9083 = LINE('',#9084,#9085);
#9084 = CARTESIAN_POINT('',(1.,0.,-1.E-01));
#9085 = VECTOR('',#9086,1.);
#9086 = DIRECTION('',(0.,0.,-1.));
#9087 = CYLINDRICAL_SURFACE('',#9088,1.);
#9088 = AXIS2_PLACEMENT_3D('',#9089,#9090,#9091);
#9089 = CARTESIAN_POINT('',(0.,0.,-1.E-01));
#9090 = DIRECTION('',(-0.,-0.,-1.));
#9091 = DIRECTION('',(1.,0.,0.));
#9092 = ADVANCED_FACE('',(#9093),#9118,.T.);
#9093 = FACE_BOUND('',#9094,.T.);
#9094 = EDGE_LOOP('',(#9095,#9111,#9112,#9113));
#9095 = ORIENTED_EDGE('',*,*,#9096,.F.);
#9096 = EDGE_CURVE('',#8726,#9097,#9099,.T.);
#9097 = VERTEX_POINT('',#9098);
#9098 = CARTESIAN_POINT('',(0.783497125903,2.52217344E-07,
    -8.690003961821));
#9099 = ( BOUNDED_CURVE() B_SPLINE_CURVE(10,(#9100,#9101,#9102,#9103,
    #9104,#9105,#9106,#9107,#9108,#9109,#9110),.UNSPECIFIED.,.F.,.F.) 
B_SPLINE_CURVE_WITH_KNOTS((11,11),(0.,6.295904828089),
.PIECEWISE_BEZIER_KNOTS.) CURVE() GEOMETRIC_REPRESENTATION_ITEM() 
RATIONAL_B_SPLINE_CURVE((1.056590953773,1.056590953773,1.056590953773,
    1.056590953773,1.056590953773,1.056590953773,1.056590953773,
    1.056590953773,1.056590953773,1.056590953773,1.056590953773)) 
REPRESENTATION_ITEM('') );
#9100 = CARTESIAN_POINT('',(0.783497995126,3.1527103866E-07,
    -8.290004952266));
#9101 = CARTESIAN_POINT('',(0.783496995158,-0.492315066256,
    -8.330003587181));
#9102 = CARTESIAN_POINT('',(0.439848548661,-0.984326417923,
    -8.369978832241));
#9103 = CARTESIAN_POINT('',(-0.247969733899,-1.206197887249,
    -8.410076776761));
#9104 = CARTESIAN_POINT('',(-1.034043192403,-0.895265937417,
    -8.449930332458));
#9105 = CARTESIAN_POINT('',(-1.449709081627,-1.874576408131E-05,
    -8.490004456536));
#9106 = CARTESIAN_POINT('',(-1.033910623287,0.895292072535,
    -8.530078582437));
#9107 = CARTESIAN_POINT('',(-0.248098922161,1.206187404181,
    -8.569932136939));
#9108 = CARTESIAN_POINT('',(0.439892430993,0.984328408979,
    -8.610030081934));
#9109 = CARTESIAN_POINT('',(0.783498165474,0.492315633745,
    -8.650005326911));
#9110 = CARTESIAN_POINT('',(0.783497125903,2.5221731867E-07,
    -8.690003961821));
#9111 = ORIENTED_EDGE('',*,*,#8743,.T.);
#9112 = ORIENTED_EDGE('',*,*,#8620,.T.);
#9113 = ORIENTED_EDGE('',*,*,#9114,.F.);
#9114 = EDGE_CURVE('',#9097,#8621,#9115,.T.);
#9115 = B_SPLINE_CURVE_WITH_KNOTS('',1,(#9116,#9117),.UNSPECIFIED.,.F.,
  .F.,(2,2),(0.,0.28),.PIECEWISE_BEZIER_KNOTS.);
#9116 = CARTESIAN_POINT('',(0.783497125903,2.5221731925E-07,
    -8.690003961821));
#9117 = CARTESIAN_POINT('',(1.02598167706,-3.026689115E-08,
    -8.549999524569));
#9118 = B_SPLINE_SURFACE_WITH_KNOTS('',1,10,(
    (#9119,#9120,#9121,#9122,#9123,#9124,#9125,#9126,#9127,#9128,#9129)
    ,(#9130,#9131,#9132,#9133,#9134,#9135,#9136,#9137,#9138,#9139,#9140
    )),.UNSPECIFIED.,.F.,.F.,.F.,(2,2),(11,11),(0.,0.28),(0.,
    6.295904828089),.PIECEWISE_BEZIER_KNOTS.);
#9119 = CARTESIAN_POINT('',(0.783497995126,3.1527103972E-07,
    -8.290004952266));
#9120 = CARTESIAN_POINT('',(0.783496995158,-0.492315066256,
    -8.330003587181));
#9121 = CARTESIAN_POINT('',(0.439848548661,-0.984326417923,
    -8.36997883224));
#9122 = CARTESIAN_POINT('',(-0.247969733899,-1.206197887249,
    -8.410076776763));
#9123 = CARTESIAN_POINT('',(-1.034043192403,-0.895265937417,
    -8.449930332456));
#9124 = CARTESIAN_POINT('',(-1.449709081628,-1.874576416694E-05,
    -8.490004456539));
#9125 = CARTESIAN_POINT('',(-1.033910623287,0.895292072535,
    -8.530078582436));
#9126 = CARTESIAN_POINT('',(-0.248098922161,1.206187404182,
    -8.56993213694));
#9127 = CARTESIAN_POINT('',(0.439892430993,0.984328408979,
    -8.610030081934));
#9128 = CARTESIAN_POINT('',(0.783498165474,0.492315633745,
    -8.650005326911));
#9129 = CARTESIAN_POINT('',(0.783497125903,2.5221731925E-07,
    -8.690003961821));
#9130 = CARTESIAN_POINT('',(1.025981905795,-3.783373963E-08,
    -8.149999405709));
#9131 = CARTESIAN_POINT('',(1.025981566773,-0.644639887906,
    -8.189999569531));
#9132 = CARTESIAN_POINT('',(0.576029166207,-1.289298183406,
    -8.230002540305));
#9133 = CARTESIAN_POINT('',(-0.324909816373,-1.578744228897,
    -8.269990786207));
#9134 = CARTESIAN_POINT('',(-1.353722858758,-1.17307562938,
    -8.31000836075));
#9135 = CARTESIAN_POINT('',(-1.898731928373,-4.73160871062E-06,
    -8.349999465006));
#9136 = CARTESIAN_POINT('',(-1.353687724239,1.173082793507,
    -8.389990569741));
#9137 = CARTESIAN_POINT('',(-0.324943478058,1.578741539239,
    -8.430008143971));
#9138 = CARTESIAN_POINT('',(0.576040987261,1.289298585252,
    -8.469996389995));
#9139 = CARTESIAN_POINT('',(1.025982011329,0.644639819805,
    -8.509999360749));
#9140 = CARTESIAN_POINT('',(1.02598167706,-3.026689115E-08,
    -8.549999524569));
#9141 = ADVANCED_FACE('',(#9142),#9172,.T.);
#9142 = FACE_BOUND('',#9143,.T.);
#9143 = EDGE_LOOP('',(#9144,#9160,#9161,#9162));
#9144 = ORIENTED_EDGE('',*,*,#9145,.F.);
#9145 = EDGE_CURVE('',#8775,#9146,#9148,.T.);
#9146 = VERTEX_POINT('',#9147);
#9147 = CARTESIAN_POINT('',(0.783498955804,2.52216268E-07,
    -8.790003961804));
#9148 = B_SPLINE_CURVE_WITH_KNOTS('',10,(#9149,#9150,#9151,#9152,#9153,
    #9154,#9155,#9156,#9157,#9158,#9159),.UNSPECIFIED.,.F.,.F.,(11,11),(
    0.,6.295904828089),.PIECEWISE_BEZIER_KNOTS.);
#9149 = CARTESIAN_POINT('',(0.783500282503,3.1526936298E-07,
    -8.39000495224));
#9150 = CARTESIAN_POINT('',(0.783498652015,-0.49231635946,-8.43000358717
    ));
#9151 = CARTESIAN_POINT('',(0.439837969137,-0.98432856697,
    -8.469978832484));
#9152 = CARTESIAN_POINT('',(-0.247936620024,-1.206203761403,
    -8.510076775952));
#9153 = CARTESIAN_POINT('',(-1.034080963706,-0.895261221471,
    -8.549930333352));
#9154 = CARTESIAN_POINT('',(-1.449712893735,-2.833518817313E-05,
    -8.590004456251));
#9155 = CARTESIAN_POINT('',(-1.033878280834,0.895301505409,
    -8.630078581922));
#9156 = CARTESIAN_POINT('',(-0.248133341635,1.206187855771,
    -8.669932137505));
#9157 = CARTESIAN_POINT('',(0.439905322532,0.984331438208,
    -8.710030081692));
#9158 = CARTESIAN_POINT('',(0.783500625895,0.492316926946,
    -8.750005326882));
#9159 = CARTESIAN_POINT('',(0.783498955804,2.5221624292E-07,
    -8.790003961804));
#9160 = ORIENTED_EDGE('',*,*,#8792,.T.);
#9161 = ORIENTED_EDGE('',*,*,#9096,.T.);
#9162 = ORIENTED_EDGE('',*,*,#9163,.F.);
#9163 = EDGE_CURVE('',#9146,#9097,#9164,.T.);
#9164 = ( BOUNDED_CURVE() B_SPLINE_CURVE(6,(#9165,#9166,#9167,#9168,
#9169,#9170,#9171),.UNSPECIFIED.,.F.,.F.) B_SPLINE_CURVE_WITH_KNOTS((7,7
),(0.,2.094395102393),.PIECEWISE_BEZIER_KNOTS.) CURVE() 
GEOMETRIC_REPRESENTATION_ITEM() RATIONAL_B_SPLINE_CURVE((1.056590953773,
    1.017435169568,0.996326512422,0.989390034249,0.996326512422,
1.017435169568,1.056590953773)) REPRESENTATION_ITEM('') );
#9165 = CARTESIAN_POINT('',(0.783498955804,2.5221624231E-07,
    -8.790003961804));
#9166 = CARTESIAN_POINT('',(0.765374245433,2.7333054051E-07,
    -8.779540097607));
#9167 = CARTESIAN_POINT('',(0.752601521094,2.8820995707E-07,
    -8.761829340827));
#9168 = CARTESIAN_POINT('',(0.747984645181,2.93588162E-07,
    -8.740004611673));
#9169 = CARTESIAN_POINT('',(0.752600722349,2.8821042614E-07,
    -8.718179713565));
#9170 = CARTESIAN_POINT('',(0.765372798501,2.7333139113E-07,
    -8.70046848934));
#9171 = CARTESIAN_POINT('',(0.783497125903,2.5221731867E-07,
    -8.690003961821));
#9172 = ( BOUNDED_SURFACE() B_SPLINE_SURFACE(6,10,(
    (#9173,#9174,#9175,#9176,#9177,#9178,#9179,#9180,#9181,#9182,#9183)
    ,(#9184,#9185,#9186,#9187,#9188,#9189,#9190,#9191,#9192,#9193,#9194)
    ,(#9195,#9196,#9197,#9198,#9199,#9200,#9201,#9202,#9203,#9204,#9205)
    ,(#9206,#9207,#9208,#9209,#9210,#9211,#9212,#9213,#9214,#9215,#9216)
    ,(#9217,#9218,#9219,#9220,#9221,#9222,#9223,#9224,#9225,#9226,#9227)
    ,(#9228,#9229,#9230,#9231,#9232,#9233,#9234,#9235,#9236,#9237,#9238)
    ,(#9239,#9240,#9241,#9242,#9243,#9244,#9245,#9246,#9247,#9248,#9249
)),.UNSPECIFIED.,.F.,.F.,.F.) B_SPLINE_SURFACE_WITH_KNOTS((7,7),(11,11),
  (0.,2.094395102393),(0.,6.295904828089),.PIECEWISE_BEZIER_KNOTS.) 
GEOMETRIC_REPRESENTATION_ITEM() RATIONAL_B_SPLINE_SURFACE((
    (1.056590953773,1.056590953773,1.056590953773,1.056590953773
      ,1.056590953773,1.056590953773,1.056590953773,1.056590953773
      ,1.056590953773,1.056590953773,1.056590953773)
    ,(1.017435169568,1.017435169568,1.017435169568,1.017435169569
      ,1.017435169568,1.017435169569,1.017435169568,1.017435169568
      ,1.017435169568,1.017435169568,1.017435169568)
    ,(0.996326512422,0.996326512422,0.996326512422,0.996326512422
      ,0.996326512422,0.996326512422,0.996326512422,0.996326512422
      ,0.996326512422,0.996326512422,0.996326512422)
    ,(0.989390034249,0.989390034249,0.989390034248,0.989390034249
      ,0.989390034248,0.989390034249,0.989390034248,0.989390034249
      ,0.989390034249,0.989390034249,0.989390034249)
    ,(0.996326512422,0.996326512422,0.996326512422,0.996326512422
      ,0.996326512422,0.996326512422,0.996326512422,0.996326512422
      ,0.996326512422,0.996326512422,0.996326512422)
    ,(1.017435169568,1.017435169568,1.017435169568,1.017435169568
      ,1.017435169568,1.017435169569,1.017435169568,1.017435169568
      ,1.017435169568,1.017435169568,1.017435169568)
    ,(1.056590953773,1.056590953773,1.056590953773,1.056590953773
      ,1.056590953773,1.056590953773,1.056590953773,1.056590953773
      ,1.056590953773,1.056590953773,1.056590953773
))) REPRESENTATION_ITEM('') SURFACE() );
#9173 = CARTESIAN_POINT('',(0.783500282503,3.1526936381E-07,
    -8.39000495224));
#9174 = CARTESIAN_POINT('',(0.783498652015,-0.49231635946,
    -8.430003587169));
#9175 = CARTESIAN_POINT('',(0.439837969137,-0.98432856697,
    -8.469978832486));
#9176 = CARTESIAN_POINT('',(-0.247936620024,-1.206203761403,
    -8.51007677595));
#9177 = CARTESIAN_POINT('',(-1.034080963707,-0.895261221471,
    -8.549930333356));
#9178 = CARTESIAN_POINT('',(-1.449712893735,-2.833518816414E-05,
    -8.590004456247));
#9179 = CARTESIAN_POINT('',(-1.033878280835,0.895301505409,
    -8.630078581925));
#9180 = CARTESIAN_POINT('',(-0.248133341635,1.206187855771,
    -8.669932137503));
#9181 = CARTESIAN_POINT('',(0.439905322532,0.984331438208,
    -8.710030081692));
#9182 = CARTESIAN_POINT('',(0.783500625895,0.492316926946,
    -8.750005326882));
#9183 = CARTESIAN_POINT('',(0.783498955804,2.5221624231E-07,
    -8.790003961804));
#9184 = CARTESIAN_POINT('',(0.765375524262,3.4166226895E-07,
    -8.379541170959));
#9185 = CARTESIAN_POINT('',(0.76537397633,-0.480930683327,
    -8.419539691608));
#9186 = CARTESIAN_POINT('',(0.429661464302,-0.961533229454,
    -8.459512864533));
#9187 = CARTESIAN_POINT('',(-0.242192720994,-1.178356832851,
    -8.49961900756));
#9188 = CARTESIAN_POINT('',(-1.010178839915,-0.874497529668,
    -8.539460305141));
#9189 = CARTESIAN_POINT('',(-1.41615021725,-2.737575351161E-05,
    -8.579540633536));
#9190 = CARTESIAN_POINT('',(-1.009983548048,0.874536270458,
    -8.619620964616));
#9191 = CARTESIAN_POINT('',(-0.242382449023,1.178341479562,
    -8.659462260436));
#9192 = CARTESIAN_POINT('',(0.429726301977,0.961536035267,
    -8.699568404162));
#9193 = CARTESIAN_POINT('',(0.765375836283,0.48093129832,-8.739541576964
    ));
#9194 = CARTESIAN_POINT('',(0.765374245433,2.7333054051E-07,
    -8.779540097607));
#9195 = CARTESIAN_POINT('',(0.752602718901,3.6026159692E-07,
    -8.361830472611));
#9196 = CARTESIAN_POINT('',(0.752601294322,-0.472907031148,
    -8.401828912725));
#9197 = CARTESIAN_POINT('',(0.422491145856,-0.94546906783,
    -8.441800625203));
#9198 = CARTESIAN_POINT('',(-0.238148401864,-1.158732415534,
    -8.481912546594));
#9199 = CARTESIAN_POINT('',(-0.993331040625,-0.859865784207,
    -8.521745204466));
#9200 = CARTESIAN_POINT('',(-1.392498109184,-2.570839357716E-05,
    -8.561829906019));
#9201 = CARTESIAN_POINT('',(-0.993148204768,0.859901974995,
    -8.601914610087));
#9202 = CARTESIAN_POINT('',(-0.238326220682,1.158718012005,
    -8.64174726631));
#9203 = CARTESIAN_POINT('',(0.42255178453,0.945471736557,-8.681859188355
    ));
#9204 = CARTESIAN_POINT('',(0.752602990927,0.47290767962,-8.721830900718
    ));
#9205 = CARTESIAN_POINT('',(0.752601521094,2.8820995707E-07,
    -8.761829340827));
#9206 = CARTESIAN_POINT('',(0.747985743146,3.6698442718E-07,
    -8.340005764578));
#9207 = CARTESIAN_POINT('',(0.747984460398,-0.470006750163,
    -8.380004175582));
#9208 = CARTESIAN_POINT('',(0.419901126334,-0.939662480399,
    -8.419975360153));
#9209 = CARTESIAN_POINT('',(-0.236691724024,-1.15163842912,
    -8.460089370249));
#9210 = CARTESIAN_POINT('',(-0.987235719819,-0.854577990348,
    -8.499918905107));
#9211 = CARTESIAN_POINT('',(-1.383948665893,-2.36267323982E-05,
    -8.540005187485));
#9212 = CARTESIAN_POINT('',(-0.987068199955,0.854611077241,
    -8.580091472166));
#9213 = CARTESIAN_POINT('',(-0.236854822469,1.151625205213,
    -8.619921005513));
#9214 = CARTESIAN_POINT('',(0.419956627296,0.939664963823,
    -8.660035016208));
#9215 = CARTESIAN_POINT('',(0.747985974027,0.470007410736,
    -8.700006200675));
#9216 = CARTESIAN_POINT('',(0.747984645181,2.93588162E-07,
    -8.740004611673));
#9217 = CARTESIAN_POINT('',(0.752601720469,3.6026232852E-07,
    -8.318180845353));
#9218 = CARTESIAN_POINT('',(0.75260057111,-0.472906466669,
    -8.358179285462));
#9219 = CARTESIAN_POINT('',(0.422495763779,-0.945468129779,
    -8.398150997827));
#9220 = CARTESIAN_POINT('',(-0.238162855947,-1.158729851488,
    -8.43826291968));
#9221 = CARTESIAN_POINT('',(-0.993314553591,-0.859867842699,
    -8.478095576806));
#9222 = CARTESIAN_POINT('',(-1.392496445214,-2.152264599217E-05,
    -8.518180278877));
#9223 = CARTESIAN_POINT('',(-0.993162322127,0.859897857581,
    -8.558264983042));
#9224 = CARTESIAN_POINT('',(-0.23831119671,1.158717814887,
    -8.598097638795));
#9225 = CARTESIAN_POINT('',(0.422546157421,0.94547041431,-8.638209561192
    ));
#9226 = CARTESIAN_POINT('',(0.752601916963,0.472907115142,
    -8.678181273462));
#9227 = CARTESIAN_POINT('',(0.752600722349,2.8821042614E-07,
    -8.718179713565));
#9228 = CARTESIAN_POINT('',(0.765373715597,3.4166359447E-07,
    -8.300469562699));
#9229 = CARTESIAN_POINT('',(0.765372666226,-0.48092966077,
    -8.340468083338));
#9230 = CARTESIAN_POINT('',(0.429669829701,-0.961531530168,
    -8.380441256059));
#9231 = CARTESIAN_POINT('',(-0.242218904667,-1.178352188064,
    -8.420547399921));
#9232 = CARTESIAN_POINT('',(-1.010148973538,-0.874501258642,
    -8.460388696152));
#9233 = CARTESIAN_POINT('',(-1.416147202956,-1.979324189086E-05,
    -8.500469025485));
#9234 = CARTESIAN_POINT('',(-1.010009121745,0.874528811733,
    -8.540549356741));
#9235 = CARTESIAN_POINT('',(-0.242355232992,1.178341122483,
    -8.58039065171));
#9236 = CARTESIAN_POINT('',(0.42971610843,0.961533640007,-8.620496796073
    ));
#9237 = CARTESIAN_POINT('',(0.765373890789,0.480930275765,
    -8.660469968707));
#9238 = CARTESIAN_POINT('',(0.765372798501,2.7333139113E-07,
    -8.70046848934));
#9239 = CARTESIAN_POINT('',(0.783497995126,3.1527103866E-07,
    -8.290004952266));
#9240 = CARTESIAN_POINT('',(0.783496995158,-0.492315066256,
    -8.330003587181));
#9241 = CARTESIAN_POINT('',(0.439848548661,-0.984326417923,
    -8.369978832241));
#9242 = CARTESIAN_POINT('',(-0.247969733899,-1.206197887249,
    -8.410076776761));
#9243 = CARTESIAN_POINT('',(-1.034043192403,-0.895265937417,
    -8.449930332458));
#9244 = CARTESIAN_POINT('',(-1.449709081627,-1.874576408131E-05,
    -8.490004456536));
#9245 = CARTESIAN_POINT('',(-1.033910623287,0.895292072535,
    -8.530078582437));
#9246 = CARTESIAN_POINT('',(-0.248098922161,1.206187404181,
    -8.569932136939));
#9247 = CARTESIAN_POINT('',(0.439892430993,0.984328408979,
    -8.610030081934));
#9248 = CARTESIAN_POINT('',(0.783498165474,0.492315633745,
    -8.650005326911));
#9249 = CARTESIAN_POINT('',(0.783497125903,2.5221731867E-07,
    -8.690003961821));
#9250 = ADVANCED_FACE('',(#9251),#9261,.T.);
#9251 = FACE_BOUND('',#9252,.T.);
#9252 = EDGE_LOOP('',(#9253,#9254,#9255,#9256));
#9253 = ORIENTED_EDGE('',*,*,#8917,.F.);
#9254 = ORIENTED_EDGE('',*,*,#8886,.T.);
#9255 = ORIENTED_EDGE('',*,*,#9145,.T.);
#9256 = ORIENTED_EDGE('',*,*,#9257,.F.);
#9257 = EDGE_CURVE('',#8918,#9146,#9258,.T.);
#9258 = B_SPLINE_CURVE_WITH_KNOTS('',1,(#9259,#9260),.UNSPECIFIED.,.F.,
  .F.,(2,2),(0.,0.28),.PIECEWISE_BEZIER_KNOTS.);
#9259 = CARTESIAN_POINT('',(1.025988630685,-3.027097842E-08,
    -8.929999524506));
#9260 = CARTESIAN_POINT('',(0.783498955804,2.5221624292E-07,
    -8.790003961804));
#9261 = B_SPLINE_SURFACE_WITH_KNOTS('',1,10,(
    (#9262,#9263,#9264,#9265,#9266,#9267,#9268,#9269,#9270,#9271,#9272)
    ,(#9273,#9274,#9275,#9276,#9277,#9278,#9279,#9280,#9281,#9282,#9283
    )),.UNSPECIFIED.,.F.,.F.,.F.,(2,2),(11,11),(0.,0.28),(0.,
    6.295904828089),.PIECEWISE_BEZIER_KNOTS.);
#9262 = CARTESIAN_POINT('',(1.025990597826,-3.784010863E-08,
    -8.52999940561));
#9263 = CARTESIAN_POINT('',(1.02598786283,-0.644644802079,
    -8.569999569486));
#9264 = CARTESIAN_POINT('',(0.575988964018,-1.289306349786,
    -8.610002541236));
#9265 = CARTESIAN_POINT('',(-0.324783983648,-1.578766550681,
    -8.649990783127));
#9266 = CARTESIAN_POINT('',(-1.353866389711,-1.173057708786,
    -8.690008364155));
#9267 = CARTESIAN_POINT('',(-1.89874641438,-4.117141965843E-05,
    -8.729999463912));
#9268 = CARTESIAN_POINT('',(-1.35356482292,1.173118638428,
    -8.769990567788));
#9269 = CARTESIAN_POINT('',(-0.325074272056,1.578743255278,
    -8.810008146118));
#9270 = CARTESIAN_POINT('',(0.576089975111,1.289310096322,
    -8.849996389074));
#9271 = CARTESIAN_POINT('',(1.025991360927,0.644644733969,
    -8.889999360642));
#9272 = CARTESIAN_POINT('',(1.025988630685,-3.027097842E-08,
    -8.929999524506));
#9273 = CARTESIAN_POINT('',(0.783500282503,3.1526936298E-07,
    -8.39000495224));
#9274 = CARTESIAN_POINT('',(0.783498652015,-0.49231635946,-8.43000358717
    ));
#9275 = CARTESIAN_POINT('',(0.439837969137,-0.98432856697,
    -8.469978832484));
#9276 = CARTESIAN_POINT('',(-0.247936620024,-1.206203761403,
    -8.510076775952));
#9277 = CARTESIAN_POINT('',(-1.034080963706,-0.895261221471,
    -8.549930333352));
#9278 = CARTESIAN_POINT('',(-1.449712893735,-2.833518817313E-05,
    -8.590004456251));
#9279 = CARTESIAN_POINT('',(-1.033878280834,0.895301505409,
    -8.630078581922));
#9280 = CARTESIAN_POINT('',(-0.248133341635,1.206187855771,
    -8.669932137505));
#9281 = CARTESIAN_POINT('',(0.439905322532,0.984331438208,
    -8.710030081692));
#9282 = CARTESIAN_POINT('',(0.783500625895,0.492316926946,
    -8.750005326882));
#9283 = CARTESIAN_POINT('',(0.783498955804,2.5221624292E-07,
    -8.790003961804));
#9284 = ADVANCED_FACE('',(#9285),#9462,.T.);
#9285 = FACE_BOUND('',#9286,.F.);
#9286 = EDGE_LOOP('',(#9287,#9364,#9365,#9456));
#9287 = ORIENTED_EDGE('',*,*,#9288,.F.);
#9288 = EDGE_CURVE('',#8918,#9289,#9291,.T.);
#9289 = VERTEX_POINT('',#9290);
#9290 = CARTESIAN_POINT('',(1.,1.234E-12,-9.314996711728));
#9291 = B_SPLINE_CURVE_WITH_KNOTS('',6,(#9292,#9293,#9294,#9295,#9296,
    #9297,#9298,#9299,#9300,#9301,#9302,#9303,#9304,#9305,#9306,#9307,
    #9308,#9309,#9310,#9311,#9312,#9313,#9314,#9315,#9316,#9317,#9318,
    #9319,#9320,#9321,#9322,#9323,#9324,#9325,#9326,#9327,#9328,#9329,
    #9330,#9331,#9332,#9333,#9334,#9335,#9336,#9337,#9338,#9339,#9340,
    #9341,#9342,#9343,#9344,#9345,#9346,#9347,#9348,#9349,#9350,#9351,
    #9352,#9353,#9354,#9355,#9356,#9357,#9358,#9359,#9360,#9361,#9362,
    #9363),.UNSPECIFIED.,.F.,.F.,(7,5,5,5,5,5,5,5,5,5,5,5,5,5,7),(0.,
    5.29997750523E-02,9.899959506323E-02,0.152578448111,0.25557732984,
    0.365064179736,0.433224696994,0.496023536817,0.566965403959,
    0.63429320984,0.738014292255,0.849863176734,0.902760342941,
    0.948759729208,1.),.UNSPECIFIED.);
#9292 = CARTESIAN_POINT('',(1.,4.38072E-12,-8.914995615665));
#9293 = CARTESIAN_POINT('',(1.,-5.549999415068E-02,-8.91852899182));
#9294 = CARTESIAN_POINT('',(0.996303663371,-0.111000503482,
    -8.922062157923));
#9295 = CARTESIAN_POINT('',(0.988911041746,-0.166192110779,
    -8.925595551785));
#9296 = CARTESIAN_POINT('',(0.977856559776,-0.220767851159,
    -8.929129491199));
#9297 = CARTESIAN_POINT('',(0.963208250296,-0.274426641983,
    -8.932664052731));
#9298 = CARTESIAN_POINT('',(0.929321739068,-0.372399430804,
    -8.939266975997));
#9299 = CARTESIAN_POINT('',(0.910945058192,-0.417012291755,
    -8.942335305634));
#9300 = CARTESIAN_POINT('',(0.89000285275,-0.460524743814,
    -8.945403784753));
#9301 = CARTESIAN_POINT('',(0.86657905824,-0.502753401376,
    -8.948472237391));
#9302 = CARTESIAN_POINT('',(0.840774818537,-0.543523716454,
    -8.951540481759));
#9303 = CARTESIAN_POINT('',(0.780016103851,-0.628269684639,
    -8.958181677777));
#9304 = CARTESIAN_POINT('',(0.744253941758,-0.67166745921,
    -8.961754556692));
#9305 = CARTESIAN_POINT('',(0.705607080332,-0.712605479749,
    -8.965326669089));
#9306 = CARTESIAN_POINT('',(0.664289481171,-0.750846663882,
    -8.968897967899));
#9307 = CARTESIAN_POINT('',(0.620540260078,-0.786179264417,
    -8.97246853944));
#9308 = CARTESIAN_POINT('',(0.486346123569,-0.880398319579,
    -8.982901232331));
#9309 = CARTESIAN_POINT('',(0.390036494566,-0.930960324708,
    -8.989762748379));
#9310 = CARTESIAN_POINT('',(0.287566711108,-0.968780779364,
    -8.99662192717));
#9311 = CARTESIAN_POINT('',(0.181058660432,-0.992991609414,
    -9.003482608917));
#9312 = CARTESIAN_POINT('',(7.276299744148E-02,-1.00316433191,
    -9.010347058961));
#9313 = CARTESIAN_POINT('',(-0.149608424618,-0.995370365946,
    -9.024511219498));
#9314 = CARTESIAN_POINT('',(-0.263657982586,-0.975589378116,
    -9.03181355653));
#9315 = CARTESIAN_POINT('',(-0.374416410087,-0.940130074117,
    -9.039116842472));
#9316 = CARTESIAN_POINT('',(-0.479228736728,-0.889736524104,
    -9.046420594506));
#9317 = CARTESIAN_POINT('',(-0.575653206478,-0.825692958152,
    -9.053724692199));
#9318 = CARTESIAN_POINT('',(-0.715145689875,-0.702610373188,
    -9.065571258874));
#9319 = CARTESIAN_POINT('',(-0.764623225531,-0.650799912575,
    -9.070116129453));
#9320 = CARTESIAN_POINT('',(-0.809563038824,-0.594839833507,
    -9.07466015786));
#9321 = CARTESIAN_POINT('',(-0.849538272586,-0.53523239947,
    -9.079203602425));
#9322 = CARTESIAN_POINT('',(-0.884197403707,-0.472535117751,
    -9.08374683967));
#9323 = CARTESIAN_POINT('',(-0.940060017495,-0.347291927913,
    -9.092475503093));
#9324 = CARTESIAN_POINT('',(-0.962108712965,-0.285119394977,
    -9.096661147691));
#9325 = CARTESIAN_POINT('',(-0.9792087717,-0.22130222132,-9.100846806836
    ));
#9326 = CARTESIAN_POINT('',(-0.99121428376,-0.15633400566,
    -9.105032758967));
#9327 = CARTESIAN_POINT('',(-0.998044921261,-9.072309734869E-02,
    -9.109219209));
#9328 = CARTESIAN_POINT('',(-1.001543824117,4.927966021653E-02,
    -9.118135591022));
#9329 = CARTESIAN_POINT('',(-0.996779541213,0.12371096296,
    -9.122865861082));
#9330 = CARTESIAN_POINT('',(-0.985376429298,0.197567405885,
    -9.127596431536));
#9331 = CARTESIAN_POINT('',(-0.967426386109,0.270111594247,
    -9.132327256397));
#9332 = CARTESIAN_POINT('',(-0.943128633748,0.340627547102,
    -9.137058195188));
#9333 = CARTESIAN_POINT('',(-0.883990249719,0.472791722661,
    -9.146278078082));
#9334 = CARTESIAN_POINT('',(-0.849748185577,0.534712318196,
    -9.150767329652));
#9335 = CARTESIAN_POINT('',(-0.81031948832,0.593619129854,
    -9.155255880038));
#9336 = CARTESIAN_POINT('',(-0.766042590186,0.648974725701,
    -9.159743692452));
#9337 = CARTESIAN_POINT('',(-0.717327723693,0.700294164391,
    -9.164230871251));
#9338 = CARTESIAN_POINT('',(-0.583496413916,0.819346909558,
    -9.175628905397));
#9339 = CARTESIAN_POINT('',(-0.492921762363,0.880971855287,
    -9.182540075557));
#9340 = CARTESIAN_POINT('',(-0.394672329727,0.930466321789,
    -9.189449148398));
#9341 = CARTESIAN_POINT('',(-0.290801318005,0.96670415416,
    -9.196358995646));
#9342 = CARTESIAN_POINT('',(-0.183544655252,0.988993506681,
    -9.203272444883));
#9343 = CARTESIAN_POINT('',(4.155275826088E-02,1.005977856728,
    -9.217644101251));
#9344 = CARTESIAN_POINT('',(0.159607301411,0.998376818096,
    -9.225105220107));
#9345 = CARTESIAN_POINT('',(0.275986767534,0.974129444401,
    -9.232567703388));
#9346 = CARTESIAN_POINT('',(0.387791864691,0.933728916885,
    -9.240031455987));
#9347 = CARTESIAN_POINT('',(0.492292550174,0.878274986728,-9.24749462361
    ));
#9348 = CARTESIAN_POINT('',(0.631950101729,0.776986185745,
    -9.258480833838));
#9349 = CARTESIAN_POINT('',(0.674630369363,0.741482995401,
    -9.262007690116));
#9350 = CARTESIAN_POINT('',(0.714900485805,0.703179126672,
    -9.265533749279));
#9351 = CARTESIAN_POINT('',(0.752533219637,0.662281510573,
    -9.269059114764));
#9352 = CARTESIAN_POINT('',(0.787325551053,0.619020840897,
    -9.272584013931));
#9353 = CARTESIAN_POINT('',(0.846733628823,0.534193263591,
    -9.279173676379));
#9354 = CARTESIAN_POINT('',(0.872085199366,0.493140522181,
    -9.282238547006));
#9355 = CARTESIAN_POINT('',(0.895040379014,0.450655904501,
    -9.285303399792));
#9356 = CARTESIAN_POINT('',(0.915499971968,0.406915059263,
    -9.288368471253));
#9357 = CARTESIAN_POINT('',(0.933382087145,0.362102274104,
    -9.291433953051));
#9358 = CARTESIAN_POINT('',(0.965600232367,0.265509284261,
    -9.297915050704));
#9359 = CARTESIAN_POINT('',(0.979300357954,0.213516192551,
    -9.301330809055));
#9360 = CARTESIAN_POINT('',(0.989635107806,0.160694084083,
    -9.304747150491));
#9361 = CARTESIAN_POINT('',(0.996545016341,0.10731537745,-9.30816389882)
  );
#9362 = CARTESIAN_POINT('',(1.,5.365749294397E-02,-9.311580643867));
#9363 = CARTESIAN_POINT('',(1.,2.47924E-12,-9.314996711728));
#9364 = ORIENTED_EDGE('',*,*,#9082,.T.);
#9365 = ORIENTED_EDGE('',*,*,#9366,.T.);
#9366 = EDGE_CURVE('',#9001,#9367,#9369,.T.);
#9367 = VERTEX_POINT('',#9368);
#9368 = CARTESIAN_POINT('',(1.,9.7E-14,-9.365000343365));
#9369 = B_SPLINE_CURVE_WITH_KNOTS('',7,(#9370,#9371,#9372,#9373,#9374,
    #9375,#9376,#9377,#9378,#9379,#9380,#9381,#9382,#9383,#9384,#9385,
    #9386,#9387,#9388,#9389,#9390,#9391,#9392,#9393,#9394,#9395,#9396,
    #9397,#9398,#9399,#9400,#9401,#9402,#9403,#9404,#9405,#9406,#9407,
    #9408,#9409,#9410,#9411,#9412,#9413,#9414,#9415,#9416,#9417,#9418,
    #9419,#9420,#9421,#9422,#9423,#9424,#9425,#9426,#9427,#9428,#9429,
    #9430,#9431,#9432,#9433,#9434,#9435,#9436,#9437,#9438,#9439,#9440,
    #9441,#9442,#9443,#9444,#9445,#9446,#9447,#9448,#9449,#9450,#9451,
    #9452,#9453,#9454,#9455),.UNSPECIFIED.,.F.,.F.,(8,6,6,6,6,6,6,6,6,6,
    6,6,6,6,8),(0.,5.110964737285E-02,9.611458902045E-02,0.148042783195,
    0.262053759815,0.4440327929,0.46003472178,0.498038617966,
    0.536604896386,0.555607141516,0.738296611921,0.845167269957,
    0.899858634844,0.946864097976,1.),.UNSPECIFIED.);
#9370 = CARTESIAN_POINT('',(1.,4.0223E-13,-8.965000515051));
#9371 = CARTESIAN_POINT('',(1.,-4.586935692974E-02,-8.967920632167));
#9372 = CARTESIAN_POINT('',(0.997545313744,-9.17389968476E-02,
    -8.970841062132));
#9373 = CARTESIAN_POINT('',(0.992635971583,-0.137450467128,
    -8.973761507258));
#9374 = CARTESIAN_POINT('',(0.985284730871,-0.182846206443,
    -8.976681760741));
#9375 = CARTESIAN_POINT('',(0.975516899185,-0.227770354685,
    -8.979601700341));
#9376 = CARTESIAN_POINT('',(0.963370157555,-0.272069562896,
    -8.982521282059));
#9377 = CARTESIAN_POINT('',(0.93614764424,-0.353919363918,
    -8.988011100473));
#9378 = CARTESIAN_POINT('',(0.921594890583,-0.391644447455,
    -8.990581434681));
#9379 = CARTESIAN_POINT('',(0.905270157647,-0.428666718931,
    -8.993151547322));
#9380 = CARTESIAN_POINT('',(0.887214591237,-0.464886562789,
    -8.995721515578));
#9381 = CARTESIAN_POINT('',(0.867476244791,-0.500207513734,
    -8.998291447944));
#9382 = CARTESIAN_POINT('',(0.84610987612,-0.534536687696,
    -9.000861449249));
#9383 = CARTESIAN_POINT('',(0.796715735995,-0.606148463653,
    -9.006397094297));
#9384 = CARTESIAN_POINT('',(0.768168503447,-0.64307350127,
    -9.009362819481));
#9385 = CARTESIAN_POINT('',(0.737629228844,-0.678423675164,
    -9.012328860774));
#9386 = CARTESIAN_POINT('',(0.705202863215,-0.712070589543,
    -9.015295326168));
#9387 = CARTESIAN_POINT('',(0.671004433842,-0.743894834052,
    -9.018262294688));
#9388 = CARTESIAN_POINT('',(0.63515835181,-0.773786714521,
    -9.021229778975));
#9389 = CARTESIAN_POINT('',(0.515770561861,-0.862815613803,
    -9.030713881992));
#9390 = CARTESIAN_POINT('',(0.42642613941,-0.914203220524,-9.03723338992
    ));
#9391 = CARTESIAN_POINT('',(0.331191305578,-0.95473661004,
    -9.043753780098));
#9392 = CARTESIAN_POINT('',(0.231658124199,-0.983637989221,
    -9.050273638388));
#9393 = CARTESIAN_POINT('',(0.129527010067,-1.000414151699,
    -9.056792462723));
#9394 = CARTESIAN_POINT('',(2.655785114036E-02,-1.004870228834,
    -9.063309850839));
#9395 = CARTESIAN_POINT('',(-0.238324428232,-0.984822151104,
    -9.080221533618));
#9396 = CARTESIAN_POINT('',(-0.399020664103,-0.941451931306,
    -9.090625936243));
#9397 = CARTESIAN_POINT('',(-0.550099922236,-0.867469535355,
    -9.101014900797));
#9398 = CARTESIAN_POINT('',(-0.684691682568,-0.765709953446,
    -9.111402477154));
#9399 = CARTESIAN_POINT('',(-0.797052350058,-0.640513738753,
    -9.121800579401));
#9400 = CARTESIAN_POINT('',(-0.882579795597,-0.497720814095,
    -9.132212142918));
#9401 = CARTESIAN_POINT('',(-0.94377153797,-0.330910146967,
    -9.143526599878));
#9402 = CARTESIAN_POINT('',(-0.948491496162,-0.317344724148,
    -9.144441101613));
#9403 = CARTESIAN_POINT('',(-0.952983887154,-0.303700996264,
    -9.14535560546));
#9404 = CARTESIAN_POINT('',(-0.95724716057,-0.289983545698,
    -9.146270109552));
#9405 = CARTESIAN_POINT('',(-0.961279882112,-0.276196990737,
    -9.147184612072));
#9406 = CARTESIAN_POINT('',(-0.965080733562,-0.262345985572,
    -9.148099111254));
#9407 = CARTESIAN_POINT('',(-0.97712183572,-0.215397748187,
    -9.151185489801));
#9408 = CARTESIAN_POINT('',(-0.984280565933,-0.182023015267,
    -9.153357348126));
#9409 = CARTESIAN_POINT('',(-0.990108553948,-0.148374156091,
    -9.155529155726));
#9410 = CARTESIAN_POINT('',(-0.994593479957,-0.114514810069,
    -9.157700892878));
#9411 = CARTESIAN_POINT('',(-0.997726853815,-8.05091214643E-02,
    -9.159872544765));
#9412 = CARTESIAN_POINT('',(-0.999504015037,-4.642173939711E-02,
    -9.162044101476));
#9413 = CARTESIAN_POINT('',(-1.00035046748,2.229077405797E-02,
    -9.166419147793));
#9414 = CARTESIAN_POINT('',(-0.999379302101,5.691677479438E-02,
    -9.168622638141));
#9415 = CARTESIAN_POINT('',(-0.997009828333,9.149208121798E-02,
    -9.170826025477));
#9416 = CARTESIAN_POINT('',(-0.99324531058,0.12594903283,-9.173029312154
    ));
#9417 = CARTESIAN_POINT('',(-0.988093085978,0.160220411781,
    -9.175232506458));
#9418 = CARTESIAN_POINT('',(-0.981564564403,0.194239442866,
    -9.177435622608));
#9419 = CARTESIAN_POINT('',(-0.969788021776,0.244544515339,
    -9.180724164049));
#9420 = CARTESIAN_POINT('',(-0.965570442601,0.261071922617,
    -9.18180963359));
#9421 = CARTESIAN_POINT('',(-0.961024338784,0.27751411742,
    -9.182895091769));
#9422 = CARTESIAN_POINT('',(-0.956151789834,0.293863270495,
    -9.183980541147));
#9423 = CARTESIAN_POINT('',(-0.950955106924,0.310111621289,
    -9.185065984453));
#9424 = CARTESIAN_POINT('',(-0.945436832892,0.326251477944,
    -9.186151424586));
#9425 = CARTESIAN_POINT('',(-0.883481373477,0.496329037624,
    -9.197672392734));
#9426 = CARTESIAN_POINT('',(-0.797827750028,0.63983365396,
    -9.208120346812));
#9427 = CARTESIAN_POINT('',(-0.685099579907,0.765635671481,-9.2185599717
    ));
#9428 = CARTESIAN_POINT('',(-0.549950847506,0.867820075019,-9.2290032998
    ));
#9429 = CARTESIAN_POINT('',(-0.398192399995,0.941996648942,
    -9.239452813025));
#9430 = CARTESIAN_POINT('',(-0.236779242717,0.985300641253,
    -9.249908357321));
#9431 = CARTESIAN_POINT('',(2.23911834647E-02,1.004339476792,
    -9.266452172985));
#9432 = CARTESIAN_POINT('',(0.118845504152,1.000663737029,
    -9.272557176209));
#9433 = CARTESIAN_POINT('',(0.214638283449,0.986173074049,
    -9.278659492823));
#9434 = CARTESIAN_POINT('',(0.308320408907,0.961012947218,
    -9.284759766199));
#9435 = CARTESIAN_POINT('',(0.398485452789,0.925560615078,
    -9.290860007854));
#9436 = CARTESIAN_POINT('',(0.4838051908,0.880415944253,-9.296961962073)
  );
#9437 = CARTESIAN_POINT('',(0.603634381874,0.798770837545,
    -9.306187974722));
#9438 = CARTESIAN_POINT('',(0.642616162403,0.768809434086,
    -9.309311616614));
#9439 = CARTESIAN_POINT('',(0.679855224538,0.736634077432,
    -9.312435796337));
#9440 = CARTESIAN_POINT('',(0.715201374459,0.702367306035,
    -9.315560562332));
#9441 = CARTESIAN_POINT('',(0.748515528714,0.666144022103,
    -9.318685919142));
#9442 = CARTESIAN_POINT('',(0.779670643987,0.628110574477,
    -9.321811785917));
#9443 = CARTESIAN_POINT('',(0.833375796273,0.55431437526,-9.327624796277
    ));
#9444 = CARTESIAN_POINT('',(0.85652016919,0.518983199947,-9.33031189772)
  );
#9445 = CARTESIAN_POINT('',(0.877913415192,0.482529802883,
    -9.332999144628));
#9446 = CARTESIAN_POINT('',(0.89749081066,0.445058624667,-9.335686417633
    ));
#9447 = CARTESIAN_POINT('',(0.91519552129,0.406678528554,-9.338373600126
    ));
#9448 = CARTESIAN_POINT('',(0.930978864584,0.367502269823,
    -9.341060585773));
#9449 = CARTESIAN_POINT('',(0.960424903242,0.282591612786,
    -9.346784384967));
#9450 = CARTESIAN_POINT('',(0.973542770789,0.236667613933,
    -9.349821169296));
#9451 = CARTESIAN_POINT('',(0.984095973624,0.19004186656,-9.352857483649
    ));
#9452 = CARTESIAN_POINT('',(0.992040514943,0.142886306843,
    -9.355893345657));
#9453 = CARTESIAN_POINT('',(0.997346827732,9.537592400235E-02,
    -9.358928915212));
#9454 = CARTESIAN_POINT('',(1.,4.768777512641E-02,-9.361964463721));
#9455 = CARTESIAN_POINT('',(1.,2.1472E-13,-9.365000343365));
#9456 = ORIENTED_EDGE('',*,*,#9457,.F.);
#9457 = EDGE_CURVE('',#9289,#9367,#9458,.T.);
#9458 = LINE('',#9459,#9460);
#9459 = CARTESIAN_POINT('',(1.,0.,-1.E-01));
#9460 = VECTOR('',#9461,1.);
#9461 = DIRECTION('',(0.,0.,-1.));
#9462 = CYLINDRICAL_SURFACE('',#9463,1.);
#9463 = AXIS2_PLACEMENT_3D('',#9464,#9465,#9466);
#9464 = CARTESIAN_POINT('',(0.,0.,-1.E-01));
#9465 = DIRECTION('',(-0.,-0.,-1.));
#9466 = DIRECTION('',(1.,0.,0.));
#9467 = ADVANCED_FACE('',(#9468),#9493,.T.);
#9468 = FACE_BOUND('',#9469,.T.);
#9469 = EDGE_LOOP('',(#9470,#9486,#9487,#9488));
#9470 = ORIENTED_EDGE('',*,*,#9471,.F.);
#9471 = EDGE_CURVE('',#9097,#9472,#9474,.T.);
#9472 = VERTEX_POINT('',#9473);
#9473 = CARTESIAN_POINT('',(0.783496256684,1.89163385E-07,
    -9.090002971371));
#9474 = ( BOUNDED_CURVE() B_SPLINE_CURVE(10,(#9475,#9476,#9477,#9478,
    #9479,#9480,#9481,#9482,#9483,#9484,#9485),.UNSPECIFIED.,.F.,.F.) 
B_SPLINE_CURVE_WITH_KNOTS((11,11),(0.,6.295904828089),
.PIECEWISE_BEZIER_KNOTS.) CURVE() GEOMETRIC_REPRESENTATION_ITEM() 
RATIONAL_B_SPLINE_CURVE((1.056590953773,1.056590953773,1.056590953773,
    1.056590953773,1.056590953773,1.056590953773,1.056590953773,
    1.056590953773,1.056590953773,1.056590953773,1.056590953773)) 
REPRESENTATION_ITEM('') );
#9475 = CARTESIAN_POINT('',(0.783497125903,2.5221734246E-07,
    -8.690003961821));
#9476 = CARTESIAN_POINT('',(0.78349608633,-0.49231458328,-8.730002596729
    ));
#9477 = CARTESIAN_POINT('',(0.439847981374,-0.984325360119,
    -8.769977841693));
#9478 = CARTESIAN_POINT('',(-0.24796955548,-1.20619653177,-8.8100757866)
  );
#9479 = CARTESIAN_POINT('',(-1.034042118176,-0.895264858523,
    -8.849929341717));
#9480 = CARTESIAN_POINT('',(-1.449707472038,-1.862891753446E-05,
    -8.890003466089));
#9481 = CARTESIAN_POINT('',(-1.033909405283,0.895291159795,
    -8.930077592285));
#9482 = CARTESIAN_POINT('',(-0.248098549317,1.206186088737,
    -8.969931146205));
#9483 = CARTESIAN_POINT('',(0.439892022075,0.984327280353,
    -9.010029091587));
#9484 = CARTESIAN_POINT('',(0.783497335859,0.492315024661,
    -9.050004336468));
#9485 = CARTESIAN_POINT('',(0.783496256684,1.8916337993E-07,
    -9.090002971371));
#9486 = ORIENTED_EDGE('',*,*,#9114,.T.);
#9487 = ORIENTED_EDGE('',*,*,#9000,.T.);
#9488 = ORIENTED_EDGE('',*,*,#9489,.F.);
#9489 = EDGE_CURVE('',#9472,#9001,#9490,.T.);
#9490 = B_SPLINE_CURVE_WITH_KNOTS('',1,(#9491,#9492),.UNSPECIFIED.,.F.,
  .F.,(2,2),(0.,0.28),.PIECEWISE_BEZIER_KNOTS.);
#9491 = CARTESIAN_POINT('',(0.783496256684,1.8916337888E-07,
    -9.090002971371));
#9492 = CARTESIAN_POINT('',(1.025981448324,-2.270003236E-08,
    -8.949999643429));
#9493 = B_SPLINE_SURFACE_WITH_KNOTS('',1,10,(
    (#9494,#9495,#9496,#9497,#9498,#9499,#9500,#9501,#9502,#9503,#9504)
    ,(#9505,#9506,#9507,#9508,#9509,#9510,#9511,#9512,#9513,#9514,#9515
    )),.UNSPECIFIED.,.F.,.F.,.F.,(2,2),(11,11),(0.,0.28),(0.,
    6.295904828089),.PIECEWISE_BEZIER_KNOTS.);
#9494 = CARTESIAN_POINT('',(0.783497125903,2.5221734449E-07,
    -8.690003961821));
#9495 = CARTESIAN_POINT('',(0.78349608633,-0.49231458328,-8.73000259673)
  );
#9496 = CARTESIAN_POINT('',(0.439847981374,-0.984325360119,
    -8.769977841692));
#9497 = CARTESIAN_POINT('',(-0.24796955548,-1.20619653177,
    -8.810075786602));
#9498 = CARTESIAN_POINT('',(-1.034042118176,-0.895264858522,
    -8.849929341714));
#9499 = CARTESIAN_POINT('',(-1.449707472039,-1.862891764048E-05,
    -8.890003466091));
#9500 = CARTESIAN_POINT('',(-1.033909405283,0.895291159794,
    -8.930077592283));
#9501 = CARTESIAN_POINT('',(-0.248098549317,1.206186088737,
    -8.969931146206));
#9502 = CARTESIAN_POINT('',(0.439892022075,0.984327280353,
    -9.010029091587));
#9503 = CARTESIAN_POINT('',(0.783497335859,0.492315024661,
    -9.050004336468));
#9504 = CARTESIAN_POINT('',(0.783496256684,1.8916337888E-07,
    -9.090002971371));
#9505 = CARTESIAN_POINT('',(1.02598167706,-3.026686618E-08,
    -8.549999524569));
#9506 = CARTESIAN_POINT('',(1.02598134279,-0.644639736651,-8.58999968839
    ));
#9507 = CARTESIAN_POINT('',(0.576029047267,-1.289297891477,
    -8.630002659138));
#9508 = CARTESIAN_POINT('',(-0.324909732177,-1.578743879874,
    -8.669990905143));
#9509 = CARTESIAN_POINT('',(-1.353722548528,-1.173075377298,
    -8.710008479531));
#9510 = CARTESIAN_POINT('',(-1.898731504812,-4.74563472119E-06,
    -8.749999583868));
#9511 = CARTESIAN_POINT('',(-1.353687431264,1.173082521491,
    -8.789990688676));
#9512 = CARTESIAN_POINT('',(-0.324943417192,1.578741185408,
    -8.830008262756));
#9513 = CARTESIAN_POINT('',(0.576040849313,1.289298301823,
    -8.869996508881));
#9514 = CARTESIAN_POINT('',(1.025981777841,0.644639683684,-8.90999947961
    ));
#9515 = CARTESIAN_POINT('',(1.025981448324,-2.270003236E-08,
    -8.949999643429));
#9516 = ADVANCED_FACE('',(#9517),#9547,.T.);
#9517 = FACE_BOUND('',#9518,.T.);
#9518 = EDGE_LOOP('',(#9519,#9535,#9536,#9537));
#9519 = ORIENTED_EDGE('',*,*,#9520,.F.);
#9520 = EDGE_CURVE('',#9146,#9521,#9523,.T.);
#9521 = VERTEX_POINT('',#9522);
#9522 = CARTESIAN_POINT('',(0.78349762911,1.89162777E-07,-9.190002971362
    ));
#9523 = B_SPLINE_CURVE_WITH_KNOTS('',10,(#9524,#9525,#9526,#9527,#9528,
    #9529,#9530,#9531,#9532,#9533,#9534),.UNSPECIFIED.,.F.,.F.,(11,11),(
    0.,6.295904828089),.PIECEWISE_BEZIER_KNOTS.);
#9524 = CARTESIAN_POINT('',(0.783498955804,2.5221626834E-07,
    -8.790003961804));
#9525 = CARTESIAN_POINT('',(0.783497285712,-0.492315589105,
    -8.830002596724));
#9526 = CARTESIAN_POINT('',(0.439837144961,-0.984326933801,
    -8.869977841891));
#9527 = CARTESIAN_POINT('',(-0.247936296539,-1.206201703065,
    -8.910075785952));
#9528 = CARTESIAN_POINT('',(-1.034079286272,-0.895259618471,
    -8.949929342463));
#9529 = CARTESIAN_POINT('',(-1.449710437011,-2.821834658984E-05,
    -8.99000346581));
#9530 = CARTESIAN_POINT('',(-1.033876459627,0.895300068568,
    -9.030077591936));
#9531 = CARTESIAN_POINT('',(-0.248132823724,1.206185837465,
    -9.069931146626));
#9532 = CARTESIAN_POINT('',(0.439904656722,0.984329734219,
    -9.110029091407));
#9533 = CARTESIAN_POINT('',(0.783499338805,0.492316030484,-9.15000433645
    ));
#9534 = CARTESIAN_POINT('',(0.78349762911,1.8916277169E-07,
    -9.190002971362));
#9535 = ORIENTED_EDGE('',*,*,#9163,.T.);
#9536 = ORIENTED_EDGE('',*,*,#9471,.T.);
#9537 = ORIENTED_EDGE('',*,*,#9538,.F.);
#9538 = EDGE_CURVE('',#9521,#9472,#9539,.T.);
#9539 = ( BOUNDED_CURVE() B_SPLINE_CURVE(6,(#9540,#9541,#9542,#9543,
#9544,#9545,#9546),.UNSPECIFIED.,.F.,.F.) B_SPLINE_CURVE_WITH_KNOTS((7,7
),(0.,2.094395102393),.PIECEWISE_BEZIER_KNOTS.) CURVE() 
GEOMETRIC_REPRESENTATION_ITEM() RATIONAL_B_SPLINE_CURVE((1.056590953773,
    1.017435169568,0.996326512422,0.989390034249,0.996326512422,
1.017435169568,1.056590953773)) REPRESENTATION_ITEM('') );
#9540 = CARTESIAN_POINT('',(0.78349762911,1.891627717E-07,
    -9.190002971362));
#9541 = CARTESIAN_POINT('',(0.765372966608,2.0499847145E-07,
    -9.179539024249));
#9542 = CARTESIAN_POINT('',(0.752600323291,2.1615799764E-07,
    -9.161828209036));
#9543 = CARTESIAN_POINT('',(0.747983547221,2.2019160861E-07,
    -9.140003458762));
#9544 = CARTESIAN_POINT('',(0.752599724232,2.1615826332E-07,
    -9.118178581772));
#9545 = CARTESIAN_POINT('',(0.765371881409,2.0499895248E-07,
    -9.100467415976));
#9546 = CARTESIAN_POINT('',(0.783496256684,1.8916337993E-07,
    -9.090002971371));
#9547 = ( BOUNDED_SURFACE() B_SPLINE_SURFACE(6,10,(
    (#9548,#9549,#9550,#9551,#9552,#9553,#9554,#9555,#9556,#9557,#9558)
    ,(#9559,#9560,#9561,#9562,#9563,#9564,#9565,#9566,#9567,#9568,#9569)
    ,(#9570,#9571,#9572,#9573,#9574,#9575,#9576,#9577,#9578,#9579,#9580)
    ,(#9581,#9582,#9583,#9584,#9585,#9586,#9587,#9588,#9589,#9590,#9591)
    ,(#9592,#9593,#9594,#9595,#9596,#9597,#9598,#9599,#9600,#9601,#9602)
    ,(#9603,#9604,#9605,#9606,#9607,#9608,#9609,#9610,#9611,#9612,#9613)
    ,(#9614,#9615,#9616,#9617,#9618,#9619,#9620,#9621,#9622,#9623,#9624
)),.UNSPECIFIED.,.F.,.F.,.F.) B_SPLINE_SURFACE_WITH_KNOTS((7,7),(11,11),
  (0.,2.094395102393),(0.,6.295904828089),.PIECEWISE_BEZIER_KNOTS.) 
GEOMETRIC_REPRESENTATION_ITEM() RATIONAL_B_SPLINE_SURFACE((
    (1.056590953773,1.056590953773,1.056590953773,1.056590953773
      ,1.056590953773,1.056590953773,1.056590953773,1.056590953773
      ,1.056590953773,1.056590953773,1.056590953773)
    ,(1.017435169568,1.017435169568,1.017435169568,1.017435169569
      ,1.017435169568,1.017435169569,1.017435169568,1.017435169568
      ,1.017435169568,1.017435169568,1.017435169568)
    ,(0.996326512422,0.996326512422,0.996326512422,0.996326512422
      ,0.996326512422,0.996326512422,0.996326512422,0.996326512422
      ,0.996326512422,0.996326512422,0.996326512422)
    ,(0.989390034249,0.989390034249,0.989390034248,0.989390034249
      ,0.989390034248,0.989390034249,0.989390034248,0.989390034249
      ,0.989390034249,0.989390034249,0.989390034249)
    ,(0.996326512422,0.996326512422,0.996326512422,0.996326512422
      ,0.996326512422,0.996326512422,0.996326512422,0.996326512422
      ,0.996326512422,0.996326512422,0.996326512422)
    ,(1.017435169568,1.017435169568,1.017435169568,1.017435169568
      ,1.017435169568,1.017435169569,1.017435169568,1.017435169568
      ,1.017435169568,1.017435169568,1.017435169568)
    ,(1.056590953773,1.056590953773,1.056590953773,1.056590953773
      ,1.056590953773,1.056590953773,1.056590953773,1.056590953773
      ,1.056590953773,1.056590953773,1.056590953773
))) REPRESENTATION_ITEM('') SURFACE() );
#9548 = CARTESIAN_POINT('',(0.783498955804,2.5221626809E-07,
    -8.790003961804));
#9549 = CARTESIAN_POINT('',(0.783497285712,-0.492315589105,
    -8.830002596724));
#9550 = CARTESIAN_POINT('',(0.439837144961,-0.984326933801,
    -8.869977841892));
#9551 = CARTESIAN_POINT('',(-0.247936296539,-1.206201703064,
    -8.91007578595));
#9552 = CARTESIAN_POINT('',(-1.034079286272,-0.895259618471,
    -8.949929342465));
#9553 = CARTESIAN_POINT('',(-1.44971043701,-2.821834633138E-05,
    -8.990003465808));
#9554 = CARTESIAN_POINT('',(-1.033876459627,0.895300068568,
    -9.030077591937));
#9555 = CARTESIAN_POINT('',(-0.248132823724,1.206185837465,
    -9.069931146625));
#9556 = CARTESIAN_POINT('',(0.439904656722,0.984329734219,
    -9.110029091408));
#9557 = CARTESIAN_POINT('',(0.783499338805,0.492316030484,-9.15000433645
    ));
#9558 = CARTESIAN_POINT('',(0.78349762911,1.891627717E-07,
    -9.190002971362));
#9559 = CARTESIAN_POINT('',(0.765374245433,2.733305661E-07,
    -8.779540097607));
#9560 = CARTESIAN_POINT('',(0.765372654581,-0.480929948321,
    -8.819538618247));
#9561 = CARTESIAN_POINT('',(0.429660660377,-0.961531659454,
    -8.859511791029));
#9562 = CARTESIAN_POINT('',(-0.242192420825,-1.178354846383,
    -8.899617934628));
#9563 = CARTESIAN_POINT('',(-1.010177231617,-0.874495974555,
    -8.939459231351));
#9564 = CARTESIAN_POINT('',(-1.416147849169,-2.72491288438E-05,
    -8.979539560181));
#9565 = CARTESIAN_POINT('',(-1.00998178394,0.874534895412,
    -9.019619891695));
#9566 = CARTESIAN_POINT('',(-0.242381938154,1.178339536479,
    -9.059461186658));
#9567 = CARTESIAN_POINT('',(0.429725669676,0.961534388519,
    -9.099567330955));
#9568 = CARTESIAN_POINT('',(0.765374600378,0.480930426651,
    -9.139540503616));
#9569 = CARTESIAN_POINT('',(0.765372966608,2.0499847145E-07,
    -9.179539024249));
#9570 = CARTESIAN_POINT('',(0.752601521094,2.8820998157E-07,
    -8.761829340827));
#9571 = CARTESIAN_POINT('',(0.752600051258,-0.472906350759,
    -8.801827780932));
#9572 = CARTESIAN_POINT('',(0.422490382757,-0.945467601822,
    -8.841799493277));
#9573 = CARTESIAN_POINT('',(-0.238148133123,-1.158730552367,
    -8.881911415203));
#9574 = CARTESIAN_POINT('',(-0.993329543401,-0.859864317016,
    -8.921744072272));
#9575 = CARTESIAN_POINT('',(-1.392495891137,-2.557487424323E-05,
    -8.961828774232));
#9576 = CARTESIAN_POINT('',(-0.993146543251,0.859900697672,
    -9.001913478707));
#9577 = CARTESIAN_POINT('',(-0.23832572977,1.158716194585,
    -9.041746134127));
#9578 = CARTESIAN_POINT('',(0.422551202398,0.945470189621,
    -9.081858056707));
#9579 = CARTESIAN_POINT('',(0.752601838381,0.472906855127,
    -9.121829768938));
#9580 = CARTESIAN_POINT('',(0.752600323291,2.1615799764E-07,
    -9.161828209036));
#9581 = CARTESIAN_POINT('',(0.747984645181,2.9358818798E-07,
    -8.740004611673));
#9582 = CARTESIAN_POINT('',(0.747983316333,-0.470006133838,
    -8.780003022668));
#9583 = CARTESIAN_POINT('',(0.419900417612,-0.939661140717,
    -8.819974207118));
#9584 = CARTESIAN_POINT('',(-0.236691489015,-1.151636718922,
    -8.860088217704));
#9585 = CARTESIAN_POINT('',(-0.987234355777,-0.854576635771,
    -8.899917751826));
#9586 = CARTESIAN_POINT('',(-1.383946632731,-2.349072002361E-05,
    -8.940004034576));
#9587 = CARTESIAN_POINT('',(-0.987066668553,0.854609916073,
    -8.980090319631));
#9588 = CARTESIAN_POINT('',(-0.236854361145,1.151623541618,
    -9.019919852242));
#9589 = CARTESIAN_POINT('',(0.419956102919,0.939663541703,
    -9.060033863427));
#9590 = CARTESIAN_POINT('',(0.747984922168,0.470006647618,
    -9.100005047773));
#9591 = CARTESIAN_POINT('',(0.747983547221,2.2019160861E-07,
    -9.140003458762));
#9592 = CARTESIAN_POINT('',(0.752600722349,2.8821045184E-07,
    -8.718179713565));
#9593 = CARTESIAN_POINT('',(0.752599527733,-0.47290591172,
    -8.758178153666));
#9594 = CARTESIAN_POINT('',(0.422495112811,-0.945466914915,
    -8.798149865921));
#9595 = CARTESIAN_POINT('',(-0.238162650526,-1.158728295116,
    -8.838261788218));
#9596 = CARTESIAN_POINT('',(-0.993313319665,-0.859866604279,
    -8.878094444676));
#9597 = CARTESIAN_POINT('',(-1.392494596937,-2.138912424243E-05,
    -8.918179147086));
#9598 = CARTESIAN_POINT('',(-0.993160923908,0.859896809026,
    -8.958263851589));
#9599 = CARTESIAN_POINT('',(-0.238310769119,1.158716304264,
    -8.998096506675));
#9600 = CARTESIAN_POINT('',(0.422545687422,0.945469118517,
    -9.038208429517));
#9601 = CARTESIAN_POINT('',(0.752600964103,0.472906416089,
    -9.078180141677));
#9602 = CARTESIAN_POINT('',(0.752599724232,2.1615826332E-07,
    -9.118178581772));
#9603 = CARTESIAN_POINT('',(0.765372798501,2.7333141508E-07,
    -8.70046848934));
#9604 = CARTESIAN_POINT('',(0.765371706211,-0.480929153,-8.740467009971)
  );
#9605 = CARTESIAN_POINT('',(0.429669228903,-0.961530415119,
    -8.780440182591));
#9606 = CARTESIAN_POINT('',(-0.242218719205,-1.178350757357,
    -8.820546326862));
#9607 = CARTESIAN_POINT('',(-1.010147842206,-0.874500117948,
    -8.860387622479));
#9608 = CARTESIAN_POINT('',(-1.416145504718,-1.966661297087E-05,
    -8.900467952123));
#9609 = CARTESIAN_POINT('',(-1.010007834601,0.874527851102,
    -8.94054828369));
#9610 = CARTESIAN_POINT('',(-0.24235483683,1.178339735164,
    -8.980389578046));
#9611 = CARTESIAN_POINT('',(0.429715679258,0.961532448208,
    -9.020495722817));
#9612 = CARTESIAN_POINT('',(0.765373016617,0.48092963133,-9.06046889535)
  );
#9613 = CARTESIAN_POINT('',(0.765371881409,2.0499895248E-07,
    -9.100467415976));
#9614 = CARTESIAN_POINT('',(0.783497125903,2.5221734246E-07,
    -8.690003961821));
#9615 = CARTESIAN_POINT('',(0.78349608633,-0.49231458328,-8.730002596729
    ));
#9616 = CARTESIAN_POINT('',(0.439847981374,-0.984325360119,
    -8.769977841693));
#9617 = CARTESIAN_POINT('',(-0.24796955548,-1.20619653177,-8.8100757866)
  );
#9618 = CARTESIAN_POINT('',(-1.034042118176,-0.895264858523,
    -8.849929341717));
#9619 = CARTESIAN_POINT('',(-1.449707472038,-1.862891753446E-05,
    -8.890003466089));
#9620 = CARTESIAN_POINT('',(-1.033909405283,0.895291159795,
    -8.930077592285));
#9621 = CARTESIAN_POINT('',(-0.248098549317,1.206186088737,
    -8.969931146205));
#9622 = CARTESIAN_POINT('',(0.439892022075,0.984327280353,
    -9.010029091587));
#9623 = CARTESIAN_POINT('',(0.783497335859,0.492315024661,
    -9.050004336468));
#9624 = CARTESIAN_POINT('',(0.783496256684,1.8916337993E-07,
    -9.090002971371));
#9625 = ADVANCED_FACE('',(#9626),#9636,.T.);
#9626 = FACE_BOUND('',#9627,.T.);
#9627 = EDGE_LOOP('',(#9628,#9629,#9630,#9631));
#9628 = ORIENTED_EDGE('',*,*,#9288,.F.);
#9629 = ORIENTED_EDGE('',*,*,#9257,.T.);
#9630 = ORIENTED_EDGE('',*,*,#9520,.T.);
#9631 = ORIENTED_EDGE('',*,*,#9632,.F.);
#9632 = EDGE_CURVE('',#9289,#9521,#9633,.T.);
#9633 = B_SPLINE_CURVE_WITH_KNOTS('',1,(#9634,#9635),.UNSPECIFIED.,.F.,
  .F.,(2,2),(0.,0.28),.PIECEWISE_BEZIER_KNOTS.);
#9634 = CARTESIAN_POINT('',(1.025986663543,-2.270234106E-08,
    -9.329999643393));
#9635 = CARTESIAN_POINT('',(0.78349762911,1.8916277169E-07,
    -9.190002971362));
#9636 = B_SPLINE_SURFACE_WITH_KNOTS('',1,10,(
    (#9637,#9638,#9639,#9640,#9641,#9642,#9643,#9644,#9645,#9646,#9647)
    ,(#9648,#9649,#9650,#9651,#9652,#9653,#9654,#9655,#9656,#9657,#9658
    )),.UNSPECIFIED.,.F.,.F.,.F.,(2,2),(11,11),(0.,0.28),(0.,
    6.295904828089),.PIECEWISE_BEZIER_KNOTS.);
#9637 = CARTESIAN_POINT('',(1.025988630685,-3.027095435E-08,
    -8.929999524506));
#9638 = CARTESIAN_POINT('',(1.025985900441,-0.644643558785,
    -8.96999968837));
#9639 = CARTESIAN_POINT('',(0.575987868899,-1.28930387147,
    -9.010002659895));
#9640 = CARTESIAN_POINT('',(-0.324783348201,-1.578763530795,
    -9.049990902674));
#9641 = CARTESIAN_POINT('',(-1.353863787294,-1.173055465102,
    -9.090008482374));
#9642 = CARTESIAN_POINT('',(-1.898742771706,-4.118546503928E-05,
    -9.129999582803));
#9643 = CARTESIAN_POINT('',(-1.35356223777,1.17311637483,-9.169990687353
    ));
#9644 = CARTESIAN_POINT('',(-0.325073659935,1.578740230571,
    -9.210008264353));
#9645 = CARTESIAN_POINT('',(0.576088860973,1.289307626512,
    -9.249996508198));
#9646 = CARTESIAN_POINT('',(1.025989389034,0.644643505813,
    -9.289999479542));
#9647 = CARTESIAN_POINT('',(1.025986663543,-2.270234106E-08,
    -9.329999643393));
#9648 = CARTESIAN_POINT('',(0.783498955804,2.5221626834E-07,
    -8.790003961804));
#9649 = CARTESIAN_POINT('',(0.783497285712,-0.492315589105,
    -8.830002596724));
#9650 = CARTESIAN_POINT('',(0.439837144961,-0.984326933801,
    -8.869977841891));
#9651 = CARTESIAN_POINT('',(-0.247936296539,-1.206201703065,
    -8.910075785952));
#9652 = CARTESIAN_POINT('',(-1.034079286272,-0.895259618471,
    -8.949929342463));
#9653 = CARTESIAN_POINT('',(-1.449710437011,-2.821834658984E-05,
    -8.99000346581));
#9654 = CARTESIAN_POINT('',(-1.033876459627,0.895300068568,
    -9.030077591936));
#9655 = CARTESIAN_POINT('',(-0.248132823724,1.206185837465,
    -9.069931146626));
#9656 = CARTESIAN_POINT('',(0.439904656722,0.984329734219,
    -9.110029091407));
#9657 = CARTESIAN_POINT('',(0.783499338805,0.492316030484,-9.15000433645
    ));
#9658 = CARTESIAN_POINT('',(0.78349762911,1.8916277169E-07,
    -9.190002971362));
#9659 = ADVANCED_FACE('',(#9660),#9837,.T.);
#9660 = FACE_BOUND('',#9661,.F.);
#9661 = EDGE_LOOP('',(#9662,#9739,#9740,#9831));
#9662 = ORIENTED_EDGE('',*,*,#9663,.F.);
#9663 = EDGE_CURVE('',#9289,#9664,#9666,.T.);
#9664 = VERTEX_POINT('',#9665);
#9665 = CARTESIAN_POINT('',(1.,5.56E-13,-9.714997807804));
#9666 = B_SPLINE_CURVE_WITH_KNOTS('',6,(#9667,#9668,#9669,#9670,#9671,
    #9672,#9673,#9674,#9675,#9676,#9677,#9678,#9679,#9680,#9681,#9682,
    #9683,#9684,#9685,#9686,#9687,#9688,#9689,#9690,#9691,#9692,#9693,
    #9694,#9695,#9696,#9697,#9698,#9699,#9700,#9701,#9702,#9703,#9704,
    #9705,#9706,#9707,#9708,#9709,#9710,#9711,#9712,#9713,#9714,#9715,
    #9716,#9717,#9718,#9719,#9720,#9721,#9722,#9723,#9724,#9725,#9726,
    #9727,#9728,#9729,#9730,#9731,#9732,#9733,#9734,#9735,#9736,#9737,
    #9738),.UNSPECIFIED.,.F.,.F.,(7,5,5,5,5,5,5,5,5,5,5,5,5,5,7),(0.,
    5.299982307793E-02,9.899968477171E-02,0.152578601536,0.255577576595,
    0.36506456013,0.433225355374,0.496024435566,0.566966588206,
    0.634296801206,0.738020398815,0.84987220664,0.8690552926,
    0.949007074273,1.),.UNSPECIFIED.);
#9667 = CARTESIAN_POINT('',(1.,2.47224E-12,-9.314996711728));
#9668 = CARTESIAN_POINT('',(1.,-5.549999415283E-02,-9.318530087884));
#9669 = CARTESIAN_POINT('',(0.99630366337,-0.111000503483,
    -9.322063253987));
#9670 = CARTESIAN_POINT('',(0.988911041746,-0.166192110781,
    -9.325596647851));
#9671 = CARTESIAN_POINT('',(0.977856559775,-0.220767851162,
    -9.329130587272));
#9672 = CARTESIAN_POINT('',(0.963208250295,-0.274426641985,
    -9.332665148817));
#9673 = CARTESIAN_POINT('',(0.929321739068,-0.372399430806,
    -9.339268072114));
#9674 = CARTESIAN_POINT('',(0.910945058191,-0.417012291757,
    -9.342336401768));
#9675 = CARTESIAN_POINT('',(0.89000285275,-0.460524743815,
    -9.345404880906));
#9676 = CARTESIAN_POINT('',(0.866579058239,-0.502753401377,
    -9.348473333564));
#9677 = CARTESIAN_POINT('',(0.840774818537,-0.543523716454,
    -9.351541577948));
#9678 = CARTESIAN_POINT('',(0.780016094597,-0.628269697547,
    -9.358182775007));
#9679 = CARTESIAN_POINT('',(0.744253921511,-0.67166748378,
    -9.361755654943));
#9680 = CARTESIAN_POINT('',(0.705607047511,-0.712605514515,
    -9.365327768354));
#9681 = CARTESIAN_POINT('',(0.664289434386,-0.750846707184,
    -9.368899068169));
#9682 = CARTESIAN_POINT('',(0.620540198154,-0.786179314427,
    -9.372469640707));
#9683 = CARTESIAN_POINT('',(0.486346039668,-0.880398365927,
    -9.38290233455));
#9684 = CARTESIAN_POINT('',(0.390036405846,-0.930960361879,
    -9.389763850536));
#9685 = CARTESIAN_POINT('',(0.287566618784,-0.968780806769,
    -9.396623029253));
#9686 = CARTESIAN_POINT('',(0.181058565799,-0.992991626669,
    -9.403483710942));
#9687 = CARTESIAN_POINT('',(7.276290184033E-02,-1.003164338844,
    -9.410348160955));
#9688 = CARTESIAN_POINT('',(-0.149608555505,-0.995370350426,
    -9.424512323777));
#9689 = CARTESIAN_POINT('',(-0.263658147309,-0.975589340548,
    -9.43181466313));
#9690 = CARTESIAN_POINT('',(-0.374416604199,-0.940130004972,
    -9.439117951419));
#9691 = CARTESIAN_POINT('',(-0.47922895338,-0.88973641503,
    -9.446421705805));
#9692 = CARTESIAN_POINT('',(-0.575653436792,-0.825692802589,
    -9.453725805837));
#9693 = CARTESIAN_POINT('',(-0.715146078648,-0.702610000482,
    -9.465572389264));
#9694 = CARTESIAN_POINT('',(-0.764623742298,-0.65079934553,
    -9.470117274268));
#9695 = CARTESIAN_POINT('',(-0.809563651926,-0.594839048597,
    -9.474661317085));
#9696 = CARTESIAN_POINT('',(-0.849538946672,-0.535231378298,
    -9.479204776051));
#9697 = CARTESIAN_POINT('',(-0.884198100739,-0.472533847678,
    -9.483748027696));
#9698 = CARTESIAN_POINT('',(-0.940060675824,-0.347290182303,
    -9.492476717736));
#9699 = CARTESIAN_POINT('',(-0.96210931802,-0.285117424722,
    -9.496662374554));
#9700 = CARTESIAN_POINT('',(-0.979209291205,-0.221300026452,
    -9.500848045923));
#9701 = CARTESIAN_POINT('',(-0.991214685172,-0.156331590856,
    -9.505034010286));
#9702 = CARTESIAN_POINT('',(-0.998045172567,-9.072047195047E-02,
    -9.50922047256));
#9703 = CARTESIAN_POINT('',(-1.001543690784,4.928271912184E-02,
    -9.518136881593));
#9704 = CARTESIAN_POINT('',(-0.996779162261,0.123714241059,
    -9.522867166428));
#9705 = CARTESIAN_POINT('',(-0.985375764885,0.197570878532,
    -9.527597751659));
#9706 = CARTESIAN_POINT('',(-0.96742539968,0.270115230165,
    -9.532328591292));
#9707 = CARTESIAN_POINT('',(-0.943127293303,0.340631309025,
    -9.537059544848));
#9708 = CARTESIAN_POINT('',(-0.883987254386,0.472797689431,
    -9.546279598922));
#9709 = CARTESIAN_POINT('',(-0.849743546285,0.534720213759,
    -9.550769006914));
#9710 = CARTESIAN_POINT('',(-0.810312865334,0.593628702026,
    -9.555257713635));
#9711 = CARTESIAN_POINT('',(-0.76603368425,0.648985668959,
    -9.559745682309));
#9712 = CARTESIAN_POINT('',(-0.717316285424,0.700306128039,
    -9.564233017329));
#9713 = CARTESIAN_POINT('',(-0.583478988973,0.819359654532,
    -9.57563136876));
#9714 = CARTESIAN_POINT('',(-0.492900834249,0.880984075986,
    -9.582542700128));
#9715 = CARTESIAN_POINT('',(-0.394647811114,0.930477269021,
    -9.589451934138));
#9716 = CARTESIAN_POINT('',(-0.290773294379,0.966713049634,
    -9.596361942895));
#9717 = CARTESIAN_POINT('',(-0.183513389805,0.988999587081,
    -9.603275554153));
#9718 = CARTESIAN_POINT('',(4.159007880445E-02,1.005976658535,
    -9.617647561433));
#9719 = CARTESIAN_POINT('',(0.159647374491,0.998370980151,
    -9.625108869519));
#9720 = CARTESIAN_POINT('',(0.276028864798,0.974118177127,
    -9.632571541809));
#9721 = CARTESIAN_POINT('',(0.387835055899,0.933711586515,
    -9.640035482783));
#9722 = CARTESIAN_POINT('',(0.492335745514,0.878251167511,
    -9.647498838103));
#9723 = CARTESIAN_POINT('',(0.603411591217,0.797682892478,
    -9.656236986135));
#9724 = CARTESIAN_POINT('',(0.619388412386,0.785495959046,
    -9.657516135208));
#9725 = CARTESIAN_POINT('',(0.635069075669,0.772925612121,
    -9.658795192783));
#9726 = CARTESIAN_POINT('',(0.650442119913,0.759980890209,
    -9.660074157193));
#9727 = CARTESIAN_POINT('',(0.66549645619,0.746671286079,-9.661353028976
    ));
#9728 = CARTESIAN_POINT('',(0.741592250487,0.676055312203,-9.66796155246
    ));
#9729 = CARTESIAN_POINT('',(0.797243834714,0.612935116363,
    -9.673290036735));
#9730 = CARTESIAN_POINT('',(0.846394484146,0.544371581525,
    -9.678616742335));
#9731 = CARTESIAN_POINT('',(0.888395476937,0.471211068755,
    -9.683943201308));
#9732 = CARTESIAN_POINT('',(0.922746910442,0.394394987083,
    -9.689271016482));
#9733 = CARTESIAN_POINT('',(0.965930178562,0.264253941698,
    -9.697998605891));
#9734 = CARTESIAN_POINT('',(0.979499470454,0.212495979822,-9.70139788357
    ));
#9735 = CARTESIAN_POINT('',(0.989734953295,0.15992089641,-9.704797736623
    ));
#9736 = CARTESIAN_POINT('',(0.996578298303,0.10679723716,-9.708197988382
    ));
#9737 = CARTESIAN_POINT('',(1.,5.339842983707E-02,-9.711598233019));
#9738 = CARTESIAN_POINT('',(1.,1.1191E-12,-9.714997807804));
#9739 = ORIENTED_EDGE('',*,*,#9457,.T.);
#9740 = ORIENTED_EDGE('',*,*,#9741,.T.);
#9741 = EDGE_CURVE('',#9367,#9742,#9744,.T.);
#9742 = VERTEX_POINT('',#9743);
#9743 = CARTESIAN_POINT('',(1.,1.1E-14,-9.765000171681));
#9744 = B_SPLINE_CURVE_WITH_KNOTS('',7,(#9745,#9746,#9747,#9748,#9749,
    #9750,#9751,#9752,#9753,#9754,#9755,#9756,#9757,#9758,#9759,#9760,
    #9761,#9762,#9763,#9764,#9765,#9766,#9767,#9768,#9769,#9770,#9771,
    #9772,#9773,#9774,#9775,#9776,#9777,#9778,#9779,#9780,#9781,#9782,
    #9783,#9784,#9785,#9786,#9787,#9788,#9789,#9790,#9791,#9792,#9793,
    #9794,#9795,#9796,#9797,#9798,#9799,#9800,#9801,#9802,#9803,#9804,
    #9805,#9806,#9807,#9808,#9809,#9810,#9811,#9812,#9813,#9814,#9815,
    #9816,#9817,#9818,#9819,#9820,#9821,#9822,#9823,#9824,#9825,#9826,
    #9827,#9828,#9829,#9830),.UNSPECIFIED.,.F.,.F.,(8,6,6,6,6,6,6,6,6,6,
    6,6,6,6,8),(0.,5.110605427294E-02,9.610825276029E-02,0.148033067372,
    0.262037094828,0.362134309218,0.43003042674,0.498033518192,
    0.536532405804,0.555533494293,0.738052451179,0.845528869036,
    0.899924157847,0.946926755619,1.),.UNSPECIFIED.);
#9745 = CARTESIAN_POINT('',(1.,1.8407E-13,-9.365000343365));
#9746 = CARTESIAN_POINT('',(1.,-4.586892803537E-02,-9.367920433177));
#9747 = CARTESIAN_POINT('',(0.997545359649,-9.173813904405E-02,
    -9.370840835829));
#9748 = CARTESIAN_POINT('',(0.992636109297,-0.137449184856,
    -9.373761253644));
#9749 = CARTESIAN_POINT('',(0.985285005819,-0.182844508559,
    -9.376681479827));
#9750 = CARTESIAN_POINT('',(0.975517355849,-0.227768254385,
    -9.379601392139));
#9751 = CARTESIAN_POINT('',(0.963370839015,-0.272067077599,
    -9.382520946582));
#9752 = CARTESIAN_POINT('',(0.93614870679,-0.353916553365,
    -9.388010737753));
#9753 = CARTESIAN_POINT('',(0.921596066402,-0.391641680572,
    -9.390581071985));
#9754 = CARTESIAN_POINT('',(0.905271444626,-0.428664001037,
    -9.39315118465));
#9755 = CARTESIAN_POINT('',(0.887215986973,-0.464883899078,
    -9.395721152926));
#9756 = CARTESIAN_POINT('',(0.867477746586,-0.500204909259,
    -9.398291085308));
#9757 = CARTESIAN_POINT('',(0.846111481001,-0.534534147345,
    -9.400861086622));
#9758 = CARTESIAN_POINT('',(0.796717665184,-0.606145913138,
    -9.40639671943));
#9759 = CARTESIAN_POINT('',(0.768170670019,-0.643070889902,
    -9.409362432361));
#9760 = CARTESIAN_POINT('',(0.737631644134,-0.678421022498,
    -9.412328461388));
#9761 = CARTESIAN_POINT('',(0.705205536825,-0.712067916379,
    -9.415294914504));
#9762 = CARTESIAN_POINT('',(0.67100737351,-0.743892162248,
    -9.418261870734));
#9763 = CARTESIAN_POINT('',(0.635161563285,-0.773784066797,
    -9.421229342722));
#9764 = CARTESIAN_POINT('',(0.515774314846,-0.862813370351,
    -9.430713433331));
#9765 = CARTESIAN_POINT('',(0.426430115868,-0.914201365724,
    -9.437232941148));
#9766 = CARTESIAN_POINT('',(0.331195458271,-0.954735169507,
    -9.443753331238));
#9767 = CARTESIAN_POINT('',(0.231662402526,-0.983636981631,
    -9.450273189493));
#9768 = CARTESIAN_POINT('',(0.129531361301,-1.000413588328,
    -9.456792013852));
#9769 = CARTESIAN_POINT('',(2.65622217156E-02,-1.004870113316,
    -9.463309402028));
#9770 = CARTESIAN_POINT('',(-0.165049314692,-0.990368497842,
    -9.475543034643));
#9771 = CARTESIAN_POINT('',(-0.253931377161,-0.974198508587,
    -9.481261531366));
#9772 = CARTESIAN_POINT('',(-0.340914088999,-0.948725614688,
    -9.48697804594));
#9773 = CARTESIAN_POINT('',(-0.424835349812,-0.914230794486,
    -9.492693376116));
#9774 = CARTESIAN_POINT('',(-0.504589507151,-0.871168169569,
    -9.498408916181));
#9775 = CARTESIAN_POINT('',(-0.57915197915,-0.820155128762,
    -9.504125519041));
#9776 = CARTESIAN_POINT('',(-0.694042847796,-0.722508232123,
    -9.513720167404));
#9777 = CARTESIAN_POINT('',(-0.737672281782,-0.679741059562,
    -9.517598432659));
#9778 = CARTESIAN_POINT('',(-0.778213334608,-0.633912618476,
    -9.521477146356));
#9779 = CARTESIAN_POINT('',(-0.815410305029,-0.585292372267,
    -9.525356346271));
#9780 = CARTESIAN_POINT('',(-0.849037663606,-0.534175226036,
    -9.529236057293));
#9781 = CARTESIAN_POINT('',(-0.878902357921,-0.480878478404,
    -9.533116193181));
#9782 = CARTESIAN_POINT('',(-0.930830753426,-0.37051219274,
    -9.540882837013));
#9783 = CARTESIAN_POINT('',(-0.9528832517,-0.313434363969,
    -9.544769523374));
#9784 = CARTESIAN_POINT('',(-0.970844555475,-0.25484351529,
    -9.548656223742));
#9785 = CARTESIAN_POINT('',(-0.984592956614,-0.195092286373,
    -9.552542808285));
#9786 = CARTESIAN_POINT('',(-0.994044927506,-0.134544014274,
    -9.556429223221));
#9787 = CARTESIAN_POINT('',(-0.999155952598,-7.356901942531E-02,
    -9.560315403056));
#9788 = CARTESIAN_POINT('',(-1.000354683325,2.200922931547E-02,
    -9.566401056303));
#9789 = CARTESIAN_POINT('',(-0.999395221084,5.657701020647E-02,
    -9.568600830714));
#9790 = CARTESIAN_POINT('',(-0.997042153703,9.109469340096E-02,
    -9.570800502455));
#9791 = CARTESIAN_POINT('',(-0.993298707203,0.12549495922,-9.57300007383
    ));
#9792 = CARTESIAN_POINT('',(-0.98817215312,0.159710925959,
    -9.575199553044));
#9793 = CARTESIAN_POINT('',(-0.981673808508,0.193676149886,-9.5773989542
    ));
#9794 = CARTESIAN_POINT('',(-0.969942320587,0.243931797489,
    -9.580683780943));
#9795 = CARTESIAN_POINT('',(-0.965735184059,0.260461863917,
    -9.581769250773));
#9796 = CARTESIAN_POINT('',(-0.96119946921,0.276906925423,
    -9.582854709173));
#9797 = CARTESIAN_POINT('',(-0.956337250602,0.293259151453,
    -9.583940158701));
#9798 = CARTESIAN_POINT('',(-0.951150834506,0.309510780001,
    -9.585025602082));
#9799 = CARTESIAN_POINT('',(-0.945642758898,0.325654117614,
    -9.586111042211));
#9800 = CARTESIAN_POINT('',(-0.883843649877,0.495636314439,
    -9.597622904098));
#9801 = CARTESIAN_POINT('',(-0.798381303371,0.639078441665,
    -9.608061690583));
#9802 = CARTESIAN_POINT('',(-0.685878607645,0.764872469782,
    -9.61849218467));
#9803 = CARTESIAN_POINT('',(-0.550971218918,0.867114933471,
    -9.628926366363));
#9804 = CARTESIAN_POINT('',(-0.399449906569,0.941420417501,
    -9.639366752512));
#9805 = CARTESIAN_POINT('',(-0.238247162731,0.984922922655,
    -9.649813164115));
#9806 = CARTESIAN_POINT('',(2.129711156515E-02,1.004415897829,
    -9.666382928524));
#9807 = CARTESIAN_POINT('',(0.118314917268,1.000816054169,
    -9.672522948472));
#9808 = CARTESIAN_POINT('',(0.214672927725,0.98627517267,-9.678660235037
    ));
#9809 = CARTESIAN_POINT('',(0.308896723369,0.960940393136,
    -9.684795441942));
#9810 = CARTESIAN_POINT('',(0.399555496214,0.925195955633,
    -9.690930628381));
#9811 = CARTESIAN_POINT('',(0.485298602806,0.879653729295,
    -9.697067576153));
#9812 = CARTESIAN_POINT('',(0.605183493615,0.797581677228,
    -9.706311889132));
#9813 = CARTESIAN_POINT('',(0.643899013166,0.767707296643,
    -9.709418827733));
#9814 = CARTESIAN_POINT('',(0.680886426777,0.735645844339,
    -9.712526299958));
#9815 = CARTESIAN_POINT('',(0.715998156847,0.70151815568,-9.715634352152
    ));
#9816 = CARTESIAN_POINT('',(0.749097517975,0.665457150548,
    -9.718742987407));
#9817 = CARTESIAN_POINT('',(0.780059621092,0.627606939293,
    -9.721852125385));
#9818 = CARTESIAN_POINT('',(0.8335826881,0.554003200515,-9.727648405204)
  );
#9819 = CARTESIAN_POINT('',(0.85671386642,0.5186633904,-9.73033550776));
#9820 = CARTESIAN_POINT('',(0.878093499387,0.482202012534,
    -9.733022755055));
#9821 = CARTESIAN_POINT('',(0.897656902458,0.444723531492,
    -9.735710027652));
#9822 = CARTESIAN_POINT('',(0.915347282007,0.406336831537,
    -9.738397208962));
#9823 = CARTESIAN_POINT('',(0.931115997614,0.367154685949,
    -9.741084192779));
#9824 = CARTESIAN_POINT('',(0.960512879473,0.282283437789,
    -9.746804590843));
#9825 = CARTESIAN_POINT('',(0.973601750334,0.236406881726,
    -9.749837976322));
#9826 = CARTESIAN_POINT('',(0.984131493863,0.189830912654,
    -9.752870892959));
#9827 = CARTESIAN_POINT('',(0.992058308654,0.142726901465,
    -9.755903358758));
#9828 = CARTESIAN_POINT('',(0.997352759177,9.526925591896E-02,
    -9.758935533358));
#9829 = CARTESIAN_POINT('',(1.,4.763444112209E-02,-9.761967687365));
#9830 = CARTESIAN_POINT('',(1.,2.054E-14,-9.765000171681));
#9831 = ORIENTED_EDGE('',*,*,#9832,.F.);
#9832 = EDGE_CURVE('',#9664,#9742,#9833,.T.);
#9833 = LINE('',#9834,#9835);
#9834 = CARTESIAN_POINT('',(1.,0.,-1.E-01));
#9835 = VECTOR('',#9836,1.);
#9836 = DIRECTION('',(0.,0.,-1.));
#9837 = CYLINDRICAL_SURFACE('',#9838,1.);
#9838 = AXIS2_PLACEMENT_3D('',#9839,#9840,#9841);
#9839 = CARTESIAN_POINT('',(0.,0.,-1.E-01));
#9840 = DIRECTION('',(-0.,-0.,-1.));
#9841 = DIRECTION('',(1.,0.,0.));
#9842 = ADVANCED_FACE('',(#9843),#9868,.T.);
#9843 = FACE_BOUND('',#9844,.T.);
#9844 = EDGE_LOOP('',(#9845,#9861,#9862,#9863));
#9845 = ORIENTED_EDGE('',*,*,#9846,.F.);
#9846 = EDGE_CURVE('',#9472,#9847,#9849,.T.);
#9847 = VERTEX_POINT('',#9848);
#9848 = CARTESIAN_POINT('',(0.783495387469,1.26109147E-07,
    -9.490001980918));
#9849 = ( BOUNDED_CURVE() B_SPLINE_CURVE(10,(#9850,#9851,#9852,#9853,
    #9854,#9855,#9856,#9857,#9858,#9859,#9860),.UNSPECIFIED.,.F.,.F.) 
B_SPLINE_CURVE_WITH_KNOTS((11,11),(0.,6.295904828089),
.PIECEWISE_BEZIER_KNOTS.) CURVE() GEOMETRIC_REPRESENTATION_ITEM() 
RATIONAL_B_SPLINE_CURVE((1.056590953773,1.056590953773,1.056590953773,
    1.056590953773,1.056590953773,1.056590953773,1.056590953773,
    1.056590953773,1.056590953773,1.056590953773,1.056590953773)) 
REPRESENTATION_ITEM('') );
#9850 = CARTESIAN_POINT('',(0.783496256684,1.8916338326E-07,
    -9.090002971371));
#9851 = CARTESIAN_POINT('',(0.783495177508,-0.492314100307,
    -9.130001606274));
#9852 = CARTESIAN_POINT('',(0.439847414087,-0.984324302322,
    -9.169976851138));
#9853 = CARTESIAN_POINT('',(-0.247969377058,-1.206195176291,
    -9.210074796439));
#9854 = CARTESIAN_POINT('',(-1.034041043958,-0.895263779641,
    -9.249928350967));
#9855 = CARTESIAN_POINT('',(-1.449705862454,-1.851206054179E-05,
    -9.290002475637));
#9856 = CARTESIAN_POINT('',(-1.033908187285,0.895290247052,
    -9.330076602131));
#9857 = CARTESIAN_POINT('',(-0.248098176476,1.206184773303,
    -9.369930155463));
#9858 = CARTESIAN_POINT('',(0.439891613161,0.984326151732,
    -9.410028101239));
#9859 = CARTESIAN_POINT('',(0.783496506248,0.492314415579,-9.45000334602
    ));
#9860 = CARTESIAN_POINT('',(0.783495387469,1.2610915806E-07,
    -9.490001980918));
#9861 = ORIENTED_EDGE('',*,*,#9489,.T.);
#9862 = ORIENTED_EDGE('',*,*,#9366,.T.);
#9863 = ORIENTED_EDGE('',*,*,#9864,.F.);
#9864 = EDGE_CURVE('',#9847,#9367,#9865,.T.);
#9865 = B_SPLINE_CURVE_WITH_KNOTS('',1,(#9866,#9867),.UNSPECIFIED.,.F.,
  .F.,(2,2),(0.,0.28),.PIECEWISE_BEZIER_KNOTS.);
#9866 = CARTESIAN_POINT('',(0.783495387469,1.2610915879E-07,
    -9.490001980918));
#9867 = CARTESIAN_POINT('',(1.025981219588,-1.513326904E-08,
    -9.349999762287));
#9868 = B_SPLINE_SURFACE_WITH_KNOTS('',1,10,(
    (#9869,#9870,#9871,#9872,#9873,#9874,#9875,#9876,#9877,#9878,#9879)
    ,(#9880,#9881,#9882,#9883,#9884,#9885,#9886,#9887,#9888,#9889,#9890
    )),.UNSPECIFIED.,.F.,.F.,.F.,(2,2),(11,11),(0.,0.28),(0.,
    6.295904828089),.PIECEWISE_BEZIER_KNOTS.);
#9869 = CARTESIAN_POINT('',(0.783496256684,1.8916338241E-07,
    -9.090002971371));
#9870 = CARTESIAN_POINT('',(0.783495177508,-0.492314100307,
    -9.130001606275));
#9871 = CARTESIAN_POINT('',(0.439847414087,-0.984324302322,
    -9.169976851137));
#9872 = CARTESIAN_POINT('',(-0.247969377058,-1.206195176292,
    -9.210074796441));
#9873 = CARTESIAN_POINT('',(-1.034041043958,-0.895263779641,
    -9.249928350965));
#9874 = CARTESIAN_POINT('',(-1.449705862455,-1.851206059267E-05,
    -9.290002475639));
#9875 = CARTESIAN_POINT('',(-1.033908187285,0.895290247052,
    -9.33007660213));
#9876 = CARTESIAN_POINT('',(-0.248098176476,1.206184773303,
    -9.369930155464));
#9877 = CARTESIAN_POINT('',(0.439891613161,0.984326151732,
    -9.410028101238));
#9878 = CARTESIAN_POINT('',(0.783496506248,0.492314415579,-9.45000334602
    ));
#9879 = CARTESIAN_POINT('',(0.783495387469,1.2610915879E-07,
    -9.490001980918));
#9880 = CARTESIAN_POINT('',(1.025981448324,-2.270002781E-08,
    -8.949999643429));
#9881 = CARTESIAN_POINT('',(1.025981118807,-0.644639585396,
    -8.989999807247));
#9882 = CARTESIAN_POINT('',(0.576028928325,-1.289297599548,
    -9.03000277797));
#9883 = CARTESIAN_POINT('',(-0.324909647977,-1.578743530849,
    -9.069991024078));
#9884 = CARTESIAN_POINT('',(-1.353722238302,-1.173075125217,
    -9.110008598311));
#9885 = CARTESIAN_POINT('',(-1.898731081244,-4.75965760938E-06,
    -9.149999702726));
#9886 = CARTESIAN_POINT('',(-1.353687138293,1.173082249472,
    -9.189990807614));
#9887 = CARTESIAN_POINT('',(-0.324943356323,1.578740831578,
    -9.230008381538));
#9888 = CARTESIAN_POINT('',(0.576040711366,1.289298018392,
    -9.269996627767));
#9889 = CARTESIAN_POINT('',(1.025981544352,0.644639547563,-9.30999959847
    ));
#9890 = CARTESIAN_POINT('',(1.025981219588,-1.513326904E-08,
    -9.349999762287));
#9891 = ADVANCED_FACE('',(#9892),#9922,.T.);
#9892 = FACE_BOUND('',#9893,.T.);
#9893 = EDGE_LOOP('',(#9894,#9910,#9911,#9912));
#9894 = ORIENTED_EDGE('',*,*,#9895,.F.);
#9895 = EDGE_CURVE('',#9521,#9896,#9898,.T.);
#9896 = VERTEX_POINT('',#9897);
#9897 = CARTESIAN_POINT('',(0.783496302419,1.26108876E-07,
    -9.590001980914));
#9898 = B_SPLINE_CURVE_WITH_KNOTS('',10,(#9899,#9900,#9901,#9902,#9903,
    #9904,#9905,#9906,#9907,#9908,#9909),.UNSPECIFIED.,.F.,.F.,(11,11),(
    0.,6.295904828089),.PIECEWISE_BEZIER_KNOTS.);
#9899 = CARTESIAN_POINT('',(0.78349762911,1.8916277582E-07,
    -9.190002971362));
#9900 = CARTESIAN_POINT('',(0.783495919414,-0.492314818753,
    -9.230001606274));
#9901 = CARTESIAN_POINT('',(0.439836320784,-0.984325300639,
    -9.269976851288));
#9902 = CARTESIAN_POINT('',(-0.24793597305,-1.206199644726,
    -9.310074795952));
#9903 = CARTESIAN_POINT('',(-1.034077608848,-0.895258015487,
    -9.349928351561));
#9904 = CARTESIAN_POINT('',(-1.449707980291,-2.81014900736E-05,
    -9.390002475367));
#9905 = CARTESIAN_POINT('',(-1.033874638423,0.895298631722,
    -9.430076601943));
#9906 = CARTESIAN_POINT('',(-0.248132305817,1.206183819169,
    -9.469930155738));
#9907 = CARTESIAN_POINT('',(0.439903990917,0.984328030234,
    -9.510028101118));
#9908 = CARTESIAN_POINT('',(0.783498051717,0.492315134024,-9.55000334601
    ));
#9909 = CARTESIAN_POINT('',(0.783496302419,1.2610888838E-07,
    -9.590001980914));
#9910 = ORIENTED_EDGE('',*,*,#9538,.T.);
#9911 = ORIENTED_EDGE('',*,*,#9846,.T.);
#9912 = ORIENTED_EDGE('',*,*,#9913,.F.);
#9913 = EDGE_CURVE('',#9896,#9847,#9914,.T.);
#9914 = ( BOUNDED_CURVE() B_SPLINE_CURVE(6,(#9915,#9916,#9917,#9918,
#9919,#9920,#9921),.UNSPECIFIED.,.F.,.F.) B_SPLINE_CURVE_WITH_KNOTS((7,7
),(0.,2.094395102393),.PIECEWISE_BEZIER_KNOTS.) CURVE() 
GEOMETRIC_REPRESENTATION_ITEM() RATIONAL_B_SPLINE_CURVE((1.056590953773,
    1.017435169568,0.996326512422,0.989390034249,0.996326512422,
1.017435169568,1.056590953773)) REPRESENTATION_ITEM('') );
#9915 = CARTESIAN_POINT('',(0.783496302419,1.2610888847E-07,
    -9.590001980914));
#9916 = CARTESIAN_POINT('',(0.765371687788,1.3666600368E-07,
    -9.579537950884));
#9917 = CARTESIAN_POINT('',(0.752599125494,1.4410566229E-07,
    -9.561827077241));
#9918 = CARTESIAN_POINT('',(0.747982449267,1.4679470714E-07,
    -9.540002305846));
#9919 = CARTESIAN_POINT('',(0.752598726121,1.4410578092E-07,
    -9.518177449974));
#9920 = CARTESIAN_POINT('',(0.765370964322,1.366662184E-07,
    -9.500466342608));
#9921 = CARTESIAN_POINT('',(0.783495387469,1.2610915806E-07,
    -9.490001980918));
#9922 = ( BOUNDED_SURFACE() B_SPLINE_SURFACE(6,10,(
    (#9923,#9924,#9925,#9926,#9927,#9928,#9929,#9930,#9931,#9932,#9933)
    ,(#9934,#9935,#9936,#9937,#9938,#9939,#9940,#9941,#9942,#9943,#9944)
    ,(#9945,#9946,#9947,#9948,#9949,#9950,#9951,#9952,#9953,#9954,#9955)
    ,(#9956,#9957,#9958,#9959,#9960,#9961,#9962,#9963,#9964,#9965,#9966)
    ,(#9967,#9968,#9969,#9970,#9971,#9972,#9973,#9974,#9975,#9976,#9977)
    ,(#9978,#9979,#9980,#9981,#9982,#9983,#9984,#9985,#9986,#9987,#9988)
    ,(#9989,#9990,#9991,#9992,#9993,#9994,#9995,#9996,#9997,#9998,#9999
)),.UNSPECIFIED.,.F.,.F.,.F.) B_SPLINE_SURFACE_WITH_KNOTS((7,7),(11,11),
  (0.,2.094395102393),(0.,6.295904828089),.PIECEWISE_BEZIER_KNOTS.) 
GEOMETRIC_REPRESENTATION_ITEM() RATIONAL_B_SPLINE_SURFACE((
    (1.056590953773,1.056590953773,1.056590953773,1.056590953773
      ,1.056590953773,1.056590953773,1.056590953773,1.056590953773
      ,1.056590953773,1.056590953773,1.056590953773)
    ,(1.017435169568,1.017435169568,1.017435169568,1.017435169569
      ,1.017435169568,1.017435169569,1.017435169568,1.017435169568
      ,1.017435169568,1.017435169568,1.017435169568)
    ,(0.996326512422,0.996326512422,0.996326512422,0.996326512422
      ,0.996326512422,0.996326512422,0.996326512422,0.996326512422
      ,0.996326512422,0.996326512422,0.996326512422)
    ,(0.989390034249,0.989390034249,0.989390034248,0.989390034249
      ,0.989390034248,0.989390034249,0.989390034248,0.989390034249
      ,0.989390034249,0.989390034249,0.989390034249)
    ,(0.996326512422,0.996326512422,0.996326512422,0.996326512422
      ,0.996326512422,0.996326512422,0.996326512422,0.996326512422
      ,0.996326512422,0.996326512422,0.996326512422)
    ,(1.017435169568,1.017435169568,1.017435169568,1.017435169568
      ,1.017435169568,1.017435169569,1.017435169568,1.017435169568
      ,1.017435169568,1.017435169568,1.017435169568)
    ,(1.056590953773,1.056590953773,1.056590953773,1.056590953773
      ,1.056590953773,1.056590953773,1.056590953773,1.056590953773
      ,1.056590953773,1.056590953773,1.056590953773
))) REPRESENTATION_ITEM('') SURFACE() );
#9923 = CARTESIAN_POINT('',(0.78349762911,1.8916277492E-07,
    -9.190002971362));
#9924 = CARTESIAN_POINT('',(0.783495919414,-0.492314818753,
    -9.230001606274));
#9925 = CARTESIAN_POINT('',(0.439836320784,-0.98432530064,-9.26997685129
    ));
#9926 = CARTESIAN_POINT('',(-0.24793597305,-1.206199644726,
    -9.310074795948));
#9927 = CARTESIAN_POINT('',(-1.034077608849,-0.895258015487,
    -9.349928351566));
#9928 = CARTESIAN_POINT('',(-1.449707980291,-2.810148999777E-05,
    -9.390002475362));
#9929 = CARTESIAN_POINT('',(-1.033874638423,0.895298631722,
    -9.430076601947));
#9930 = CARTESIAN_POINT('',(-0.248132305816,1.206183819169,
    -9.469930155736));
#9931 = CARTESIAN_POINT('',(0.439903990917,0.984328030234,
    -9.510028101119));
#9932 = CARTESIAN_POINT('',(0.783498051717,0.492315134024,-9.55000334601
    ));
#9933 = CARTESIAN_POINT('',(0.783496302419,1.2610888847E-07,
    -9.590001980914));
#9934 = CARTESIAN_POINT('',(0.765372966608,2.0499847544E-07,
    -9.179539024249));
#9935 = CARTESIAN_POINT('',(0.765371332838,-0.480929213319,
    -9.219537544881));
#9936 = CARTESIAN_POINT('',(0.429659856452,-0.961530089463,
    -9.259510717516));
#9937 = CARTESIAN_POINT('',(-0.242192120654,-1.178352859916,
    -9.299616861694));
#9938 = CARTESIAN_POINT('',(-1.010175623331,-0.874494419459,
    -9.339458157552));
#9939 = CARTESIAN_POINT('',(-1.416145481093,-2.71224896867E-05,
    -9.379538486819));
#9940 = CARTESIAN_POINT('',(-1.009980019837,0.874533520362,
    -9.419618818773));
#9941 = CARTESIAN_POINT('',(-0.242381427289,1.178337593406,
    -9.459460112869));
#9942 = CARTESIAN_POINT('',(0.429725037382,0.961532741776,
    -9.499566257745));
#9943 = CARTESIAN_POINT('',(0.765373364477,0.480929554983,-9.53953943026
    ));
#9944 = CARTESIAN_POINT('',(0.765371687788,1.3666600368E-07,
    -9.579537950884));
#9945 = CARTESIAN_POINT('',(0.752600323291,2.161580015E-07,
    -9.161828209036));
#9946 = CARTESIAN_POINT('',(0.752598808201,-0.472905670374,
    -9.201826649134));
#9947 = CARTESIAN_POINT('',(0.422489619657,-0.945466135821,
    -9.241798361342));
#9948 = CARTESIAN_POINT('',(-0.238147864379,-1.1587286892,-9.28191028381
    ));
#9949 = CARTESIAN_POINT('',(-0.993328046188,-0.859862849842,
    -9.321742940069));
#9950 = CARTESIAN_POINT('',(-1.392493673096,-2.544134143778E-05,
    -9.361827642439));
#9951 = CARTESIAN_POINT('',(-0.99314488174,0.859899420346,
    -9.401912347324));
#9952 = CARTESIAN_POINT('',(-0.238325238862,1.158714377175,
    -9.441745001933));
#9953 = CARTESIAN_POINT('',(0.422550620273,0.94546864269,-9.481856925056
    ));
#9954 = CARTESIAN_POINT('',(0.752600685839,0.472906030637,
    -9.521828637149));
#9955 = CARTESIAN_POINT('',(0.752599125494,1.4410566229E-07,
    -9.561827077241));
#9956 = CARTESIAN_POINT('',(0.747983547222,2.2019161192E-07,
    -9.140003458762));
#9957 = CARTESIAN_POINT('',(0.747982172274,-0.470005517517,
    -9.18000186975));
#9958 = CARTESIAN_POINT('',(0.419899708889,-0.939659801043,
    -9.219973054074));
#9959 = CARTESIAN_POINT('',(-0.236691254005,-1.151635008727,
    -9.260087065157));
#9960 = CARTESIAN_POINT('',(-0.987232991745,-0.85457528121,
    -9.299916598537));
#9961 = CARTESIAN_POINT('',(-1.383944599575,-2.33546957247E-05,
    -9.340002881662));
#9962 = CARTESIAN_POINT('',(-0.987065137157,0.854608754902,
    -9.380089167094));
#9963 = CARTESIAN_POINT('',(-0.236853899825,1.151621878033,
    -9.419918698961));
#9964 = CARTESIAN_POINT('',(0.419955578548,0.939662119589,
    -9.460032710644));
#9965 = CARTESIAN_POINT('',(0.747983870313,0.470005884503,
    -9.500003894863));
#9966 = CARTESIAN_POINT('',(0.747982449267,1.4679470714E-07,
    -9.540002305846));
#9967 = CARTESIAN_POINT('',(0.752599724232,2.161582672E-07,
    -9.118178581772));
#9968 = CARTESIAN_POINT('',(0.752598484362,-0.472905356775,
    -9.158177021866));
#9969 = CARTESIAN_POINT('',(0.422494461843,-0.945465700059,
    -9.198148734007));
#9970 = CARTESIAN_POINT('',(-0.238162445104,-1.158726738745,
    -9.238260656756));
#9971 = CARTESIAN_POINT('',(-0.99331208575,-0.859865365874,
    -9.278093312539));
#9972 = CARTESIAN_POINT('',(-1.392492748668,-2.125559147975E-05,
    -9.31817801529));
#9973 = CARTESIAN_POINT('',(-0.993159525693,0.859895760469,
    -9.358262720136));
#9974 = CARTESIAN_POINT('',(-0.238310341533,1.158714793651,
    -9.398095374545));
#9975 = CARTESIAN_POINT('',(0.422545217429,0.945467822731,
    -9.438207297839));
#9976 = CARTESIAN_POINT('',(0.752600011247,0.472905717038,
    -9.478179009885));
#9977 = CARTESIAN_POINT('',(0.752598726121,1.4410578092E-07,
    -9.518177449974));
#9978 = CARTESIAN_POINT('',(0.765371881409,2.0499895598E-07,
    -9.100467415976));
#9979 = CARTESIAN_POINT('',(0.7653707462,-0.480928645232,-9.140465936601
    ));
#9980 = CARTESIAN_POINT('',(0.429668628105,-0.961529300077,
    -9.180439109116));
#9981 = CARTESIAN_POINT('',(-0.242218533741,-1.178349326653,
    -9.220545253802));
#9982 = CARTESIAN_POINT('',(-1.010146710884,-0.874498977268,
    -9.260386548799));
#9983 = CARTESIAN_POINT('',(-1.416143806486,-1.953997384344E-05,
    -9.300466878756));
#9984 = CARTESIAN_POINT('',(-1.010006547462,0.874526890469,
    -9.340547210639));
#9985 = CARTESIAN_POINT('',(-0.24235444067,1.178338347855,
    -9.380388504373));
#9986 = CARTESIAN_POINT('',(0.429715250091,0.961531256414,-9.42049464956
    ));
#9987 = CARTESIAN_POINT('',(0.765372142449,0.480928986897,
    -9.460467821988));
#9988 = CARTESIAN_POINT('',(0.765370964322,1.366662184E-07,
    -9.500466342608));
#9989 = CARTESIAN_POINT('',(0.783496256684,1.8916338326E-07,
    -9.090002971371));
#9990 = CARTESIAN_POINT('',(0.783495177508,-0.492314100307,
    -9.130001606274));
#9991 = CARTESIAN_POINT('',(0.439847414087,-0.984324302322,
    -9.169976851138));
#9992 = CARTESIAN_POINT('',(-0.247969377058,-1.206195176291,
    -9.210074796439));
#9993 = CARTESIAN_POINT('',(-1.034041043958,-0.895263779641,
    -9.249928350967));
#9994 = CARTESIAN_POINT('',(-1.449705862454,-1.851206054179E-05,
    -9.290002475637));
#9995 = CARTESIAN_POINT('',(-1.033908187285,0.895290247052,
    -9.330076602131));
#9996 = CARTESIAN_POINT('',(-0.248098176476,1.206184773303,
    -9.369930155463));
#9997 = CARTESIAN_POINT('',(0.439891613161,0.984326151732,
    -9.410028101239));
#9998 = CARTESIAN_POINT('',(0.783496506248,0.492314415579,-9.45000334602
    ));
#9999 = CARTESIAN_POINT('',(0.783495387469,1.2610915806E-07,
    -9.490001980918));
#10000 = ADVANCED_FACE('',(#10001),#10011,.T.);
#10001 = FACE_BOUND('',#10002,.T.);
#10002 = EDGE_LOOP('',(#10003,#10004,#10005,#10006));
#10003 = ORIENTED_EDGE('',*,*,#9663,.F.);
#10004 = ORIENTED_EDGE('',*,*,#9632,.T.);
#10005 = ORIENTED_EDGE('',*,*,#9895,.T.);
#10006 = ORIENTED_EDGE('',*,*,#10007,.F.);
#10007 = EDGE_CURVE('',#9664,#9896,#10008,.T.);
#10008 = B_SPLINE_CURVE_WITH_KNOTS('',1,(#10009,#10010),.UNSPECIFIED.,
  .F.,.F.,(2,2),(0.,0.28),.PIECEWISE_BEZIER_KNOTS.);
#10009 = CARTESIAN_POINT('',(1.025984696399,-1.51342974E-08,
    -9.729999762271));
#10010 = CARTESIAN_POINT('',(0.783496302419,1.2610888838E-07,
    -9.590001980914));
#10011 = B_SPLINE_SURFACE_WITH_KNOTS('',1,10,(
    (#10012,#10013,#10014,#10015,#10016,#10017,#10018,#10019,#10020
      ,#10021,#10022)
    ,(#10023,#10024,#10025,#10026,#10027,#10028,#10029,#10030,#10031
      ,#10032,#10033
  )),.UNSPECIFIED.,.F.,.F.,.F.,(2,2),(11,11),(0.,0.28),(0.,
    6.295904828089),.PIECEWISE_BEZIER_KNOTS.);
#10012 = CARTESIAN_POINT('',(1.025986663543,-2.270233826E-08,
    -9.329999643393));
#10013 = CARTESIAN_POINT('',(1.025983938052,-0.644642315491,
    -9.369999807245));
#10014 = CARTESIAN_POINT('',(0.575986773774,-1.289301393155,
    -9.410002778545));
#10015 = CARTESIAN_POINT('',(-0.324782712746,-1.5787605109,
    -9.449991022213));
#10016 = CARTESIAN_POINT('',(-1.353861184885,-1.173053221431,
    -9.490008600585));
#10017 = CARTESIAN_POINT('',(-1.898739129024,-4.119948936143E-05,
    -9.529999701683));
#10018 = CARTESIAN_POINT('',(-1.353559652618,1.173114111215,
    -9.569990806912));
#10019 = CARTESIAN_POINT('',(-0.325073047817,1.578737205871,
    -9.610008382576));
#10020 = CARTESIAN_POINT('',(0.576087746839,1.289305156698,
    -9.649996627314));
#10021 = CARTESIAN_POINT('',(1.025987417137,0.644642277655,
    -9.689999598432));
#10022 = CARTESIAN_POINT('',(1.025984696399,-1.51342974E-08,
    -9.729999762271));
#10023 = CARTESIAN_POINT('',(0.78349762911,1.8916277582E-07,
    -9.190002971362));
#10024 = CARTESIAN_POINT('',(0.783495919414,-0.492314818753,
    -9.230001606274));
#10025 = CARTESIAN_POINT('',(0.439836320784,-0.984325300639,
    -9.269976851288));
#10026 = CARTESIAN_POINT('',(-0.24793597305,-1.206199644726,
    -9.310074795952));
#10027 = CARTESIAN_POINT('',(-1.034077608848,-0.895258015487,
    -9.349928351561));
#10028 = CARTESIAN_POINT('',(-1.449707980291,-2.81014900736E-05,
    -9.390002475367));
#10029 = CARTESIAN_POINT('',(-1.033874638423,0.895298631722,
    -9.430076601943));
#10030 = CARTESIAN_POINT('',(-0.248132305817,1.206183819169,
    -9.469930155738));
#10031 = CARTESIAN_POINT('',(0.439903990917,0.984328030234,
    -9.510028101118));
#10032 = CARTESIAN_POINT('',(0.783498051717,0.492315134024,
    -9.55000334601));
#10033 = CARTESIAN_POINT('',(0.783496302419,1.2610888838E-07,
    -9.590001980914));
#10034 = ADVANCED_FACE('',(#10035),#10082,.T.);
#10035 = FACE_BOUND('',#10036,.F.);
#10036 = EDGE_LOOP('',(#10037,#10059,#10060,#10075));
#10037 = ORIENTED_EDGE('',*,*,#10038,.F.);
#10038 = EDGE_CURVE('',#9664,#10039,#10041,.T.);
#10039 = VERTEX_POINT('',#10040);
#10040 = CARTESIAN_POINT('',(0.233324431223,-0.972398945801,-9.8));
#10041 = B_SPLINE_CURVE_WITH_KNOTS('',6,(#10042,#10043,#10044,#10045,
    #10046,#10047,#10048,#10049,#10050,#10051,#10052,#10053,#10054,
    #10055,#10056,#10057,#10058),.UNSPECIFIED.,.F.,.F.,(7,5,5,7),(0.,
    0.249384876138,0.717926853316,1.),.UNSPECIFIED.);
#10042 = CARTESIAN_POINT('',(1.,1.0989E-12,-9.714997807804));
#10043 = CARTESIAN_POINT('',(1.,-5.549999415448E-02,-9.718531183963));
#10044 = CARTESIAN_POINT('',(0.99630366337,-0.111000503484,
    -9.722064350065));
#10045 = CARTESIAN_POINT('',(0.988911041745,-0.166192110782,
    -9.725597743931));
#10046 = CARTESIAN_POINT('',(0.977856559775,-0.220767851164,
    -9.729131683359));
#10047 = CARTESIAN_POINT('',(0.963208250295,-0.274426641987,
    -9.732666244917));
#10048 = CARTESIAN_POINT('',(0.910983358082,-0.425419416119,
    -9.742842475712));
#10049 = CARTESIAN_POINT('',(0.864565144323,-0.519710086162,
    -9.749485982285));
#10050 = CARTESIAN_POINT('',(0.806483393834,-0.607790975347,
    -9.756128729829));
#10051 = CARTESIAN_POINT('',(0.7378153064,-0.687896448943,
    -9.762768420058));
#10052 = CARTESIAN_POINT('',(0.659961334722,-0.758501354753,
    -9.769406008984));
#10053 = CARTESIAN_POINT('',(0.523243540768,-0.854492256805,
    -9.780034897768));
#10054 = CARTESIAN_POINT('',(0.469148203605,-0.886694865006,
    -9.784028428062));
#10055 = CARTESIAN_POINT('',(0.412701040078,-0.914770435569,
    -9.788021345192));
#10056 = CARTESIAN_POINT('',(0.354297917636,-0.938509806998,
    -9.792014098003));
#10057 = CARTESIAN_POINT('',(0.294357609976,-0.957754812547,
    -9.796007145902));
#10058 = CARTESIAN_POINT('',(0.233315259872,-0.972401146395,-9.8000006)
  );
#10059 = ORIENTED_EDGE('',*,*,#9832,.T.);
#10060 = ORIENTED_EDGE('',*,*,#10061,.T.);
#10061 = EDGE_CURVE('',#9742,#10062,#10064,.T.);
#10062 = VERTEX_POINT('',#10063);
#10063 = CARTESIAN_POINT('',(0.852582804402,-0.52259215612,-9.8));
#10064 = B_SPLINE_CURVE_WITH_KNOTS('',5,(#10065,#10066,#10067,#10068,
    #10069,#10070,#10071,#10072,#10073,#10074),.UNSPECIFIED.,.F.,.F.,(6,
    4,6),(0.,0.583885133242,1.),.UNSPECIFIED.);
#10065 = CARTESIAN_POINT('',(1.,3.653E-14,-9.765000171681));
#10066 = CARTESIAN_POINT('',(1.,-6.421622596254E-02,-9.769088280021));
#10067 = CARTESIAN_POINT('',(0.994845299137,-0.128433046155,
    -9.77317704531));
#10068 = CARTESIAN_POINT('',(0.984536003636,-0.192095899078,
    -9.777265425712));
#10069 = CARTESIAN_POINT('',(0.969161303878,-0.254656461917,
    -9.781353015519));
#10070 = CARTESIAN_POINT('',(0.934453207499,-0.35901465225,
    -9.788352503419));
#10071 = CARTESIAN_POINT('',(0.917526427151,-0.401613744455,
    -9.791264754509));
#10072 = CARTESIAN_POINT('',(0.898178784134,-0.443196618356,
    -9.794176749703));
#10073 = CARTESIAN_POINT('',(0.876494344294,-0.483582507614,
    -9.797088631318));
#10074 = CARTESIAN_POINT('',(0.852577876543,-0.522600195588,-9.8000006)
  );
#10075 = ORIENTED_EDGE('',*,*,#10076,.F.);
#10076 = EDGE_CURVE('',#10039,#10062,#10077,.T.);
#10077 = CIRCLE('',#10078,1.);
#10078 = AXIS2_PLACEMENT_3D('',#10079,#10080,#10081);
#10079 = CARTESIAN_POINT('',(0.,0.,-9.8));
#10080 = DIRECTION('',(0.,0.,1.));
#10081 = DIRECTION('',(1.,0.,-0.));
#10082 = CYLINDRICAL_SURFACE('',#10083,1.);
#10083 = AXIS2_PLACEMENT_3D('',#10084,#10085,#10086);
#10084 = CARTESIAN_POINT('',(0.,0.,-1.E-01));
#10085 = DIRECTION('',(-0.,-0.,-1.));
#10086 = DIRECTION('',(1.,0.,0.));
#10087 = ADVANCED_FACE('',(#10088),#10113,.T.);
#10088 = FACE_BOUND('',#10089,.T.);
#10089 = EDGE_LOOP('',(#10090,#10106,#10107,#10108));
#10090 = ORIENTED_EDGE('',*,*,#10091,.F.);
#10091 = EDGE_CURVE('',#9847,#10092,#10094,.T.);
#10092 = VERTEX_POINT('',#10093);
#10093 = CARTESIAN_POINT('',(0.783494518259,6.3054667E-08,
    -9.890000990461));
#10094 = ( BOUNDED_CURVE() B_SPLINE_CURVE(10,(#10095,#10096,#10097,
    #10098,#10099,#10100,#10101,#10102,#10103,#10104,#10105),
.UNSPECIFIED.,.F.,.F.) B_SPLINE_CURVE_WITH_KNOTS((11,11),(0.,
6.295904828089),.PIECEWISE_BEZIER_KNOTS.) CURVE() 
GEOMETRIC_REPRESENTATION_ITEM() RATIONAL_B_SPLINE_CURVE((1.056590953773,
    1.056590953773,1.056590953773,1.056590953773,1.056590953773,
    1.056590953773,1.056590953773,1.056590953773,1.056590953773,
1.056590953773,1.056590953773)) REPRESENTATION_ITEM('') );
#10095 = CARTESIAN_POINT('',(0.783495387469,1.2610914471E-07,
    -9.490001980918));
#10096 = CARTESIAN_POINT('',(0.783494268691,-0.492313617336,
    -9.530000615818));
#10097 = CARTESIAN_POINT('',(0.4398468468,-0.984323244532,
    -9.569975860577));
#10098 = CARTESIAN_POINT('',(-0.247969198637,-1.206193820817,
    -9.610073806279));
#10099 = CARTESIAN_POINT('',(-1.034039969748,-0.895262700772,
    -9.649927360211));
#10100 = CARTESIAN_POINT('',(-1.449704252882,-1.839519656588E-05,
    -9.690001485183));
#10101 = CARTESIAN_POINT('',(-1.03390696929,0.895289334312,
    -9.730075611976));
#10102 = CARTESIAN_POINT('',(-0.248097803639,1.206183457878,
    -9.769929164715));
#10103 = CARTESIAN_POINT('',(0.439891204252,0.984325023117,
    -9.810027110888));
#10104 = CARTESIAN_POINT('',(0.783495676641,0.4923138065,-9.850002355568
    ));
#10105 = CARTESIAN_POINT('',(0.783494518259,6.305465261E-08,
    -9.890000990461));
#10106 = ORIENTED_EDGE('',*,*,#9864,.T.);
#10107 = ORIENTED_EDGE('',*,*,#9741,.T.);
#10108 = ORIENTED_EDGE('',*,*,#10109,.F.);
#10109 = EDGE_CURVE('',#10092,#9742,#10110,.T.);
#10110 = B_SPLINE_CURVE_WITH_KNOTS('',1,(#10111,#10112),.UNSPECIFIED.,
  .F.,.F.,(2,2),(0.,0.28),.PIECEWISE_BEZIER_KNOTS.);
#10111 = CARTESIAN_POINT('',(0.783494518259,6.305465261E-08,
    -9.890000990461));
#10112 = CARTESIAN_POINT('',(1.025980990851,-7.56663025E-09,
    -9.749999881144));
#10113 = B_SPLINE_SURFACE_WITH_KNOTS('',1,10,(
    (#10114,#10115,#10116,#10117,#10118,#10119,#10120,#10121,#10122
      ,#10123,#10124)
    ,(#10125,#10126,#10127,#10128,#10129,#10130,#10131,#10132,#10133
      ,#10134,#10135
  )),.UNSPECIFIED.,.F.,.F.,.F.,(2,2),(11,11),(0.,0.28),(0.,
    6.295904828089),.PIECEWISE_BEZIER_KNOTS.);
#10114 = CARTESIAN_POINT('',(0.783495387469,1.2610914579E-07,
    -9.490001980918));
#10115 = CARTESIAN_POINT('',(0.783494268691,-0.492313617336,
    -9.530000615818));
#10116 = CARTESIAN_POINT('',(0.4398468468,-0.984323244532,
    -9.569975860575));
#10117 = CARTESIAN_POINT('',(-0.247969198637,-1.206193820817,
    -9.610073806283));
#10118 = CARTESIAN_POINT('',(-1.034039969748,-0.895262700772,
    -9.649927360206));
#10119 = CARTESIAN_POINT('',(-1.449704252882,-1.839519649205E-05,
    -9.690001485188));
#10120 = CARTESIAN_POINT('',(-1.03390696929,0.895289334312,
    -9.730075611972));
#10121 = CARTESIAN_POINT('',(-0.248097803639,1.206183457878,
    -9.769929164717));
#10122 = CARTESIAN_POINT('',(0.439891204252,0.984325023117,
    -9.810027110887));
#10123 = CARTESIAN_POINT('',(0.783495676641,0.4923138065,-9.850002355568
    ));
#10124 = CARTESIAN_POINT('',(0.783494518259,6.305465261E-08,
    -9.890000990461));
#10125 = CARTESIAN_POINT('',(1.025981219588,-1.513328067E-08,
    -9.349999762287));
#10126 = CARTESIAN_POINT('',(1.025980894824,-0.644639434141,
    -9.389999926104));
#10127 = CARTESIAN_POINT('',(0.576028809382,-1.289297307618,
    -9.4300028968));
#10128 = CARTESIAN_POINT('',(-0.324909563778,-1.578743181822,
    -9.469991143014));
#10129 = CARTESIAN_POINT('',(-1.353721928075,-1.173074873137,
    -9.510008717087));
#10130 = CARTESIAN_POINT('',(-1.898730657679,-4.77367913687E-06,
    -9.549999821587));
#10131 = CARTESIAN_POINT('',(-1.353686845318,1.173081977452,
    -9.589990926548));
#10132 = CARTESIAN_POINT('',(-0.324943295456,1.578740477747,
    -9.63000850032));
#10133 = CARTESIAN_POINT('',(0.576040573419,1.289297734961,
    -9.669996746652));
#10134 = CARTESIAN_POINT('',(1.025981310863,0.644639411441,
    -9.709999717329));
#10135 = CARTESIAN_POINT('',(1.025980990851,-7.56663025E-09,
    -9.749999881144));
#10136 = ADVANCED_FACE('',(#10137),#10167,.T.);
#10137 = FACE_BOUND('',#10138,.T.);
#10138 = EDGE_LOOP('',(#10139,#10155,#10156,#10157));
#10139 = ORIENTED_EDGE('',*,*,#10140,.F.);
#10140 = EDGE_CURVE('',#9896,#10141,#10143,.T.);
#10141 = VERTEX_POINT('',#10142);
#10142 = CARTESIAN_POINT('',(0.783494975734,6.3054579E-08,-9.99000099046
    ));
#10143 = B_SPLINE_CURVE_WITH_KNOTS('',10,(#10144,#10145,#10146,#10147,
    #10148,#10149,#10150,#10151,#10152,#10153,#10154),.UNSPECIFIED.,.F.,
  .F.,(11,11),(0.,6.295904828089),.PIECEWISE_BEZIER_KNOTS.);
#10144 = CARTESIAN_POINT('',(0.783496302419,1.2610887466E-07,
    -9.590001980914));
#10145 = CARTESIAN_POINT('',(0.783494553124,-0.492314048404,
    -9.63000061582));
#10146 = CARTESIAN_POINT('',(0.439835496606,-0.984323667487,
    -9.669975860677));
#10147 = CARTESIAN_POINT('',(-0.24793564956,-1.206197586389,
    -9.710073805948));
#10148 = CARTESIAN_POINT('',(-1.034075931433,-0.895256412519,
    -9.749927360653));
#10149 = CARTESIAN_POINT('',(-1.449705523584,-2.798462231768E-05,
    -9.790001484917));
#10150 = CARTESIAN_POINT('',(-1.033872817222,0.895297194875,
    -9.830075611948));
#10151 = CARTESIAN_POINT('',(-0.248131787914,1.206181800885,
    -9.869929164842));
#10152 = CARTESIAN_POINT('',(0.439903325118,0.984326326255,
    -9.910027110826));
#10153 = CARTESIAN_POINT('',(0.783496764635,0.492314237568,
    -9.950002355564));
#10154 = CARTESIAN_POINT('',(0.783494975734,6.305456356E-08,
    -9.99000099046));
#10155 = ORIENTED_EDGE('',*,*,#9913,.T.);
#10156 = ORIENTED_EDGE('',*,*,#10091,.T.);
#10157 = ORIENTED_EDGE('',*,*,#10158,.F.);
#10158 = EDGE_CURVE('',#10141,#10092,#10159,.T.);
#10159 = ( BOUNDED_CURVE() B_SPLINE_CURVE(6,(#10160,#10161,#10162,#10163
    ,#10164,#10165,#10166),.UNSPECIFIED.,.F.,.F.) 
B_SPLINE_CURVE_WITH_KNOTS((7,7),(0.,2.094395102393),
.PIECEWISE_BEZIER_KNOTS.) CURVE() GEOMETRIC_REPRESENTATION_ITEM() 
RATIONAL_B_SPLINE_CURVE((1.056590953773,1.017435169568,0.996326512422,
    0.989390034249,0.996326512422,1.017435169568,1.056590953773)) 
REPRESENTATION_ITEM('') );
#10160 = CARTESIAN_POINT('',(0.783494975734,6.305456471E-08,
    -9.99000099046));
#10161 = CARTESIAN_POINT('',(0.765370408973,6.833311819E-08,
    -9.979536877515));
#10162 = CARTESIAN_POINT('',(0.752597927702,7.20529392E-08,
    -9.96182594544));
#10163 = CARTESIAN_POINT('',(0.747981351319,7.339745123E-08,
    -9.940001152925));
#10164 = CARTESIAN_POINT('',(0.752597728016,7.20529782E-08,
    -9.918176318172));
#10165 = CARTESIAN_POINT('',(0.76537004724,6.833318797E-08,
    -9.900465269236));
#10166 = CARTESIAN_POINT('',(0.783494518259,6.305465261E-08,
    -9.890000990461));
#10167 = ( BOUNDED_SURFACE() B_SPLINE_SURFACE(6,10,(
    (#10168,#10169,#10170,#10171,#10172,#10173,#10174,#10175,#10176
      ,#10177,#10178)
    ,(#10179,#10180,#10181,#10182,#10183,#10184,#10185,#10186,#10187
      ,#10188,#10189)
    ,(#10190,#10191,#10192,#10193,#10194,#10195,#10196,#10197,#10198
      ,#10199,#10200)
    ,(#10201,#10202,#10203,#10204,#10205,#10206,#10207,#10208,#10209
      ,#10210,#10211)
    ,(#10212,#10213,#10214,#10215,#10216,#10217,#10218,#10219,#10220
      ,#10221,#10222)
    ,(#10223,#10224,#10225,#10226,#10227,#10228,#10229,#10230,#10231
      ,#10232,#10233)
    ,(#10234,#10235,#10236,#10237,#10238,#10239,#10240,#10241,#10242
      ,#10243,#10244
)),.UNSPECIFIED.,.F.,.F.,.F.) B_SPLINE_SURFACE_WITH_KNOTS((7,7),(11,11),
  (0.,2.094395102393),(0.,6.295904828089),.PIECEWISE_BEZIER_KNOTS.) 
GEOMETRIC_REPRESENTATION_ITEM() RATIONAL_B_SPLINE_SURFACE((
    (1.056590953773,1.056590953773,1.056590953773,1.056590953773
      ,1.056590953773,1.056590953773,1.056590953773,1.056590953773
      ,1.056590953773,1.056590953773,1.056590953773)
    ,(1.017435169568,1.017435169568,1.017435169568,1.017435169569
      ,1.017435169568,1.017435169569,1.017435169568,1.017435169568
      ,1.017435169568,1.017435169568,1.017435169568)
    ,(0.996326512422,0.996326512422,0.996326512422,0.996326512422
      ,0.996326512422,0.996326512422,0.996326512422,0.996326512422
      ,0.996326512422,0.996326512422,0.996326512422)
    ,(0.989390034249,0.989390034249,0.989390034248,0.989390034249
      ,0.989390034248,0.989390034249,0.989390034248,0.989390034249
      ,0.989390034249,0.989390034249,0.989390034249)
    ,(0.996326512422,0.996326512422,0.996326512422,0.996326512422
      ,0.996326512422,0.996326512422,0.996326512422,0.996326512422
      ,0.996326512422,0.996326512422,0.996326512422)
    ,(1.017435169568,1.017435169568,1.017435169568,1.017435169568
      ,1.017435169568,1.017435169569,1.017435169568,1.017435169568
      ,1.017435169568,1.017435169568,1.017435169568)
    ,(1.056590953773,1.056590953773,1.056590953773,1.056590953773
      ,1.056590953773,1.056590953773,1.056590953773,1.056590953773
      ,1.056590953773,1.056590953773,1.056590953773
))) REPRESENTATION_ITEM('') SURFACE() );
#10168 = CARTESIAN_POINT('',(0.783496302419,1.2610887482E-07,
    -9.590001980914));
#10169 = CARTESIAN_POINT('',(0.783494553124,-0.492314048404,
    -9.630000615819));
#10170 = CARTESIAN_POINT('',(0.439835496606,-0.984323667487,
    -9.669975860678));
#10171 = CARTESIAN_POINT('',(-0.24793564956,-1.206197586389,
    -9.710073805945));
#10172 = CARTESIAN_POINT('',(-1.034075931433,-0.895256412519,
    -9.749927360657));
#10173 = CARTESIAN_POINT('',(-1.449705523583,-2.798462239212E-05,
    -9.790001484912));
#10174 = CARTESIAN_POINT('',(-1.033872817222,0.895297194875,
    -9.830075611952));
#10175 = CARTESIAN_POINT('',(-0.248131787914,1.206181800885,
    -9.869929164839));
#10176 = CARTESIAN_POINT('',(0.439903325118,0.984326326255,
    -9.910027110827));
#10177 = CARTESIAN_POINT('',(0.783496764635,0.492314237568,
    -9.950002355564));
#10178 = CARTESIAN_POINT('',(0.783494975734,6.305456471E-08,
    -9.99000099046));
#10179 = CARTESIAN_POINT('',(0.765371687788,1.3666599152E-07,
    -9.579537950884));
#10180 = CARTESIAN_POINT('',(0.765370011102,-0.48092847832,
    -9.619536471511));
#10181 = CARTESIAN_POINT('',(0.429659052526,-0.961528519481,
    -9.659509643994));
#10182 = CARTESIAN_POINT('',(-0.242191820482,-1.17835087345,
    -9.69961578876));
#10183 = CARTESIAN_POINT('',(-1.010174015053,-0.874492864378,
    -9.739457083744));
#10184 = CARTESIAN_POINT('',(-1.416143113031,-2.699583994611E-05,
    -9.779537413453));
#10185 = CARTESIAN_POINT('',(-1.009978255737,0.874532145312,
    -9.819617745846));
#10186 = CARTESIAN_POINT('',(-0.242380916428,1.178335650346,
    -9.859459039073));
#10187 = CARTESIAN_POINT('',(0.429724405093,0.961531095038,
    -9.899565184532));
#10188 = CARTESIAN_POINT('',(0.76537212858,0.480928683319,
    -9.939538356898));
#10189 = CARTESIAN_POINT('',(0.765370408973,6.833311819E-08,
    -9.979536877515));
#10190 = CARTESIAN_POINT('',(0.752599125494,1.4410564969E-07,
    -9.561827077241));
#10191 = CARTESIAN_POINT('',(0.752597565151,-0.472904989992,
    -9.601825517334));
#10192 = CARTESIAN_POINT('',(0.422488856558,-0.94546466983,
    -9.641797229398));
#10193 = CARTESIAN_POINT('',(-0.238147595635,-1.158726826037,
    -9.681909152418));
#10194 = CARTESIAN_POINT('',(-0.993326548984,-0.859861382684,
    -9.721741807857));
#10195 = CARTESIAN_POINT('',(-1.392491455068,-2.530779842072E-05,
    -9.761826510641));
#10196 = CARTESIAN_POINT('',(-0.993143220232,0.85989814302,
    -9.801911215939));
#10197 = CARTESIAN_POINT('',(-0.238324747959,1.158712559779,
    -9.841743869732));
#10198 = CARTESIAN_POINT('',(0.422550038153,0.945467095765,
    -9.881855793402));
#10199 = CARTESIAN_POINT('',(0.752599533301,0.472905206151,
    -9.921827505356));
#10200 = CARTESIAN_POINT('',(0.752597927702,7.20529392E-08,
    -9.96182594544));
#10201 = CARTESIAN_POINT('',(0.747982449267,1.467946931E-07,
    -9.540002305846));
#10202 = CARTESIAN_POINT('',(0.747981028223,-0.470004901199,
    -9.58000071683));
#10203 = CARTESIAN_POINT('',(0.419899000167,-0.939658461379,
    -9.619971901022));
#10204 = CARTESIAN_POINT('',(-0.236691018995,-1.151633298534,
    -9.660085912611));
#10205 = CARTESIAN_POINT('',(-0.987231627722,-0.854573926663,
    -9.699915445239));
#10206 = CARTESIAN_POINT('',(-1.383942566433,-2.321866157562E-05,
    -9.740001728745));
#10207 = CARTESIAN_POINT('',(-0.987063605764,0.854607593733,
    -9.780088014554));
#10208 = CARTESIAN_POINT('',(-0.236853438509,1.15162021446,
    -9.819917545674));
#10209 = CARTESIAN_POINT('',(0.419955054182,0.939660697481,
    -9.860031557857));
#10210 = CARTESIAN_POINT('',(0.747982818464,0.470005121391,
    -9.900002741949));
#10211 = CARTESIAN_POINT('',(0.747981351319,7.339745123E-08,
    -9.940001152925));
#10212 = CARTESIAN_POINT('',(0.752598726121,1.4410576801E-07,
    -9.518177449974));
#10213 = CARTESIAN_POINT('',(0.752597440998,-0.472904801832,
    -9.558175890064));
#10214 = CARTESIAN_POINT('',(0.422493810875,-0.945464485212,
    -9.598147602085));
#10215 = CARTESIAN_POINT('',(-0.238162239682,-1.158725182378,
    -9.638259525295));
#10216 = CARTESIAN_POINT('',(-0.993310851843,-0.859864127483,
    -9.678092180394));
#10217 = CARTESIAN_POINT('',(-1.392490900412,-2.112204962293E-05,
    -9.718176883491));
#10218 = CARTESIAN_POINT('',(-0.993158127482,0.859894711914,
    -9.758261588681));
#10219 = CARTESIAN_POINT('',(-0.23830991395,1.15871328305,
    -9.798094242409));
#10220 = CARTESIAN_POINT('',(0.42254474744,0.945466526951,
    -9.838206166159));
#10221 = CARTESIAN_POINT('',(0.752599058396,0.472905017991,
    -9.878177878089));
#10222 = CARTESIAN_POINT('',(0.752597728016,7.20529782E-08,
    -9.918176318172));
#10223 = CARTESIAN_POINT('',(0.765370964322,1.3666620446E-07,
    -9.500466342608));
#10224 = CARTESIAN_POINT('',(0.765369786197,-0.480928137468,
    -9.54046486323));
#10225 = CARTESIAN_POINT('',(0.429668027307,-0.961528185044,
    -9.580438035634));
#10226 = CARTESIAN_POINT('',(-0.242218348277,-1.178347895952,
    -9.620544180744));
#10227 = CARTESIAN_POINT('',(-1.01014557957,-0.874497836601,
    -9.660385475112));
#10228 = CARTESIAN_POINT('',(-1.416142108266,-1.941332663533E-05,
    -9.700465805387));
#10229 = CARTESIAN_POINT('',(-1.010005260327,0.874525929838,
    -9.740546137585));
#10230 = CARTESIAN_POINT('',(-0.242354044515,1.178336960557,
    -9.780387430694));
#10231 = CARTESIAN_POINT('',(0.429714820929,0.961530064627,-9.8204935763
    ));
#10232 = CARTESIAN_POINT('',(0.765371268286,0.480928342468,
    -9.860466748621));
#10233 = CARTESIAN_POINT('',(0.76537004724,6.833318797E-08,
    -9.900465269236));
#10234 = CARTESIAN_POINT('',(0.783495387469,1.2610914471E-07,
    -9.490001980918));
#10235 = CARTESIAN_POINT('',(0.783494268691,-0.492313617336,
    -9.530000615818));
#10236 = CARTESIAN_POINT('',(0.4398468468,-0.984323244532,
    -9.569975860577));
#10237 = CARTESIAN_POINT('',(-0.247969198637,-1.206193820817,
    -9.610073806279));
#10238 = CARTESIAN_POINT('',(-1.034039969748,-0.895262700772,
    -9.649927360211));
#10239 = CARTESIAN_POINT('',(-1.449704252882,-1.839519656588E-05,
    -9.690001485183));
#10240 = CARTESIAN_POINT('',(-1.03390696929,0.895289334312,
    -9.730075611976));
#10241 = CARTESIAN_POINT('',(-0.248097803639,1.206183457878,
    -9.769929164715));
#10242 = CARTESIAN_POINT('',(0.439891204252,0.984325023117,
    -9.810027110888));
#10243 = CARTESIAN_POINT('',(0.783495676641,0.4923138065,-9.850002355568
    ));
#10244 = CARTESIAN_POINT('',(0.783494518259,6.305465261E-08,
    -9.890000990461));
#10245 = ADVANCED_FACE('',(#10246),#10299,.T.);
#10246 = FACE_BOUND('',#10247,.T.);
#10247 = EDGE_LOOP('',(#10248,#10249,#10250,#10251,#10258));
#10248 = ORIENTED_EDGE('',*,*,#10038,.F.);
#10249 = ORIENTED_EDGE('',*,*,#10007,.T.);
#10250 = ORIENTED_EDGE('',*,*,#10140,.T.);
#10251 = ORIENTED_EDGE('',*,*,#10252,.F.);
#10252 = EDGE_CURVE('',#10253,#10141,#10255,.T.);
#10253 = VERTEX_POINT('',#10254);
#10254 = CARTESIAN_POINT('',(0.800297924842,2.9080457E-08,
    -9.999702075158));
#10255 = B_SPLINE_CURVE_WITH_KNOTS('',1,(#10256,#10257),.UNSPECIFIED.,
  .F.,.F.,(2,2),(0.,0.28),.PIECEWISE_BEZIER_KNOTS.);
#10256 = CARTESIAN_POINT('',(1.025982729257,-7.56696417E-09,
    -10.12999988114));
#10257 = CARTESIAN_POINT('',(0.783494975734,6.305456356E-08,
    -9.99000099046));
#10258 = ORIENTED_EDGE('',*,*,#10259,.T.);
#10259 = EDGE_CURVE('',#10253,#10039,#10260,.T.);
#10260 = B_SPLINE_CURVE_WITH_KNOTS('',7,(#10261,#10262,#10263,#10264,
    #10265,#10266,#10267,#10268,#10269,#10270,#10271,#10272,#10273,
    #10274,#10275,#10276,#10277,#10278,#10279,#10280,#10281,#10282,
    #10283,#10284,#10285,#10286,#10287,#10288,#10289,#10290,#10291,
    #10292,#10293,#10294,#10295,#10296,#10297,#10298),.UNSPECIFIED.,.F.,
  .F.,(8,6,6,6,6,6,8),(0.,0.200055451605,0.424473416384,0.550650829452,
    0.685262053679,0.834694798284,1.),.UNSPECIFIED.);
#10261 = CARTESIAN_POINT('',(0.800297921909,0.,-9.999702078091));
#10262 = CARTESIAN_POINT('',(0.80618623086,0.11676552002,-9.993813764898
    ));
#10263 = CARTESIAN_POINT('',(0.792192524341,0.235355678448,
    -9.987931722717));
#10264 = CARTESIAN_POINT('',(0.757798838904,0.351576413074,
    -9.982069825009));
#10265 = CARTESIAN_POINT('',(0.703675198507,0.461236390176,
    -9.976225680788));
#10266 = CARTESIAN_POINT('',(0.631453530514,0.560458658916,
    -9.970387458755));
#10267 = CARTESIAN_POINT('',(0.543686091497,0.645807279188,
    -9.96455541803));
#10268 = CARTESIAN_POINT('',(0.331695519128,0.79197096436,
    -9.952209206476));
#10269 = CARTESIAN_POINT('',(0.20415921156,0.848653817183,
    -9.945688392661));
#10270 = CARTESIAN_POINT('',(6.592656318473E-02,0.880938531854,
    -9.939187470333));
#10271 = CARTESIAN_POINT('',(-7.725178936221E-02,0.886693724183,
    -9.932709596013));
#10272 = CARTESIAN_POINT('',(-0.219414505073,0.865361342187,
    -9.926250197251));
#10273 = CARTESIAN_POINT('',(-0.354491004283,0.817953589048,
    -9.919802167508));
#10274 = CARTESIAN_POINT('',(-0.545953723722,0.707652275006,
    -9.909760517145));
#10275 = CARTESIAN_POINT('',(-0.61094387678,0.660598460876,
    -9.906150823079));
#10276 = CARTESIAN_POINT('',(-0.671068618761,0.606668600626,
    -9.902545590846));
#10277 = CARTESIAN_POINT('',(-0.725471264421,0.546490422805,
    -9.898944508695));
#10278 = CARTESIAN_POINT('',(-0.773400325334,0.480815614453,
    -9.895347316376));
#10279 = CARTESIAN_POINT('',(-0.814227498505,0.410502323327,
    -9.891754201372));
#10280 = CARTESIAN_POINT('',(-0.882936342069,0.257557539309,
    -9.88433797824));
#10281 = CARTESIAN_POINT('',(-0.909778241746,0.174399218454,
    -9.880514716922));
#10282 = CARTESIAN_POINT('',(-0.927403963297,8.818398387021E-02,
    -9.876697364919));
#10283 = CARTESIAN_POINT('',(-0.935431204212,1.486168000984E-04,
    -9.872886179887));
#10284 = CARTESIAN_POINT('',(-0.933681264993,-8.84240700721E-02,
    -9.869080872259));
#10285 = CARTESIAN_POINT('',(-0.922184087192,-0.176238382021,
    -9.865281164239));
#10286 = CARTESIAN_POINT('',(-0.877895034019,-0.357240826349,
    -9.857276283263));
#10287 = CARTESIAN_POINT('',(-0.842890325508,-0.449986837618,
    -9.853071199336));
#10288 = CARTESIAN_POINT('',(-0.796519567231,-0.538498694384,
    -9.848873323238));
#10289 = CARTESIAN_POINT('',(-0.739449332635,-0.62112689321,
    -9.844681815699));
#10290 = CARTESIAN_POINT('',(-0.672625263012,-0.696363461623,
    -9.840495600287));
#10291 = CARTESIAN_POINT('',(-0.597243078565,-0.762888825963,
    -9.836314598649));
#10292 = CARTESIAN_POINT('',(-0.423472516473,-0.882400362804,
    -9.827523239872));
#10293 = CARTESIAN_POINT('',(-0.323446308405,-0.933228533043,
    -9.822912269776));
#10294 = CARTESIAN_POINT('',(-0.216601819454,-0.970638950555,
    -9.818310423229));
#10295 = CARTESIAN_POINT('',(-0.105130557888,-0.993611819972,
    -9.813718557412));
#10296 = CARTESIAN_POINT('',(8.622354225253E-03,-1.001561869318,
    -9.809136250521));
#10297 = CARTESIAN_POINT('',(0.122243437145,-0.994360006978,
    -9.804562997405));
#10298 = CARTESIAN_POINT('',(0.233324431223,-0.972398945801,-9.8));
#10299 = B_SPLINE_SURFACE_WITH_KNOTS('',1,10,(
    (#10300,#10301,#10302,#10303,#10304,#10305,#10306,#10307,#10308
      ,#10309,#10310)
    ,(#10311,#10312,#10313,#10314,#10315,#10316,#10317,#10318,#10319
      ,#10320,#10321
  )),.UNSPECIFIED.,.F.,.F.,.F.,(2,2),(11,11),(0.,0.28),(0.,
    6.295904828089),.PIECEWISE_BEZIER_KNOTS.);
#10300 = CARTESIAN_POINT('',(1.025984696399,-1.513431181E-08,
    -9.729999762271));
#10301 = CARTESIAN_POINT('',(1.025981975666,-0.644641072197,
    -9.76999992611));
#10302 = CARTESIAN_POINT('',(0.575985678643,-1.289298914845,
    -9.810002897185));
#10303 = CARTESIAN_POINT('',(-0.324782077286,-1.578757490997,
    -9.849991141746));
#10304 = CARTESIAN_POINT('',(-1.353858582479,-1.173050977776,
    -9.890008718782));
#10305 = CARTESIAN_POINT('',(-1.898735486346,-4.121349724473E-05,
    -9.929999820559));
#10306 = CARTESIAN_POINT('',(-1.35355706746,1.173111847592,
    -9.969990926457));
#10307 = CARTESIAN_POINT('',(-0.325072435702,1.578734181175,
    -10.01000850079));
#10308 = CARTESIAN_POINT('',(0.576086632709,1.289302686884,
    -10.04999674642));
#10309 = CARTESIAN_POINT('',(1.02598544524,0.644641049497,
    -10.08999971731));
#10310 = CARTESIAN_POINT('',(1.025982729257,-7.56696417E-09,
    -10.12999988114));
#10311 = CARTESIAN_POINT('',(0.783496302419,1.2610887466E-07,
    -9.590001980914));
#10312 = CARTESIAN_POINT('',(0.783494553124,-0.492314048404,
    -9.63000061582));
#10313 = CARTESIAN_POINT('',(0.439835496606,-0.984323667487,
    -9.669975860677));
#10314 = CARTESIAN_POINT('',(-0.24793564956,-1.206197586389,
    -9.710073805948));
#10315 = CARTESIAN_POINT('',(-1.034075931433,-0.895256412519,
    -9.749927360653));
#10316 = CARTESIAN_POINT('',(-1.449705523584,-2.798462231768E-05,
    -9.790001484917));
#10317 = CARTESIAN_POINT('',(-1.033872817222,0.895297194875,
    -9.830075611948));
#10318 = CARTESIAN_POINT('',(-0.248131787914,1.206181800885,
    -9.869929164842));
#10319 = CARTESIAN_POINT('',(0.439903325118,0.984326326255,
    -9.910027110826));
#10320 = CARTESIAN_POINT('',(0.783496764635,0.492314237568,
    -9.950002355564));
#10321 = CARTESIAN_POINT('',(0.783494975734,6.305456356E-08,
    -9.99000099046));
#10322 = ADVANCED_FACE('',(#10323),#10361,.T.);
#10323 = FACE_BOUND('',#10324,.F.);
#10324 = EDGE_LOOP('',(#10325,#10326,#10327,#10346,#10355));
#10325 = ORIENTED_EDGE('',*,*,#10259,.T.);
#10326 = ORIENTED_EDGE('',*,*,#10076,.T.);
#10327 = ORIENTED_EDGE('',*,*,#10328,.T.);
#10328 = EDGE_CURVE('',#10062,#10329,#10331,.T.);
#10329 = VERTEX_POINT('',#10330);
#10330 = CARTESIAN_POINT('',(-0.241451643451,-0.762693322296,-10.));
#10331 = B_SPLINE_CURVE_WITH_KNOTS('',5,(#10332,#10333,#10334,#10335,
    #10336,#10337,#10338,#10339,#10340,#10341,#10342,#10343,#10344,
    #10345),.UNSPECIFIED.,.F.,.F.,(6,4,4,6),(0.,0.392820757917,
    0.773674997812,1.),.UNSPECIFIED.);
#10332 = CARTESIAN_POINT('',(0.852582804402,-0.52259215612,-9.8));
#10333 = CARTESIAN_POINT('',(0.786761717099,-0.600846961398,
    -9.815222579788));
#10334 = CARTESIAN_POINT('',(0.711647095723,-0.669625168656,
    -9.830540031648));
#10335 = CARTESIAN_POINT('',(0.628985250772,-0.727334800261,
    -9.845954669608));
#10336 = CARTESIAN_POINT('',(0.540934158056,-0.772893392424,
    -9.861473532209));
#10337 = CARTESIAN_POINT('',(0.361511832786,-0.837825227556,
    -9.8922288874));
#10338 = CARTESIAN_POINT('',(0.270309843895,-0.857958748887,
    -9.907462019956));
#10339 = CARTESIAN_POINT('',(0.178360402268,-0.865859883601,
    -9.922782253166));
#10340 = CARTESIAN_POINT('',(8.786064147645E-02,-0.861724922828,
    -9.938188887338));
#10341 = CARTESIAN_POINT('',(-5.088170835209E-02,-0.837167345363,
    -9.962883217947));
#10342 = CARTESIAN_POINT('',(-0.101373836805,-0.824033716309,
    -9.97211774071));
#10343 = CARTESIAN_POINT('',(-0.150219952787,-0.807080577794,
    -9.981381659171));
#10344 = CARTESIAN_POINT('',(-0.197027789238,-0.786537367516,
    -9.990675648189));
#10345 = CARTESIAN_POINT('',(-0.241451643451,-0.762693322296,-10.));
#10346 = ORIENTED_EDGE('',*,*,#10347,.F.);
#10347 = EDGE_CURVE('',#10348,#10329,#10350,.T.);
#10348 = VERTEX_POINT('',#10349);
#10349 = CARTESIAN_POINT('',(0.8,0.,-10.));
#10350 = CIRCLE('',#10351,0.8);
#10351 = AXIS2_PLACEMENT_3D('',#10352,#10353,#10354);
#10352 = CARTESIAN_POINT('',(0.,0.,-10.));
#10353 = DIRECTION('',(0.,0.,1.));
#10354 = DIRECTION('',(1.,0.,-0.));
#10355 = ORIENTED_EDGE('',*,*,#10356,.F.);
#10356 = EDGE_CURVE('',#10253,#10348,#10357,.T.);
#10357 = LINE('',#10358,#10359);
#10358 = CARTESIAN_POINT('',(1.,0.,-9.8));
#10359 = VECTOR('',#10360,1.);
#10360 = DIRECTION('',(-0.707106781187,0.,-0.707106781187));
#10361 = CONICAL_SURFACE('',#10362,1.,0.785398163397);
#10362 = AXIS2_PLACEMENT_3D('',#10363,#10364,#10365);
#10363 = CARTESIAN_POINT('',(0.,0.,-9.8));
#10364 = DIRECTION('',(0.,0.,1.));
#10365 = DIRECTION('',(1.,0.,0.));
#10366 = ADVANCED_FACE('',(#10367),#10399,.T.);
#10367 = FACE_BOUND('',#10368,.T.);
#10368 = EDGE_LOOP('',(#10369,#10385,#10386,#10387,#10388));
#10369 = ORIENTED_EDGE('',*,*,#10370,.F.);
#10370 = EDGE_CURVE('',#10092,#10371,#10373,.T.);
#10371 = VERTEX_POINT('',#10372);
#10372 = CARTESIAN_POINT('',(-0.122548721463,-0.773873951205,-10.));
#10373 = ( BOUNDED_CURVE() B_SPLINE_CURVE(10,(#10374,#10375,#10376,
    #10377,#10378,#10379,#10380,#10381,#10382,#10383,#10384),
.UNSPECIFIED.,.F.,.F.) B_SPLINE_CURVE_WITH_KNOTS((11,11),(0.,
6.295904828089),.PIECEWISE_BEZIER_KNOTS.) CURVE() 
GEOMETRIC_REPRESENTATION_ITEM() RATIONAL_B_SPLINE_CURVE((1.056590953773,
    1.056590953773,1.056590953773,1.056590953773,1.056590953773,
    1.056590953773,1.056590953773,1.056590953773,1.056590953773,
1.056590953773,1.056590953773)) REPRESENTATION_ITEM('') );
#10374 = CARTESIAN_POINT('',(0.783494518259,6.305466663E-08,
    -9.890000990461));
#10375 = CARTESIAN_POINT('',(0.783493359877,-0.492313134369,
    -9.929999625354));
#10376 = CARTESIAN_POINT('',(0.439846279519,-0.984322186746,
    -9.969974870016));
#10377 = CARTESIAN_POINT('',(-0.247969020221,-1.206192465356,
    -10.0100728161));
#10378 = CARTESIAN_POINT('',(-1.034038895542,-0.895261621898,
    -10.04992636945));
#10379 = CARTESIAN_POINT('',(-1.449702643317,-1.827833972354E-05,
    -10.09000049472));
#10380 = CARTESIAN_POINT('',(-1.033905751302,0.89528842158,
    -10.13007462181));
#10381 = CARTESIAN_POINT('',(-0.248097430801,1.206182142459,
    -10.16992817396));
#10382 = CARTESIAN_POINT('',(0.439890795345,0.984323894507,
    -10.21002612053));
#10383 = CARTESIAN_POINT('',(0.783494847038,0.492313197424,
    -10.25000136511));
#10384 = CARTESIAN_POINT('',(0.783493649054,-2.E-15,-10.29));
#10385 = ORIENTED_EDGE('',*,*,#10109,.T.);
#10386 = ORIENTED_EDGE('',*,*,#10061,.T.);
#10387 = ORIENTED_EDGE('',*,*,#10328,.T.);
#10388 = ORIENTED_EDGE('',*,*,#10389,.T.);
#10389 = EDGE_CURVE('',#10329,#10371,#10390,.T.);
#10390 = B_SPLINE_CURVE_WITH_KNOTS('',7,(#10391,#10392,#10393,#10394,
    #10395,#10396,#10397,#10398),.UNSPECIFIED.,.F.,.F.,(8,8),(0.,1.),
  .PIECEWISE_BEZIER_KNOTS.);
#10391 = CARTESIAN_POINT('',(-0.8,-0.388816815702,-10.));
#10392 = CARTESIAN_POINT('',(-0.734692984365,-0.48942388908,-10.));
#10393 = CARTESIAN_POINT('',(-0.654077750389,-0.57870290574,-10.));
#10394 = CARTESIAN_POINT('',(-0.560442675845,-0.653533878577,-10.));
#10395 = CARTESIAN_POINT('',(-0.456848712021,-0.711594797104,-10.));
#10396 = CARTESIAN_POINT('',(-0.346745672532,-0.751321941727,-10.));
#10397 = CARTESIAN_POINT('',(-0.233982173623,-0.771949087361,-10.));
#10398 = CARTESIAN_POINT('',(-0.122548721462,-0.773873951205,-10.));
#10399 = B_SPLINE_SURFACE_WITH_KNOTS('',1,10,(
    (#10400,#10401,#10402,#10403,#10404,#10405,#10406,#10407,#10408
      ,#10409,#10410)
    ,(#10411,#10412,#10413,#10414,#10415,#10416,#10417,#10418,#10419
      ,#10420,#10421
  )),.UNSPECIFIED.,.F.,.F.,.F.,(2,2),(11,11),(0.,0.28),(0.,
    6.295904828089),.PIECEWISE_BEZIER_KNOTS.);
#10400 = CARTESIAN_POINT('',(0.783494518259,6.305466596E-08,
    -9.890000990461));
#10401 = CARTESIAN_POINT('',(0.783493359877,-0.49231313437,
    -9.929999625354));
#10402 = CARTESIAN_POINT('',(0.439846279519,-0.984322186746,
    -9.969974870015));
#10403 = CARTESIAN_POINT('',(-0.247969020221,-1.206192465356,
    -10.01007281611));
#10404 = CARTESIAN_POINT('',(-1.034038895541,-0.895261621897,
    -10.04992636945));
#10405 = CARTESIAN_POINT('',(-1.449702643317,-1.82783396796E-05,
    -10.09000049472));
#10406 = CARTESIAN_POINT('',(-1.033905751302,0.895288421579,
    -10.13007462181));
#10407 = CARTESIAN_POINT('',(-0.248097430801,1.206182142459,
    -10.16992817396));
#10408 = CARTESIAN_POINT('',(0.439890795345,0.984323894507,
    -10.21002612053));
#10409 = CARTESIAN_POINT('',(0.783494847038,0.492313197424,
    -10.25000136511));
#10410 = CARTESIAN_POINT('',(0.783493649054,-8.6E-16,-10.29));
#10411 = CARTESIAN_POINT('',(1.025980990851,-7.56661669E-09,
    -9.749999881144));
#10412 = CARTESIAN_POINT('',(1.025980670839,-0.644639282885,
    -9.79000004496));
#10413 = CARTESIAN_POINT('',(0.57602869044,-1.289297015687,
    -9.83000301563));
#10414 = CARTESIAN_POINT('',(-0.32490947958,-1.578742832796,
    -9.869991261946));
#10415 = CARTESIAN_POINT('',(-1.353721617845,-1.173074621055,
    -9.910008835869));
#10416 = CARTESIAN_POINT('',(-1.898730234112,-4.78770202594E-06,
    -9.94999994044));
#10417 = CARTESIAN_POINT('',(-1.353686552344,1.173081705432,
    -9.989991045485));
#10418 = CARTESIAN_POINT('',(-0.324943234589,1.578740123916,
    -10.03000861909));
#10419 = CARTESIAN_POINT('',(0.576040435472,1.289297451529,
    -10.06999686553));
#10420 = CARTESIAN_POINT('',(1.025981077373,0.644639275319,
    -10.10999983618));
#10421 = CARTESIAN_POINT('',(1.025980762114,-4.7E-16,-10.15));
#10422 = ADVANCED_FACE('',(#10423),#10472,.T.);
#10423 = FACE_BOUND('',#10424,.T.);
#10424 = EDGE_LOOP('',(#10425,#10441,#10442,#10443));
#10425 = ORIENTED_EDGE('',*,*,#10426,.F.);
#10426 = EDGE_CURVE('',#10141,#10427,#10429,.T.);
#10427 = VERTEX_POINT('',#10428);
#10428 = CARTESIAN_POINT('',(0.773848894352,-0.122562121232,-10.));
#10429 = B_SPLINE_CURVE_WITH_KNOTS('',10,(#10430,#10431,#10432,#10433,
    #10434,#10435,#10436,#10437,#10438,#10439,#10440),.UNSPECIFIED.,.F.,
  .F.,(11,11),(0.,6.295904828089),.PIECEWISE_BEZIER_KNOTS.);
#10430 = CARTESIAN_POINT('',(0.783494975734,6.305458001E-08,
    -9.99000099046));
#10431 = CARTESIAN_POINT('',(0.783493186833,-0.492313278059,
    -10.02999962535));
#10432 = CARTESIAN_POINT('',(0.439834672435,-0.984322034336,
    -10.06997487006));
#10433 = CARTESIAN_POINT('',(-0.247935326078,-1.206195528069,
    -10.11007281593));
#10434 = CARTESIAN_POINT('',(-1.034074254021,-0.89525480954,
    -10.14992636974));
#10435 = CARTESIAN_POINT('',(-1.449703066884,-2.786776603392E-05,
    -10.19000049445));
#10436 = CARTESIAN_POINT('',(-1.033870996028,0.895295758039,
    -10.23007462194));
#10437 = CARTESIAN_POINT('',(-0.248131270011,1.206179782607,
    -10.26992817393));
#10438 = CARTESIAN_POINT('',(0.439902659321,0.98432462228,
    -10.31002612052));
#10439 = CARTESIAN_POINT('',(0.783495477556,0.492313341113,
    -10.35000136511));
#10440 = CARTESIAN_POINT('',(0.783493649054,-1.55E-15,-10.39));
#10441 = ORIENTED_EDGE('',*,*,#10158,.T.);
#10442 = ORIENTED_EDGE('',*,*,#10370,.T.);
#10443 = ORIENTED_EDGE('',*,*,#10444,.T.);
#10444 = EDGE_CURVE('',#10371,#10427,#10445,.T.);
#10445 = B_SPLINE_CURVE_WITH_KNOTS('',7,(#10446,#10447,#10448,#10449,
    #10450,#10451,#10452,#10453,#10454,#10455,#10456,#10457,#10458,
    #10459,#10460,#10461,#10462,#10463,#10464,#10465,#10466,#10467,
    #10468,#10469,#10470,#10471),.UNSPECIFIED.,.F.,.F.,(8,6,6,6,8),(0.,
    0.233602270742,0.500980660052,0.767263390633,1.),.UNSPECIFIED.);
#10446 = CARTESIAN_POINT('',(-0.122548721463,-0.773873951205,-10.));
#10447 = CARTESIAN_POINT('',(-9.25595345267E-02,-0.774391974299,-10.));
#10448 = CARTESIAN_POINT('',(-5.909077336288E-02,-0.774549674821,-10.));
#10449 = CARTESIAN_POINT('',(-2.306498719196E-02,-0.773612827101,-10.));
#10450 = CARTESIAN_POINT('',(1.478498553852E-02,-0.771027931055,-10.));
#10451 = CARTESIAN_POINT('',(5.384415528067E-02,-0.766450267105,-10.));
#10452 = CARTESIAN_POINT('',(9.363496130721E-02,-0.759657195167,-10.));
#10453 = CARTESIAN_POINT('',(0.179745362943,-0.739997262182,-10.));
#10454 = CARTESIAN_POINT('',(0.226120839297,-0.726406908212,-10.));
#10455 = CARTESIAN_POINT('',(0.27228068834,-0.709512183795,-10.));
#10456 = CARTESIAN_POINT('',(0.317670203956,-0.689270506808,-10.));
#10457 = CARTESIAN_POINT('',(0.361796429934,-0.665760317538,-10.));
#10458 = CARTESIAN_POINT('',(0.40422529898,-0.639157009672,-10.));
#10459 = CARTESIAN_POINT('',(0.484794436074,-0.580419398608,-10.));
#10460 = CARTESIAN_POINT('',(0.52294844574,-0.548310483669,-10.));
#10461 = CARTESIAN_POINT('',(0.558694877077,-0.513665031664,-10.));
#10462 = CARTESIAN_POINT('',(0.591739028532,-0.476840013742,-10.));
#10463 = CARTESIAN_POINT('',(0.621859089233,-0.438276648342,-10.));
#10464 = CARTESIAN_POINT('',(0.648927747478,-0.398510511271,-10.));
#10465 = CARTESIAN_POINT('',(0.693941340854,-0.322968923955,-10.));
#10466 = CARTESIAN_POINT('',(0.712583930794,-0.287359232306,-10.));
#10467 = CARTESIAN_POINT('',(0.728912379502,-0.251768972393,-10.));
#10468 = CARTESIAN_POINT('',(0.74299095392,-0.216716322193,-10.));
#10469 = CARTESIAN_POINT('',(0.754956706247,-0.182885815374,-10.));
#10470 = CARTESIAN_POINT('',(0.765106524644,-0.151136932156,-10.));
#10471 = CARTESIAN_POINT('',(0.773848894352,-0.122562121233,-10.));
#10472 = ( BOUNDED_SURFACE() B_SPLINE_SURFACE(6,10,(
    (#10473,#10474,#10475,#10476,#10477,#10478,#10479,#10480,#10481
      ,#10482,#10483)
    ,(#10484,#10485,#10486,#10487,#10488,#10489,#10490,#10491,#10492
      ,#10493,#10494)
    ,(#10495,#10496,#10497,#10498,#10499,#10500,#10501,#10502,#10503
      ,#10504,#10505)
    ,(#10506,#10507,#10508,#10509,#10510,#10511,#10512,#10513,#10514
      ,#10515,#10516)
    ,(#10517,#10518,#10519,#10520,#10521,#10522,#10523,#10524,#10525
      ,#10526,#10527)
    ,(#10528,#10529,#10530,#10531,#10532,#10533,#10534,#10535,#10536
      ,#10537,#10538)
    ,(#10539,#10540,#10541,#10542,#10543,#10544,#10545,#10546,#10547
      ,#10548,#10549
)),.UNSPECIFIED.,.F.,.F.,.F.) B_SPLINE_SURFACE_WITH_KNOTS((7,7),(11,11),
  (0.,2.094395102393),(0.,6.295904828089),.PIECEWISE_BEZIER_KNOTS.) 
GEOMETRIC_REPRESENTATION_ITEM() RATIONAL_B_SPLINE_SURFACE((
    (1.056590953773,1.056590953773,1.056590953773,1.056590953773
      ,1.056590953773,1.056590953773,1.056590953773,1.056590953773
      ,1.056590953773,1.056590953773,1.056590953773)
    ,(1.017435169568,1.017435169568,1.017435169568,1.017435169569
      ,1.017435169568,1.017435169569,1.017435169568,1.017435169568
      ,1.017435169568,1.017435169568,1.017435169568)
    ,(0.996326512422,0.996326512422,0.996326512422,0.996326512422
      ,0.996326512422,0.996326512422,0.996326512422,0.996326512422
      ,0.996326512422,0.996326512422,0.996326512422)
    ,(0.989390034249,0.989390034249,0.989390034248,0.989390034249
      ,0.989390034248,0.989390034249,0.989390034248,0.989390034249
      ,0.989390034249,0.989390034249,0.989390034249)
    ,(0.996326512422,0.996326512422,0.996326512422,0.996326512422
      ,0.996326512422,0.996326512422,0.996326512422,0.996326512422
      ,0.996326512422,0.996326512422,0.996326512422)
    ,(1.017435169568,1.017435169568,1.017435169568,1.017435169568
      ,1.017435169568,1.017435169569,1.017435169568,1.017435169568
      ,1.017435169568,1.017435169568,1.017435169568)
    ,(1.056590953773,1.056590953773,1.056590953773,1.056590953773
      ,1.056590953773,1.056590953773,1.056590953773,1.056590953773
      ,1.056590953773,1.056590953773,1.056590953773
))) REPRESENTATION_ITEM('') SURFACE() );
#10473 = CARTESIAN_POINT('',(0.783494975734,6.30545802E-08,
    -9.99000099046));
#10474 = CARTESIAN_POINT('',(0.783493186833,-0.492313278059,
    -10.02999962535));
#10475 = CARTESIAN_POINT('',(0.439834672435,-0.984322034336,
    -10.06997487006));
#10476 = CARTESIAN_POINT('',(-0.247935326078,-1.206195528069,
    -10.11007281592));
#10477 = CARTESIAN_POINT('',(-1.034074254021,-0.89525480954,
    -10.14992636974));
#10478 = CARTESIAN_POINT('',(-1.449703066883,-2.786776594108E-05,
    -10.19000049445));
#10479 = CARTESIAN_POINT('',(-1.033870996028,0.895295758039,
    -10.23007462195));
#10480 = CARTESIAN_POINT('',(-0.248131270011,1.206179782607,
    -10.26992817393));
#10481 = CARTESIAN_POINT('',(0.439902659321,0.98432462228,
    -10.31002612052));
#10482 = CARTESIAN_POINT('',(0.783495477556,0.492313341113,
    -10.35000136511));
#10483 = CARTESIAN_POINT('',(0.783493649054,-1.42E-15,-10.39));
#10484 = CARTESIAN_POINT('',(0.765370408973,6.83331326E-08,
    -9.979536877515));
#10485 = CARTESIAN_POINT('',(0.765368689367,-0.480927743325,
    -10.01953539813));
#10486 = CARTESIAN_POINT('',(0.429658248607,-0.961526949501,
    -10.05950857047));
#10487 = CARTESIAN_POINT('',(-0.242191520318,-1.178348887002,
    -10.09961471581));
#10488 = CARTESIAN_POINT('',(-1.01017240678,-0.874491309289,
    -10.13945600993));
#10489 = CARTESIAN_POINT('',(-1.416140744976,-2.686920093137E-05,
    -10.17953634007));
#10490 = CARTESIAN_POINT('',(-1.009976491645,0.874530770273,
    -10.21961667291));
#10491 = CARTESIAN_POINT('',(-0.242380405567,1.178333707292,
    -10.25945796527));
#10492 = CARTESIAN_POINT('',(0.429723772806,0.961529448306,
    -10.29956411131));
#10493 = CARTESIAN_POINT('',(0.765370892688,0.480927811658,
    -10.33953728352));
#10494 = CARTESIAN_POINT('',(0.765369130164,-8.9E-16,-10.37953580414));
#10495 = CARTESIAN_POINT('',(0.752597927702,7.205295285E-08,
    -9.96182594544));
#10496 = CARTESIAN_POINT('',(0.752596322103,-0.472904309614,
    -10.00182438552));
#10497 = CARTESIAN_POINT('',(0.422488093465,-0.945463203842,
    -10.04179609745));
#10498 = CARTESIAN_POINT('',(-0.238147326898,-1.15872496289,
    -10.08190802101));
#10499 = CARTESIAN_POINT('',(-0.993325051785,-0.859859915517,
    -10.12174067564));
#10500 = CARTESIAN_POINT('',(-1.392489237049,-2.517426553672E-05,
    -10.16182537883));
#10501 = CARTESIAN_POINT('',(-0.993141558732,0.859896865705,
    -10.20191008454));
#10502 = CARTESIAN_POINT('',(-0.238324257056,1.158710742389,
    -10.24174273752));
#10503 = CARTESIAN_POINT('',(0.422549456036,0.945465548847,
    -10.28185466174));
#10504 = CARTESIAN_POINT('',(0.752598380769,0.472904381667,
    -10.32182637355));
#10505 = CARTESIAN_POINT('',(0.752596729916,-1.E-15,-10.36182481363));
#10506 = CARTESIAN_POINT('',(0.747981351319,7.33974645E-08,
    -9.940001152925));
#10507 = CARTESIAN_POINT('',(0.747979884173,-0.470004284885,
    -9.979999563901));
#10508 = CARTESIAN_POINT('',(0.419898291452,-0.939657121718,
    -10.01997074797));
#10509 = CARTESIAN_POINT('',(-0.236690783991,-1.151631588358,
    -10.06008476005));
#10510 = CARTESIAN_POINT('',(-0.987230263705,-0.85457257211,
    -10.09991429194));
#10511 = CARTESIAN_POINT('',(-1.383940533299,-2.308263695275E-05,
    -10.14000057581));
#10512 = CARTESIAN_POINT('',(-0.98706207438,0.854606432574,-10.180086862
    ));
#10513 = CARTESIAN_POINT('',(-0.236852977193,1.151618550895,
    -10.21991639238));
#10514 = CARTESIAN_POINT('',(0.419954529819,0.93965927538,
    -10.26003040506));
#10515 = CARTESIAN_POINT('',(0.747981766619,0.470004358283,
    -10.30000158902));
#10516 = CARTESIAN_POINT('',(0.747980253375,-1.36E-15,-10.34));
#10517 = CARTESIAN_POINT('',(0.752597728016,7.205299124E-08,
    -9.918176318172));
#10518 = CARTESIAN_POINT('',(0.752596397636,-0.472904246894,
    -9.958174758255));
#10519 = CARTESIAN_POINT('',(0.422493159914,-0.945463270368,
    -9.998146470164));
#10520 = CARTESIAN_POINT('',(-0.238162034265,-1.158723626027,
    -10.03825839382));
#10521 = CARTESIAN_POINT('',(-0.993309617941,-0.859862889086,
    -10.07809104825));
#10522 = CARTESIAN_POINT('',(-1.392489052163,-2.098851684054E-05,
    -10.11817575168));
#10523 = CARTESIAN_POINT('',(-0.993156729279,0.859893663368,
    -10.15826045722));
#10524 = CARTESIAN_POINT('',(-0.238309486367,1.158711772455,
    -10.19809311026));
#10525 = CARTESIAN_POINT('',(0.422544277454,0.945465231176,
    -10.23820503447));
#10526 = CARTESIAN_POINT('',(0.75259810555,0.472904318947,
    -10.27817674628));
#10527 = CARTESIAN_POINT('',(0.752596729916,-1.39E-15,-10.31817518636));
#10528 = CARTESIAN_POINT('',(0.76537004724,6.833320237E-08,
    -9.900465269236));
#10529 = CARTESIAN_POINT('',(0.765368826195,-0.480927629708,
    -9.940463789851));
#10530 = CARTESIAN_POINT('',(0.429667426515,-0.961527070014,
    -9.980436962153));
#10531 = CARTESIAN_POINT('',(-0.242218162818,-1.178346465266,
    -10.02054310767));
#10532 = CARTESIAN_POINT('',(-1.010144448261,-0.874496695929,
    -10.06038440142));
#10533 = CARTESIAN_POINT('',(-1.416140410055,-1.928668746212E-05,
    -10.10046473201));
#10534 = CARTESIAN_POINT('',(-1.010003973199,0.874524969217,
    -10.14054506452));
#10535 = CARTESIAN_POINT('',(-0.242353648359,1.178335573265,
    -10.18038635701));
#10536 = CARTESIAN_POINT('',(0.42971439177,0.961528872844,
    -10.22049250303));
#10537 = CARTESIAN_POINT('',(0.765370394127,0.480927698041,
    -10.26046567524));
#10538 = CARTESIAN_POINT('',(0.765369130164,-1.8E-15,-10.30046419586));
#10539 = CARTESIAN_POINT('',(0.783494518259,6.305466663E-08,
    -9.890000990461));
#10540 = CARTESIAN_POINT('',(0.783493359877,-0.492313134369,
    -9.929999625354));
#10541 = CARTESIAN_POINT('',(0.439846279519,-0.984322186746,
    -9.969974870016));
#10542 = CARTESIAN_POINT('',(-0.247969020221,-1.206192465356,
    -10.0100728161));
#10543 = CARTESIAN_POINT('',(-1.034038895542,-0.895261621898,
    -10.04992636945));
#10544 = CARTESIAN_POINT('',(-1.449702643317,-1.827833972354E-05,
    -10.09000049472));
#10545 = CARTESIAN_POINT('',(-1.033905751302,0.89528842158,
    -10.13007462181));
#10546 = CARTESIAN_POINT('',(-0.248097430801,1.206182142459,
    -10.16992817396));
#10547 = CARTESIAN_POINT('',(0.439890795345,0.984323894507,
    -10.21002612053));
#10548 = CARTESIAN_POINT('',(0.783494847038,0.492313197424,
    -10.25000136511));
#10549 = CARTESIAN_POINT('',(0.783493649054,-2.E-15,-10.29));
#10550 = ADVANCED_FACE('',(#10551),#10573,.T.);
#10551 = FACE_BOUND('',#10552,.T.);
#10552 = EDGE_LOOP('',(#10553,#10563,#10564,#10565));
#10553 = ORIENTED_EDGE('',*,*,#10554,.F.);
#10554 = EDGE_CURVE('',#10253,#10555,#10557,.T.);
#10555 = VERTEX_POINT('',#10556);
#10556 = CARTESIAN_POINT('',(0.799978202378,-5.905566889922E-03,-10.));
#10557 = B_SPLINE_CURVE_WITH_KNOTS('',3,(#10558,#10559,#10560,#10561,
    #10562),.UNSPECIFIED.,.F.,.F.,(4,1,4),(0.,0.813982206244,1.),
  .UNSPECIFIED.);
#10558 = CARTESIAN_POINT('',(0.800297921909,1.7E-16,-9.999702078091));
#10559 = CARTESIAN_POINT('',(0.800217100108,-1.602696826709E-03,
    -9.999782899892));
#10560 = CARTESIAN_POINT('',(0.8001118656,-3.571590401399E-03,
    -9.999882218195));
#10561 = CARTESIAN_POINT('',(0.799999379327,-5.539504659938E-03,
    -9.999981525885));
#10562 = CARTESIAN_POINT('',(0.799978202378,-5.905566889917E-03,-10.));
#10563 = ORIENTED_EDGE('',*,*,#10252,.T.);
#10564 = ORIENTED_EDGE('',*,*,#10426,.T.);
#10565 = ORIENTED_EDGE('',*,*,#10566,.F.);
#10566 = EDGE_CURVE('',#10555,#10427,#10567,.T.);
#10567 = B_SPLINE_CURVE_WITH_KNOTS('',4,(#10568,#10569,#10570,#10571,
    #10572),.UNSPECIFIED.,.F.,.F.,(5,5),(0.,1.),
  .PIECEWISE_BEZIER_KNOTS.);
#10568 = CARTESIAN_POINT('',(0.8,-5.755504422707E-03,-10.));
#10569 = CARTESIAN_POINT('',(0.795669953948,-3.558510874065E-02,-10.));
#10570 = CARTESIAN_POINT('',(0.789845844571,-6.507215034647E-02,-10.));
#10571 = CARTESIAN_POINT('',(0.782556444603,-9.410111920223E-02,-10.));
#10572 = CARTESIAN_POINT('',(0.773848894352,-0.122562121233,-10.));
#10573 = B_SPLINE_SURFACE_WITH_KNOTS('',1,10,(
    (#10574,#10575,#10576,#10577,#10578,#10579,#10580,#10581,#10582
      ,#10583,#10584)
    ,(#10585,#10586,#10587,#10588,#10589,#10590,#10591,#10592,#10593
      ,#10594,#10595
  )),.UNSPECIFIED.,.F.,.F.,.F.,(2,2),(11,11),(0.,0.28),(0.,
    6.295904828089),.PIECEWISE_BEZIER_KNOTS.);
#10574 = CARTESIAN_POINT('',(1.025982729257,-7.56695061E-09,
    -10.12999988114));
#10575 = CARTESIAN_POINT('',(1.025980013273,-0.644639828904,
    -10.17000004496));
#10576 = CARTESIAN_POINT('',(0.575984583519,-1.289296436528,
    -10.21000301581));
#10577 = CARTESIAN_POINT('',(-0.324781441836,-1.578754471105,
    -10.24999126126));
#10578 = CARTESIAN_POINT('',(-1.353855980067,-1.173048734097,
    -10.29000883697));
#10579 = CARTESIAN_POINT('',(-1.898731843667,-4.122752145719E-05,
    -10.32999993942));
#10580 = CARTESIAN_POINT('',(-1.353554482303,1.173109583976,
    -10.36999104599));
#10581 = CARTESIAN_POINT('',(-0.325071823585,1.578731156478,
    -10.410008619));
#10582 = CARTESIAN_POINT('',(0.576085518578,1.289300217067,
    -10.44999686551));
#10583 = CARTESIAN_POINT('',(1.025983473341,0.644639821337,
    -10.48999983618));
#10584 = CARTESIAN_POINT('',(1.025980762114,-1.32E-15,-10.53));
#10585 = CARTESIAN_POINT('',(0.783494975734,6.305458001E-08,
    -9.99000099046));
#10586 = CARTESIAN_POINT('',(0.783493186833,-0.492313278059,
    -10.02999962535));
#10587 = CARTESIAN_POINT('',(0.439834672435,-0.984322034336,
    -10.06997487006));
#10588 = CARTESIAN_POINT('',(-0.247935326078,-1.206195528069,
    -10.11007281593));
#10589 = CARTESIAN_POINT('',(-1.034074254021,-0.89525480954,
    -10.14992636974));
#10590 = CARTESIAN_POINT('',(-1.449703066884,-2.786776603392E-05,
    -10.19000049445));
#10591 = CARTESIAN_POINT('',(-1.033870996028,0.895295758039,
    -10.23007462194));
#10592 = CARTESIAN_POINT('',(-0.248131270011,1.206179782607,
    -10.26992817393));
#10593 = CARTESIAN_POINT('',(0.439902659321,0.98432462228,
    -10.31002612052));
#10594 = CARTESIAN_POINT('',(0.783495477556,0.492313341113,
    -10.35000136511));
#10595 = CARTESIAN_POINT('',(0.783493649054,-1.55E-15,-10.39));
#10596 = ADVANCED_FACE('',(#10597),#10608,.T.);
#10597 = FACE_BOUND('',#10598,.F.);
#10598 = EDGE_LOOP('',(#10599,#10600,#10601));
#10599 = ORIENTED_EDGE('',*,*,#10554,.F.);
#10600 = ORIENTED_EDGE('',*,*,#10356,.T.);
#10601 = ORIENTED_EDGE('',*,*,#10602,.F.);
#10602 = EDGE_CURVE('',#10555,#10348,#10603,.T.);
#10603 = CIRCLE('',#10604,0.8);
#10604 = AXIS2_PLACEMENT_3D('',#10605,#10606,#10607);
#10605 = CARTESIAN_POINT('',(0.,0.,-10.));
#10606 = DIRECTION('',(0.,0.,1.));
#10607 = DIRECTION('',(1.,0.,-0.));
#10608 = CONICAL_SURFACE('',#10609,1.,0.785398163397);
#10609 = AXIS2_PLACEMENT_3D('',#10610,#10611,#10612);
#10610 = CARTESIAN_POINT('',(0.,0.,-9.8));
#10611 = DIRECTION('',(0.,0.,1.));
#10612 = DIRECTION('',(1.,0.,0.));
#10613 = ADVANCED_FACE('',(#10614),#10621,.F.);
#10614 = FACE_BOUND('',#10615,.F.);
#10615 = EDGE_LOOP('',(#10616,#10617,#10618,#10619,#10620));
#10616 = ORIENTED_EDGE('',*,*,#10602,.T.);
#10617 = ORIENTED_EDGE('',*,*,#10347,.T.);
#10618 = ORIENTED_EDGE('',*,*,#10389,.T.);
#10619 = ORIENTED_EDGE('',*,*,#10444,.T.);
#10620 = ORIENTED_EDGE('',*,*,#10566,.F.);
#10621 = PLANE('',#10622);
#10622 = AXIS2_PLACEMENT_3D('',#10623,#10624,#10625);
#10623 = CARTESIAN_POINT('',(0.,0.,-10.));
#10624 = DIRECTION('',(0.,0.,1.));
#10625 = DIRECTION('',(1.,0.,-0.));
#10626 = ( GEOMETRIC_REPRESENTATION_CONTEXT(3) 
GLOBAL_UNCERTAINTY_ASSIGNED_CONTEXT((#10630)) 
GLOBAL_UNIT_ASSIGNED_CONTEXT((#10627,#10628,#10629)) 
REPRESENTATION_CONTEXT('Context #1',
  '3D Context with UNIT and UNCERTAINTY') );
#10627 = ( LENGTH_UNIT() NAMED_UNIT(*) SI_UNIT(.MILLI.,.METRE.) );
#10628 = ( NAMED_UNIT(*) PLANE_ANGLE_UNIT() SI_UNIT($,.RADIAN.) );
#10629 = ( NAMED_UNIT(*) SI_UNIT($,.STERADIAN.) SOLID_ANGLE_UNIT() );
#10630 = UNCERTAINTY_MEASURE_WITH_UNIT(LENGTH_MEASURE(1.E-05),#10627,
  'distance_accuracy_value','confusion accuracy');
#10631 = PRODUCT_RELATED_PRODUCT_CATEGORY('part',$,(#7));
#10632 = MECHANICAL_DESIGN_GEOMETRIC_PRESENTATION_REPRESENTATION('',(
    #10633),#10626);
#10633 = STYLED_ITEM('color',(#10634),#15);
#10634 = PRESENTATION_STYLE_ASSIGNMENT((#10635,#10641));
#10635 = SURFACE_STYLE_USAGE(.BOTH.,#10636);
#10636 = SURFACE_SIDE_STYLE('',(#10637));
#10637 = SURFACE_STYLE_FILL_AREA(#10638);
#10638 = FILL_AREA_STYLE('',(#10639));
#10639 = FILL_AREA_STYLE_COLOUR('',#10640);
#10640 = COLOUR_RGB('',0.800000010877,0.800000010877,0.800000010877);
#10641 = CURVE_STYLE('',#10642,POSITIVE_LENGTH_MEASURE(0.1),#10643);
#10642 = DRAUGHTING_PRE_DEFINED_CURVE_FONT('continuous');
#10643 = COLOUR_RGB('',9.803921802644E-02,9.803921802644E-02,
  9.803921802644E-02);
ENDSEC;
END-ISO-10303-21;
