ISO-10303-21;
HEADER;
FILE_DESCRIPTION(('FreeCAD Model'),'2;1');
FILE_NAME('Open CASCADE Shape Model','2026-04-03T00:34:23',(''),(''),
  'Open CASCADE STEP processor 7.8','FreeCAD','Unknown');
FILE_SCHEMA(('AUTOMOTIVE_DESIGN { 1 0 10303 214 1 1 1 1 }'));
ENDSEC;
DATA;
#1 = APPLICATION_PROTOCOL_DEFINITION('international standard',
  'automotive_design',2000,#2);
#2 = APPLICATION_CONTEXT(
  'core data for automotive mechanical design processes');
#3 = SHAPE_DEFINITION_REPRESENTATION(#4,#10);
#4 = PRODUCT_DEFINITION_SHAPE('','',#5);
#5 = PRODUCT_DEFINITION('design','',#6,#9);
#6 = PRODUCT_DEFINITION_FORMATION('','',#7);
#7 = PRODUCT('M2x5-Screw008','M2x5-Screw008','',(#8));
#8 = PRODUCT_CONTEXT('',#2,'mechanical');
#9 = PRODUCT_DEFINITION_CONTEXT('part definition',#2,'design');
#10 = ADVANCED_BREP_SHAPE_REPRESENTATION('',(#11,#15),#4422);
#11 = AXIS2_PLACEMENT_3D('',#12,#13,#14);
#12 = CARTESIAN_POINT('',(0.,0.,0.));
#13 = DIRECTION('',(0.,0.,1.));
#14 = DIRECTION('',(1.,0.,-0.));
#15 = MANIFOLD_SOLID_BREP('',#16);
#16 = CLOSED_SHELL('',(#17,#97,#153,#259,#368,#436,#447,#558,#575,#700,
    #794,#919,#936,#1066,#1160,#1290,#1307,#1452,#1546,#1671,#1688,#1813
    ,#1907,#2032,#2049,#2194,#2288,#2418,#2435,#2560,#2654,#2779,#2796,
    #2926,#3020,#3145,#3162,#3287,#3381,#3444,#3553,#3587,#3658,#3684,
    #3709,#3734,#3853,#3903,#3946,#3989,#4032,#4075,#4118,#4168,#4211,
    #4254,#4297,#4340,#4376,#4413));
#17 = ADVANCED_FACE('',(#18),#92,.F.);
#18 = FACE_BOUND('',#19,.T.);
#19 = EDGE_LOOP('',(#20,#31,#40,#52,#83));
#20 = ORIENTED_EDGE('',*,*,#21,.F.);
#21 = EDGE_CURVE('',#22,#24,#26,.T.);
#22 = VERTEX_POINT('',#23);
#23 = CARTESIAN_POINT('',(0.8,0.,-5.));
#24 = VERTEX_POINT('',#25);
#25 = CARTESIAN_POINT('',(0.753164428447,0.269709739762,-5.));
#26 = CIRCLE('',#27,0.8);
#27 = AXIS2_PLACEMENT_3D('',#28,#29,#30);
#28 = CARTESIAN_POINT('',(0.,0.,-5.));
#29 = DIRECTION('',(0.,0.,1.));
#30 = DIRECTION('',(1.,0.,-0.));
#31 = ORIENTED_EDGE('',*,*,#32,.F.);
#32 = EDGE_CURVE('',#33,#22,#35,.T.);
#33 = VERTEX_POINT('',#34);
#34 = CARTESIAN_POINT('',(-0.479873851947,0.640094591617,-5.));
#35 = CIRCLE('',#36,0.8);
#36 = AXIS2_PLACEMENT_3D('',#37,#38,#39);
#37 = CARTESIAN_POINT('',(0.,0.,-5.));
#38 = DIRECTION('',(0.,0.,1.));
#39 = DIRECTION('',(1.,0.,-0.));
#40 = ORIENTED_EDGE('',*,*,#41,.F.);
#41 = EDGE_CURVE('',#42,#33,#44,.T.);
#42 = VERTEX_POINT('',#43);
#43 = CARTESIAN_POINT('',(-0.371212300378,0.689982580787,-5.));
#44 = B_SPLINE_CURVE_WITH_KNOTS('',6,(#45,#46,#47,#48,#49,#50,#51),
  .UNSPECIFIED.,.F.,.F.,(7,7),(0.,1.),.PIECEWISE_BEZIER_KNOTS.);
#45 = CARTESIAN_POINT('',(-0.371212300378,0.689982580787,-5.));
#46 = CARTESIAN_POINT('',(-0.459367985925,0.657417106171,-5.));
#47 = CARTESIAN_POINT('',(-0.543890759113,0.611636861729,-5.));
#48 = CARTESIAN_POINT('',(-0.622258929993,0.55326833727,-5.));
#49 = CARTESIAN_POINT('',(-0.692242197807,0.483563214486,-5.));
#50 = CARTESIAN_POINT('',(-0.751952776835,0.4042038453,-5.));
#51 = CARTESIAN_POINT('',(-0.8,0.31730200594,-5.));
#52 = ORIENTED_EDGE('',*,*,#53,.F.);
#53 = EDGE_CURVE('',#54,#42,#56,.T.);
#54 = VERTEX_POINT('',#55);
#55 = CARTESIAN_POINT('',(0.689966364044,0.371204128313,-5.));
#56 = B_SPLINE_CURVE_WITH_KNOTS('',7,(#57,#58,#59,#60,#61,#62,#63,#64,
    #65,#66,#67,#68,#69,#70,#71,#72,#73,#74,#75,#76,#77,#78,#79,#80,#81,
    #82),.UNSPECIFIED.,.F.,.F.,(8,6,6,6,8),(0.,0.232580443945,
    0.498784187017,0.766244416017,1.),.UNSPECIFIED.);
#57 = CARTESIAN_POINT('',(0.689966364044,0.371204128313,-5.));
#58 = CARTESIAN_POINT('',(0.672290033792,0.395271059523,-5.));
#59 = CARTESIAN_POINT('',(0.652240308791,0.421866396118,-5.));
#60 = CARTESIAN_POINT('',(0.6297925478,0.449826998492,-5.));
#61 = CARTESIAN_POINT('',(0.604950482282,0.478245654956,-5.));
#62 = CARTESIAN_POINT('',(0.577810534008,0.506432059055,-5.));
#63 = CARTESIAN_POINT('',(0.548482776458,0.533876292778,-5.));
#64 = CARTESIAN_POINT('',(0.481101167903,0.590310055088,-5.));
#65 = CARTESIAN_POINT('',(0.442442185436,0.618912842175,-5.));
#66 = CARTESIAN_POINT('',(0.401300830402,0.645376048122,-5.));
#67 = CARTESIAN_POINT('',(0.357973467802,0.669235350943,-5.));
#68 = CARTESIAN_POINT('',(0.31281452362,0.690146756835,-5.));
#69 = CARTESIAN_POINT('',(0.266219501951,0.707870090141,-5.));
#70 = CARTESIAN_POINT('',(0.17078506652,0.736747291196,-5.));
#71 = CARTESIAN_POINT('',(0.1219398136,0.747868630609,-5.));
#72 = CARTESIAN_POINT('',(7.251129843006E-02,0.755506024629,-5.));
#73 = CARTESIAN_POINT('',(2.296760326875E-02,0.759637108791,-5.));
#74 = CARTESIAN_POINT('',(-2.619958099716E-02,0.760350816581,-5.));
#75 = CARTESIAN_POINT('',(-7.448024493538E-02,0.757870889731,-5.));
#76 = CARTESIAN_POINT('',(-0.162303215817,0.747996942878,-5.));
#77 = CARTESIAN_POINT('',(-0.202136161786,0.741266608655,-5.));
#78 = CARTESIAN_POINT('',(-0.240546092075,0.732683529155,-5.));
#79 = CARTESIAN_POINT('',(-0.2771551058,0.722616238846,-5.));
#80 = CARTESIAN_POINT('',(-0.311495672411,0.711594136194,-5.));
#81 = CARTESIAN_POINT('',(-0.343057931312,0.700383048839,-5.));
#82 = CARTESIAN_POINT('',(-0.371212300378,0.689982580787,-5.));
#83 = ORIENTED_EDGE('',*,*,#84,.F.);
#84 = EDGE_CURVE('',#24,#54,#85,.T.);
#85 = B_SPLINE_CURVE_WITH_KNOTS('',5,(#86,#87,#88,#89,#90,#91),
  .UNSPECIFIED.,.F.,.F.,(6,6),(0.,1.),.PIECEWISE_BEZIER_KNOTS.);
#86 = CARTESIAN_POINT('',(0.8,0.160948661869,-5.));
#87 = CARTESIAN_POINT('',(0.784246093246,0.20651766156,-5.));
#88 = CARTESIAN_POINT('',(0.76518796896,0.250646374897,-5.));
#89 = CARTESIAN_POINT('',(0.74297814466,0.293002622295,-5.));
#90 = CARTESIAN_POINT('',(0.717820808024,0.333279345418,-5.));
#91 = CARTESIAN_POINT('',(0.689966364044,0.371204128313,-5.));
#92 = PLANE('',#93);
#93 = AXIS2_PLACEMENT_3D('',#94,#95,#96);
#94 = CARTESIAN_POINT('',(0.,0.,-5.));
#95 = DIRECTION('',(0.,0.,1.));
#96 = DIRECTION('',(1.,0.,-0.));
#97 = ADVANCED_FACE('',(#98),#148,.T.);
#98 = FACE_BOUND('',#99,.T.);
#99 = EDGE_LOOP('',(#100,#108,#109,#128,#137));
#100 = ORIENTED_EDGE('',*,*,#101,.F.);
#101 = EDGE_CURVE('',#22,#102,#104,.T.);
#102 = VERTEX_POINT('',#103);
#103 = CARTESIAN_POINT('',(0.964231406626,1.0417699E-08,-4.835768593374)
  );
#104 = LINE('',#105,#106);
#105 = CARTESIAN_POINT('',(0.8,0.,-5.));
#106 = VECTOR('',#107,1.);
#107 = DIRECTION('',(0.707106781187,0.,0.707106781187));
#108 = ORIENTED_EDGE('',*,*,#21,.T.);
#109 = ORIENTED_EDGE('',*,*,#110,.F.);
#110 = EDGE_CURVE('',#111,#24,#113,.T.);
#111 = VERTEX_POINT('',#112);
#112 = CARTESIAN_POINT('',(-0.100917655811,0.994894781746,-4.8));
#113 = B_SPLINE_CURVE_WITH_KNOTS('',5,(#114,#115,#116,#117,#118,#119,
    #120,#121,#122,#123,#124,#125,#126,#127),.UNSPECIFIED.,.F.,.F.,(6,4,
    4,6),(0.,0.29600019557,0.584695922232,1.),.UNSPECIFIED.);
#114 = CARTESIAN_POINT('',(-0.100917655811,0.994894781746,-4.8));
#115 = CARTESIAN_POINT('',(-2.392806617808E-02,0.991163637031,
    -4.81148170529));
#116 = CARTESIAN_POINT('',(5.197371949369E-02,0.9799723425,
    -4.823013743114));
#117 = CARTESIAN_POINT('',(0.125798740543,0.961506195104,-4.834595015622
    ));
#118 = CARTESIAN_POINT('',(0.196605221678,0.936150321957,-4.846227550095
    ));
#119 = CARTESIAN_POINT('',(0.328850610627,0.873574381273,-4.86930858033)
  );
#120 = CARTESIAN_POINT('',(0.390480831796,0.836661033182,-4.880755096386
    ));
#121 = CARTESIAN_POINT('',(0.447666183176,0.794256915315,-4.892252504086
    ));
#122 = CARTESIAN_POINT('',(0.499742670607,0.747042668365,-4.903804047954
    ));
#123 = CARTESIAN_POINT('',(0.613044820951,0.622123219639,-4.932104903144
    ));
#124 = CARTESIAN_POINT('',(0.668276541997,0.540116237135,-4.948914150672
    ));
#125 = CARTESIAN_POINT('',(0.710382790567,0.452178329082,-4.965835685284
    ));
#126 = CARTESIAN_POINT('',(0.738631491587,0.361108132806,-4.982868317861
    ));
#127 = CARTESIAN_POINT('',(0.753164428447,0.269709739762,-5.));
#128 = ORIENTED_EDGE('',*,*,#129,.F.);
#129 = EDGE_CURVE('',#130,#111,#132,.T.);
#130 = VERTEX_POINT('',#131);
#131 = CARTESIAN_POINT('',(0.632207729035,0.774798933498,-4.8));
#132 = CIRCLE('',#133,1.);
#133 = AXIS2_PLACEMENT_3D('',#134,#135,#136);
#134 = CARTESIAN_POINT('',(0.,0.,-4.8));
#135 = DIRECTION('',(0.,0.,1.));
#136 = DIRECTION('',(1.,0.,-0.));
#137 = ORIENTED_EDGE('',*,*,#138,.F.);
#138 = EDGE_CURVE('',#102,#130,#139,.T.);
#139 = B_SPLINE_CURVE_WITH_KNOTS('',7,(#140,#141,#142,#143,#144,#145,
    #146,#147),.UNSPECIFIED.,.F.,.F.,(8,8),(0.,1.),
  .PIECEWISE_BEZIER_KNOTS.);
#140 = CARTESIAN_POINT('',(0.964231405754,-1.249E-14,-4.835768594246));
#141 = CARTESIAN_POINT('',(0.969371844615,0.122805274605,-4.830628154058
    ));
#142 = CARTESIAN_POINT('',(0.956259185276,0.24694756801,-4.825493443974)
  );
#143 = CARTESIAN_POINT('',(0.924578457479,0.369066530536,-4.820373064755
    ));
#144 = CARTESIAN_POINT('',(0.87483936338,0.485850784799,-4.815268353529)
  );
#145 = CARTESIAN_POINT('',(0.808214867131,0.594199737292,-4.810171442377
    ));
#146 = CARTESIAN_POINT('',(0.726518803251,0.691287005728,-4.805080761692
    ));
#147 = CARTESIAN_POINT('',(0.632207729035,0.774798933498,-4.8));
#148 = CONICAL_SURFACE('',#149,0.8,0.785398163397);
#149 = AXIS2_PLACEMENT_3D('',#150,#151,#152);
#150 = CARTESIAN_POINT('',(0.,0.,-5.));
#151 = DIRECTION('',(0.,0.,1.));
#152 = DIRECTION('',(1.,0.,-0.));
#153 = ADVANCED_FACE('',(#154),#236,.T.);
#154 = FACE_BOUND('',#155,.T.);
#155 = EDGE_LOOP('',(#156,#172,#179,#234,#235));
#156 = ORIENTED_EDGE('',*,*,#157,.F.);
#157 = EDGE_CURVE('',#158,#54,#160,.T.);
#158 = VERTEX_POINT('',#159);
#159 = CARTESIAN_POINT('',(0.783495387475,1.26109576E-07,-4.631423337162
    ));
#160 = ( BOUNDED_CURVE() B_SPLINE_CURVE(10,(#161,#162,#163,#164,#165,
    #166,#167,#168,#169,#170,#171),.UNSPECIFIED.,.F.,.F.) 
B_SPLINE_CURVE_WITH_KNOTS((11,11),(0.,6.295904828089),
.PIECEWISE_BEZIER_KNOTS.) CURVE() GEOMETRIC_REPRESENTATION_ITEM() 
RATIONAL_B_SPLINE_CURVE((1.056590953773,1.056590953773,1.056590953773,
    1.056590953773,1.056590953773,1.056590953773,1.056590953773,
    1.056590953773,1.056590953773,1.056590953773,1.056590953773)) 
REPRESENTATION_ITEM('') );
#161 = CARTESIAN_POINT('',(0.783495387475,1.2610957517E-07,
    -4.631423337162));
#162 = CARTESIAN_POINT('',(0.783494268692,-0.492313617339,
    -4.671421972054));
#163 = CARTESIAN_POINT('',(0.439846846812,-0.984323244533,
    -4.711397216831));
#164 = CARTESIAN_POINT('',(-0.247969198647,-1.20619382084,
    -4.751495162505));
#165 = CARTESIAN_POINT('',(-1.034039969747,-0.895262700749,
    -4.791348716467));
#166 = CARTESIAN_POINT('',(-1.449704252888,-1.839523083094E-05,
    -4.831422841424));
#167 = CARTESIAN_POINT('',(-1.033906969306,0.895289334342,
    -4.871496968207));
#168 = CARTESIAN_POINT('',(-0.248097803629,1.206183457872,
    -4.911350520973));
#169 = CARTESIAN_POINT('',(0.439891204245,0.984325023126,-4.95144846712)
  );
#170 = CARTESIAN_POINT('',(0.783495676649,0.492313806504,-4.991423711815
    ));
#171 = CARTESIAN_POINT('',(0.783494518262,6.305490152E-08,
    -5.031422346702));
#172 = ORIENTED_EDGE('',*,*,#173,.T.);
#173 = EDGE_CURVE('',#158,#174,#176,.T.);
#174 = VERTEX_POINT('',#175);
#175 = CARTESIAN_POINT('',(1.,7.8E-14,-4.506421699604));
#176 = B_SPLINE_CURVE_WITH_KNOTS('',1,(#177,#178),.UNSPECIFIED.,.F.,.F.,
  (2,2),(0.,0.28),.PIECEWISE_BEZIER_KNOTS.);
#177 = CARTESIAN_POINT('',(0.783495387475,1.2610956272E-07,
    -4.631423337162));
#178 = CARTESIAN_POINT('',(1.025981219589,-1.513336117E-08,
    -4.491421118523));
#179 = ORIENTED_EDGE('',*,*,#180,.T.);
#180 = EDGE_CURVE('',#174,#111,#181,.T.);
#181 = B_SPLINE_CURVE_WITH_KNOTS('',6,(#182,#183,#184,#185,#186,#187,
    #188,#189,#190,#191,#192,#193,#194,#195,#196,#197,#198,#199,#200,
    #201,#202,#203,#204,#205,#206,#207,#208,#209,#210,#211,#212,#213,
    #214,#215,#216,#217,#218,#219,#220,#221,#222,#223,#224,#225,#226,
    #227,#228,#229,#230,#231,#232,#233),.UNSPECIFIED.,.F.,.F.,(7,5,5,5,5
    ,5,5,5,5,5,7),(0.,6.963162233848E-02,0.130946137353,0.201692895677,
    0.357020899253,0.494176094104,0.586903330934,0.678193526495,
    0.768114731805,0.86059359757,1.),.UNSPECIFIED.);
#182 = CARTESIAN_POINT('',(1.,1.6753E-13,-4.506421699604));
#183 = CARTESIAN_POINT('',(1.,-5.35143156523E-02,-4.509828507101));
#184 = CARTESIAN_POINT('',(0.996563430777,-0.10702902749,-4.513235752584
    ));
#185 = CARTESIAN_POINT('',(0.989690345447,-0.160266842393,
    -4.516642915102));
#186 = CARTESIAN_POINT('',(0.979410493608,-0.212952546944,
    -4.520049685767));
#187 = CARTESIAN_POINT('',(0.965782702622,-0.264815842188,
    -4.523455945628));
#188 = CARTESIAN_POINT('',(0.9340230452,-0.360307326688,-4.529860737991)
  );
#189 = CARTESIAN_POINT('',(0.916623411936,-0.404179805924,
    -4.532859407008));
#190 = CARTESIAN_POINT('',(0.89675492031,-0.447032530097,-4.535857769645
    ));
#191 = CARTESIAN_POINT('',(0.874493723561,-0.488692758273,-4.53885599964
    ));
#192 = CARTESIAN_POINT('',(0.849931855607,-0.528995602923,
    -4.541854302988));
#193 = CARTESIAN_POINT('',(0.792305309379,-0.612542675832,
    -4.548312557415));
#194 = CARTESIAN_POINT('',(0.758513382677,-0.655286311537,
    -4.551772622511));
#195 = CARTESIAN_POINT('',(0.721965558962,-0.695777306758,
    -4.555233164998));
#196 = CARTESIAN_POINT('',(0.682851784687,-0.733795783826,
    -4.558694378787));
#197 = CARTESIAN_POINT('',(0.641384709737,-0.76914368369,-4.562156346546
    ));
#198 = CARTESIAN_POINT('',(0.502098872631,-0.873010670912,
    -4.573221135209));
#199 = CARTESIAN_POINT('',(0.396156318548,-0.930680579741,
    -4.580828000962));
#200 = CARTESIAN_POINT('',(0.282466596069,-0.972778962233,
    -4.588435250786));
#201 = CARTESIAN_POINT('',(0.163912190341,-0.99811699914,-4.596041003476
    ));
#202 = CARTESIAN_POINT('',(4.356206897696E-02,-1.006157290797,
    -4.603645383073));
#203 = CARTESIAN_POINT('',(-0.180578490569,-0.989192693115,
    -4.617955869251));
#204 = CARTESIAN_POINT('',(-0.284693545832,-0.967941373398,
    -4.624665128383));
#205 = CARTESIAN_POINT('',(-0.385682625311,-0.933549244212,
    -4.631371217673));
#206 = CARTESIAN_POINT('',(-0.48149936455,-0.886634177348,
    -4.638076631127));
#207 = CARTESIAN_POINT('',(-0.570256474194,-0.828202208376,
    -4.644783868519));
#208 = CARTESIAN_POINT('',(-0.704468264075,-0.713304432595,
    -4.656026355107));
#209 = CARTESIAN_POINT('',(-0.754642969176,-0.662327294677,
    -4.660561920146));
#210 = CARTESIAN_POINT('',(-0.80035732665,-0.607145644121,
    -4.665098099867));
#211 = CARTESIAN_POINT('',(-0.841178948529,-0.548252876719,
    -4.669635006106));
#212 = CARTESIAN_POINT('',(-0.876749469452,-0.48619841902,
    -4.674172606402));
#213 = CARTESIAN_POINT('',(-0.936370250977,-0.357956838689,
    -4.683177825107));
#214 = CARTESIAN_POINT('',(-0.96059204343,-0.291845361982,
    -4.687645675293));
#215 = CARTESIAN_POINT('',(-0.979194440814,-0.223809740491,
    -4.69211344296));
#216 = CARTESIAN_POINT('',(-0.99199607134,-0.154448639809,
    -4.696580999928));
#217 = CARTESIAN_POINT('',(-0.998900469493,-8.438004353471E-02,
    -4.701048289534));
#218 = CARTESIAN_POINT('',(-1.000882080192,5.486969167615E-02,
    -4.709914808753));
#219 = CARTESIAN_POINT('',(-0.996135155049,0.124051750299,
    -4.714314270237));
#220 = CARTESIAN_POINT('',(-0.985649468822,0.19271959332,-4.718713153911
    ));
#221 = CARTESIAN_POINT('',(-0.969499092753,0.260280201346,
    -4.723111702726));
#222 = CARTESIAN_POINT('',(-0.947838565085,0.326156193753,
    -4.727510251686));
#223 = CARTESIAN_POINT('',(-0.893196775831,0.455248142838,
    -4.736432468947));
#224 = CARTESIAN_POINT('',(-0.859909599475,0.518338523557,
    -4.740956368114));
#225 = CARTESIAN_POINT('',(-0.821292585458,0.578469213029,
    -4.745480492808));
#226 = CARTESIAN_POINT('',(-0.777681846458,0.635083055953,
    -4.750005218207));
#227 = CARTESIAN_POINT('',(-0.729488631548,0.687675717073,
    -4.754530802821));
#228 = CARTESIAN_POINT('',(-0.598357162463,0.808361148368,-4.7658796889)
  );
#229 = CARTESIAN_POINT('',(-0.510183121133,0.870790340511,
    -4.772704854282));
#230 = CARTESIAN_POINT('',(-0.414320024733,0.921565967022,
    -4.779530054495));
#231 = CARTESIAN_POINT('',(-0.312715426585,0.959568055584,-4.78635513188
    ));
#232 = CARTESIAN_POINT('',(-0.207499125313,0.984084651846,
    -4.793179480904));
#233 = CARTESIAN_POINT('',(-0.100908279861,0.994895732756,-4.8000006));
#234 = ORIENTED_EDGE('',*,*,#110,.T.);
#235 = ORIENTED_EDGE('',*,*,#84,.T.);
#236 = B_SPLINE_SURFACE_WITH_KNOTS('',1,10,(
    (#237,#238,#239,#240,#241,#242,#243,#244,#245,#246,#247)
    ,(#248,#249,#250,#251,#252,#253,#254,#255,#256,#257,#258
  )),.UNSPECIFIED.,.F.,.F.,.F.,(2,2),(11,11),(0.,0.28),(0.,
    6.295904828089),.PIECEWISE_BEZIER_KNOTS.);
#237 = CARTESIAN_POINT('',(0.783495387475,1.2610957635E-07,
    -4.631423337162));
#238 = CARTESIAN_POINT('',(0.783494268692,-0.492313617339,
    -4.671421972054));
#239 = CARTESIAN_POINT('',(0.439846846812,-0.984323244533,
    -4.711397216832));
#240 = CARTESIAN_POINT('',(-0.247969198647,-1.20619382084,
    -4.751495162504));
#241 = CARTESIAN_POINT('',(-1.034039969748,-0.895262700749,
    -4.791348716468));
#242 = CARTESIAN_POINT('',(-1.449704252887,-1.83952310886E-05,
    -4.831422841423));
#243 = CARTESIAN_POINT('',(-1.033906969307,0.895289334343,
    -4.871496968208));
#244 = CARTESIAN_POINT('',(-0.248097803629,1.206183457872,
    -4.911350520972));
#245 = CARTESIAN_POINT('',(0.439891204245,0.984325023126,-4.95144846712)
  );
#246 = CARTESIAN_POINT('',(0.783495676649,0.492313806504,-4.991423711815
    ));
#247 = CARTESIAN_POINT('',(0.783494518262,6.305490153E-08,
    -5.031422346702));
#248 = CARTESIAN_POINT('',(1.025981219589,-1.513334938E-08,
    -4.491421118523));
#249 = CARTESIAN_POINT('',(1.025980894824,-0.644639434142,
    -4.531421282341));
#250 = CARTESIAN_POINT('',(0.576028809385,-1.289297307618,
    -4.571424253039));
#251 = CARTESIAN_POINT('',(-0.324909563782,-1.578743181828,
    -4.611412499243));
#252 = CARTESIAN_POINT('',(-1.353721928074,-1.173074873132,
    -4.651430073334));
#253 = CARTESIAN_POINT('',(-1.898730657682,-4.77368741691E-06,
    -4.691421177817));
#254 = CARTESIAN_POINT('',(-1.353686845322,1.17308197746,-4.731412282786
    ));
#255 = CARTESIAN_POINT('',(-0.324943295454,1.578740477746,
    -4.771429856558));
#256 = CARTESIAN_POINT('',(0.576040573418,1.289297734964,-4.811418102888
    ));
#257 = CARTESIAN_POINT('',(1.025981310865,0.644639411442,-4.851421073565
    ));
#258 = CARTESIAN_POINT('',(1.025980990852,-7.56664922E-09,
    -4.891421237381));
#259 = ADVANCED_FACE('',(#260),#290,.T.);
#260 = FACE_BOUND('',#261,.T.);
#261 = EDGE_LOOP('',(#262,#278,#288,#289));
#262 = ORIENTED_EDGE('',*,*,#263,.F.);
#263 = EDGE_CURVE('',#264,#42,#266,.T.);
#264 = VERTEX_POINT('',#265);
#265 = CARTESIAN_POINT('',(0.783496302429,1.26109297E-07,-4.731423337158
    ));
#266 = B_SPLINE_CURVE_WITH_KNOTS('',10,(#267,#268,#269,#270,#271,#272,
    #273,#274,#275,#276,#277),.UNSPECIFIED.,.F.,.F.,(11,11),(0.,
    6.295904828089),.PIECEWISE_BEZIER_KNOTS.);
#267 = CARTESIAN_POINT('',(0.783496302429,1.2610929605E-07,
    -4.731423337158));
#268 = CARTESIAN_POINT('',(0.783494553124,-0.492314048408,
    -4.771421972056));
#269 = CARTESIAN_POINT('',(0.439835496623,-0.984323667488,
    -4.811397216933));
#270 = CARTESIAN_POINT('',(-0.247935649577,-1.206197586424,
    -4.85149516217));
#271 = CARTESIAN_POINT('',(-1.034075931432,-0.895256412484,
    -4.891348716914));
#272 = CARTESIAN_POINT('',(-1.449705523594,-2.798467467757E-05,
    -4.931422841153));
#273 = CARTESIAN_POINT('',(-1.033872817246,0.895297194922,
    -4.971496968184));
#274 = CARTESIAN_POINT('',(-0.2481317879,1.206181800876,-5.011350521097)
  );
#275 = CARTESIAN_POINT('',(0.439903325108,0.984326326269,-5.051448467059
    ));
#276 = CARTESIAN_POINT('',(0.783496764648,0.492314237573,-5.091423711811
    ));
#277 = CARTESIAN_POINT('',(0.783494975739,6.305481885E-08,
    -5.131422346701));
#278 = ORIENTED_EDGE('',*,*,#279,.T.);
#279 = EDGE_CURVE('',#264,#158,#280,.T.);
#280 = ( BOUNDED_CURVE() B_SPLINE_CURVE(6,(#281,#282,#283,#284,#285,#286
,#287),.UNSPECIFIED.,.F.,.F.) B_SPLINE_CURVE_WITH_KNOTS((7,7),(0.,
2.094395102393),.PIECEWISE_BEZIER_KNOTS.) CURVE() 
GEOMETRIC_REPRESENTATION_ITEM() RATIONAL_B_SPLINE_CURVE((1.056590953773,
    1.017435169568,0.996326512422,0.989390034249,0.996326512422,
1.017435169568,1.056590953773)) REPRESENTATION_ITEM('') );
#281 = CARTESIAN_POINT('',(0.783496302429,1.2610928507E-07,
    -4.731423337158));
#282 = CARTESIAN_POINT('',(0.765371687797,1.3666643972E-07,
    -4.720959307129));
#283 = CARTESIAN_POINT('',(0.752599125502,1.4410612617E-07,
    -4.703248433486));
#284 = CARTESIAN_POINT('',(0.747982449275,1.4679518148E-07,
    -4.681423662091));
#285 = CARTESIAN_POINT('',(0.752598726128,1.4410624719E-07,
    -4.659598806219));
#286 = CARTESIAN_POINT('',(0.765370964328,1.3666665924E-07,
    -4.641887698853));
#287 = CARTESIAN_POINT('',(0.783495387475,1.2610956285E-07,
    -4.631423337162));
#288 = ORIENTED_EDGE('',*,*,#157,.T.);
#289 = ORIENTED_EDGE('',*,*,#53,.T.);
#290 = ( BOUNDED_SURFACE() B_SPLINE_SURFACE(6,10,(
    (#291,#292,#293,#294,#295,#296,#297,#298,#299,#300,#301)
    ,(#302,#303,#304,#305,#306,#307,#308,#309,#310,#311,#312)
    ,(#313,#314,#315,#316,#317,#318,#319,#320,#321,#322,#323)
    ,(#324,#325,#326,#327,#328,#329,#330,#331,#332,#333,#334)
    ,(#335,#336,#337,#338,#339,#340,#341,#342,#343,#344,#345)
    ,(#346,#347,#348,#349,#350,#351,#352,#353,#354,#355,#356)
    ,(#357,#358,#359,#360,#361,#362,#363,#364,#365,#366,#367
)),.UNSPECIFIED.,.F.,.F.,.F.) B_SPLINE_SURFACE_WITH_KNOTS((7,7),(11,11),
  (0.,2.094395102393),(0.,6.295904828089),.PIECEWISE_BEZIER_KNOTS.) 
GEOMETRIC_REPRESENTATION_ITEM() RATIONAL_B_SPLINE_SURFACE((
    (1.056590953773,1.056590953773,1.056590953773,1.056590953773
      ,1.056590953773,1.056590953773,1.056590953773,1.056590953773
      ,1.056590953773,1.056590953773,1.056590953773)
    ,(1.017435169568,1.017435169568,1.017435169568,1.017435169568
      ,1.017435169569,1.017435169568,1.017435169568,1.017435169568
      ,1.017435169568,1.017435169568,1.017435169568)
    ,(0.996326512422,0.996326512422,0.996326512422,0.996326512422
      ,0.996326512423,0.996326512422,0.996326512423,0.996326512422
      ,0.996326512422,0.996326512422,0.996326512422)
    ,(0.989390034249,0.989390034249,0.989390034249,0.989390034248
      ,0.989390034249,0.989390034248,0.989390034249,0.989390034248
      ,0.989390034249,0.989390034249,0.989390034249)
    ,(0.996326512422,0.996326512422,0.996326512422,0.996326512422
      ,0.996326512423,0.996326512422,0.996326512423,0.996326512422
      ,0.996326512422,0.996326512422,0.996326512422)
    ,(1.017435169568,1.017435169568,1.017435169568,1.017435169568
      ,1.017435169569,1.017435169568,1.017435169569,1.017435169568
      ,1.017435169568,1.017435169568,1.017435169568)
    ,(1.056590953773,1.056590953773,1.056590953773,1.056590953773
      ,1.056590953773,1.056590953773,1.056590953773,1.056590953773
      ,1.056590953773,1.056590953773,1.056590953773
))) REPRESENTATION_ITEM('') SURFACE() );
#291 = CARTESIAN_POINT('',(0.783496302429,1.2610929681E-07,
    -4.731423337158));
#292 = CARTESIAN_POINT('',(0.783494553124,-0.492314048408,
    -4.771421972056));
#293 = CARTESIAN_POINT('',(0.439835496623,-0.984323667488,
    -4.811397216933));
#294 = CARTESIAN_POINT('',(-0.247935649577,-1.206197586424,
    -4.851495162171));
#295 = CARTESIAN_POINT('',(-1.034075931432,-0.895256412484,
    -4.891348716913));
#296 = CARTESIAN_POINT('',(-1.449705523594,-2.798467450663E-05,
    -4.931422841154));
#297 = CARTESIAN_POINT('',(-1.033872817246,0.895297194922,
    -4.971496968183));
#298 = CARTESIAN_POINT('',(-0.2481317879,1.206181800876,-5.011350521097)
  );
#299 = CARTESIAN_POINT('',(0.439903325108,0.984326326269,-5.051448467059
    ));
#300 = CARTESIAN_POINT('',(0.783496764648,0.492314237573,-5.091423711811
    ));
#301 = CARTESIAN_POINT('',(0.783494975739,6.305481859E-08,
    -5.131422346701));
#302 = CARTESIAN_POINT('',(0.765371687797,1.3666645204E-07,
    -4.720959307129));
#303 = CARTESIAN_POINT('',(0.765370011102,-0.480928478324,
    -4.760957827748));
#304 = CARTESIAN_POINT('',(0.429659052543,-0.961528519482,-4.80093100025
    ));
#305 = CARTESIAN_POINT('',(-0.242191820498,-1.178350873484,
    -4.841037144985));
#306 = CARTESIAN_POINT('',(-1.010174015052,-0.874492864344,
    -4.880878440001));
#307 = CARTESIAN_POINT('',(-1.416143113041,-2.699589028013E-05,
    -4.920958769695));
#308 = CARTESIAN_POINT('',(-1.00997825576,0.874532145357,-4.961039102077
    ));
#309 = CARTESIAN_POINT('',(-0.242380916414,1.178335650337,
    -5.000880395332));
#310 = CARTESIAN_POINT('',(0.429724405083,0.961531095052,-5.040986540763
    ));
#311 = CARTESIAN_POINT('',(0.765372128593,0.480928683324,-5.080959713146
    ));
#312 = CARTESIAN_POINT('',(0.765370408978,6.833339058E-08,
    -5.120958233756));
#313 = CARTESIAN_POINT('',(0.752599125502,1.4410613852E-07,
    -4.703248433486));
#314 = CARTESIAN_POINT('',(0.752597565152,-0.472904989996,
    -4.743246873571));
#315 = CARTESIAN_POINT('',(0.422488856573,-0.945464669831,
    -4.783218585655));
#316 = CARTESIAN_POINT('',(-0.23814759565,-1.158726826069,
    -4.823330508643));
#317 = CARTESIAN_POINT('',(-0.993326548984,-0.859861382652,
    -4.863163164115));
#318 = CARTESIAN_POINT('',(-1.392491455077,-2.530784576607E-05,
    -4.903247866884));
#319 = CARTESIAN_POINT('',(-0.993143220254,0.859898143063,
    -4.943332572169));
#320 = CARTESIAN_POINT('',(-0.238324747946,1.158712559771,
    -4.983165225992));
#321 = CARTESIAN_POINT('',(0.422550038144,0.945467095778,-5.023277149633
    ));
#322 = CARTESIAN_POINT('',(0.752599533313,0.472905206155,-5.063248861605
    ));
#323 = CARTESIAN_POINT('',(0.752597927707,7.205322522E-08,
    -5.103247301682));
#324 = CARTESIAN_POINT('',(0.747982449275,1.4679519408E-07,
    -4.681423662091));
#325 = CARTESIAN_POINT('',(0.747981028223,-0.470004901203,
    -4.721422073067));
#326 = CARTESIAN_POINT('',(0.419899000182,-0.93965846138,-4.76139325728)
  );
#327 = CARTESIAN_POINT('',(-0.236691019008,-1.151633298564,
    -4.801507268836));
#328 = CARTESIAN_POINT('',(-0.987231627722,-0.854573926634,
    -4.841336801497));
#329 = CARTESIAN_POINT('',(-1.383942566441,-2.321870503988E-05,
    -4.881423084988));
#330 = CARTESIAN_POINT('',(-0.987063605785,0.854607593772,
    -4.921509370784));
#331 = CARTESIAN_POINT('',(-0.236853438497,1.151620214453,
    -4.961338901934));
#332 = CARTESIAN_POINT('',(0.419955054173,0.939660697493,-5.001452914088
    ));
#333 = CARTESIAN_POINT('',(0.747982818474,0.470005121396,-5.041424098198
    ));
#334 = CARTESIAN_POINT('',(0.747981351323,7.339774036E-08,
    -5.081422509167));
#335 = CARTESIAN_POINT('',(0.752598726128,1.4410626126E-07,
    -4.659598806219));
#336 = CARTESIAN_POINT('',(0.752597440998,-0.472904801836,
    -4.699597246301));
#337 = CARTESIAN_POINT('',(0.422493810888,-0.945464485212,
    -4.739568958342));
#338 = CARTESIAN_POINT('',(-0.238162239694,-1.158725182405,
    -4.77968088152));
#339 = CARTESIAN_POINT('',(-0.993310851842,-0.859864127456,
    -4.819513536652));
#340 = CARTESIAN_POINT('',(-1.392490900419,-2.112208943103E-05,
    -4.859598239733));
#341 = CARTESIAN_POINT('',(-0.993158127501,0.859894711949,
    -4.899682944911));
#342 = CARTESIAN_POINT('',(-0.238309913939,1.158713283043,
    -4.939515598669));
#343 = CARTESIAN_POINT('',(0.422544747433,0.945466526961,-4.979627522391
    ));
#344 = CARTESIAN_POINT('',(0.752599058406,0.472905017995,-5.019599234338
    ));
#345 = CARTESIAN_POINT('',(0.75259772802,7.205326105E-08,-5.059597674413
    ));
#346 = CARTESIAN_POINT('',(0.765370964328,1.3666667234E-07,
    -4.641887698853));
#347 = CARTESIAN_POINT('',(0.765369786197,-0.480928137471,
    -4.681886219467));
#348 = CARTESIAN_POINT('',(0.429668027319,-0.961528185044,-4.72185939189
    ));
#349 = CARTESIAN_POINT('',(-0.242218348288,-1.178347895977,
    -4.761965536969));
#350 = CARTESIAN_POINT('',(-1.01014557957,-0.874497836576,
    -4.801806831369));
#351 = CARTESIAN_POINT('',(-1.416142108273,-1.941336306344E-05,
    -4.841887161629));
#352 = CARTESIAN_POINT('',(-1.010005260344,0.87452592987,-4.881967493816
    ));
#353 = CARTESIAN_POINT('',(-0.242354044505,1.178336960551,
    -4.921808786954));
#354 = CARTESIAN_POINT('',(0.429714820922,0.961530064636,-4.961914932532
    ));
#355 = CARTESIAN_POINT('',(0.765371268295,0.480928342471,-5.001888104869
    ));
#356 = CARTESIAN_POINT('',(0.765370047244,6.833345637E-08,
    -5.041886625477));
#357 = CARTESIAN_POINT('',(0.783495387475,1.2610957517E-07,
    -4.631423337162));
#358 = CARTESIAN_POINT('',(0.783494268692,-0.492313617339,
    -4.671421972054));
#359 = CARTESIAN_POINT('',(0.439846846812,-0.984323244533,
    -4.711397216831));
#360 = CARTESIAN_POINT('',(-0.247969198647,-1.20619382084,
    -4.751495162505));
#361 = CARTESIAN_POINT('',(-1.034039969747,-0.895262700749,
    -4.791348716467));
#362 = CARTESIAN_POINT('',(-1.449704252888,-1.839523083094E-05,
    -4.831422841424));
#363 = CARTESIAN_POINT('',(-1.033906969306,0.895289334342,
    -4.871496968207));
#364 = CARTESIAN_POINT('',(-0.248097803629,1.206183457872,
    -4.911350520973));
#365 = CARTESIAN_POINT('',(0.439891204245,0.984325023126,-4.95144846712)
  );
#366 = CARTESIAN_POINT('',(0.783495676649,0.492313806504,-4.991423711815
    ));
#367 = CARTESIAN_POINT('',(0.783494518262,6.305490152E-08,
    -5.031422346702));
#368 = ADVANCED_FACE('',(#369),#413,.T.);
#369 = FACE_BOUND('',#370,.T.);
#370 = EDGE_LOOP('',(#371,#406,#411,#412));
#371 = ORIENTED_EDGE('',*,*,#372,.F.);
#372 = EDGE_CURVE('',#102,#33,#373,.T.);
#373 = B_SPLINE_CURVE_WITH_KNOTS('',7,(#374,#375,#376,#377,#378,#379,
    #380,#381,#382,#383,#384,#385,#386,#387,#388,#389,#390,#391,#392,
    #393,#394,#395,#396,#397,#398,#399,#400,#401,#402,#403,#404,#405),
  .UNSPECIFIED.,.F.,.F.,(8,6,6,6,6,8),(0.,0.157078240687,0.302270303002,
    0.561580010391,0.791277154753,1.),.UNSPECIFIED.);
#374 = CARTESIAN_POINT('',(0.964231405754,-3.3E-16,-4.835768594246));
#375 = CARTESIAN_POINT('',(0.960641581469,-8.576084336023E-02,
    -4.839358418505));
#376 = CARTESIAN_POINT('',(0.948147786487,-0.170902683486,
    -4.842953071981));
#377 = CARTESIAN_POINT('',(0.926841918212,-0.254296138007,
    -4.846553290929));
#378 = CARTESIAN_POINT('',(0.896999022413,-0.334850005647,
    -4.850159621174));
#379 = CARTESIAN_POINT('',(0.859057193873,-0.411528442642,
    -4.853771802918));
#380 = CARTESIAN_POINT('',(0.81360702444,-0.48337358195,-4.857388829886)
  );
#381 = CARTESIAN_POINT('',(0.713125412053,-0.610687251741,
    -4.864356544237));
#382 = CARTESIAN_POINT('',(0.659070912096,-0.66699353094,-4.867707227969
    ));
#383 = CARTESIAN_POINT('',(0.599809227842,-0.71778006318,-4.871060835873
    ));
#384 = CARTESIAN_POINT('',(0.536013726896,-0.762468727676,-4.87441741231
    ));
#385 = CARTESIAN_POINT('',(0.468433707448,-0.800585302039,
    -4.877777479224));
#386 = CARTESIAN_POINT('',(0.39787909049,-0.831769111793,-4.881141571215
    ));
#387 = CARTESIAN_POINT('',(0.195411046197,-0.898670364105,
    -4.890525297831));
#388 = CARTESIAN_POINT('',(5.874596830003E-02,-0.918725163645,
    -4.896559037667));
#389 = CARTESIAN_POINT('',(-7.981232745682E-02,-0.914489988864,
    -4.902605400706));
#390 = CARTESIAN_POINT('',(-0.215085230454,-0.886034803969,
    -4.908668964561));
#391 = CARTESIAN_POINT('',(-0.342173253731,-0.834648935527,
    -4.914749078616));
#392 = CARTESIAN_POINT('',(-0.456547842825,-0.762824229978,
    -4.920845736822));
#393 = CARTESIAN_POINT('',(-0.64148277302,-0.595798650308,
    -4.932357156573));
#394 = CARTESIAN_POINT('',(-0.715651066937,-0.504117098178,
    -4.937776253377));
#395 = CARTESIAN_POINT('',(-0.774592717446,-0.401702335235,
    -4.943202512878));
#396 = CARTESIAN_POINT('',(-0.816506974597,-0.291611666886,
    -4.948637587911));
#397 = CARTESIAN_POINT('',(-0.840331997032,-0.177176578639,
    -4.954085194342));
#398 = CARTESIAN_POINT('',(-0.84577300517,-6.191869301214E-02,
    -4.959546792072));
#399 = CARTESIAN_POINT('',(-0.822237086632,0.153028485144,
    -4.969988632482));
#400 = CARTESIAN_POINT('',(-0.796349601586,0.253251032634,
    -4.974970814427));
#401 = CARTESIAN_POINT('',(-0.756198926097,0.348772810842,
    -4.979961073844));
#402 = CARTESIAN_POINT('',(-0.702795995563,0.437170932896,
    -4.984959140799));
#403 = CARTESIAN_POINT('',(-0.637615950787,0.516306252109,-4.98996496145
    ));
#404 = CARTESIAN_POINT('',(-0.562558316514,0.584381713256,
    -4.994979249729));
#405 = CARTESIAN_POINT('',(-0.479873851947,0.640094591617,-5.));
#406 = ORIENTED_EDGE('',*,*,#407,.T.);
#407 = EDGE_CURVE('',#102,#264,#408,.T.);
#408 = B_SPLINE_CURVE_WITH_KNOTS('',1,(#409,#410),.UNSPECIFIED.,.F.,.F.,
  (2,2),(0.,0.28),.PIECEWISE_BEZIER_KNOTS.);
#409 = CARTESIAN_POINT('',(1.025984696413,-1.513441912E-08,
    -4.871421118507));
#410 = CARTESIAN_POINT('',(0.783496302429,1.2610928462E-07,
    -4.731423337158));
#411 = ORIENTED_EDGE('',*,*,#263,.T.);
#412 = ORIENTED_EDGE('',*,*,#41,.T.);
#413 = B_SPLINE_SURFACE_WITH_KNOTS('',1,10,(
    (#414,#415,#416,#417,#418,#419,#420,#421,#422,#423,#424)
    ,(#425,#426,#427,#428,#429,#430,#431,#432,#433,#434,#435
  )),.UNSPECIFIED.,.F.,.F.,.F.,(2,2),(11,11),(0.,0.28),(0.,
    6.295904828089),.PIECEWISE_BEZIER_KNOTS.);
#414 = CARTESIAN_POINT('',(1.025984696413,-1.513440746E-08,
    -4.871421118507));
#415 = CARTESIAN_POINT('',(1.025981975666,-0.644641072204,
    -4.911421282346));
#416 = CARTESIAN_POINT('',(0.575985678669,-1.289298914848,
    -4.951424253425));
#417 = CARTESIAN_POINT('',(-0.324782077314,-1.578757491046,
    -4.991412497974));
#418 = CARTESIAN_POINT('',(-1.353858582474,-1.173050977725,
    -5.031430075029));
#419 = CARTESIAN_POINT('',(-1.898735486366,-4.1213573164E-05,
    -5.071421176789));
#420 = CARTESIAN_POINT('',(-1.353557067491,1.173111847664,
    -5.111412282695));
#421 = CARTESIAN_POINT('',(-0.325072435683,1.578734181161,
    -5.151429857031));
#422 = CARTESIAN_POINT('',(0.576086632696,1.289302686906,-5.191418102657
    ));
#423 = CARTESIAN_POINT('',(1.025985445259,0.644641049503,-5.23142107355)
  );
#424 = CARTESIAN_POINT('',(1.025982729264,-7.56696434E-09,
    -5.271421237377));
#425 = CARTESIAN_POINT('',(0.783496302429,1.2610929605E-07,
    -4.731423337158));
#426 = CARTESIAN_POINT('',(0.783494553124,-0.492314048408,
    -4.771421972056));
#427 = CARTESIAN_POINT('',(0.439835496623,-0.984323667488,
    -4.811397216933));
#428 = CARTESIAN_POINT('',(-0.247935649577,-1.206197586424,
    -4.85149516217));
#429 = CARTESIAN_POINT('',(-1.034075931432,-0.895256412484,
    -4.891348716914));
#430 = CARTESIAN_POINT('',(-1.449705523594,-2.798467467757E-05,
    -4.931422841153));
#431 = CARTESIAN_POINT('',(-1.033872817246,0.895297194922,
    -4.971496968184));
#432 = CARTESIAN_POINT('',(-0.2481317879,1.206181800876,-5.011350521097)
  );
#433 = CARTESIAN_POINT('',(0.439903325108,0.984326326269,-5.051448467059
    ));
#434 = CARTESIAN_POINT('',(0.783496764648,0.492314237573,-5.091423711811
    ));
#435 = CARTESIAN_POINT('',(0.783494975739,6.305481885E-08,
    -5.131422346701));
#436 = ADVANCED_FACE('',(#437),#442,.T.);
#437 = FACE_BOUND('',#438,.T.);
#438 = EDGE_LOOP('',(#439,#440,#441));
#439 = ORIENTED_EDGE('',*,*,#32,.T.);
#440 = ORIENTED_EDGE('',*,*,#101,.T.);
#441 = ORIENTED_EDGE('',*,*,#372,.T.);
#442 = CONICAL_SURFACE('',#443,0.8,0.785398163397);
#443 = AXIS2_PLACEMENT_3D('',#444,#445,#446);
#444 = CARTESIAN_POINT('',(0.,0.,-5.));
#445 = DIRECTION('',(0.,0.,1.));
#446 = DIRECTION('',(1.,0.,-0.));
#447 = ADVANCED_FACE('',(#448),#535,.T.);
#448 = FACE_BOUND('',#449,.T.);
#449 = EDGE_LOOP('',(#450,#512,#519,#533,#534));
#450 = ORIENTED_EDGE('',*,*,#451,.F.);
#451 = EDGE_CURVE('',#452,#130,#454,.T.);
#452 = VERTEX_POINT('',#453);
#453 = CARTESIAN_POINT('',(1.,1.214E-12,-4.456418067954));
#454 = B_SPLINE_CURVE_WITH_KNOTS('',6,(#455,#456,#457,#458,#459,#460,
    #461,#462,#463,#464,#465,#466,#467,#468,#469,#470,#471,#472,#473,
    #474,#475,#476,#477,#478,#479,#480,#481,#482,#483,#484,#485,#486,
    #487,#488,#489,#490,#491,#492,#493,#494,#495,#496,#497,#498,#499,
    #500,#501,#502,#503,#504,#505,#506,#507,#508,#509,#510,#511),
  .UNSPECIFIED.,.F.,.F.,(7,5,5,5,5,5,5,5,5,5,5,7),(0.,6.170510030165E-02
    ,0.115260488128,0.17763979944,0.297556465532,0.425026803853,
    0.504383090709,0.577496993438,0.660091478329,0.738480840774,
    0.859241242644,1.),.UNSPECIFIED.);
#455 = CARTESIAN_POINT('',(1.,2.4033E-12,-4.456418067954));
#456 = CARTESIAN_POINT('',(1.,-5.549999415279E-02,-4.459951444111));
#457 = CARTESIAN_POINT('',(0.99630366337,-0.111000503483,-4.463484610214
    ));
#458 = CARTESIAN_POINT('',(0.988911041746,-0.16619211078,-4.467018004078
    ));
#459 = CARTESIAN_POINT('',(0.977856559775,-0.220767851162,-4.4705519435)
  );
#460 = CARTESIAN_POINT('',(0.963208250296,-0.274426641985,
    -4.474086505044));
#461 = CARTESIAN_POINT('',(0.929321739068,-0.372399430806,
    -4.480689428342));
#462 = CARTESIAN_POINT('',(0.910945058191,-0.417012291757,
    -4.483757757996));
#463 = CARTESIAN_POINT('',(0.89000285275,-0.460524743815,-4.486826237134
    ));
#464 = CARTESIAN_POINT('',(0.866579058239,-0.502753401377,
    -4.489894689792));
#465 = CARTESIAN_POINT('',(0.840774818537,-0.543523716454,
    -4.492962934176));
#466 = CARTESIAN_POINT('',(0.780016094298,-0.628269697964,
    -4.499604131267));
#467 = CARTESIAN_POINT('',(0.744253920857,-0.671667484574,
    -4.503177011236));
#468 = CARTESIAN_POINT('',(0.705607046451,-0.712605515638,-4.50674912468
    ));
#469 = CARTESIAN_POINT('',(0.664289432874,-0.750846708582,
    -4.510320424528));
#470 = CARTESIAN_POINT('',(0.620540196154,-0.786179316043,
    -4.513890997098));
#471 = CARTESIAN_POINT('',(0.486346036957,-0.880398367425,
    -4.524323690973));
#472 = CARTESIAN_POINT('',(0.390036402979,-0.93096036308,-4.531185206959
    ));
#473 = CARTESIAN_POINT('',(0.287566615801,-0.968780807654,
    -4.538044385677));
#474 = CARTESIAN_POINT('',(0.181058562742,-0.992991627226,
    -4.544905067366));
#475 = CARTESIAN_POINT('',(7.276289875182E-02,-1.003164339068,
    -4.551769517379));
#476 = CARTESIAN_POINT('',(-0.149608559892,-0.995370349919,
    -4.565933680285));
#477 = CARTESIAN_POINT('',(-0.263658152946,-0.97558933928,
    -4.573236019722));
#478 = CARTESIAN_POINT('',(-0.37441661093,-0.940130002591,
    -4.580539308096));
#479 = CARTESIAN_POINT('',(-0.479228960959,-0.889736411228,
    -4.587843062566));
#480 = CARTESIAN_POINT('',(-0.5756534449,-0.82569279712,-4.595147162682)
  );
#481 = CARTESIAN_POINT('',(-0.715146092197,-0.702609987477,
    -4.606993746686));
#482 = CARTESIAN_POINT('',(-0.764623760205,-0.650799325862,
    -4.611538632183));
#483 = CARTESIAN_POINT('',(-0.809563673107,-0.594839021462,
    -4.616082675493));
#484 = CARTESIAN_POINT('',(-0.849538969917,-0.53523134307,
    -4.620626134952));
#485 = CARTESIAN_POINT('',(-0.884198124746,-0.472533803926,
    -4.62516938709));
#486 = CARTESIAN_POINT('',(-0.940060698323,-0.34729012258,
    -4.633898078019));
#487 = CARTESIAN_POINT('',(-0.962109338585,-0.285117357642,
    -4.638083735234));
#488 = CARTESIAN_POINT('',(-0.979209308785,-0.221299952032,
    -4.642269406999));
#489 = CARTESIAN_POINT('',(-0.991214698707,-0.156331509264,
    -4.646455371759));
#490 = CARTESIAN_POINT('',(-0.998045181017,-9.072038350712E-02,
    -4.65064183443));
#491 = CARTESIAN_POINT('',(-1.001543686297,4.928282162596E-02,
    -4.659558244339));
#492 = CARTESIAN_POINT('',(-0.996779149563,0.123714350647,
    -4.664288529652));
#493 = CARTESIAN_POINT('',(-0.985375742688,0.197570994384,
    -4.669019115361));
#494 = CARTESIAN_POINT('',(-0.967425366805,0.270115351244,
    -4.673749955472));
#495 = CARTESIAN_POINT('',(-0.94312724872,0.340631434102,-4.678480909505
    ));
#496 = CARTESIAN_POINT('',(-0.883987155018,0.472797887352,
    -4.687700969237));
#497 = CARTESIAN_POINT('',(-0.849743392451,0.534720475544,
    -4.692190382409));
#498 = CARTESIAN_POINT('',(-0.810312645784,0.59362901932,-4.696679094308
    ));
#499 = CARTESIAN_POINT('',(-0.766033389074,0.648986031643,
    -4.701167068157));
#500 = CARTESIAN_POINT('',(-0.717315906366,0.700306524496,
    -4.705654408351));
#501 = CARTESIAN_POINT('',(-0.58347841171,0.819360076723,-4.717052770282
    ));
#502 = CARTESIAN_POINT('',(-0.492900141073,0.880984480717,
    -4.723964106982));
#503 = CARTESIAN_POINT('',(-0.394646999153,0.930477631509,
    -4.730873346323));
#504 = CARTESIAN_POINT('',(-0.290772366481,0.966713344137,
    -4.737783360422));
#505 = CARTESIAN_POINT('',(-0.18351235469,0.988999788357,-4.744696977038
    ));
#506 = CARTESIAN_POINT('',(5.104004533441E-02,1.006689221651,
    -4.759672261712));
#507 = CARTESIAN_POINT('',(0.178766022968,0.997033191719,-4.767738018089
    ));
#508 = CARTESIAN_POINT('',(0.304251422986,0.967901569702,-4.775804903305
    ));
#509 = CARTESIAN_POINT('',(0.423838644108,0.919997409858,-4.783872798837
    ));
#510 = CARTESIAN_POINT('',(0.534121139471,0.854835560539,-4.791939598773
    ));
#511 = CARTESIAN_POINT('',(0.63221503043,0.774792975767,-4.8000006));
#512 = ORIENTED_EDGE('',*,*,#513,.T.);
#513 = EDGE_CURVE('',#452,#514,#516,.T.);
#514 = VERTEX_POINT('',#515);
#515 = CARTESIAN_POINT('',(0.783497629123,1.89163372E-07,-4.331424327609
    ));
#516 = B_SPLINE_CURVE_WITH_KNOTS('',1,(#517,#518),.UNSPECIFIED.,.F.,.F.,
  (2,2),(0.,0.28),.PIECEWISE_BEZIER_KNOTS.);
#517 = CARTESIAN_POINT('',(1.025986663563,-2.270246059E-08,
    -4.471420999629));
#518 = CARTESIAN_POINT('',(0.783497629123,1.8916339332E-07,
    -4.331424327609));
#519 = ORIENTED_EDGE('',*,*,#520,.T.);
#520 = EDGE_CURVE('',#514,#264,#521,.T.);
#521 = B_SPLINE_CURVE_WITH_KNOTS('',10,(#522,#523,#524,#525,#526,#527,
    #528,#529,#530,#531,#532),.UNSPECIFIED.,.F.,.F.,(11,11),(0.,
    6.295904828089),.PIECEWISE_BEZIER_KNOTS.);
#522 = CARTESIAN_POINT('',(0.783497629123,1.8916337013E-07,
    -4.331424327609));
#523 = CARTESIAN_POINT('',(0.78349591942,-0.492314818759,-4.371422962515
    ));
#524 = CARTESIAN_POINT('',(0.439836320802,-0.984325300648,
    -4.411398207545));
#525 = CARTESIAN_POINT('',(-0.247935973065,-1.206199644762,
    -4.45149615218));
#526 = CARTESIAN_POINT('',(-1.034077608854,-0.895258015466,
    -4.491349707822));
#527 = CARTESIAN_POINT('',(-1.449707980311,-2.8101533736E-05,
    -4.531423831609));
#528 = CARTESIAN_POINT('',(-1.03387463845,0.895298631768,-4.571497958181
    ));
#529 = CARTESIAN_POINT('',(-0.248132305807,1.206183819169,
    -4.611351511996));
#530 = CARTESIAN_POINT('',(0.439903990912,0.984328030253,-4.651449457355
    ));
#531 = CARTESIAN_POINT('',(0.783498051734,0.492315134032,-4.69142470226)
  );
#532 = CARTESIAN_POINT('',(0.783496302429,1.2610928462E-07,
    -4.731423337158));
#533 = ORIENTED_EDGE('',*,*,#407,.F.);
#534 = ORIENTED_EDGE('',*,*,#138,.T.);
#535 = B_SPLINE_SURFACE_WITH_KNOTS('',1,10,(
    (#536,#537,#538,#539,#540,#541,#542,#543,#544,#545,#546)
    ,(#547,#548,#549,#550,#551,#552,#553,#554,#555,#556,#557
  )),.UNSPECIFIED.,.F.,.F.,.F.,(2,2),(11,11),(0.,0.28),(0.,
    6.295904828089),.PIECEWISE_BEZIER_KNOTS.);
#536 = CARTESIAN_POINT('',(1.025986663563,-2.270248574E-08,
    -4.471420999629));
#537 = CARTESIAN_POINT('',(1.02598393806,-0.644642315501,-4.511421163481
    ));
#538 = CARTESIAN_POINT('',(0.575986773801,-1.289301393169,
    -4.551424134784));
#539 = CARTESIAN_POINT('',(-0.324782712772,-1.578760510954,
    -4.591412378444));
#540 = CARTESIAN_POINT('',(-1.353861184891,-1.173053221399,
    -4.631429956827));
#541 = CARTESIAN_POINT('',(-1.898739129058,-4.119955380899E-05,
    -4.671421057917));
#542 = CARTESIAN_POINT('',(-1.353559652653,1.173114111286,
    -4.711412163146));
#543 = CARTESIAN_POINT('',(-0.325073047803,1.57873720587,-4.751429738815
    ));
#544 = CARTESIAN_POINT('',(0.576087746832,1.289305156727,-4.791417983549
    ));
#545 = CARTESIAN_POINT('',(1.025987417162,0.644642277665,-4.831420954668
    ));
#546 = CARTESIAN_POINT('',(1.025984696413,-1.513441912E-08,
    -4.871421118507));
#547 = CARTESIAN_POINT('',(0.783497629123,1.8916337013E-07,
    -4.331424327609));
#548 = CARTESIAN_POINT('',(0.78349591942,-0.492314818759,-4.371422962515
    ));
#549 = CARTESIAN_POINT('',(0.439836320802,-0.984325300648,
    -4.411398207545));
#550 = CARTESIAN_POINT('',(-0.247935973065,-1.206199644762,
    -4.45149615218));
#551 = CARTESIAN_POINT('',(-1.034077608854,-0.895258015466,
    -4.491349707822));
#552 = CARTESIAN_POINT('',(-1.449707980311,-2.8101533736E-05,
    -4.531423831609));
#553 = CARTESIAN_POINT('',(-1.03387463845,0.895298631768,-4.571497958181
    ));
#554 = CARTESIAN_POINT('',(-0.248132305807,1.206183819169,
    -4.611351511996));
#555 = CARTESIAN_POINT('',(0.439903990912,0.984328030253,-4.651449457355
    ));
#556 = CARTESIAN_POINT('',(0.783498051734,0.492315134032,-4.69142470226)
  );
#557 = CARTESIAN_POINT('',(0.783496302429,1.2610928462E-07,
    -4.731423337158));
#558 = ADVANCED_FACE('',(#559),#570,.T.);
#559 = FACE_BOUND('',#560,.T.);
#560 = EDGE_LOOP('',(#561,#562,#563,#564));
#561 = ORIENTED_EDGE('',*,*,#451,.T.);
#562 = ORIENTED_EDGE('',*,*,#129,.T.);
#563 = ORIENTED_EDGE('',*,*,#180,.F.);
#564 = ORIENTED_EDGE('',*,*,#565,.T.);
#565 = EDGE_CURVE('',#174,#452,#566,.T.);
#566 = LINE('',#567,#568);
#567 = CARTESIAN_POINT('',(1.,0.,-4.8));
#568 = VECTOR('',#569,1.);
#569 = DIRECTION('',(0.,0.,1.));
#570 = CYLINDRICAL_SURFACE('',#571,1.);
#571 = AXIS2_PLACEMENT_3D('',#572,#573,#574);
#572 = CARTESIAN_POINT('',(0.,0.,-4.8));
#573 = DIRECTION('',(0.,0.,1.));
#574 = DIRECTION('',(1.,0.,-0.));
#575 = ADVANCED_FACE('',(#576),#677,.T.);
#576 = FACE_BOUND('',#577,.T.);
#577 = EDGE_LOOP('',(#578,#594,#601,#676));
#578 = ORIENTED_EDGE('',*,*,#579,.F.);
#579 = EDGE_CURVE('',#580,#158,#582,.T.);
#580 = VERTEX_POINT('',#581);
#581 = CARTESIAN_POINT('',(0.783496256693,1.89163992E-07,-4.231424327619
    ));
#582 = ( BOUNDED_CURVE() B_SPLINE_CURVE(10,(#583,#584,#585,#586,#587,
    #588,#589,#590,#591,#592,#593),.UNSPECIFIED.,.F.,.F.) 
B_SPLINE_CURVE_WITH_KNOTS((11,11),(0.,6.295904828089),
.PIECEWISE_BEZIER_KNOTS.) CURVE() GEOMETRIC_REPRESENTATION_ITEM() 
RATIONAL_B_SPLINE_CURVE((1.056590953773,1.056590953773,1.056590953773,
    1.056590953773,1.056590953773,1.056590953773,1.056590953773,
    1.056590953773,1.056590953773,1.056590953773,1.056590953773)) 
REPRESENTATION_ITEM('') );
#583 = CARTESIAN_POINT('',(0.783496256693,1.8916399147E-07,
    -4.231424327619));
#584 = CARTESIAN_POINT('',(0.783495177512,-0.492314100311,
    -4.271422962515));
#585 = CARTESIAN_POINT('',(0.439847414099,-0.984324302327,
    -4.311398207394));
#586 = CARTESIAN_POINT('',(-0.247969377068,-1.206195176315,
    -4.351496152671));
#587 = CARTESIAN_POINT('',(-1.034041043962,-0.895263779629,
    -4.391349707225));
#588 = CARTESIAN_POINT('',(-1.449705862466,-1.851208899253E-05,
    -4.431423831882));
#589 = CARTESIAN_POINT('',(-1.033908187304,0.895290247082,
    -4.471497958367));
#590 = CARTESIAN_POINT('',(-0.24809817647,1.206184773303,-4.511351511722
    ));
#591 = CARTESIAN_POINT('',(0.439891613157,0.984326151745,-4.551449457475
    ));
#592 = CARTESIAN_POINT('',(0.783496506259,0.492314415585,-4.59142470227)
  );
#593 = CARTESIAN_POINT('',(0.783495387475,1.2610956285E-07,
    -4.631423337162));
#594 = ORIENTED_EDGE('',*,*,#595,.T.);
#595 = EDGE_CURVE('',#580,#596,#598,.T.);
#596 = VERTEX_POINT('',#597);
#597 = CARTESIAN_POINT('',(1.,2.01E-13,-4.10642187129));
#598 = B_SPLINE_CURVE_WITH_KNOTS('',1,(#599,#600),.UNSPECIFIED.,.F.,.F.,
  (2,2),(0.,0.28),.PIECEWISE_BEZIER_KNOTS.);
#599 = CARTESIAN_POINT('',(0.783496256693,1.8916401457E-07,
    -4.231424327619));
#600 = CARTESIAN_POINT('',(1.025981448326,-2.270010372E-08,
    -4.091420999665));
#601 = ORIENTED_EDGE('',*,*,#602,.T.);
#602 = EDGE_CURVE('',#596,#174,#603,.T.);
#603 = B_SPLINE_CURVE_WITH_KNOTS('',6,(#604,#605,#606,#607,#608,#609,
    #610,#611,#612,#613,#614,#615,#616,#617,#618,#619,#620,#621,#622,
    #623,#624,#625,#626,#627,#628,#629,#630,#631,#632,#633,#634,#635,
    #636,#637,#638,#639,#640,#641,#642,#643,#644,#645,#646,#647,#648,
    #649,#650,#651,#652,#653,#654,#655,#656,#657,#658,#659,#660,#661,
    #662,#663,#664,#665,#666,#667,#668,#669,#670,#671,#672,#673,#674,
    #675),.UNSPECIFIED.,.F.,.F.,(7,5,5,5,5,5,5,5,5,5,5,5,5,5,7),(0.,
    5.110397837004E-02,9.610352279828E-02,0.148025695314,0.262022999085,
    0.362274851178,0.431564239125,0.499563257938,0.598021434241,
    0.631643327938,0.737642522801,0.794191759008,0.845194153984,
    0.946882409763,1.),.UNSPECIFIED.);
#604 = CARTESIAN_POINT('',(1.,3.7825E-13,-4.10642187129));
#605 = CARTESIAN_POINT('',(1.,-5.35147318114E-02,-4.109828705281));
#606 = CARTESIAN_POINT('',(0.996563377327,-0.107029859826,
    -4.113235977269));
#607 = CARTESIAN_POINT('',(0.989690185097,-0.160268084437,
    -4.116643166285));
#608 = CARTESIAN_POINT('',(0.979410173835,-0.212954185821,-4.12004996343
    ));
#609 = CARTESIAN_POINT('',(0.965782172727,-0.264817858799,
    -4.123456249757));
#610 = CARTESIAN_POINT('',(0.934022145528,-0.360309658896,
    -4.129861068551));
#611 = CARTESIAN_POINT('',(0.916622402709,-0.404182094707,
    -4.132859737542));
#612 = CARTESIAN_POINT('',(0.89675380407,-0.447034769292,-4.135858100153
    ));
#613 = CARTESIAN_POINT('',(0.874492503282,-0.488694941906,
    -4.138856330128));
#614 = CARTESIAN_POINT('',(0.849930534674,-0.528997725249,
    -4.141854633463));
#615 = CARTESIAN_POINT('',(0.792303673779,-0.612544808,-4.148312899759)
  );
#616 = CARTESIAN_POINT('',(0.758511514251,-0.655288499213,
    -4.151772976743));
#617 = CARTESIAN_POINT('',(0.721963444975,-0.695779526761,
    -4.155233531134));
#618 = CARTESIAN_POINT('',(0.682849414996,-0.733798011251,
    -4.158694756842));
#619 = CARTESIAN_POINT('',(0.641382077042,-0.769145892273,
    -4.162156736534));
#620 = CARTESIAN_POINT('',(0.502095714538,-0.873012487229,
    -4.173221537241));
#621 = CARTESIAN_POINT('',(0.396152951889,-0.930682012782,
    -4.180828403115));
#622 = CARTESIAN_POINT('',(0.282463077203,-0.972779983983,
    -4.188435653027));
#623 = CARTESIAN_POINT('',(0.163908579889,-0.998117592038,
    -4.196041405722));
#624 = CARTESIAN_POINT('',(4.355842948622E-02,-1.006157448361,
    -4.203645785269));
#625 = CARTESIAN_POINT('',(-0.180155852082,-0.989224300662,
    -4.217929059059));
#626 = CARTESIAN_POINT('',(-0.283852436143,-0.968112496854,
    -4.224611104281));
#627 = CARTESIAN_POINT('',(-0.384456999256,-0.933965706762,
    -4.231290018418));
#628 = CARTESIAN_POINT('',(-0.479947632725,-0.887392344089,
    -4.237968250182));
#629 = CARTESIAN_POINT('',(-0.568458508496,-0.829383102418,
    -4.244648263126));
#630 = CARTESIAN_POINT('',(-0.703623817125,-0.714267715792,
    -4.255945840985));
#631 = CARTESIAN_POINT('',(-0.754769361456,-0.662410170354,
    -4.260563753608));
#632 = CARTESIAN_POINT('',(-0.801292853034,-0.606190243027,
    -4.265182298083));
#633 = CARTESIAN_POINT('',(-0.842737837809,-0.546128854308,
    -4.269801596595));
#634 = CARTESIAN_POINT('',(-0.878727487616,-0.482807024696,
    -4.274421617302));
#635 = CARTESIAN_POINT('',(-0.938656158848,-0.352129204845,
    -4.28357593431));
#636 = CARTESIAN_POINT('',(-0.962808761588,-0.284866728776,
    -4.288110480879));
#637 = CARTESIAN_POINT('',(-0.981158732047,-0.215661156402,
    -4.292644918721));
#638 = CARTESIAN_POINT('',(-0.993521003921,-0.145139846323,
    -4.297179120253));
#639 = CARTESIAN_POINT('',(-0.999800762944,-7.394990419228E-02,
    -4.301713037554));
#640 = CARTESIAN_POINT('',(-1.000279258642,0.10035470097,-4.312810396375
    ));
#641 = CARTESIAN_POINT('',(-0.987806719847,0.203502250516,-4.3193742651)
  );
#642 = CARTESIAN_POINT('',(-0.962567693295,0.304696698654,
    -4.325936189833));
#643 = CARTESIAN_POINT('',(-0.924978773994,0.401983149664,
    -4.332497734685));
#644 = CARTESIAN_POINT('',(-0.875823380657,0.493521828547,
    -4.339060929899));
#645 = CARTESIAN_POINT('',(-0.795923048292,0.606420749226,
    -4.347865833505));
#646 = CARTESIAN_POINT('',(-0.77436950179,0.634300793457,-4.350107317886
    ));
#647 = CARTESIAN_POINT('',(-0.751647202803,0.661257250663,
    -4.352348955918));
#648 = CARTESIAN_POINT('',(-0.727805921756,0.687229345868,
    -4.354590756442));
#649 = CARTESIAN_POINT('',(-0.702899586716,0.712159960661,
    -4.356832718868));
#650 = CARTESIAN_POINT('',(-0.59528983545,0.811141968543,-4.366143510321
    ));
#651 = CARTESIAN_POINT('',(-0.503570285234,0.875418513493,
    -4.373214835266));
#652 = CARTESIAN_POINT('',(-0.40366515383,0.927123638424,-4.380286057377
    ));
#653 = CARTESIAN_POINT('',(-0.29775347309,0.965029803507,-4.387357030333
    ));
#654 = CARTESIAN_POINT('',(-0.188217489471,0.988379917165,
    -4.394427165991));
#655 = CARTESIAN_POINT('',(-1.851522043915E-02,1.001580631771,
    -4.405263544693));
#656 = CARTESIAN_POINT('',(4.084987659855E-02,1.001977850058,
    -4.409032767077));
#657 = CARTESIAN_POINT('',(0.100167861189,0.998150757264,-4.412801152112
    ));
#658 = CARTESIAN_POINT('',(0.159063666776,0.990114724964,-4.416568822281
    ));
#659 = CARTESIAN_POINT('',(0.217166603868,0.977929109228,-4.420336012415
    ));
#660 = CARTESIAN_POINT('',(0.325478525149,0.947056605802,-4.427500270137
    ));
#661 = CARTESIAN_POINT('',(0.375903831987,0.92912437692,-4.43089746483)
  );
#662 = CARTESIAN_POINT('',(0.425126816172,0.907975445814,-4.434294593993
    ));
#663 = CARTESIAN_POINT('',(0.472892268391,0.883713068914,-4.437691928683
    ));
#664 = CARTESIAN_POINT('',(0.518957359915,0.856467062506,-4.441089722098
    ));
#665 = CARTESIAN_POINT('',(0.651094965912,0.766429985268,-4.451263601357
    ));
#666 = CARTESIAN_POINT('',(0.731445285884,0.695213987777,-4.458042304839
    ));
#667 = CARTESIAN_POINT('',(0.802316884271,0.61398241861,-4.464823186232)
  );
#668 = CARTESIAN_POINT('',(0.862202554146,0.524346944937,-4.471607244263
    ));
#669 = CARTESIAN_POINT('',(0.909944061742,0.428182596227,-4.478391678419
    ));
#670 = CARTESIAN_POINT('',(0.963045465284,0.275022234808,-4.488715897879
    ));
#671 = CARTESIAN_POINT('',(0.977758261679,0.221252553857,-4.492257944197
    ));
#672 = CARTESIAN_POINT('',(0.988861730676,0.166559807421,-4.495799278563
    ));
#673 = CARTESIAN_POINT('',(0.996287225134,0.111247038256,-4.499340032803
    ));
#674 = CARTESIAN_POINT('',(1.,5.562325738883E-02,-4.502880634532));
#675 = CARTESIAN_POINT('',(1.,1.8752E-13,-4.506421699604));
#676 = ORIENTED_EDGE('',*,*,#173,.F.);
#677 = B_SPLINE_SURFACE_WITH_KNOTS('',1,10,(
    (#678,#679,#680,#681,#682,#683,#684,#685,#686,#687,#688)
    ,(#689,#690,#691,#692,#693,#694,#695,#696,#697,#698,#699
  )),.UNSPECIFIED.,.F.,.F.,.F.,(2,2),(11,11),(0.,0.28),(0.,
    6.295904828089),.PIECEWISE_BEZIER_KNOTS.);
#678 = CARTESIAN_POINT('',(0.783496256693,1.8916399106E-07,
    -4.231424327619));
#679 = CARTESIAN_POINT('',(0.783495177512,-0.492314100311,
    -4.271422962515));
#680 = CARTESIAN_POINT('',(0.439847414099,-0.984324302327,
    -4.311398207394));
#681 = CARTESIAN_POINT('',(-0.247969377068,-1.206195176315,
    -4.351496152671));
#682 = CARTESIAN_POINT('',(-1.034041043962,-0.895263779628,
    -4.391349707224));
#683 = CARTESIAN_POINT('',(-1.449705862467,-1.851208900505E-05,
    -4.431423831883));
#684 = CARTESIAN_POINT('',(-1.033908187304,0.895290247082,
    -4.471497958367));
#685 = CARTESIAN_POINT('',(-0.24809817647,1.206184773303,-4.511351511723
    ));
#686 = CARTESIAN_POINT('',(0.439891613157,0.984326151745,-4.551449457475
    ));
#687 = CARTESIAN_POINT('',(0.783496506259,0.492314415585,-4.59142470227)
  );
#688 = CARTESIAN_POINT('',(0.783495387475,1.2610956272E-07,
    -4.631423337162));
#689 = CARTESIAN_POINT('',(1.025981448326,-2.270012794E-08,
    -4.091420999665));
#690 = CARTESIAN_POINT('',(1.025981118808,-0.644639585397,
    -4.131421163484));
#691 = CARTESIAN_POINT('',(0.576028928328,-1.28929759955,-4.171424134208
    ));
#692 = CARTESIAN_POINT('',(-0.32490964798,-1.578743530855,
    -4.211412380309));
#693 = CARTESIAN_POINT('',(-1.353722238303,-1.173075125214,
    -4.251429954553));
#694 = CARTESIAN_POINT('',(-1.898731081249,-4.75966426361E-06,
    -4.29142105896));
#695 = CARTESIAN_POINT('',(-1.353687138296,1.17308224948,-4.331412163848
    ));
#696 = CARTESIAN_POINT('',(-0.324943356322,1.578740831578,
    -4.371429737777));
#697 = CARTESIAN_POINT('',(0.576040711366,1.289298018396,-4.411417984002
    ));
#698 = CARTESIAN_POINT('',(1.025981544355,0.644639547564,-4.451420954706
    ));
#699 = CARTESIAN_POINT('',(1.025981219589,-1.513336117E-08,
    -4.491421118523));
#700 = ADVANCED_FACE('',(#701),#716,.T.);
#701 = FACE_BOUND('',#702,.T.);
#702 = EDGE_LOOP('',(#703,#704,#714,#715));
#703 = ORIENTED_EDGE('',*,*,#520,.F.);
#704 = ORIENTED_EDGE('',*,*,#705,.T.);
#705 = EDGE_CURVE('',#514,#580,#706,.T.);
#706 = ( BOUNDED_CURVE() B_SPLINE_CURVE(6,(#707,#708,#709,#710,#711,#712
,#713),.UNSPECIFIED.,.F.,.F.) B_SPLINE_CURVE_WITH_KNOTS((7,7),(0.,
2.094395102393),.PIECEWISE_BEZIER_KNOTS.) CURVE() 
GEOMETRIC_REPRESENTATION_ITEM() RATIONAL_B_SPLINE_CURVE((1.056590953773,
    1.017435169568,0.996326512422,0.989390034249,0.996326512422,
1.017435169568,1.056590953773)) REPRESENTATION_ITEM('') );
#707 = CARTESIAN_POINT('',(0.783497629123,1.8916339417E-07,
    -4.331424327609));
#708 = CARTESIAN_POINT('',(0.765372966621,2.049991496E-07,
    -4.320960380497));
#709 = CARTESIAN_POINT('',(0.752600323303,2.1615871537E-07,
    -4.303249565285));
#710 = CARTESIAN_POINT('',(0.747983547233,2.2019234372E-07,
    -4.281424815011));
#711 = CARTESIAN_POINT('',(0.752599724243,2.1615898732E-07,
    -4.259599938021));
#712 = CARTESIAN_POINT('',(0.765371881418,2.0499964029E-07,
    -4.241888772224));
#713 = CARTESIAN_POINT('',(0.783496256693,1.8916401506E-07,
    -4.231424327619));
#714 = ORIENTED_EDGE('',*,*,#579,.T.);
#715 = ORIENTED_EDGE('',*,*,#279,.F.);
#716 = ( BOUNDED_SURFACE() B_SPLINE_SURFACE(6,10,(
    (#717,#718,#719,#720,#721,#722,#723,#724,#725,#726,#727)
    ,(#728,#729,#730,#731,#732,#733,#734,#735,#736,#737,#738)
    ,(#739,#740,#741,#742,#743,#744,#745,#746,#747,#748,#749)
    ,(#750,#751,#752,#753,#754,#755,#756,#757,#758,#759,#760)
    ,(#761,#762,#763,#764,#765,#766,#767,#768,#769,#770,#771)
    ,(#772,#773,#774,#775,#776,#777,#778,#779,#780,#781,#782)
    ,(#783,#784,#785,#786,#787,#788,#789,#790,#791,#792,#793
)),.UNSPECIFIED.,.F.,.F.,.F.) B_SPLINE_SURFACE_WITH_KNOTS((7,7),(11,11),
  (0.,2.094395102393),(0.,6.295904828089),.PIECEWISE_BEZIER_KNOTS.) 
GEOMETRIC_REPRESENTATION_ITEM() RATIONAL_B_SPLINE_SURFACE((
    (1.056590953773,1.056590953773,1.056590953773,1.056590953773
      ,1.056590953773,1.056590953773,1.056590953773,1.056590953773
      ,1.056590953773,1.056590953773,1.056590953773)
    ,(1.017435169568,1.017435169568,1.017435169568,1.017435169568
      ,1.017435169568,1.017435169569,1.017435169568,1.017435169568
      ,1.017435169568,1.017435169568,1.017435169568)
    ,(0.996326512422,0.996326512422,0.996326512422,0.996326512422
      ,0.996326512422,0.996326512422,0.996326512422,0.996326512422
      ,0.996326512422,0.996326512422,0.996326512422)
    ,(0.989390034249,0.989390034249,0.989390034249,0.989390034249
      ,0.989390034248,0.989390034249,0.989390034248,0.989390034249
      ,0.989390034249,0.989390034249,0.989390034249)
    ,(0.996326512422,0.996326512422,0.996326512422,0.996326512422
      ,0.996326512422,0.996326512422,0.996326512422,0.996326512422
      ,0.996326512422,0.996326512422,0.996326512422)
    ,(1.017435169568,1.017435169568,1.017435169568,1.017435169568
      ,1.017435169568,1.017435169569,1.017435169568,1.017435169568
      ,1.017435169568,1.017435169568,1.017435169568)
    ,(1.056590953773,1.056590953773,1.056590953773,1.056590953773
      ,1.056590953773,1.056590953773,1.056590953773,1.056590953773
      ,1.056590953773,1.056590953773,1.056590953773
))) REPRESENTATION_ITEM('') SURFACE() );
#717 = CARTESIAN_POINT('',(0.783497629123,1.8916336988E-07,
    -4.331424327609));
#718 = CARTESIAN_POINT('',(0.78349591942,-0.492314818759,-4.371422962515
    ));
#719 = CARTESIAN_POINT('',(0.439836320802,-0.984325300648,
    -4.411398207546));
#720 = CARTESIAN_POINT('',(-0.247935973065,-1.206199644762,
    -4.45149615218));
#721 = CARTESIAN_POINT('',(-1.034077608854,-0.895258015466,
    -4.491349707823));
#722 = CARTESIAN_POINT('',(-1.449707980311,-2.81015337068E-05,
    -4.531423831607));
#723 = CARTESIAN_POINT('',(-1.03387463845,0.895298631768,-4.571497958183
    ));
#724 = CARTESIAN_POINT('',(-0.248132305807,1.206183819169,
    -4.611351511995));
#725 = CARTESIAN_POINT('',(0.439903990912,0.984328030253,-4.651449457356
    ));
#726 = CARTESIAN_POINT('',(0.783498051734,0.492315134032,-4.69142470226)
  );
#727 = CARTESIAN_POINT('',(0.783496302429,1.2610928507E-07,
    -4.731423337158));
#728 = CARTESIAN_POINT('',(0.765372966621,2.0499912581E-07,
    -4.320960380497));
#729 = CARTESIAN_POINT('',(0.765371332843,-0.480929213325,
    -4.360958901122));
#730 = CARTESIAN_POINT('',(0.429659856469,-0.961530089471,
    -4.400932073774));
#731 = CARTESIAN_POINT('',(-0.242192120669,-1.178352859951,
    -4.441038217925));
#732 = CARTESIAN_POINT('',(-1.010175623337,-0.874494419439,
    -4.480879513811));
#733 = CARTESIAN_POINT('',(-1.416145481112,-2.712253178269E-05,
    -4.520959843065));
#734 = CARTESIAN_POINT('',(-1.009980019864,0.874533520406,
    -4.561040175009));
#735 = CARTESIAN_POINT('',(-0.24238142728,1.178337593406,-4.60088146913)
  );
#736 = CARTESIAN_POINT('',(0.429725037377,0.961532741794,-4.640987613982
    ));
#737 = CARTESIAN_POINT('',(0.765373364493,0.480929554991,-4.680960786511
    ));
#738 = CARTESIAN_POINT('',(0.765371687797,1.3666643972E-07,
    -4.720959307129));
#739 = CARTESIAN_POINT('',(0.752600323303,2.1615869311E-07,
    -4.303249565285));
#740 = CARTESIAN_POINT('',(0.752598808207,-0.47290567038,-4.343248005376
    ));
#741 = CARTESIAN_POINT('',(0.422489619674,-0.945466135829,-4.3832197176)
  );
#742 = CARTESIAN_POINT('',(-0.238147864393,-1.158728689233,
    -4.423331640042));
#743 = CARTESIAN_POINT('',(-0.993328046193,-0.859862849824,
    -4.463164296328));
#744 = CARTESIAN_POINT('',(-1.392493673113,-2.544138085547E-05,
    -4.503248998685));
#745 = CARTESIAN_POINT('',(-0.993144881764,0.859899420387,-4.54333370356
    ));
#746 = CARTESIAN_POINT('',(-0.238325238854,1.158714377176,
    -4.583166358195));
#747 = CARTESIAN_POINT('',(0.422550620268,0.945468642707,-4.623278281292
    ));
#748 = CARTESIAN_POINT('',(0.752600685854,0.472906030645,-4.663249993402
    ));
#749 = CARTESIAN_POINT('',(0.752599125502,1.4410612617E-07,
    -4.703248433486));
#750 = CARTESIAN_POINT('',(0.747983547233,2.2019231921E-07,
    -4.281424815011));
#751 = CARTESIAN_POINT('',(0.74798217228,-0.470005517522,-4.321423225992
    ));
#752 = CARTESIAN_POINT('',(0.419899708905,-0.93965980105,-4.361394410333
    ));
#753 = CARTESIAN_POINT('',(-0.236691254017,-1.151635008757,
    -4.401508421388));
#754 = CARTESIAN_POINT('',(-0.98723299175,-0.854575281193,
    -4.441337954797));
#755 = CARTESIAN_POINT('',(-1.383944599591,-2.335473157464E-05,
    -4.481424237909));
#756 = CARTESIAN_POINT('',(-0.98706513718,0.85460875494,-4.52151052333)
  );
#757 = CARTESIAN_POINT('',(-0.236853899817,1.151621878033,
    -4.561340055223));
#758 = CARTESIAN_POINT('',(0.419955578543,0.939662119605,-4.60145406688)
  );
#759 = CARTESIAN_POINT('',(0.747983870327,0.47000588451,-4.641425251116)
  );
#760 = CARTESIAN_POINT('',(0.747982449275,1.4679518148E-07,
    -4.681423662091));
#761 = CARTESIAN_POINT('',(0.752599724243,2.1615896348E-07,
    -4.259599938021));
#762 = CARTESIAN_POINT('',(0.752598484366,-0.47290535678,-4.299598378108
    ));
#763 = CARTESIAN_POINT('',(0.422494461857,-0.945465700065,
    -4.339570090265));
#764 = CARTESIAN_POINT('',(-0.238162445115,-1.158726738772,
    -4.379682012987));
#765 = CARTESIAN_POINT('',(-0.993312085755,-0.859865365859,
    -4.419514668798));
#766 = CARTESIAN_POINT('',(-1.392492748682,-2.12556237591E-05,
    -4.459599371536));
#767 = CARTESIAN_POINT('',(-0.993159525714,0.859895760503,
    -4.499684076372));
#768 = CARTESIAN_POINT('',(-0.238310341526,1.158714793652,
    -4.539516730807));
#769 = CARTESIAN_POINT('',(0.422545217424,0.945467822745,-4.579628654076
    ));
#770 = CARTESIAN_POINT('',(0.752600011259,0.472905717045,-4.619600366137
    ));
#771 = CARTESIAN_POINT('',(0.752598726128,1.4410624719E-07,
    -4.659598806219));
#772 = CARTESIAN_POINT('',(0.765371881418,2.0499961639E-07,
    -4.241888772224));
#773 = CARTESIAN_POINT('',(0.765370746205,-0.480928645237,
    -4.281887292843));
#774 = CARTESIAN_POINT('',(0.429668628118,-0.961529300083,
    -4.321860465374));
#775 = CARTESIAN_POINT('',(-0.242218533751,-1.178349326677,
    -4.361966610034));
#776 = CARTESIAN_POINT('',(-1.010146710889,-0.874498977255,
    -4.401807905058));
#777 = CARTESIAN_POINT('',(-1.416143806499,-1.954000356416E-05,
    -4.441888235002));
#778 = CARTESIAN_POINT('',(-1.010006547481,0.8745268905,-4.481968566875)
  );
#779 = CARTESIAN_POINT('',(-0.242354440664,1.178338347855,
    -4.521809860634));
#780 = CARTESIAN_POINT('',(0.429715250087,0.961531256428,-4.561916005796
    ));
#781 = CARTESIAN_POINT('',(0.76537214246,0.480928986903,-4.601889178239)
  );
#782 = CARTESIAN_POINT('',(0.765370964328,1.3666665924E-07,
    -4.641887698853));
#783 = CARTESIAN_POINT('',(0.783496256693,1.8916399147E-07,
    -4.231424327619));
#784 = CARTESIAN_POINT('',(0.783495177512,-0.492314100311,
    -4.271422962515));
#785 = CARTESIAN_POINT('',(0.439847414099,-0.984324302327,
    -4.311398207394));
#786 = CARTESIAN_POINT('',(-0.247969377068,-1.206195176315,
    -4.351496152671));
#787 = CARTESIAN_POINT('',(-1.034041043962,-0.895263779629,
    -4.391349707225));
#788 = CARTESIAN_POINT('',(-1.449705862466,-1.851208899253E-05,
    -4.431423831882));
#789 = CARTESIAN_POINT('',(-1.033908187304,0.895290247082,
    -4.471497958367));
#790 = CARTESIAN_POINT('',(-0.24809817647,1.206184773303,-4.511351511722
    ));
#791 = CARTESIAN_POINT('',(0.439891613157,0.984326151745,-4.551449457475
    ));
#792 = CARTESIAN_POINT('',(0.783496506259,0.492314415585,-4.59142470227)
  );
#793 = CARTESIAN_POINT('',(0.783495387475,1.2610956285E-07,
    -4.631423337162));
#794 = ADVANCED_FACE('',(#795),#896,.T.);
#795 = FACE_BOUND('',#796,.T.);
#796 = EDGE_LOOP('',(#797,#874,#881,#895));
#797 = ORIENTED_EDGE('',*,*,#798,.F.);
#798 = EDGE_CURVE('',#799,#452,#801,.T.);
#799 = VERTEX_POINT('',#800);
#800 = CARTESIAN_POINT('',(1.,2.177E-12,-4.056416971888));
#801 = B_SPLINE_CURVE_WITH_KNOTS('',6,(#802,#803,#804,#805,#806,#807,
    #808,#809,#810,#811,#812,#813,#814,#815,#816,#817,#818,#819,#820,
    #821,#822,#823,#824,#825,#826,#827,#828,#829,#830,#831,#832,#833,
    #834,#835,#836,#837,#838,#839,#840,#841,#842,#843,#844,#845,#846,
    #847,#848,#849,#850,#851,#852,#853,#854,#855,#856,#857,#858,#859,
    #860,#861,#862,#863,#864,#865,#866,#867,#868,#869,#870,#871,#872,
    #873),.UNSPECIFIED.,.F.,.F.,(7,5,5,5,5,5,5,5,5,5,5,5,5,5,7),(0.,
    5.29997750512E-02,9.899959506121E-02,0.152578448761,0.255577330488,
    0.365064181819,0.433224707445,0.496023554092,0.566965429457,
    0.634293324396,0.738014499048,0.849863490992,0.902737987666,
    0.948737374883,1.),.UNSPECIFIED.);
#802 = CARTESIAN_POINT('',(1.,4.34397E-12,-4.056416971888));
#803 = CARTESIAN_POINT('',(1.,-5.549999415062E-02,-4.059950348043));
#804 = CARTESIAN_POINT('',(0.996303663371,-0.111000503482,
    -4.063483514147));
#805 = CARTESIAN_POINT('',(0.988911041746,-0.166192110778,
    -4.067016908009));
#806 = CARTESIAN_POINT('',(0.977856559776,-0.220767851159,
    -4.070550847423));
#807 = CARTESIAN_POINT('',(0.963208250296,-0.274426641982,
    -4.074085408955));
#808 = CARTESIAN_POINT('',(0.929321739069,-0.372399430804,
    -4.080688332222));
#809 = CARTESIAN_POINT('',(0.910945058192,-0.417012291755,
    -4.083756661858));
#810 = CARTESIAN_POINT('',(0.890002852751,-0.460524743813,
    -4.086825140977));
#811 = CARTESIAN_POINT('',(0.86657905824,-0.502753401376,-4.089893593616
    ));
#812 = CARTESIAN_POINT('',(0.840774818537,-0.543523716453,
    -4.092961837983));
#813 = CARTESIAN_POINT('',(0.780016103453,-0.628269685195,
    -4.099603034046));
#814 = CARTESIAN_POINT('',(0.744253940886,-0.671667460268,
    -4.103175913003));
#815 = CARTESIAN_POINT('',(0.705607078918,-0.712605481247,
    -4.106748025444));
#816 = CARTESIAN_POINT('',(0.664289479155,-0.750846665747,
    -4.110319324298));
#817 = CARTESIAN_POINT('',(0.62054025741,-0.786179266571,-4.113889895882
    ));
#818 = CARTESIAN_POINT('',(0.486346119954,-0.880398321576,
    -4.124322588817));
#819 = CARTESIAN_POINT('',(0.390036490744,-0.93096032631,-4.131184104864
    ));
#820 = CARTESIAN_POINT('',(0.287566707131,-0.968780780544,
    -4.138043283656));
#821 = CARTESIAN_POINT('',(0.181058656356,-0.992991610157,
    -4.144903965403));
#822 = CARTESIAN_POINT('',(7.276299332347E-02,-1.003164332209,
    -4.151768415446));
#823 = CARTESIAN_POINT('',(-0.149608430208,-0.99537036528,-4.16593257608
    ));
#824 = CARTESIAN_POINT('',(-0.263657989587,-0.975589376514,
    -4.173234913208));
#825 = CARTESIAN_POINT('',(-0.374416418311,-0.940130071182,
    -4.180538199246));
#826 = CARTESIAN_POINT('',(-0.479228745887,-0.889736519489,
    -4.187841951376));
#827 = CARTESIAN_POINT('',(-0.575653216199,-0.825692951584,
    -4.195146049165));
#828 = CARTESIAN_POINT('',(-0.71514570568,-0.702610357992,
    -4.206992616494));
#829 = CARTESIAN_POINT('',(-0.764623246234,-0.650799889803,
    -4.211537487631));
#830 = CARTESIAN_POINT('',(-0.809563063196,-0.594839802253,
    -4.216081516595));
#831 = CARTESIAN_POINT('',(-0.849538299255,-0.535232359028,
    -4.220624961718));
#832 = CARTESIAN_POINT('',(-0.884197431196,-0.472535067637,
    -4.22516819952));
#833 = CARTESIAN_POINT('',(-0.940060043234,-0.347291859595,
    -4.233896863956));
#834 = CARTESIAN_POINT('',(-0.962108736499,-0.285119318223,
    -4.238082509009));
#835 = CARTESIAN_POINT('',(-0.979208791822,-0.221302136147,
    -4.242268168609));
#836 = CARTESIAN_POINT('',(-0.991214299256,-0.156333912261,
    -4.246454121196));
#837 = CARTESIAN_POINT('',(-0.998044930937,-9.072299609021E-02,
    -4.250640571684));
#838 = CARTESIAN_POINT('',(-1.001543818979,4.927977760999E-02,
    -4.25955695471));
#839 = CARTESIAN_POINT('',(-0.996779526671,0.123711088485,
    -4.264287225319));
#840 = CARTESIAN_POINT('',(-0.985376403873,0.197567538601,
    -4.269017796323));
#841 = CARTESIAN_POINT('',(-0.967426348446,0.270111732968,
    -4.273748621732));
#842 = CARTESIAN_POINT('',(-0.943128582665,0.340627690418,
    -4.278479561072));
#843 = CARTESIAN_POINT('',(-0.883990135842,0.472791949487,
    -4.287699450451));
#844 = CARTESIAN_POINT('',(-0.849748009272,0.534712618228,
    -4.292188707959));
#845 = CARTESIAN_POINT('',(-0.810319236692,0.593619493518,-4.29667726428
    ));
#846 = CARTESIAN_POINT('',(-0.766042251876,0.648975141396,
    -4.301165082626));
#847 = CARTESIAN_POINT('',(-0.717327289236,0.700294618804,
    -4.305652267355));
#848 = CARTESIAN_POINT('',(-0.583495751902,0.819347393814,-4.31705031357
    ));
#849 = CARTESIAN_POINT('',(-0.492920967027,0.880972319772,
    -4.323961489872));
#850 = CARTESIAN_POINT('',(-0.394671397715,0.93046673798,-4.330870568855
    ));
#851 = CARTESIAN_POINT('',(-0.290800252543,0.966704492418,
    -4.337780422258));
#852 = CARTESIAN_POINT('',(-0.183543466336,0.988993737936,
    -4.344693877669));
#853 = CARTESIAN_POINT('',(4.155417777931E-02,1.005977811195,
    -4.359065547403));
#854 = CARTESIAN_POINT('',(0.159608825768,0.998376596078,-4.366526673464
    ));
#855 = CARTESIAN_POINT('',(0.275988369023,0.974129015826,-4.37398916394)
  );
#856 = CARTESIAN_POINT('',(0.387793507914,0.93372825761,-4.381452923709)
  );
#857 = CARTESIAN_POINT('',(0.492294193657,0.878274080526,-4.388916098478
    ));
#858 = CARTESIAN_POINT('',(0.631932419013,0.776998875317,-4.399900804077
    ));
#859 = CARTESIAN_POINT('',(0.674595250894,0.741512093388,-4.403426149087
    ));
#860 = CARTESIAN_POINT('',(0.714850098226,0.703226960439,-4.406950697771
    ));
#861 = CARTESIAN_POINT('',(0.752470012915,0.662350130394,-4.410474553319
    ));
#862 = CARTESIAN_POINT('',(0.787252215338,0.619111980984,-4.413997942647
    ));
#863 = CARTESIAN_POINT('',(0.846658588422,0.534312189515,-4.420586095545
    ));
#864 = CARTESIAN_POINT('',(0.872015925857,0.493263007836,-4.423650966311
    ));
#865 = CARTESIAN_POINT('',(0.894977073321,0.450781613251,-4.426715818841
    ));
#866 = CARTESIAN_POINT('',(0.915442810302,0.407043640665,-4.429780889669
    ));
#867 = CARTESIAN_POINT('',(0.933331219836,0.362233366339,-4.432846370561
    ));
#868 = CARTESIAN_POINT('',(0.965570341389,0.265622696986,-4.439328956001
    ));
#869 = CARTESIAN_POINT('',(0.979282319119,0.213608370464,-4.442746203525
    ));
#870 = CARTESIAN_POINT('',(0.989626061998,0.160763946887,-4.446164034825
    ));
#871 = CARTESIAN_POINT('',(0.996542001003,0.107362196595,-4.449582273752
    ));
#872 = CARTESIAN_POINT('',(1.,5.368090223915E-02,-4.453000509755));
#873 = CARTESIAN_POINT('',(1.,2.45837E-12,-4.456418067954));
#874 = ORIENTED_EDGE('',*,*,#875,.T.);
#875 = EDGE_CURVE('',#799,#876,#878,.T.);
#876 = VERTEX_POINT('',#877);
#877 = CARTESIAN_POINT('',(0.783498955822,2.52217082E-07,-3.931425318055
    ));
#878 = B_SPLINE_CURVE_WITH_KNOTS('',1,(#879,#880),.UNSPECIFIED.,.F.,.F.,
  (2,2),(0.,0.28),.PIECEWISE_BEZIER_KNOTS.);
#879 = CARTESIAN_POINT('',(1.025988630711,-3.02710824E-08,
    -4.071420880741));
#880 = CARTESIAN_POINT('',(0.783498955822,2.5221709286E-07,
    -3.931425318055));
#881 = ORIENTED_EDGE('',*,*,#882,.T.);
#882 = EDGE_CURVE('',#876,#514,#883,.T.);
#883 = B_SPLINE_CURVE_WITH_KNOTS('',10,(#884,#885,#886,#887,#888,#889,
    #890,#891,#892,#893,#894),.UNSPECIFIED.,.F.,.F.,(11,11),(0.,
    6.295904828089),.PIECEWISE_BEZIER_KNOTS.);
#884 = CARTESIAN_POINT('',(0.783498955822,2.522170827E-07,
    -3.931425318055));
#885 = CARTESIAN_POINT('',(0.783497285723,-0.492315589114,
    -3.971423952969));
#886 = CARTESIAN_POINT('',(0.439837144981,-0.984326933815,-4.01139919815
    ));
#887 = CARTESIAN_POINT('',(-0.247936296553,-1.206201703106,
    -4.051497142186));
#888 = CARTESIAN_POINT('',(-1.034079286285,-0.895259618457,
    -4.091350698725));
#889 = CARTESIAN_POINT('',(-1.449710437037,-2.821838837908E-05,
    -4.131424822057));
#890 = CARTESIAN_POINT('',(-1.03387645966,0.895300068618,-4.171498948176
    ));
#891 = CARTESIAN_POINT('',(-0.248132823716,1.206185837471,
    -4.211352502887));
#892 = CARTESIAN_POINT('',(0.439904656718,0.984329734244,-4.251450447647
    ));
#893 = CARTESIAN_POINT('',(0.783499338825,0.492316030495,-4.291425692703
    ));
#894 = CARTESIAN_POINT('',(0.783497629123,1.8916339332E-07,
    -4.331424327609));
#895 = ORIENTED_EDGE('',*,*,#513,.F.);
#896 = B_SPLINE_SURFACE_WITH_KNOTS('',1,10,(
    (#897,#898,#899,#900,#901,#902,#903,#904,#905,#906,#907)
    ,(#908,#909,#910,#911,#912,#913,#914,#915,#916,#917,#918
  )),.UNSPECIFIED.,.F.,.F.,.F.,(2,2),(11,11),(0.,0.28),(0.,
    6.295904828089),.PIECEWISE_BEZIER_KNOTS.);
#897 = CARTESIAN_POINT('',(1.025988630711,-3.027109386E-08,
    -4.071420880741));
#898 = CARTESIAN_POINT('',(1.025985900456,-0.6446435588,-4.111421044605)
  );
#899 = CARTESIAN_POINT('',(0.575987868928,-1.289303871492,
    -4.151424016134));
#900 = CARTESIAN_POINT('',(-0.324783348226,-1.578763530856,
    -4.191412258903));
#901 = CARTESIAN_POINT('',(-1.353863787312,-1.173055465081,
    -4.231429838619));
#902 = CARTESIAN_POINT('',(-1.898742771748,-4.118552476084E-05,
    -4.271420939032));
#903 = CARTESIAN_POINT('',(-1.353562237816,1.173116374905,
    -4.311412043591));
#904 = CARTESIAN_POINT('',(-0.325073659923,1.578740230581,
    -4.351429620588));
#905 = CARTESIAN_POINT('',(0.57608886097,1.289307626549,-4.391417864434)
  );
#906 = CARTESIAN_POINT('',(1.025989389065,0.644643505827,-4.431420835777
    ));
#907 = CARTESIAN_POINT('',(1.025986663563,-2.270246059E-08,
    -4.471420999629));
#908 = CARTESIAN_POINT('',(0.783498955822,2.522170827E-07,
    -3.931425318055));
#909 = CARTESIAN_POINT('',(0.783497285723,-0.492315589114,
    -3.971423952969));
#910 = CARTESIAN_POINT('',(0.439837144981,-0.984326933815,-4.01139919815
    ));
#911 = CARTESIAN_POINT('',(-0.247936296553,-1.206201703106,
    -4.051497142186));
#912 = CARTESIAN_POINT('',(-1.034079286285,-0.895259618457,
    -4.091350698725));
#913 = CARTESIAN_POINT('',(-1.449710437037,-2.821838837908E-05,
    -4.131424822057));
#914 = CARTESIAN_POINT('',(-1.03387645966,0.895300068618,-4.171498948176
    ));
#915 = CARTESIAN_POINT('',(-0.248132823716,1.206185837471,
    -4.211352502887));
#916 = CARTESIAN_POINT('',(0.439904656718,0.984329734244,-4.251450447647
    ));
#917 = CARTESIAN_POINT('',(0.783499338825,0.492316030495,-4.291425692703
    ));
#918 = CARTESIAN_POINT('',(0.783497629123,1.8916339332E-07,
    -4.331424327609));
#919 = ADVANCED_FACE('',(#920),#931,.T.);
#920 = FACE_BOUND('',#921,.T.);
#921 = EDGE_LOOP('',(#922,#923,#924,#930));
#922 = ORIENTED_EDGE('',*,*,#565,.F.);
#923 = ORIENTED_EDGE('',*,*,#602,.F.);
#924 = ORIENTED_EDGE('',*,*,#925,.T.);
#925 = EDGE_CURVE('',#596,#799,#926,.T.);
#926 = LINE('',#927,#928);
#927 = CARTESIAN_POINT('',(1.,0.,-4.8));
#928 = VECTOR('',#929,1.);
#929 = DIRECTION('',(0.,0.,1.));
#930 = ORIENTED_EDGE('',*,*,#798,.T.);
#931 = CYLINDRICAL_SURFACE('',#932,1.);
#932 = AXIS2_PLACEMENT_3D('',#933,#934,#935);
#933 = CARTESIAN_POINT('',(0.,0.,-4.8));
#934 = DIRECTION('',(0.,0.,1.));
#935 = DIRECTION('',(1.,0.,-0.));
#936 = ADVANCED_FACE('',(#937),#1043,.T.);
#937 = FACE_BOUND('',#938,.T.);
#938 = EDGE_LOOP('',(#939,#955,#962,#1042));
#939 = ORIENTED_EDGE('',*,*,#940,.F.);
#940 = EDGE_CURVE('',#941,#580,#943,.T.);
#941 = VERTEX_POINT('',#942);
#942 = CARTESIAN_POINT('',(0.783497125914,2.52218168E-07,-3.831425318071
    ));
#943 = ( BOUNDED_CURVE() B_SPLINE_CURVE(10,(#944,#945,#946,#947,#948,
    #949,#950,#951,#952,#953,#954),.UNSPECIFIED.,.F.,.F.) 
B_SPLINE_CURVE_WITH_KNOTS((11,11),(0.,6.295904828089),
.PIECEWISE_BEZIER_KNOTS.) CURVE() GEOMETRIC_REPRESENTATION_ITEM() 
RATIONAL_B_SPLINE_CURVE((1.056590953773,1.056590953773,1.056590953773,
    1.056590953773,1.056590953773,1.056590953773,1.056590953773,
    1.056590953773,1.056590953773,1.056590953773,1.056590953773)) 
REPRESENTATION_ITEM('') );
#944 = CARTESIAN_POINT('',(0.783497125914,2.5221816671E-07,
    -3.831425318071));
#945 = CARTESIAN_POINT('',(0.783496086338,-0.492314583286,
    -3.871423952974));
#946 = CARTESIAN_POINT('',(0.439847981387,-0.984325360128,
    -3.911399197951));
#947 = CARTESIAN_POINT('',(-0.247969555488,-1.206196531797,
    -3.951497142836));
#948 = CARTESIAN_POINT('',(-1.034042118184,-0.895264858514,
    -3.991350697975));
#949 = CARTESIAN_POINT('',(-1.449707472055,-1.862894527122E-05,
    -4.031424822338));
#950 = CARTESIAN_POINT('',(-1.033909405306,0.895291159827,
    -4.071498948524));
#951 = CARTESIAN_POINT('',(-0.248098549312,1.206186088741,
    -4.111352502467));
#952 = CARTESIAN_POINT('',(0.439892022072,0.98432728037,-4.151450447827)
  );
#953 = CARTESIAN_POINT('',(0.783497335873,0.492315024668,-4.191425692721
    ));
#954 = CARTESIAN_POINT('',(0.783496256693,1.8916401506E-07,
    -4.231424327619));
#955 = ORIENTED_EDGE('',*,*,#956,.T.);
#956 = EDGE_CURVE('',#941,#957,#959,.T.);
#957 = VERTEX_POINT('',#958);
#958 = CARTESIAN_POINT('',(1.,3.47E-13,-3.706422042979));
#959 = B_SPLINE_CURVE_WITH_KNOTS('',1,(#960,#961),.UNSPECIFIED.,.F.,.F.,
  (2,2),(0.,0.28),.PIECEWISE_BEZIER_KNOTS.);
#960 = CARTESIAN_POINT('',(0.783497125914,2.5221817957E-07,
    -3.831425318071));
#961 = CARTESIAN_POINT('',(1.025981677063,-3.026695704E-08,
    -3.691420880805));
#962 = ORIENTED_EDGE('',*,*,#963,.T.);
#963 = EDGE_CURVE('',#957,#596,#964,.T.);
#964 = B_SPLINE_CURVE_WITH_KNOTS('',6,(#965,#966,#967,#968,#969,#970,
    #971,#972,#973,#974,#975,#976,#977,#978,#979,#980,#981,#982,#983,
    #984,#985,#986,#987,#988,#989,#990,#991,#992,#993,#994,#995,#996,
    #997,#998,#999,#1000,#1001,#1002,#1003,#1004,#1005,#1006,#1007,#1008
    ,#1009,#1010,#1011,#1012,#1013,#1014,#1015,#1016,#1017,#1018,#1019,
    #1020,#1021,#1022,#1023,#1024,#1025,#1026,#1027,#1028,#1029,#1030,
    #1031,#1032,#1033,#1034,#1035,#1036,#1037,#1038,#1039,#1040,#1041),
  .UNSPECIFIED.,.F.,.F.,(7,5,5,5,5,5,5,5,5,5,5,5,5,5,5,7),(0.,
    5.110414451458E-02,9.610360198473E-02,0.148025793143,0.262022876579,
    0.361991053036,0.430787500727,0.497786490971,0.598280548435,
    0.695071047133,0.73875250394,0.794556064547,0.845558405532,
    0.946487220532,0.973486775027,1.),.UNSPECIFIED.);
#965 = CARTESIAN_POINT('',(1.,6.8145E-13,-3.706422042979));
#966 = CARTESIAN_POINT('',(1.,-5.351500921899E-02,-3.70982889463));
#967 = CARTESIAN_POINT('',(0.996563341697,-0.107030414652,
    -3.713236184287));
#968 = CARTESIAN_POINT('',(0.989690078208,-0.160268912371,
    -3.716643390967));
#969 = CARTESIAN_POINT('',(0.979409960676,-0.21295527828,-3.720050205764
    ));
#970 = CARTESIAN_POINT('',(0.965781819502,-0.264819203053,-3.72345650973
    ));
#971 = CARTESIAN_POINT('',(0.934021545812,-0.360311213524,
    -3.729861346134));
#972 = CARTESIAN_POINT('',(0.916621729965,-0.404183620387,
    -3.732860015102));
#973 = CARTESIAN_POINT('',(0.896753059991,-0.447036261918,
    -3.735858377691));
#974 = CARTESIAN_POINT('',(0.874491689852,-0.488696397495,
    -3.738856607646));
#975 = CARTESIAN_POINT('',(0.849929654148,-0.528999139971,
    -3.741854910967));
#976 = CARTESIAN_POINT('',(0.792302583422,-0.612546229395,
    -3.748313185173));
#977 = CARTESIAN_POINT('',(0.758510268602,-0.65528995771,-3.751773270085
    ));
#978 = CARTESIAN_POINT('',(0.72196203553,-0.695781006897,-3.755233832416
    ));
#979 = CARTESIAN_POINT('',(0.682847834984,-0.733799496409,
    -3.758695066079));
#980 = CARTESIAN_POINT('',(0.641380321586,-0.769147364932,
    -3.762157053736));
#981 = CARTESIAN_POINT('',(0.502093608664,-0.873013698374,
    -3.773221862496));
#982 = CARTESIAN_POINT('',(0.396150706942,-0.93068296835,-3.780828728471
    ));
#983 = CARTESIAN_POINT('',(0.282460730764,-0.972780665296,-3.78843597847
    ));
#984 = CARTESIAN_POINT('',(0.163906172382,-0.998117987384,
    -3.796041731191));
#985 = CARTESIAN_POINT('',(4.355600261591E-02,-1.00615755342,
    -3.803646110714));
#986 = CARTESIAN_POINT('',(-0.179862231998,-0.989246271825,
    -3.817910485587));
#987 = CARTESIAN_POINT('',(-0.283268199343,-0.968231113946,
    -3.824573632506));
#988 = CARTESIAN_POINT('',(-0.383605576353,-0.934254204069,
    -3.831233674547));
#989 = CARTESIAN_POINT('',(-0.478869322049,-0.887917461439,
    -3.837893029393));
#990 = CARTESIAN_POINT('',(-0.567208431677,-0.830201035211,
    -3.844554135373));
#991 = CARTESIAN_POINT('',(-0.701958495297,-0.715852284034,
    -3.855799954258));
#992 = CARTESIAN_POINT('',(-0.75286061412,-0.664488057002,
    -3.860384999012));
#993 = CARTESIAN_POINT('',(-0.799217581777,-0.608812028446,
    -3.864970667998));
#994 = CARTESIAN_POINT('',(-0.840581217931,-0.549332760033,
    -3.869557083339));
#995 = CARTESIAN_POINT('',(-0.876580526397,-0.486617491338,
    -3.87414421551));
#996 = CARTESIAN_POINT('',(-0.93648710506,-0.357651012523,
    -3.883198965301));
#997 = CARTESIAN_POINT('',(-0.960687303651,-0.291531632725,
    -3.887666815763));
#998 = CARTESIAN_POINT('',(-0.979267479844,-0.223489943475,
    -3.89213458288));
#999 = CARTESIAN_POINT('',(-0.992046457349,-0.154124669227,
    -3.896602138592));
#1000 = CARTESIAN_POINT('',(-0.998927972334,-8.405382479887E-02,
    -3.901069426506));
#1001 = CARTESIAN_POINT('',(-1.001366360934,9.131948807868E-02,
    -3.91223600523));
#1002 = CARTESIAN_POINT('',(-0.989542177358,0.196740328451,
    -3.918935749385));
#1003 = CARTESIAN_POINT('',(-0.964395123295,0.300231338251,
    -3.925633374344));
#1004 = CARTESIAN_POINT('',(-0.926354926128,0.399709899991,
    -3.93233056363));
#1005 = CARTESIAN_POINT('',(-0.876249082895,0.493216116128,
    -3.939029536771));
#1006 = CARTESIAN_POINT('',(-0.756628036768,0.661655025335,
    -3.952181242211));
#1007 = CARTESIAN_POINT('',(-0.687881964568,0.737165268151,
    -3.958635487906));
#1008 = CARTESIAN_POINT('',(-0.610174012029,0.803994350142,
    -3.965090421768));
#1009 = CARTESIAN_POINT('',(-0.524901660404,0.860855491008,
    -3.971546815664));
#1010 = CARTESIAN_POINT('',(-0.433680127279,0.906749529703,
    -3.978004312235));
#1011 = CARTESIAN_POINT('',(-0.295254550964,0.956512986509,
    -3.987373892219));
#1012 = CARTESIAN_POINT('',(-0.251359957368,0.969624783933,
    -3.990287332413));
#1013 = CARTESIAN_POINT('',(-0.206778431299,0.980315421034,
    -3.99320050376));
#1014 = CARTESIAN_POINT('',(-0.161677173402,0.9885416062,-3.99611333381)
  );
#1015 = CARTESIAN_POINT('',(-0.116226619743,0.994275454073,
    -3.999025774056));
#1016 = CARTESIAN_POINT('',(-1.230925618144E-02,1.001630270779,
    -4.005657882059));
#1017 = CARTESIAN_POINT('',(4.627052134051E-02,1.001668341846,
    -4.009377340149));
#1018 = CARTESIAN_POINT('',(0.104780562954,0.997593525722,
    -4.013095987829));
#1019 = CARTESIAN_POINT('',(0.162860573225,0.989422536285,
    -4.016813947088));
#1020 = CARTESIAN_POINT('',(0.220154596384,0.977213778852,
    -4.020531445831));
#1021 = CARTESIAN_POINT('',(0.327645222018,0.946309196625,
    -4.027646021655));
#1022 = CARTESIAN_POINT('',(0.378029374569,0.928261597967,
    -4.031043214768));
#1023 = CARTESIAN_POINT('',(0.427203843753,0.907000054939,
    -4.034440348746));
#1024 = CARTESIAN_POINT('',(0.474913656024,0.882628408675,
    -4.037837694745));
#1025 = CARTESIAN_POINT('',(0.520916279594,0.855277032032,
    -4.041235505135));
#1026 = CARTESIAN_POINT('',(0.652191395108,0.765386991698,
    -4.051358851436));
#1027 = CARTESIAN_POINT('',(0.7318363824,0.694603865352,-4.058086951476)
  );
#1028 = CARTESIAN_POINT('',(0.802134778451,0.613966445612,
    -4.064817215907));
#1029 = CARTESIAN_POINT('',(0.861614037156,0.525051025477,
    -4.071550584173));
#1030 = CARTESIAN_POINT('',(0.909140551408,0.429689767735,-4.07828433763
    ));
#1031 = CARTESIAN_POINT('',(0.953336616454,0.303230328995,
    -4.086816116898));
#1032 = CARTESIAN_POINT('',(0.961758805052,0.276224293266,
    -4.088616644525));
#1033 = CARTESIAN_POINT('',(0.969262064805,0.248940238825,
    -4.090417025078));
#1034 = CARTESIAN_POINT('',(0.975835172211,0.221417225743,
    -4.092217251894));
#1035 = CARTESIAN_POINT('',(0.981469124175,0.193694890676,-4.09401733619
    ));
#1036 = CARTESIAN_POINT('',(0.990760708978,0.138434217612,
    -4.097584855944));
#1037 = CARTESIAN_POINT('',(0.99445213034,0.110901467083,-4.099352297087
    ));
#1038 = CARTESIAN_POINT('',(0.997224985032,8.325328260932E-02,
    -4.10111966156));
#1039 = CARTESIAN_POINT('',(0.999074990759,5.552795159856E-02,
    -4.102886998142));
#1040 = CARTESIAN_POINT('',(1.,2.776396153959E-02,-4.104654373321));
#1041 = CARTESIAN_POINT('',(1.,3.8725E-13,-4.10642187129));
#1042 = ORIENTED_EDGE('',*,*,#595,.F.);
#1043 = B_SPLINE_SURFACE_WITH_KNOTS('',1,10,(
    (#1044,#1045,#1046,#1047,#1048,#1049,#1050,#1051,#1052,#1053,#1054)
    ,(#1055,#1056,#1057,#1058,#1059,#1060,#1061,#1062,#1063,#1064,#1065
    )),.UNSPECIFIED.,.F.,.F.,.F.,(2,2),(11,11),(0.,0.28),(0.,
    6.295904828089),.PIECEWISE_BEZIER_KNOTS.);
#1044 = CARTESIAN_POINT('',(0.783497125914,2.5221816713E-07,
    -3.831425318071));
#1045 = CARTESIAN_POINT('',(0.783496086338,-0.492314583286,
    -3.871423952974));
#1046 = CARTESIAN_POINT('',(0.439847981387,-0.984325360128,
    -3.911399197951));
#1047 = CARTESIAN_POINT('',(-0.247969555488,-1.206196531797,
    -3.951497142836));
#1048 = CARTESIAN_POINT('',(-1.034042118185,-0.895264858514,
    -3.991350697976));
#1049 = CARTESIAN_POINT('',(-1.449707472054,-1.862894514981E-05,
    -4.031424822337));
#1050 = CARTESIAN_POINT('',(-1.033909405306,0.895291159827,
    -4.071498948524));
#1051 = CARTESIAN_POINT('',(-0.248098549312,1.206186088741,
    -4.111352502467));
#1052 = CARTESIAN_POINT('',(0.439892022072,0.98432728037,-4.151450447827
    ));
#1053 = CARTESIAN_POINT('',(0.783497335873,0.492315024668,
    -4.191425692721));
#1054 = CARTESIAN_POINT('',(0.783496256693,1.8916401457E-07,
    -4.231424327619));
#1055 = CARTESIAN_POINT('',(1.025981677063,-3.026696774E-08,
    -3.691420880805));
#1056 = CARTESIAN_POINT('',(1.025981342792,-0.644639736653,
    -3.731421044625));
#1057 = CARTESIAN_POINT('',(0.57602904727,-1.28929789148,-3.771424015377
    ));
#1058 = CARTESIAN_POINT('',(-0.324909732179,-1.578743879881,
    -3.811412261373));
#1059 = CARTESIAN_POINT('',(-1.353722548531,-1.173075377296,
    -3.851429835774));
#1060 = CARTESIAN_POINT('',(-1.898731504816,-4.74564101571E-06,
    -3.891420940099));
#1061 = CARTESIAN_POINT('',(-1.353687431271,1.1730825215,-3.931412044912
    ));
#1062 = CARTESIAN_POINT('',(-0.324943417189,1.578741185409,
    -3.971429618993));
#1063 = CARTESIAN_POINT('',(0.576040849313,1.289298301827,
    -4.011417865117));
#1064 = CARTESIAN_POINT('',(1.025981777845,0.644639683686,
    -4.051420835846));
#1065 = CARTESIAN_POINT('',(1.025981448326,-2.270010372E-08,
    -4.091420999665));
#1066 = ADVANCED_FACE('',(#1067),#1082,.T.);
#1067 = FACE_BOUND('',#1068,.T.);
#1068 = EDGE_LOOP('',(#1069,#1070,#1080,#1081));
#1069 = ORIENTED_EDGE('',*,*,#882,.F.);
#1070 = ORIENTED_EDGE('',*,*,#1071,.T.);
#1071 = EDGE_CURVE('',#876,#941,#1072,.T.);
#1072 = ( BOUNDED_CURVE() B_SPLINE_CURVE(6,(#1073,#1074,#1075,#1076,
#1077,#1078,#1079),.UNSPECIFIED.,.F.,.F.) B_SPLINE_CURVE_WITH_KNOTS((7,7
),(0.,2.094395102393),.PIECEWISE_BEZIER_KNOTS.) CURVE() 
GEOMETRIC_REPRESENTATION_ITEM() RATIONAL_B_SPLINE_CURVE((1.056590953773,
    1.017435169568,0.996326512422,0.989390034249,0.996326512422,
1.017435169568,1.056590953773)) REPRESENTATION_ITEM('') );
#1073 = CARTESIAN_POINT('',(0.783498955822,2.5221709329E-07,
    -3.931425318055));
#1074 = CARTESIAN_POINT('',(0.76537424545,2.733314613E-07,
    -3.920961453858));
#1075 = CARTESIAN_POINT('',(0.752601521109,2.8821092984E-07,
    -3.903250697079));
#1076 = CARTESIAN_POINT('',(0.747984645196,2.9358915496E-07,
    -3.881425967925));
#1077 = CARTESIAN_POINT('',(0.752600722362,2.8821140408E-07,
    -3.859601069817));
#1078 = CARTESIAN_POINT('',(0.765372798513,2.7333231972E-07,
    -3.841889845592));
#1079 = CARTESIAN_POINT('',(0.783497125914,2.5221817909E-07,
    -3.831425318071));
#1080 = ORIENTED_EDGE('',*,*,#940,.T.);
#1081 = ORIENTED_EDGE('',*,*,#705,.F.);
#1082 = ( BOUNDED_SURFACE() B_SPLINE_SURFACE(6,10,(
    (#1083,#1084,#1085,#1086,#1087,#1088,#1089,#1090,#1091,#1092,#1093)
    ,(#1094,#1095,#1096,#1097,#1098,#1099,#1100,#1101,#1102,#1103,#1104)
    ,(#1105,#1106,#1107,#1108,#1109,#1110,#1111,#1112,#1113,#1114,#1115)
    ,(#1116,#1117,#1118,#1119,#1120,#1121,#1122,#1123,#1124,#1125,#1126)
    ,(#1127,#1128,#1129,#1130,#1131,#1132,#1133,#1134,#1135,#1136,#1137)
    ,(#1138,#1139,#1140,#1141,#1142,#1143,#1144,#1145,#1146,#1147,#1148)
    ,(#1149,#1150,#1151,#1152,#1153,#1154,#1155,#1156,#1157,#1158,#1159
)),.UNSPECIFIED.,.F.,.F.,.F.) B_SPLINE_SURFACE_WITH_KNOTS((7,7),(11,11),
  (0.,2.094395102393),(0.,6.295904828089),.PIECEWISE_BEZIER_KNOTS.) 
GEOMETRIC_REPRESENTATION_ITEM() RATIONAL_B_SPLINE_SURFACE((
    (1.056590953773,1.056590953773,1.056590953773,1.056590953773
      ,1.056590953773,1.056590953773,1.056590953773,1.056590953773
      ,1.056590953773,1.056590953773,1.056590953773)
    ,(1.017435169568,1.017435169568,1.017435169568,1.017435169568
      ,1.017435169569,1.017435169568,1.017435169568,1.017435169568
      ,1.017435169568,1.017435169568,1.017435169568)
    ,(0.996326512422,0.996326512422,0.996326512422,0.996326512422
      ,0.996326512423,0.996326512422,0.996326512423,0.996326512422
      ,0.996326512422,0.996326512422,0.996326512422)
    ,(0.989390034249,0.989390034249,0.989390034249,0.989390034248
      ,0.989390034249,0.989390034248,0.989390034249,0.989390034248
      ,0.989390034249,0.989390034249,0.989390034249)
    ,(0.996326512422,0.996326512422,0.996326512422,0.996326512422
      ,0.996326512423,0.996326512422,0.996326512423,0.996326512422
      ,0.996326512422,0.996326512422,0.996326512422)
    ,(1.017435169568,1.017435169568,1.017435169568,1.017435169568
      ,1.017435169569,1.017435169568,1.017435169569,1.017435169568
      ,1.017435169568,1.017435169568,1.017435169568)
    ,(1.056590953773,1.056590953773,1.056590953773,1.056590953773
      ,1.056590953773,1.056590953773,1.056590953773,1.056590953773
      ,1.056590953773,1.056590953773,1.056590953773
))) REPRESENTATION_ITEM('') SURFACE() );
#1083 = CARTESIAN_POINT('',(0.783498955822,2.522170818E-07,
    -3.931425318055));
#1084 = CARTESIAN_POINT('',(0.783497285723,-0.492315589114,
    -3.971423952969));
#1085 = CARTESIAN_POINT('',(0.439837144981,-0.984326933815,
    -4.01139919815));
#1086 = CARTESIAN_POINT('',(-0.247936296553,-1.206201703106,
    -4.051497142186));
#1087 = CARTESIAN_POINT('',(-1.034079286284,-0.895259618457,
    -4.091350698724));
#1088 = CARTESIAN_POINT('',(-1.449710437037,-2.82183884476E-05,
    -4.131424822057));
#1089 = CARTESIAN_POINT('',(-1.03387645966,0.895300068618,
    -4.171498948176));
#1090 = CARTESIAN_POINT('',(-0.248132823716,1.206185837471,
    -4.211352502887));
#1091 = CARTESIAN_POINT('',(0.439904656718,0.984329734244,
    -4.251450447647));
#1092 = CARTESIAN_POINT('',(0.783499338825,0.492316030495,
    -4.291425692703));
#1093 = CARTESIAN_POINT('',(0.783497629123,1.8916339417E-07,
    -4.331424327609));
#1094 = CARTESIAN_POINT('',(0.76537424545,2.7333144983E-07,
    -3.920961453858));
#1095 = CARTESIAN_POINT('',(0.765372654592,-0.48092994833,
    -3.960959974492));
#1096 = CARTESIAN_POINT('',(0.429660660396,-0.961531659468,
    -4.000933147289));
#1097 = CARTESIAN_POINT('',(-0.242192420839,-1.178354846424,
    -4.041039290864));
#1098 = CARTESIAN_POINT('',(-1.010177231629,-0.874495974542,
    -4.080880587612));
#1099 = CARTESIAN_POINT('',(-1.416147849195,-2.724916937069E-05,
    -4.120960916431));
#1100 = CARTESIAN_POINT('',(-1.009981783972,0.87453489546,
    -4.161041247935));
#1101 = CARTESIAN_POINT('',(-0.242381938146,1.178339536485,
    -4.200882542922));
#1102 = CARTESIAN_POINT('',(0.429725669673,0.961534388543,
    -4.240988687195));
#1103 = CARTESIAN_POINT('',(0.765374600398,0.480930426661,
    -4.280961859871));
#1104 = CARTESIAN_POINT('',(0.765372966621,2.049991496E-07,
    -4.320960380497));
#1105 = CARTESIAN_POINT('',(0.75260152111,2.8821091816E-07,
    -3.903250697079));
#1106 = CARTESIAN_POINT('',(0.752600051268,-0.472906350767,
    -3.943249137178));
#1107 = CARTESIAN_POINT('',(0.422490382775,-0.945467601834,
    -3.983220849537));
#1108 = CARTESIAN_POINT('',(-0.238148133136,-1.158730552404,
    -4.02333277144));
#1109 = CARTESIAN_POINT('',(-0.993329543412,-0.859864317004,
    -4.063165428533));
#1110 = CARTESIAN_POINT('',(-1.392495891161,-2.557491223504E-05,
    -4.103250130483));
#1111 = CARTESIAN_POINT('',(-0.993146543281,0.859900697716,
    -4.143334834946));
#1112 = CARTESIAN_POINT('',(-0.238325729763,1.15871619459,
    -4.183167490391));
#1113 = CARTESIAN_POINT('',(0.422551202395,0.945470189643,
    -4.223279412947));
#1114 = CARTESIAN_POINT('',(0.7526018384,0.472906855137,-4.263251125193)
  );
#1115 = CARTESIAN_POINT('',(0.752600323303,2.1615871537E-07,
    -4.303249565285));
#1116 = CARTESIAN_POINT('',(0.747984645196,2.9358914394E-07,
    -3.881425967925));
#1117 = CARTESIAN_POINT('',(0.747983316343,-0.470006133846,
    -3.921424378914));
#1118 = CARTESIAN_POINT('',(0.419900417628,-0.939661140728,
    -3.961395563379));
#1119 = CARTESIAN_POINT('',(-0.236691489027,-1.151636718957,
    -4.00150957394));
#1120 = CARTESIAN_POINT('',(-0.987234355787,-0.85457663576,
    -4.041339108088));
#1121 = CARTESIAN_POINT('',(-1.383946632753,-2.349075550342E-05,
    -4.081425390827));
#1122 = CARTESIAN_POINT('',(-0.987066668581,0.854609916114,
    -4.12151167587));
#1123 = CARTESIAN_POINT('',(-0.236854361139,1.151623541622,
    -4.161341208507));
#1124 = CARTESIAN_POINT('',(0.419956102916,0.939663541724,
    -4.201455219667));
#1125 = CARTESIAN_POINT('',(0.747984922185,0.470006647627,
    -4.241426404029));
#1126 = CARTESIAN_POINT('',(0.747983547233,2.2019234372E-07,
    -4.281424815011));
#1127 = CARTESIAN_POINT('',(0.752600722362,2.8821139292E-07,
    -3.859601069817));
#1128 = CARTESIAN_POINT('',(0.752599527741,-0.472905911727,
    -3.899599509911));
#1129 = CARTESIAN_POINT('',(0.422495112825,-0.945466914925,
    -3.939571222182));
#1130 = CARTESIAN_POINT('',(-0.238162650537,-1.158728295147,
    -3.979683144455));
#1131 = CARTESIAN_POINT('',(-0.993313319675,-0.859866604269,
    -4.019515800938));
#1132 = CARTESIAN_POINT('',(-1.392494596957,-2.138915633682E-05,
    -4.059600503337));
#1133 = CARTESIAN_POINT('',(-0.993160923933,0.859896809063,
    -4.099685207829));
#1134 = CARTESIAN_POINT('',(-0.238310769114,1.158716304269,
    -4.139517862939));
#1135 = CARTESIAN_POINT('',(0.422545687419,0.945469118536,
    -4.179629785757));
#1136 = CARTESIAN_POINT('',(0.752600964118,0.472906416098,
    -4.219601497932));
#1137 = CARTESIAN_POINT('',(0.752599724243,2.1615898732E-07,
    -4.259599938021));
#1138 = CARTESIAN_POINT('',(0.765372798513,2.7333231065E-07,
    -3.841889845592));
#1139 = CARTESIAN_POINT('',(0.765371706218,-0.480929153006,
    -3.881888366216));
#1140 = CARTESIAN_POINT('',(0.429669228916,-0.961530415128,
    -3.921861538851));
#1141 = CARTESIAN_POINT('',(-0.242218719214,-1.178350757387,
    -3.961967683098));
#1142 = CARTESIAN_POINT('',(-1.010147842214,-0.874500117938,
    -4.00180897874));
#1143 = CARTESIAN_POINT('',(-1.416145504736,-1.966664270966E-05,
    -4.041889308373));
#1144 = CARTESIAN_POINT('',(-1.010007834624,0.874527851135,
    -4.08196963993));
#1145 = CARTESIAN_POINT('',(-0.242354836824,1.178339735169,
    -4.12181093431));
#1146 = CARTESIAN_POINT('',(0.429715679255,0.961532448225,
    -4.161917079057));
#1147 = CARTESIAN_POINT('',(0.765373016631,0.480929631338,
    -4.201890251605));
#1148 = CARTESIAN_POINT('',(0.765371881418,2.0499964029E-07,
    -4.241888772224));
#1149 = CARTESIAN_POINT('',(0.783497125914,2.5221816671E-07,
    -3.831425318071));
#1150 = CARTESIAN_POINT('',(0.783496086338,-0.492314583286,
    -3.871423952974));
#1151 = CARTESIAN_POINT('',(0.439847981387,-0.984325360128,
    -3.911399197951));
#1152 = CARTESIAN_POINT('',(-0.247969555488,-1.206196531797,
    -3.951497142836));
#1153 = CARTESIAN_POINT('',(-1.034042118184,-0.895264858514,
    -3.991350697975));
#1154 = CARTESIAN_POINT('',(-1.449707472055,-1.862894527122E-05,
    -4.031424822338));
#1155 = CARTESIAN_POINT('',(-1.033909405306,0.895291159827,
    -4.071498948524));
#1156 = CARTESIAN_POINT('',(-0.248098549312,1.206186088741,
    -4.111352502467));
#1157 = CARTESIAN_POINT('',(0.439892022072,0.98432728037,-4.151450447827
    ));
#1158 = CARTESIAN_POINT('',(0.783497335873,0.492315024668,
    -4.191425692721));
#1159 = CARTESIAN_POINT('',(0.783496256693,1.8916401506E-07,
    -4.231424327619));
#1160 = ADVANCED_FACE('',(#1161),#1267,.T.);
#1161 = FACE_BOUND('',#1162,.T.);
#1162 = EDGE_LOOP('',(#1163,#1245,#1252,#1266));
#1163 = ORIENTED_EDGE('',*,*,#1164,.F.);
#1164 = EDGE_CURVE('',#1165,#799,#1167,.T.);
#1165 = VERTEX_POINT('',#1166);
#1166 = CARTESIAN_POINT('',(1.,3.433E-12,-3.656415875837));
#1167 = B_SPLINE_CURVE_WITH_KNOTS('',6,(#1168,#1169,#1170,#1171,#1172,
    #1173,#1174,#1175,#1176,#1177,#1178,#1179,#1180,#1181,#1182,#1183,
    #1184,#1185,#1186,#1187,#1188,#1189,#1190,#1191,#1192,#1193,#1194,
    #1195,#1196,#1197,#1198,#1199,#1200,#1201,#1202,#1203,#1204,#1205,
    #1206,#1207,#1208,#1209,#1210,#1211,#1212,#1213,#1214,#1215,#1216,
    #1217,#1218,#1219,#1220,#1221,#1222,#1223,#1224,#1225,#1226,#1227,
    #1228,#1229,#1230,#1231,#1232,#1233,#1234,#1235,#1236,#1237,#1238,
    #1239,#1240,#1241,#1242,#1243,#1244),.UNSPECIFIED.,.F.,.F.,(7,5,5,5,
    5,5,5,5,5,5,5,5,5,5,5,7),(0.,5.299981580003E-02,9.899967117682E-02,
    0.152578551032,0.255577511953,0.36506441321,0.43322477608,
    0.496023488332,0.566965198015,0.634290806032,0.738009633086,
    0.8498558844,0.868988621901,0.948312575486,0.966312183746,1.),
  .UNSPECIFIED.);
#1168 = CARTESIAN_POINT('',(1.,6.85429E-12,-3.656415875837));
#1169 = CARTESIAN_POINT('',(1.,-5.549999414781E-02,-3.659949251991));
#1170 = CARTESIAN_POINT('',(0.996303663371,-0.11100050348,
    -3.663482418095));
#1171 = CARTESIAN_POINT('',(0.988911041746,-0.166192110776,
    -3.667015811955));
#1172 = CARTESIAN_POINT('',(0.977856559776,-0.220767851155,
    -3.670549751362));
#1173 = CARTESIAN_POINT('',(0.963208250297,-0.27442664198,
    -3.674084312881));
#1174 = CARTESIAN_POINT('',(0.92932173907,-0.372399430802,
    -3.680687236116));
#1175 = CARTESIAN_POINT('',(0.910945058193,-0.417012291753,
    -3.683755565736));
#1176 = CARTESIAN_POINT('',(0.890002852752,-0.460524743812,
    -3.686824044835));
#1177 = CARTESIAN_POINT('',(0.866579058241,-0.502753401375,
    -3.689892497455));
#1178 = CARTESIAN_POINT('',(0.840774818538,-0.543523716452,
    -3.692960741806));
#1179 = CARTESIAN_POINT('',(0.780016112629,-0.628269672396,
    -3.699601936836));
#1180 = CARTESIAN_POINT('',(0.744253960962,-0.671667435906,
    -3.703174814781));
#1181 = CARTESIAN_POINT('',(0.705607111461,-0.712605446774,
    -3.706746926216));
#1182 = CARTESIAN_POINT('',(0.664289525545,-0.750846622812,
    -3.710318224073));
#1183 = CARTESIAN_POINT('',(0.62054031881,-0.786179216983,
    -3.713888794669));
#1184 = CARTESIAN_POINT('',(0.486346203147,-0.880398275619,
    -3.724321486661));
#1185 = CARTESIAN_POINT('',(0.390036578715,-0.930960289453,
    -3.73118300277));
#1186 = CARTESIAN_POINT('',(0.287566798676,-0.96878075337,
    -3.738042181635));
#1187 = CARTESIAN_POINT('',(0.181058750189,-0.992991593048,
    -3.74490286344));
#1188 = CARTESIAN_POINT('',(7.276308811712E-02,-1.003164325333,
    -3.751767313514));
#1189 = CARTESIAN_POINT('',(-0.149608300304,-0.995370380673,
    -3.765931471876));
#1190 = CARTESIAN_POINT('',(-0.263657826011,-0.975589413806,
    -3.773233806693));
#1191 = CARTESIAN_POINT('',(-0.374416225483,-0.940130139857,
    -3.780537090396));
#1192 = CARTESIAN_POINT('',(-0.479228530616,-0.889736627857,
    -3.787840840186));
#1193 = CARTESIAN_POINT('',(-0.575652987315,-0.825693106175,
    -3.795144935648));
#1194 = CARTESIAN_POINT('',(-0.715145319074,-0.702610728605,
    -3.806991486308));
#1195 = CARTESIAN_POINT('',(-0.764622732245,-0.650800453782,
    -3.811536343091));
#1196 = CARTESIAN_POINT('',(-0.809562453324,-0.594840583009,
    -3.816080357716));
#1197 = CARTESIAN_POINT('',(-0.849537628677,-0.535233374869,
    -3.820623788507));
#1198 = CARTESIAN_POINT('',(-0.884196737761,-0.472536331145,
    -3.825167011981));
#1199 = CARTESIAN_POINT('',(-0.940059388216,-0.347293596392,
    -3.833895649922));
#1200 = CARTESIAN_POINT('',(-0.962108134438,-0.28512127867,
    -3.838081282808));
#1201 = CARTESIAN_POINT('',(-0.979208274852,-0.22130432022,
    -3.842266930237));
#1202 = CARTESIAN_POINT('',(-0.99121389978,-0.156336315311,
    -3.846452870644));
#1203 = CARTESIAN_POINT('',(-0.99804468083,-9.072560882274E-02,
    -3.850639308943));
#1204 = CARTESIAN_POINT('',(-1.001543951662,4.92767332748E-02,
    -3.859555665077));
#1205 = CARTESIAN_POINT('',(-0.996779903808,0.12370782593,
    -3.864285920977));
#1206 = CARTESIAN_POINT('',(-0.985377065128,0.197564082357,
    -3.86901647727));
#1207 = CARTESIAN_POINT('',(-0.96742733021,0.270108114165,
    -3.873747287972));
#1208 = CARTESIAN_POINT('',(-0.943129916799,0.34062394615,
    -3.878478212614));
#1209 = CARTESIAN_POINT('',(-0.88399311864,0.472786007236,
    -3.887697931374));
#1210 = CARTESIAN_POINT('',(-0.849752630402,0.534704753049,
    -3.892187032955));
#1211 = CARTESIAN_POINT('',(-0.810325834825,0.593609956754,
    -3.896675433435));
#1212 = CARTESIAN_POINT('',(-0.766051125338,0.648964237554,
    -3.901163096015));
#1213 = CARTESIAN_POINT('',(-0.717338686645,0.700282697426,
    -3.905650125018));
#1214 = CARTESIAN_POINT('',(-0.583513127002,0.819334682945,
    -3.917047854032));
#1215 = CARTESIAN_POINT('',(-0.492941847104,0.880960124026,
    -3.923958868717));
#1216 = CARTESIAN_POINT('',(-0.394695871731,0.930455807546,
    -3.930867786122));
#1217 = CARTESIAN_POINT('',(-0.290828236338,0.966695606897,
    -3.937777477608));
#1218 = CARTESIAN_POINT('',(-0.183574697687,0.988987662179,
    -3.944690770589));
#1219 = CARTESIAN_POINT('',(4.151688033644E-02,1.005979006545,
    -3.959062088694));
#1220 = CARTESIAN_POINT('',(0.159568770466,0.998382428681,
    -3.966523025217));
#1221 = CARTESIAN_POINT('',(0.275946283948,0.974140276705,
    -3.973985326375));
#1222 = CARTESIAN_POINT('',(0.387750323413,0.93374558198,-3.981448897461
    ));
#1223 = CARTESIAN_POINT('',(0.492251000002,0.878297895497,
    -3.988911884223));
#1224 = CARTESIAN_POINT('',(0.603287672282,0.797775290678,-3.99764630786
    ));
#1225 = CARTESIAN_POINT('',(0.619224544453,0.785622990679,
    -3.998922100434));
#1226 = CARTESIAN_POINT('',(0.634866880954,0.773089234683,
    -4.000197802003));
#1227 = CARTESIAN_POINT('',(0.65020330872,0.760182987897,-4.001473410898
    ));
#1228 = CARTESIAN_POINT('',(0.665222823067,0.746913664992,
    -4.002748927647));
#1229 = CARTESIAN_POINT('',(0.740827384213,0.676812368209,
    -4.009312251574));
#1230 = CARTESIAN_POINT('',(0.796112627063,0.614259061604,
    -4.014598903149));
#1231 = CARTESIAN_POINT('',(0.845006958037,0.54633926113,-4.019883809859
    ));
#1232 = CARTESIAN_POINT('',(0.886875455614,0.47387831913,-4.025168450511
    ));
#1233 = CARTESIAN_POINT('',(0.921227184925,0.397794033661,
    -4.030454383056));
#1234 = CARTESIAN_POINT('',(0.95374449593,0.301208720658,-4.036941023651
    ));
#1235 = CARTESIAN_POINT('',(0.959354420092,0.283209620969,
    -4.038140767733));
#1236 = CARTESIAN_POINT('',(0.96455647309,0.265085922459,-4.039340580251
    ));
#1237 = CARTESIAN_POINT('',(0.969347244442,0.246849174551,
    -4.040540460501));
#1238 = CARTESIAN_POINT('',(0.97372376031,0.228511047287,-4.041740404176
    ));
#1239 = CARTESIAN_POINT('',(0.985094446291,0.175594274641,
    -4.045186305135));
#1240 = CARTESIAN_POINT('',(0.991045484433,0.140791242185,
    -4.047432407019));
#1241 = CARTESIAN_POINT('',(0.995519921686,0.10575178223,-4.049678645089
    ));
#1242 = CARTESIAN_POINT('',(0.998506624099,7.055408837782E-02,
    -4.051924917735));
#1243 = CARTESIAN_POINT('',(1.,3.52769995531E-02,-4.054171085662));
#1244 = CARTESIAN_POINT('',(1.,4.35718E-12,-4.056416971888));
#1245 = ORIENTED_EDGE('',*,*,#1246,.T.);
#1246 = EDGE_CURVE('',#1165,#1247,#1249,.T.);
#1247 = VERTEX_POINT('',#1248);
#1248 = CARTESIAN_POINT('',(0.783500282525,3.15270396E-07,
    -3.531426308493));
#1249 = B_SPLINE_CURVE_WITH_KNOTS('',1,(#1250,#1251),.UNSPECIFIED.,.F.,
  .F.,(2,2),(0.,0.28),.PIECEWISE_BEZIER_KNOTS.);
#1250 = CARTESIAN_POINT('',(1.025990597859,-3.784024003E-08,
    -3.671420761845));
#1251 = CARTESIAN_POINT('',(0.783500282525,3.1527040923E-07,
    -3.531426308493));
#1252 = ORIENTED_EDGE('',*,*,#1253,.T.);
#1253 = EDGE_CURVE('',#1247,#876,#1254,.T.);
#1254 = B_SPLINE_CURVE_WITH_KNOTS('',10,(#1255,#1256,#1257,#1258,#1259,
    #1260,#1261,#1262,#1263,#1264,#1265),.UNSPECIFIED.,.F.,.F.,(11,11),(
    0.,6.295904828089),.PIECEWISE_BEZIER_KNOTS.);
#1255 = CARTESIAN_POINT('',(0.783500282525,3.1527039589E-07,
    -3.531426308493));
#1256 = CARTESIAN_POINT('',(0.783498652029,-0.492316359472,
    -3.571424943416));
#1257 = CARTESIAN_POINT('',(0.439837969161,-0.984328566988,
    -3.611400188749));
#1258 = CARTESIAN_POINT('',(-0.247936620043,-1.206203761455,
    -3.651498132186));
#1259 = CARTESIAN_POINT('',(-1.034080963722,-0.895261221454,
    -3.69135168962));
#1260 = CARTESIAN_POINT('',(-1.449712893769,-2.83352400765E-05,
    -3.731425812498));
#1261 = CARTESIAN_POINT('',(-1.033878280875,0.895301505471,
    -3.771499938165));
#1262 = CARTESIAN_POINT('',(-0.248133341625,1.20618785578,
    -3.811353493771));
#1263 = CARTESIAN_POINT('',(0.439905322529,0.984331438239,
    -3.851451437933));
#1264 = CARTESIAN_POINT('',(0.783500625921,0.492316926959,-3.89142668314
    ));
#1265 = CARTESIAN_POINT('',(0.783498955822,2.5221709286E-07,
    -3.931425318055));
#1266 = ORIENTED_EDGE('',*,*,#875,.F.);
#1267 = B_SPLINE_SURFACE_WITH_KNOTS('',1,10,(
    (#1268,#1269,#1270,#1271,#1272,#1273,#1274,#1275,#1276,#1277,#1278)
    ,(#1279,#1280,#1281,#1282,#1283,#1284,#1285,#1286,#1287,#1288,#1289
    )),.UNSPECIFIED.,.F.,.F.,.F.,(2,2),(11,11),(0.,0.28),(0.,
    6.295904828089),.PIECEWISE_BEZIER_KNOTS.);
#1268 = CARTESIAN_POINT('',(1.025990597859,-3.784025169E-08,
    -3.671420761845));
#1269 = CARTESIAN_POINT('',(1.02598786285,-0.644644802098,
    -3.711420925721));
#1270 = CARTESIAN_POINT('',(0.575988964053,-1.289306349814,
    -3.751423897475));
#1271 = CARTESIAN_POINT('',(-0.324783983681,-1.578766550756,
    -3.791412139354));
#1272 = CARTESIAN_POINT('',(-1.353866389732,-1.173057708761,
    -3.8314297204));
#1273 = CARTESIAN_POINT('',(-1.898746414435,-4.117149288607E-05,
    -3.871420820141));
#1274 = CARTESIAN_POINT('',(-1.353564822975,1.173118638522,
    -3.911411924025));
#1275 = CARTESIAN_POINT('',(-0.325074272042,1.578743255292,
    -3.951429502353));
#1276 = CARTESIAN_POINT('',(0.576089975108,1.289310096368,
    -3.991417745309));
#1277 = CARTESIAN_POINT('',(1.025991360966,0.644644733987,
    -4.031420716877));
#1278 = CARTESIAN_POINT('',(1.025988630711,-3.02710824E-08,
    -4.071420880741));
#1279 = CARTESIAN_POINT('',(0.783500282525,3.1527039589E-07,
    -3.531426308493));
#1280 = CARTESIAN_POINT('',(0.783498652029,-0.492316359472,
    -3.571424943416));
#1281 = CARTESIAN_POINT('',(0.439837969161,-0.984328566988,
    -3.611400188749));
#1282 = CARTESIAN_POINT('',(-0.247936620043,-1.206203761455,
    -3.651498132186));
#1283 = CARTESIAN_POINT('',(-1.034080963722,-0.895261221454,
    -3.69135168962));
#1284 = CARTESIAN_POINT('',(-1.449712893769,-2.83352400765E-05,
    -3.731425812498));
#1285 = CARTESIAN_POINT('',(-1.033878280875,0.895301505471,
    -3.771499938165));
#1286 = CARTESIAN_POINT('',(-0.248133341625,1.20618785578,
    -3.811353493771));
#1287 = CARTESIAN_POINT('',(0.439905322529,0.984331438239,
    -3.851451437933));
#1288 = CARTESIAN_POINT('',(0.783500625921,0.492316926959,-3.89142668314
    ));
#1289 = CARTESIAN_POINT('',(0.783498955822,2.5221709286E-07,
    -3.931425318055));
#1290 = ADVANCED_FACE('',(#1291),#1302,.T.);
#1291 = FACE_BOUND('',#1292,.T.);
#1292 = EDGE_LOOP('',(#1293,#1294,#1295,#1301));
#1293 = ORIENTED_EDGE('',*,*,#925,.F.);
#1294 = ORIENTED_EDGE('',*,*,#963,.F.);
#1295 = ORIENTED_EDGE('',*,*,#1296,.T.);
#1296 = EDGE_CURVE('',#957,#1165,#1297,.T.);
#1297 = LINE('',#1298,#1299);
#1298 = CARTESIAN_POINT('',(1.,0.,-4.8));
#1299 = VECTOR('',#1300,1.);
#1300 = DIRECTION('',(0.,0.,1.));
#1301 = ORIENTED_EDGE('',*,*,#1164,.T.);
#1302 = CYLINDRICAL_SURFACE('',#1303,1.);
#1303 = AXIS2_PLACEMENT_3D('',#1304,#1305,#1306);
#1304 = CARTESIAN_POINT('',(0.,0.,-4.8));
#1305 = DIRECTION('',(0.,0.,1.));
#1306 = DIRECTION('',(1.,0.,-0.));
#1307 = ADVANCED_FACE('',(#1308),#1429,.T.);
#1308 = FACE_BOUND('',#1309,.T.);
#1309 = EDGE_LOOP('',(#1310,#1326,#1333,#1428));
#1310 = ORIENTED_EDGE('',*,*,#1311,.F.);
#1311 = EDGE_CURVE('',#1312,#941,#1314,.T.);
#1312 = VERTEX_POINT('',#1313);
#1313 = CARTESIAN_POINT('',(0.783497995141,3.15272076E-07,-3.43142630852
    ));
#1314 = ( BOUNDED_CURVE() B_SPLINE_CURVE(10,(#1315,#1316,#1317,#1318,
    #1319,#1320,#1321,#1322,#1323,#1324,#1325),.UNSPECIFIED.,.F.,.F.) 
B_SPLINE_CURVE_WITH_KNOTS((11,11),(0.,6.295904828089),
.PIECEWISE_BEZIER_KNOTS.) CURVE() GEOMETRIC_REPRESENTATION_ITEM() 
RATIONAL_B_SPLINE_CURVE((1.056590953773,1.056590953773,1.056590953773,
    1.056590953773,1.056590953773,1.056590953773,1.056590953773,
    1.056590953773,1.056590953773,1.056590953773,1.056590953773)) 
REPRESENTATION_ITEM('') );
#1315 = CARTESIAN_POINT('',(0.783497995141,3.1527207731E-07,
    -3.43142630852));
#1316 = CARTESIAN_POINT('',(0.783496995168,-0.492315066264,
    -3.471424943428));
#1317 = CARTESIAN_POINT('',(0.439848548677,-0.984326417934,
    -3.511400188504));
#1318 = CARTESIAN_POINT('',(-0.247969733911,-1.206197887284,
    -3.551498132998));
#1319 = CARTESIAN_POINT('',(-1.034043192413,-0.895265937406,
    -3.591351688722));
#1320 = CARTESIAN_POINT('',(-1.44970908165,-1.874579904385E-05,
    -3.631425812789));
#1321 = CARTESIAN_POINT('',(-1.033910623315,0.895292072575,
    -3.671499938677));
#1322 = CARTESIAN_POINT('',(-0.248098922155,1.206187404188,
    -3.711353493207));
#1323 = CARTESIAN_POINT('',(0.43989243099,0.984328408999,-3.751451438175
    ));
#1324 = CARTESIAN_POINT('',(0.783498165491,0.492315633754,
    -3.791426683168));
#1325 = CARTESIAN_POINT('',(0.783497125914,2.5221817909E-07,
    -3.831425318071));
#1326 = ORIENTED_EDGE('',*,*,#1327,.T.);
#1327 = EDGE_CURVE('',#1312,#1328,#1330,.T.);
#1328 = VERTEX_POINT('',#1329);
#1329 = CARTESIAN_POINT('',(1.,5.44E-13,-3.30642221467));
#1330 = B_SPLINE_CURVE_WITH_KNOTS('',1,(#1331,#1332),.UNSPECIFIED.,.F.,
  .F.,(2,2),(0.,0.28),.PIECEWISE_BEZIER_KNOTS.);
#1331 = CARTESIAN_POINT('',(0.783497995141,3.1527208912E-07,
    -3.43142630852));
#1332 = CARTESIAN_POINT('',(1.025981905799,-3.7833856E-08,
    -3.291420761944));
#1333 = ORIENTED_EDGE('',*,*,#1334,.T.);
#1334 = EDGE_CURVE('',#1328,#957,#1335,.T.);
#1335 = B_SPLINE_CURVE_WITH_KNOTS('',7,(#1336,#1337,#1338,#1339,#1340,
    #1341,#1342,#1343,#1344,#1345,#1346,#1347,#1348,#1349,#1350,#1351,
    #1352,#1353,#1354,#1355,#1356,#1357,#1358,#1359,#1360,#1361,#1362,
    #1363,#1364,#1365,#1366,#1367,#1368,#1369,#1370,#1371,#1372,#1373,
    #1374,#1375,#1376,#1377,#1378,#1379,#1380,#1381,#1382,#1383,#1384,
    #1385,#1386,#1387,#1388,#1389,#1390,#1391,#1392,#1393,#1394,#1395,
    #1396,#1397,#1398,#1399,#1400,#1401,#1402,#1403,#1404,#1405,#1406,
    #1407,#1408,#1409,#1410,#1411,#1412,#1413,#1414,#1415,#1416,#1417,
    #1418,#1419,#1420,#1421,#1422,#1423,#1424,#1425,#1426,#1427),
  .UNSPECIFIED.,.F.,.F.,(8,6,6,6,6,6,6,6,6,6,6,6,6,6,6,8),(0.,
    5.110675648619E-02,9.610826372855E-02,0.148032947466,0.26203522354,
    0.362642959021,0.430398036974,0.499400060068,0.598323105757,
    0.695220686702,0.720222328677,0.738997415185,0.91046833722,
    0.946469485575,0.973470180608,1.),.UNSPECIFIED.);
#1336 = CARTESIAN_POINT('',(1.,1.07581E-12,-3.30642221467));
#1337 = CARTESIAN_POINT('',(1.,-4.587026292524E-02,-3.309342389463));
#1338 = CARTESIAN_POINT('',(0.997545216773,-9.174080887005E-02,
    -3.312262877124));
#1339 = CARTESIAN_POINT('',(0.992635680673,-0.137453175797,
    -3.31518337994));
#1340 = CARTESIAN_POINT('',(0.985284150062,-0.182849793048,
    -3.318103691092));
#1341 = CARTESIAN_POINT('',(0.975515934513,-0.227774791353,
    -3.321023688334));
#1342 = CARTESIAN_POINT('',(0.963368718019,-0.272074812829,
    -3.323943327669));
#1343 = CARTESIAN_POINT('',(0.936145399682,-0.353925300916,
    -3.329433203635));
#1344 = CARTESIAN_POINT('',(0.92159240676,-0.391650292201,
    -3.332003537791));
#1345 = CARTESIAN_POINT('',(0.905267439007,-0.428672460193,
    -3.334573650384));
#1346 = CARTESIAN_POINT('',(0.887211642863,-0.464892189593,
    -3.337143618599));
#1347 = CARTESIAN_POINT('',(0.867473072375,-0.500213015409,
    -3.339713550936));
#1348 = CARTESIAN_POINT('',(0.846106485949,-0.534542053913,
    -3.342283552223));
#1349 = CARTESIAN_POINT('',(0.79671166107,-0.606153850875,
    -3.347819223094));
#1350 = CARTESIAN_POINT('',(0.768163927443,-0.643079016607,
    -3.350784974128));
#1351 = CARTESIAN_POINT('',(0.737624127863,-0.678429277345,
    -3.353751041294));
#1352 = CARTESIAN_POINT('',(0.705197217013,-0.712076234676,
    -3.356717532589));
#1353 = CARTESIAN_POINT('',(0.670998226118,-0.743900476012,
    -3.359684527034));
#1354 = CARTESIAN_POINT('',(0.63515157045,-0.773792305364,
    -3.362652037267));
#1355 = CARTESIAN_POINT('',(0.515762637417,-0.862820350788,
    -3.372136166453));
#1356 = CARTESIAN_POINT('',(0.426417743111,-0.914207136869,
    -3.37865567461));
#1357 = CARTESIAN_POINT('',(0.331182537164,-0.954739651659,
    -3.385176064968));
#1358 = CARTESIAN_POINT('',(0.231649090514,-0.983640116683,
    -3.391695923324));
#1359 = CARTESIAN_POINT('',(0.129517822447,-1.000415341193,
    -3.398214747605));
#1360 = CARTESIAN_POINT('',(2.654862268761E-02,-1.004870472686,
    -3.404732135589));
#1361 = CARTESIAN_POINT('',(-0.16552099483,-0.99033157437,
    -3.416995026969));
#1362 = CARTESIAN_POINT('',(-0.254854056461,-0.974029361665,
    -3.422742780381));
#1363 = CARTESIAN_POINT('',(-0.342261917355,-0.948329255321,
    -3.428488524349));
#1364 = CARTESIAN_POINT('',(-0.426564701174,-0.913517637968,
    -3.43423307464));
#1365 = CARTESIAN_POINT('',(-0.506640337782,-0.870057495414,
    -3.439977854924));
#1366 = CARTESIAN_POINT('',(-0.581449813699,-0.818578251412,
    -3.445723729933));
#1367 = CARTESIAN_POINT('',(-0.696278295885,-0.720343566696,
    -3.455339672362));
#1368 = CARTESIAN_POINT('',(-0.739685417882,-0.677530906918,
    -3.45920996113));
#1369 = CARTESIAN_POINT('',(-0.780007626125,-0.631679050577,
    -3.463080698019));
#1370 = CARTESIAN_POINT('',(-0.816991609107,-0.583056559815,
    -3.466951918054));
#1371 = CARTESIAN_POINT('',(-0.850414056201,-0.531957139516,
    -3.470823643839));
#1372 = CARTESIAN_POINT('',(-0.880083927093,-0.478696612132,
    -3.474695788646));
#1373 = CARTESIAN_POINT('',(-0.932079609679,-0.367509372573,
    -3.482511594525));
#1374 = CARTESIAN_POINT('',(-0.954261418679,-0.30951222686,
    -3.48645544651));
#1375 = CARTESIAN_POINT('',(-0.972224771028,-0.249972279567,
    -3.49039930324));
#1376 = CARTESIAN_POINT('',(-0.985843945428,-0.189258504264,
    -3.494343030042));
#1377 = CARTESIAN_POINT('',(-0.99503374984,-0.127751022719,
    -3.49828657491));
#1378 = CARTESIAN_POINT('',(-0.999750394849,-6.583710374527E-02,
    -3.502229873617));
#1379 = CARTESIAN_POINT('',(-1.000339264429,8.487716887238E-02,
    -3.511825369092));
#1380 = CARTESIAN_POINT('',(-0.991489653481,0.173706702194,
    -3.517477894547));
#1381 = CARTESIAN_POINT('',(-0.973435814432,0.261421843957,
    -3.523129270913));
#1382 = CARTESIAN_POINT('',(-0.946356809337,0.34688295097,
    -3.528779917054));
#1383 = CARTESIAN_POINT('',(-0.910600678265,0.428990552247,
    -3.534430880577));
#1384 = CARTESIAN_POINT('',(-0.866677083599,0.506709140172,
    -3.540082859058));
#1385 = CARTESIAN_POINT('',(-0.764896485722,0.649997820485,
    -3.551271596411));
#1386 = CARTESIAN_POINT('',(-0.707333247538,0.715798069951,
    -3.556809418401));
#1387 = CARTESIAN_POINT('',(-0.643199338268,0.775605064656,
    -3.562347896889));
#1388 = CARTESIAN_POINT('',(-0.573252949448,0.828643200034,
    -3.567887198542));
#1389 = CARTESIAN_POINT('',(-0.498357885706,0.874257618511,
    -3.573427442151));
#1390 = CARTESIAN_POINT('',(-0.419465465642,0.911927836351,
    -3.578968100219));
#1391 = CARTESIAN_POINT('',(-0.316479796858,0.948864631321,
    -3.585937008044));
#1392 = CARTESIAN_POINT('',(-0.29515901728,0.955887413265,
    -3.587366300601));
#1393 = CARTESIAN_POINT('',(-0.273657329995,0.962350965832,
    -3.588795545727));
#1394 = CARTESIAN_POINT('',(-0.251992341531,0.96824974714,
    -3.590224733557));
#1395 = CARTESIAN_POINT('',(-0.230181847821,0.973578914361,
    -3.591653854994));
#1396 = CARTESIAN_POINT('',(-0.208243834197,0.978334323716,
    -3.593082901704));
#1397 = CARTESIAN_POINT('',(-0.16963992006,0.985650172141,
    -3.595584952857));
#1398 = CARTESIAN_POINT('',(-0.153021685052,0.988462314302,
    -3.596657993414));
#1399 = CARTESIAN_POINT('',(-0.136349457869,0.990947501208,
    -3.597730984757));
#1400 = CARTESIAN_POINT('',(-0.119630955958,0.993104505409,
    -3.598803924303));
#1401 = CARTESIAN_POINT('',(-0.102873926713,0.994932327762,
    -3.599876809915));
#1402 = CARTESIAN_POINT('',(-8.608614747775E-02,0.996430197429,
    -3.600949639907));
#1403 = CARTESIAN_POINT('',(8.425515813577E-02,1.008259081907,
    -3.611819939041));
#1404 = CARTESIAN_POINT('',(0.239842241276,0.991364056922,
    -3.621621756399));
#1405 = CARTESIAN_POINT('',(0.391290645327,0.946389594617,
    -3.631410690322));
#1406 = CARTESIAN_POINT('',(0.532576255913,0.874715936719,
    -3.641193500543));
#1407 = CARTESIAN_POINT('',(0.658321636113,0.779064334905,
    -3.650988886018));
#1408 = CARTESIAN_POINT('',(0.763849612602,0.663490121511,
    -3.660799238031));
#1409 = CARTESIAN_POINT('',(0.863157175122,0.50596814786,-3.672660463474
    ));
#1410 = CARTESIAN_POINT('',(0.879358886792,0.477984867273,
    -3.674718738542));
#1411 = CARTESIAN_POINT('',(0.894500679858,0.449398840023,
    -3.676777035825));
#1412 = CARTESIAN_POINT('',(0.908555861156,0.420258277817,
    -3.678835301454));
#1413 = CARTESIAN_POINT('',(0.921500541726,0.390612734537,
    -3.680893486712));
#1414 = CARTESIAN_POINT('',(0.933313636815,0.360513106241,
    -3.682951548032));
#1415 = CARTESIAN_POINT('',(0.951974238426,0.307135665688,
    -3.686552861716));
#1416 = CARTESIAN_POINT('',(0.959324858001,0.284033564396,
    -3.688096188945));
#1417 = CARTESIAN_POINT('',(0.966021040232,0.260727317101,
    -3.689639414648));
#1418 = CARTESIAN_POINT('',(0.972056052332,0.23723916082,-3.691182532449
    ));
#1419 = CARTESIAN_POINT('',(0.977424113092,0.213591579764,
    -3.692725543631));
#1420 = CARTESIAN_POINT('',(0.982120392884,0.189807305341,
    -3.694268457137));
#1421 = CARTESIAN_POINT('',(0.990091517254,0.142428093315,
    -3.697327215945));
#1422 = CARTESIAN_POINT('',(0.993389735327,0.118837021633,
    -3.698843065176));
#1423 = CARTESIAN_POINT('',(0.9960319925,9.515790248647E-02,
    -3.700358855071));
#1424 = CARTESIAN_POINT('',(0.998015530406,7.14126235721E-02,
    -3.701874611025));
#1425 = CARTESIAN_POINT('',(0.999338507689,4.762315890775E-02,
    -3.703390366019));
#1426 = CARTESIAN_POINT('',(1.,2.381156883123E-02,-3.704906160619));
#1427 = CARTESIAN_POINT('',(1.,7.1088E-13,-3.706422042979));
#1428 = ORIENTED_EDGE('',*,*,#956,.F.);
#1429 = B_SPLINE_SURFACE_WITH_KNOTS('',1,10,(
    (#1430,#1431,#1432,#1433,#1434,#1435,#1436,#1437,#1438,#1439,#1440)
    ,(#1441,#1442,#1443,#1444,#1445,#1446,#1447,#1448,#1449,#1450,#1451
    )),.UNSPECIFIED.,.F.,.F.,.F.,(2,2),(11,11),(0.,0.28),(0.,
    6.295904828089),.PIECEWISE_BEZIER_KNOTS.);
#1430 = CARTESIAN_POINT('',(0.783497995141,3.1527207501E-07,
    -3.43142630852));
#1431 = CARTESIAN_POINT('',(0.783496995168,-0.492315066264,
    -3.471424943428));
#1432 = CARTESIAN_POINT('',(0.439848548677,-0.984326417935,
    -3.511400188504));
#1433 = CARTESIAN_POINT('',(-0.247969733911,-1.206197887284,
    -3.551498132997));
#1434 = CARTESIAN_POINT('',(-1.034043192414,-0.895265937406,
    -3.591351688723));
#1435 = CARTESIAN_POINT('',(-1.449709081649,-1.874579894201E-05,
    -3.631425812788));
#1436 = CARTESIAN_POINT('',(-1.033910623315,0.895292072575,
    -3.671499938678));
#1437 = CARTESIAN_POINT('',(-0.248098922155,1.206187404188,
    -3.711353493207));
#1438 = CARTESIAN_POINT('',(0.43989243099,0.984328408999,-3.751451438175
    ));
#1439 = CARTESIAN_POINT('',(0.783498165491,0.492315633754,
    -3.791426683168));
#1440 = CARTESIAN_POINT('',(0.783497125914,2.5221817957E-07,
    -3.831425318071));
#1441 = CARTESIAN_POINT('',(1.025981905799,-3.783386902E-08,
    -3.291420761944));
#1442 = CARTESIAN_POINT('',(1.025981566775,-0.644639887908,
    -3.331420925766));
#1443 = CARTESIAN_POINT('',(0.576029166211,-1.28929818341,
    -3.371423896543));
#1444 = CARTESIAN_POINT('',(-0.324909816378,-1.578744228905,
    -3.411412142437));
#1445 = CARTESIAN_POINT('',(-1.35372285876,-1.173075629378,
    -3.451429716991));
#1446 = CARTESIAN_POINT('',(-1.89873192838,-4.73161639736E-06,
    -3.49142082124));
#1447 = CARTESIAN_POINT('',(-1.353687724245,1.173082793517,
    -3.531411925973));
#1448 = CARTESIAN_POINT('',(-0.324943478056,1.57874153924,-3.57142950021
    ));
#1449 = CARTESIAN_POINT('',(0.57604098726,1.289298585257,-3.61141774623)
  );
#1450 = CARTESIAN_POINT('',(1.025982011334,0.644639819807,
    -3.651420716985));
#1451 = CARTESIAN_POINT('',(1.025981677063,-3.026695704E-08,
    -3.691420880805));
#1452 = ADVANCED_FACE('',(#1453),#1468,.T.);
#1453 = FACE_BOUND('',#1454,.T.);
#1454 = EDGE_LOOP('',(#1455,#1456,#1466,#1467));
#1455 = ORIENTED_EDGE('',*,*,#1253,.F.);
#1456 = ORIENTED_EDGE('',*,*,#1457,.T.);
#1457 = EDGE_CURVE('',#1247,#1312,#1458,.T.);
#1458 = ( BOUNDED_CURVE() B_SPLINE_CURVE(6,(#1459,#1460,#1461,#1462,
#1463,#1464,#1465),.UNSPECIFIED.,.F.,.F.) B_SPLINE_CURVE_WITH_KNOTS((7,7
),(0.,2.094395102393),.PIECEWISE_BEZIER_KNOTS.) CURVE() 
GEOMETRIC_REPRESENTATION_ITEM() RATIONAL_B_SPLINE_CURVE((1.056590953773,
    1.017435169568,0.996326512422,0.989390034249,0.996326512422,
1.017435169568,1.056590953773)) REPRESENTATION_ITEM('') );
#1459 = CARTESIAN_POINT('',(0.783500282525,3.1527040908E-07,
    -3.531426308493));
#1460 = CARTESIAN_POINT('',(0.765375524283,3.4166340249E-07,
    -3.520962527214));
#1461 = CARTESIAN_POINT('',(0.752602718921,3.6026279263E-07,
    -3.503251828866));
#1462 = CARTESIAN_POINT('',(0.747985743164,3.6698564507E-07,
    -3.481427120834));
#1463 = CARTESIAN_POINT('',(0.752601720486,3.602635269E-07,
    -3.459602201609));
#1464 = CARTESIAN_POINT('',(0.765373715612,3.4166473065E-07,
    -3.441890918954));
#1465 = CARTESIAN_POINT('',(0.783497995141,3.1527208938E-07,
    -3.43142630852));
#1466 = ORIENTED_EDGE('',*,*,#1311,.T.);
#1467 = ORIENTED_EDGE('',*,*,#1071,.F.);
#1468 = ( BOUNDED_SURFACE() B_SPLINE_SURFACE(6,10,(
    (#1469,#1470,#1471,#1472,#1473,#1474,#1475,#1476,#1477,#1478,#1479)
    ,(#1480,#1481,#1482,#1483,#1484,#1485,#1486,#1487,#1488,#1489,#1490)
    ,(#1491,#1492,#1493,#1494,#1495,#1496,#1497,#1498,#1499,#1500,#1501)
    ,(#1502,#1503,#1504,#1505,#1506,#1507,#1508,#1509,#1510,#1511,#1512)
    ,(#1513,#1514,#1515,#1516,#1517,#1518,#1519,#1520,#1521,#1522,#1523)
    ,(#1524,#1525,#1526,#1527,#1528,#1529,#1530,#1531,#1532,#1533,#1534)
    ,(#1535,#1536,#1537,#1538,#1539,#1540,#1541,#1542,#1543,#1544,#1545
)),.UNSPECIFIED.,.F.,.F.,.F.) B_SPLINE_SURFACE_WITH_KNOTS((7,7),(11,11),
  (0.,2.094395102393),(0.,6.295904828089),.PIECEWISE_BEZIER_KNOTS.) 
GEOMETRIC_REPRESENTATION_ITEM() RATIONAL_B_SPLINE_SURFACE((
    (1.056590953773,1.056590953773,1.056590953773,1.056590953773
      ,1.056590953773,1.056590953773,1.056590953773,1.056590953773
      ,1.056590953773,1.056590953773,1.056590953773)
    ,(1.017435169568,1.017435169568,1.017435169568,1.017435169568
      ,1.017435169569,1.017435169568,1.017435169568,1.017435169568
      ,1.017435169568,1.017435169568,1.017435169568)
    ,(0.996326512422,0.996326512422,0.996326512422,0.996326512422
      ,0.996326512423,0.996326512422,0.996326512423,0.996326512422
      ,0.996326512422,0.996326512422,0.996326512422)
    ,(0.989390034249,0.989390034249,0.989390034249,0.989390034248
      ,0.989390034249,0.989390034248,0.989390034249,0.989390034248
      ,0.989390034249,0.989390034249,0.989390034249)
    ,(0.996326512422,0.996326512422,0.996326512422,0.996326512422
      ,0.996326512423,0.996326512422,0.996326512423,0.996326512422
      ,0.996326512422,0.996326512422,0.996326512422)
    ,(1.017435169568,1.017435169568,1.017435169568,1.017435169568
      ,1.017435169569,1.017435169568,1.017435169569,1.017435169568
      ,1.017435169568,1.017435169568,1.017435169568)
    ,(1.056590953773,1.056590953773,1.056590953773,1.056590953773
      ,1.056590953773,1.056590953773,1.056590953773,1.056590953773
      ,1.056590953773,1.056590953773,1.056590953773
))) REPRESENTATION_ITEM('') SURFACE() );
#1469 = CARTESIAN_POINT('',(0.783500282525,3.1527039676E-07,
    -3.531426308493));
#1470 = CARTESIAN_POINT('',(0.783498652029,-0.492316359472,
    -3.571424943416));
#1471 = CARTESIAN_POINT('',(0.439837969161,-0.984328566988,
    -3.611400188749));
#1472 = CARTESIAN_POINT('',(-0.247936620043,-1.206203761455,
    -3.651498132186));
#1473 = CARTESIAN_POINT('',(-1.034080963722,-0.895261221454,
    -3.691351689619));
#1474 = CARTESIAN_POINT('',(-1.44971289377,-2.833524017123E-05,
    -3.7314258125));
#1475 = CARTESIAN_POINT('',(-1.033878280875,0.895301505471,
    -3.771499938164));
#1476 = CARTESIAN_POINT('',(-0.248133341625,1.20618785578,
    -3.811353493772));
#1477 = CARTESIAN_POINT('',(0.439905322529,0.984331438239,
    -3.851451437933));
#1478 = CARTESIAN_POINT('',(0.783500625921,0.492316926959,-3.89142668314
    ));
#1479 = CARTESIAN_POINT('',(0.783498955822,2.5221709329E-07,
    -3.931425318055));
#1480 = CARTESIAN_POINT('',(0.765375524283,3.4166339011E-07,
    -3.520962527214));
#1481 = CARTESIAN_POINT('',(0.765373976344,-0.480930683338,
    -3.560961047856));
#1482 = CARTESIAN_POINT('',(0.429661464325,-0.961533229471,
    -3.600934220798));
#1483 = CARTESIAN_POINT('',(-0.242192721012,-1.178356832902,
    -3.641040363797));
#1484 = CARTESIAN_POINT('',(-1.010178839929,-0.874497529651,
    -3.680881661407));
#1485 = CARTESIAN_POINT('',(-1.416150217284,-2.737580391632E-05,
    -3.72096198979));
#1486 = CARTESIAN_POINT('',(-1.009983548087,0.874536270517,
    -3.761042320856));
#1487 = CARTESIAN_POINT('',(-0.242382449014,1.178341479572,
    -3.800883616707));
#1488 = CARTESIAN_POINT('',(0.429726301974,0.961536035297,
    -3.840989760403));
#1489 = CARTESIAN_POINT('',(0.765375836308,0.480931298333,
    -3.880962933223));
#1490 = CARTESIAN_POINT('',(0.76537424545,2.733314613E-07,
    -3.920961453858));
#1491 = CARTESIAN_POINT('',(0.752602718921,3.6026278008E-07,
    -3.503251828866));
#1492 = CARTESIAN_POINT('',(0.752601294335,-0.472907031159,
    -3.543250268974));
#1493 = CARTESIAN_POINT('',(0.422491145878,-0.945469067846,
    -3.583221981469));
#1494 = CARTESIAN_POINT('',(-0.23814840188,-1.158732415582,
    -3.623333902831));
#1495 = CARTESIAN_POINT('',(-0.993331040638,-0.859865784191,
    -3.663166560733));
#1496 = CARTESIAN_POINT('',(-1.392498109216,-2.570844132485E-05,
    -3.703251262274));
#1497 = CARTESIAN_POINT('',(-0.993148204805,0.85990197505,
    -3.743335966327));
#1498 = CARTESIAN_POINT('',(-0.238326220674,1.158718012013,
    -3.783168622581));
#1499 = CARTESIAN_POINT('',(0.422551784526,0.945471736585,
    -3.823280544597));
#1500 = CARTESIAN_POINT('',(0.752602990951,0.472907679632,
    -3.863252256979));
#1501 = CARTESIAN_POINT('',(0.752601521109,2.8821092984E-07,
    -3.903250697079));
#1502 = CARTESIAN_POINT('',(0.747985743164,3.6698563333E-07,
    -3.481427120834));
#1503 = CARTESIAN_POINT('',(0.74798446041,-0.470006750172,
    -3.521425531831));
#1504 = CARTESIAN_POINT('',(0.419901126354,-0.939662480413,
    -3.56139671642));
#1505 = CARTESIAN_POINT('',(-0.236691724038,-1.151638429164,
    -3.601510726486));
#1506 = CARTESIAN_POINT('',(-0.987235719831,-0.854577990334,
    -3.641340261374));
#1507 = CARTESIAN_POINT('',(-1.383948665922,-2.362677616274E-05,
    -3.68142654374));
#1508 = CARTESIAN_POINT('',(-0.987068199989,0.854611077292,
    -3.721512828406));
#1509 = CARTESIAN_POINT('',(-0.236854822462,1.151625205221,
    -3.761342361785));
#1510 = CARTESIAN_POINT('',(0.419956627292,0.939664963849,-3.80145637245
    ));
#1511 = CARTESIAN_POINT('',(0.747985974049,0.470007410747,
    -3.841427556936));
#1512 = CARTESIAN_POINT('',(0.747984645196,2.9358915496E-07,
    -3.881425967925));
#1513 = CARTESIAN_POINT('',(0.752601720486,3.6026351416E-07,
    -3.459602201609));
#1514 = CARTESIAN_POINT('',(0.752600571121,-0.472906466678,
    -3.49960064171));
#1515 = CARTESIAN_POINT('',(0.422495763797,-0.945468129792,
    -3.539572354093));
#1516 = CARTESIAN_POINT('',(-0.23816285596,-1.158729851528,
    -3.579684275917));
#1517 = CARTESIAN_POINT('',(-0.993314553603,-0.859867842687,
    -3.619516933073));
#1518 = CARTESIAN_POINT('',(-1.392496445239,-2.152268585184E-05,
    -3.659601635132));
#1519 = CARTESIAN_POINT('',(-0.993162322159,0.859897857626,
    -3.699686339282));
#1520 = CARTESIAN_POINT('',(-0.238311196703,1.158717814895,
    -3.739518995066));
#1521 = CARTESIAN_POINT('',(0.422546157418,0.945470414333,
    -3.779630917434));
#1522 = CARTESIAN_POINT('',(0.752601916982,0.472907115153,
    -3.819602629722));
#1523 = CARTESIAN_POINT('',(0.752600722362,2.8821140408E-07,
    -3.859601069817));
#1524 = CARTESIAN_POINT('',(0.765373715612,3.416647173E-07,
    -3.441890918954));
#1525 = CARTESIAN_POINT('',(0.765372666237,-0.480929660778,
    -3.481889439585));
#1526 = CARTESIAN_POINT('',(0.429669829718,-0.961531530179,
    -3.521862612324));
#1527 = CARTESIAN_POINT('',(-0.242218904679,-1.178352188101,
    -3.561968756158));
#1528 = CARTESIAN_POINT('',(-1.010148973548,-0.87450125863,
    -3.601810052417));
#1529 = CARTESIAN_POINT('',(-1.41614720298,-1.979327853807E-05,
    -3.641890381739));
#1530 = CARTESIAN_POINT('',(-1.010009121774,0.874528811774,
    -3.681970712981));
#1531 = CARTESIAN_POINT('',(-0.242355232986,1.17834112249,
    -3.721812007981));
#1532 = CARTESIAN_POINT('',(0.429716108426,0.961533640029,
    -3.761918152314));
#1533 = CARTESIAN_POINT('',(0.765373890807,0.480930275775,
    -3.801891324966));
#1534 = CARTESIAN_POINT('',(0.765372798513,2.7333231972E-07,
    -3.841889845592));
#1535 = CARTESIAN_POINT('',(0.783497995141,3.1527207731E-07,
    -3.43142630852));
#1536 = CARTESIAN_POINT('',(0.783496995168,-0.492315066264,
    -3.471424943428));
#1537 = CARTESIAN_POINT('',(0.439848548677,-0.984326417934,
    -3.511400188504));
#1538 = CARTESIAN_POINT('',(-0.247969733911,-1.206197887284,
    -3.551498132998));
#1539 = CARTESIAN_POINT('',(-1.034043192413,-0.895265937406,
    -3.591351688722));
#1540 = CARTESIAN_POINT('',(-1.44970908165,-1.874579904385E-05,
    -3.631425812789));
#1541 = CARTESIAN_POINT('',(-1.033910623315,0.895292072575,
    -3.671499938677));
#1542 = CARTESIAN_POINT('',(-0.248098922155,1.206187404188,
    -3.711353493207));
#1543 = CARTESIAN_POINT('',(0.43989243099,0.984328408999,-3.751451438175
    ));
#1544 = CARTESIAN_POINT('',(0.783498165491,0.492315633754,
    -3.791426683168));
#1545 = CARTESIAN_POINT('',(0.783497125914,2.5221817909E-07,
    -3.831425318071));
#1546 = ADVANCED_FACE('',(#1547),#1648,.T.);
#1547 = FACE_BOUND('',#1548,.T.);
#1548 = EDGE_LOOP('',(#1549,#1626,#1633,#1647));
#1549 = ORIENTED_EDGE('',*,*,#1550,.F.);
#1550 = EDGE_CURVE('',#1551,#1165,#1553,.T.);
#1551 = VERTEX_POINT('',#1552);
#1552 = CARTESIAN_POINT('',(1.,4.957E-12,-3.256414779801));
#1553 = B_SPLINE_CURVE_WITH_KNOTS('',6,(#1554,#1555,#1556,#1557,#1558,
    #1559,#1560,#1561,#1562,#1563,#1564,#1565,#1566,#1567,#1568,#1569,
    #1570,#1571,#1572,#1573,#1574,#1575,#1576,#1577,#1578,#1579,#1580,
    #1581,#1582,#1583,#1584,#1585,#1586,#1587,#1588,#1589,#1590,#1591,
    #1592,#1593,#1594,#1595,#1596,#1597,#1598,#1599,#1600,#1601,#1602,
    #1603,#1604,#1605,#1606,#1607,#1608,#1609,#1610,#1611,#1612,#1613,
    #1614,#1615,#1616,#1617,#1618,#1619,#1620,#1621,#1622,#1623,#1624,
    #1625),.UNSPECIFIED.,.F.,.F.,(7,5,5,5,5,5,5,5,5,5,5,5,5,5,7),(0.,
    5.299982238032E-02,9.899968346824E-02,0.152578554831,0.255577528542,
    0.365064409014,0.433224564336,0.496023100883,0.566964598184,
    0.634287863314,0.738004248122,0.849847656913,0.869010569805,
    0.948785064551,1.),.UNSPECIFIED.);
#1554 = CARTESIAN_POINT('',(1.,9.91041E-12,-3.256414779801));
#1555 = CARTESIAN_POINT('',(1.,-5.549999414445E-02,-3.259948155952));
#1556 = CARTESIAN_POINT('',(0.996303663371,-0.111000503479,
    -3.263481322057));
#1557 = CARTESIAN_POINT('',(0.988911041747,-0.166192110773,
    -3.267014715915));
#1558 = CARTESIAN_POINT('',(0.977856559777,-0.22076785115,
    -3.270548655315));
#1559 = CARTESIAN_POINT('',(0.963208250298,-0.274426641976,
    -3.274083216821));
#1560 = CARTESIAN_POINT('',(0.929321739071,-0.372399430799,
    -3.280686140025));
#1561 = CARTESIAN_POINT('',(0.910945058195,-0.41701229175,
    -3.283754469627));
#1562 = CARTESIAN_POINT('',(0.890002852753,-0.460524743809,
    -3.286822948708));
#1563 = CARTESIAN_POINT('',(0.866579058242,-0.502753401373,
    -3.289891401309));
#1564 = CARTESIAN_POINT('',(0.840774818539,-0.54352371645,
    -3.292959645642));
#1565 = CARTESIAN_POINT('',(0.780016121871,-0.628269659506,
    -3.299600839634));
#1566 = CARTESIAN_POINT('',(0.744253981181,-0.67166741137,
    -3.303173716558));
#1567 = CARTESIAN_POINT('',(0.705607144235,-0.712605412057,
    -3.306745826981));
#1568 = CARTESIAN_POINT('',(0.664289572264,-0.750846579572,
    -3.310317123834));
#1569 = CARTESIAN_POINT('',(0.620540380645,-0.786179167044,
    -3.313887693435));
#1570 = CARTESIAN_POINT('',(0.486346286929,-0.880398229336,
    -3.324320384477));
#1571 = CARTESIAN_POINT('',(0.390036667308,-0.930960252336,
    -3.331181900648));
#1572 = CARTESIAN_POINT('',(0.28756689087,-0.968780726004,
    -3.338041079587));
#1573 = CARTESIAN_POINT('',(0.181058844686,-0.992991575818,
    -3.34490176145));
#1574 = CARTESIAN_POINT('',(7.276318358251E-02,-1.003164318409,
    -3.351766211554));
#1575 = CARTESIAN_POINT('',(-0.149608169603,-0.995370396171,
    -3.365930367635));
#1576 = CARTESIAN_POINT('',(-0.263657661523,-0.975589451321,
    -3.373232700135));
#1577 = CARTESIAN_POINT('',(-0.374416031648,-0.940130208903,
    -3.380535981493));
#1578 = CARTESIAN_POINT('',(-0.479228314273,-0.889736736775,
    -3.387839728935));
#1579 = CARTESIAN_POINT('',(-0.57565275733,-0.825693261515,
    -3.395143822062));
#1580 = CARTESIAN_POINT('',(-0.715144930782,-0.702611100845,
    -3.406990355987));
#1581 = CARTESIAN_POINT('',(-0.764622216077,-0.650801020162,
    -3.411535198359));
#1582 = CARTESIAN_POINT('',(-0.809561840906,-0.594841367033,
    -3.416079198588));
#1583 = CARTESIAN_POINT('',(-0.849536955327,-0.535234394916,
    -3.420622614993));
#1584 = CARTESIAN_POINT('',(-0.884196041477,-0.472537599844,
    -3.42516582408));
#1585 = CARTESIAN_POINT('',(-0.940058730484,-0.347295340361,
    -3.433894435416));
#1586 = CARTESIAN_POINT('',(-0.962107529856,-0.285123247285,
    -3.438080056079));
#1587 = CARTESIAN_POINT('',(-0.979207755701,-0.221306513457,
    -3.442265691282));
#1588 = CARTESIAN_POINT('',(-0.991213498607,-0.156338728506,
    -3.446451619455));
#1589 = CARTESIAN_POINT('',(-0.998044429651,-9.072823264297E-02,
    -3.450638045509));
#1590 = CARTESIAN_POINT('',(-1.001544084901,4.927367593547E-02,
    -3.459554374631));
#1591 = CARTESIAN_POINT('',(-0.996780282546,0.123704549413,
    -3.464284615758));
#1592 = CARTESIAN_POINT('',(-0.985377729202,0.197560611297,
    -3.469015157276));
#1593 = CARTESIAN_POINT('',(-0.967428316172,0.270104479828,
    -3.473745953207));
#1594 = CARTESIAN_POINT('',(-0.943131256649,0.340620185788,
    -3.478476863087));
#1595 = CARTESIAN_POINT('',(-0.883996115302,0.472780037019,
    -3.487696410326));
#1596 = CARTESIAN_POINT('',(-0.849757273886,0.534696849408,
    -3.492185355142));
#1597 = CARTESIAN_POINT('',(-0.810332465625,0.593600372344,
    -3.496673598945));
#1598 = CARTESIAN_POINT('',(-0.76606004339,0.648953278479,
    -3.501161104923));
#1599 = CARTESIAN_POINT('',(-0.71735014192,0.700270715067,
    -3.505647977363));
#1600 = CARTESIAN_POINT('',(-0.583530602989,0.819321895809,
    -3.517045386491));
#1601 = CARTESIAN_POINT('',(-0.49296286081,0.880947846985,
    -3.523956237706));
#1602 = CARTESIAN_POINT('',(-0.394720514601,0.930444798437,
    -3.530864991684));
#1603 = CARTESIAN_POINT('',(-0.290856424862,0.96668665355,-3.5377745194)
  );
#1604 = CARTESIAN_POINT('',(-0.183606168342,0.988981537783,
    -3.544687648096));
#1605 = CARTESIAN_POINT('',(4.147927863254E-02,1.005980209434,
    -3.559058610724));
#1606 = CARTESIAN_POINT('',(0.159528380992,0.998388307047,
    -3.566519355713));
#1607 = CARTESIAN_POINT('',(0.275903840928,0.974151630062,
    -3.573981465561));
#1608 = CARTESIAN_POINT('',(0.3877067655,0.933763052667,-3.581444845974)
  );
#1609 = CARTESIAN_POINT('',(0.492207427559,0.87832191582,-3.588907642747
    ));
#1610 = CARTESIAN_POINT('',(0.603271474739,0.797788333361,-3.59764388928
    ));
#1611 = CARTESIAN_POINT('',(0.619233670587,0.78561708869,-3.598921693873
    ));
#1612 = CARTESIAN_POINT('',(0.634900402535,0.773063181908,
    -3.600199407176));
#1613 = CARTESIAN_POINT('',(0.650260243756,0.760135620803,
    -3.601477027516));
#1614 = CARTESIAN_POINT('',(0.66530213805,0.746843865544,-3.602754555419
    ));
#1615 = CARTESIAN_POINT('',(0.741266162328,0.676389883926,
    -3.609349921367));
#1616 = CARTESIAN_POINT('',(0.796824670572,0.613438924874,
    -3.614666595079));
#1617 = CARTESIAN_POINT('',(0.845914303206,0.545065312823,
    -3.619981498748));
#1618 = CARTESIAN_POINT('',(0.887890115475,0.472109334862,
    -3.625296148586));
#1619 = CARTESIAN_POINT('',(0.922254589986,0.395505610159,
    -3.630612134727));
#1620 = CARTESIAN_POINT('',(0.96563415933,0.265380495391,-3.639342675706
    ));
#1621 = CARTESIAN_POINT('',(0.979320832315,0.213411519082,
    -3.642756743035));
#1622 = CARTESIAN_POINT('',(0.989645374875,0.160614751678,-3.64617139265
    ));
#1623 = CARTESIAN_POINT('',(0.996548438753,0.107262212626,
    -3.649586448316));
#1624 = CARTESIAN_POINT('',(1.,5.363091099451E-02,-3.653001500302));
#1625 = CARTESIAN_POINT('',(1.,6.85763E-12,-3.656415875837));
#1626 = ORIENTED_EDGE('',*,*,#1627,.T.);
#1627 = EDGE_CURVE('',#1551,#1628,#1630,.T.);
#1628 = VERTEX_POINT('',#1629);
#1629 = CARTESIAN_POINT('',(0.783501609233,3.78323337E-07,
    -3.131427298927));
#1630 = B_SPLINE_CURVE_WITH_KNOTS('',1,(#1631,#1632),.UNSPECIFIED.,.F.,
  .F.,(2,2),(0.,0.28),.PIECEWISE_BEZIER_KNOTS.);
#1631 = CARTESIAN_POINT('',(1.025992565006,-4.540999168E-08,
    -3.27142064294));
#1632 = CARTESIAN_POINT('',(0.783501609233,3.7832334074E-07,
    -3.131427298927));
#1633 = ORIENTED_EDGE('',*,*,#1634,.T.);
#1634 = EDGE_CURVE('',#1628,#1247,#1635,.T.);
#1635 = B_SPLINE_CURVE_WITH_KNOTS('',10,(#1636,#1637,#1638,#1639,#1640,
    #1641,#1642,#1643,#1644,#1645,#1646),.UNSPECIFIED.,.F.,.F.,(11,11),(
    0.,6.295904828089),.PIECEWISE_BEZIER_KNOTS.);
#1636 = CARTESIAN_POINT('',(0.783501609233,3.78323337E-07,
    -3.131427298927));
#1637 = CARTESIAN_POINT('',(0.783500018339,-0.492317129833,
    -3.171425933857));
#1638 = CARTESIAN_POINT('',(0.439838793346,-0.984330200166,
    -3.211401179343));
#1639 = CARTESIAN_POINT('',(-0.247936943537,-1.206205819814,
    -3.251499122178));
#1640 = CARTESIAN_POINT('',(-1.034082641164,-0.89526282445,
    -3.291352680511));
#1641 = CARTESIAN_POINT('',(-1.44971535051,-2.84520982079E-05,
    -3.331426802935));
#1642 = CARTESIAN_POINT('',(-1.033880102097,0.895302942335,
    -3.371500928145));
#1643 = CARTESIAN_POINT('',(-0.248133859534,1.206189874094,
    -3.411354484651));
#1644 = CARTESIAN_POINT('',(0.439905988341,0.98433314224,-3.451452428211
    ));
#1645 = CARTESIAN_POINT('',(0.783501913021,0.492317823427,-3.49142767357
    ));
#1646 = CARTESIAN_POINT('',(0.783500282525,3.1527040923E-07,
    -3.531426308493));
#1647 = ORIENTED_EDGE('',*,*,#1246,.F.);
#1648 = B_SPLINE_SURFACE_WITH_KNOTS('',1,10,(
    (#1649,#1650,#1651,#1652,#1653,#1654,#1655,#1656,#1657,#1658,#1659)
    ,(#1660,#1661,#1662,#1663,#1664,#1665,#1666,#1667,#1668,#1669,#1670
    )),.UNSPECIFIED.,.F.,.F.,.F.,(2,2),(11,11),(0.,0.28),(0.,
    6.295904828089),.PIECEWISE_BEZIER_KNOTS.);
#1649 = CARTESIAN_POINT('',(1.025992565006,-4.540999463E-08,
    -3.27142064294));
#1650 = CARTESIAN_POINT('',(1.025989825242,-0.644646045396,
    -3.311420806828));
#1651 = CARTESIAN_POINT('',(0.57599005918,-1.289308828134,
    -3.351423778807));
#1652 = CARTESIAN_POINT('',(-0.324784619139,-1.57876957066,
    -3.391412019796));
#1653 = CARTESIAN_POINT('',(-1.35386899215,-1.173059952432,
    -3.431429602173));
#1654 = CARTESIAN_POINT('',(-1.898750057122,-4.115747043576E-05,
    -3.471420701239));
#1655 = CARTESIAN_POINT('',(-1.353567408135,1.173120902146,
    -3.511411804451));
#1656 = CARTESIAN_POINT('',(-0.325074884158,1.578746279998,
    -3.55142938411));
#1657 = CARTESIAN_POINT('',(0.576091089245,1.289312566187,
    -3.591417626175));
#1658 = CARTESIAN_POINT('',(1.025993332869,0.644645962147,
    -3.631420597969));
#1659 = CARTESIAN_POINT('',(1.025990597859,-3.784024003E-08,
    -3.671420761845));
#1660 = CARTESIAN_POINT('',(0.783501609233,3.78323337E-07,
    -3.131427298927));
#1661 = CARTESIAN_POINT('',(0.783500018339,-0.492317129833,
    -3.171425933857));
#1662 = CARTESIAN_POINT('',(0.439838793346,-0.984330200166,
    -3.211401179343));
#1663 = CARTESIAN_POINT('',(-0.247936943537,-1.206205819814,
    -3.251499122178));
#1664 = CARTESIAN_POINT('',(-1.034082641164,-0.89526282445,
    -3.291352680511));
#1665 = CARTESIAN_POINT('',(-1.44971535051,-2.84520982079E-05,
    -3.331426802935));
#1666 = CARTESIAN_POINT('',(-1.033880102097,0.895302942335,
    -3.371500928145));
#1667 = CARTESIAN_POINT('',(-0.248133859534,1.206189874094,
    -3.411354484651));
#1668 = CARTESIAN_POINT('',(0.439905988341,0.98433314224,-3.451452428211
    ));
#1669 = CARTESIAN_POINT('',(0.783501913021,0.492317823427,-3.49142767357
    ));
#1670 = CARTESIAN_POINT('',(0.783500282525,3.1527040923E-07,
    -3.531426308493));
#1671 = ADVANCED_FACE('',(#1672),#1683,.T.);
#1672 = FACE_BOUND('',#1673,.T.);
#1673 = EDGE_LOOP('',(#1674,#1675,#1676,#1682));
#1674 = ORIENTED_EDGE('',*,*,#1296,.F.);
#1675 = ORIENTED_EDGE('',*,*,#1334,.F.);
#1676 = ORIENTED_EDGE('',*,*,#1677,.T.);
#1677 = EDGE_CURVE('',#1328,#1551,#1678,.T.);
#1678 = LINE('',#1679,#1680);
#1679 = CARTESIAN_POINT('',(1.,0.,-4.8));
#1680 = VECTOR('',#1681,1.);
#1681 = DIRECTION('',(0.,0.,1.));
#1682 = ORIENTED_EDGE('',*,*,#1550,.T.);
#1683 = CYLINDRICAL_SURFACE('',#1684,1.);
#1684 = AXIS2_PLACEMENT_3D('',#1685,#1686,#1687);
#1685 = CARTESIAN_POINT('',(0.,0.,-4.8));
#1686 = DIRECTION('',(0.,0.,1.));
#1687 = DIRECTION('',(1.,0.,-0.));
#1688 = ADVANCED_FACE('',(#1689),#1790,.T.);
#1689 = FACE_BOUND('',#1690,.T.);
#1690 = EDGE_LOOP('',(#1691,#1707,#1714,#1789));
#1691 = ORIENTED_EDGE('',*,*,#1692,.F.);
#1692 = EDGE_CURVE('',#1693,#1312,#1695,.T.);
#1693 = VERTEX_POINT('',#1694);
#1694 = CARTESIAN_POINT('',(0.783498864372,3.78325746E-07,
    -3.031427298964));
#1695 = ( BOUNDED_CURVE() B_SPLINE_CURVE(10,(#1696,#1697,#1698,#1699,
    #1700,#1701,#1702,#1703,#1704,#1705,#1706),.UNSPECIFIED.,.F.,.F.) 
B_SPLINE_CURVE_WITH_KNOTS((11,11),(0.,6.295904828089),
.PIECEWISE_BEZIER_KNOTS.) CURVE() GEOMETRIC_REPRESENTATION_ITEM() 
RATIONAL_B_SPLINE_CURVE((1.056590953773,1.056590953773,1.056590953773,
    1.056590953773,1.056590953773,1.056590953773,1.056590953773,
    1.056590953773,1.056590953773,1.056590953773,1.056590953773)) 
REPRESENTATION_ITEM('') );
#1696 = CARTESIAN_POINT('',(0.783498864372,3.7832574507E-07,
    -3.031427298964));
#1697 = CARTESIAN_POINT('',(0.783497904001,-0.492315549245,
    -3.071425933878));
#1698 = CARTESIAN_POINT('',(0.43984911597,-0.984327475746,
    -3.111401179054));
#1699 = CARTESIAN_POINT('',(-0.247969912336,-1.20619924278,
    -3.151499123153));
#1700 = CARTESIAN_POINT('',(-1.034044266647,-0.895267016299,
    -3.191352679467));
#1701 = CARTESIAN_POINT('',(-1.449710691253,-1.886265714285E-05,
    -3.231426803236));
#1702 = CARTESIAN_POINT('',(-1.033911841329,0.895292985332,
    -3.271500928825));
#1703 = CARTESIAN_POINT('',(-0.248099294999,1.206188719639,
    -3.311354483945));
#1704 = CARTESIAN_POINT('',(0.43989283991,0.984329537634,-3.351452428518
    ));
#1705 = CARTESIAN_POINT('',(0.783498995115,0.492316242843,
    -3.391427673611));
#1706 = CARTESIAN_POINT('',(0.783497995141,3.1527208938E-07,
    -3.43142630852));
#1707 = ORIENTED_EDGE('',*,*,#1708,.T.);
#1708 = EDGE_CURVE('',#1693,#1709,#1711,.T.);
#1709 = VERTEX_POINT('',#1710);
#1710 = CARTESIAN_POINT('',(1.,7.79E-13,-2.906422386363));
#1711 = B_SPLINE_CURVE_WITH_KNOTS('',1,(#1712,#1713),.UNSPECIFIED.,.F.,
  .F.,(2,2),(0.,0.28),.PIECEWISE_BEZIER_KNOTS.);
#1712 = CARTESIAN_POINT('',(0.783498864372,3.7832575002E-07,
    -3.031427298964));
#1713 = CARTESIAN_POINT('',(1.025982134534,-4.540083711E-08,
    -2.891420643083));
#1714 = ORIENTED_EDGE('',*,*,#1715,.T.);
#1715 = EDGE_CURVE('',#1709,#1328,#1716,.T.);
#1716 = B_SPLINE_CURVE_WITH_KNOTS('',6,(#1717,#1718,#1719,#1720,#1721,
    #1722,#1723,#1724,#1725,#1726,#1727,#1728,#1729,#1730,#1731,#1732,
    #1733,#1734,#1735,#1736,#1737,#1738,#1739,#1740,#1741,#1742,#1743,
    #1744,#1745,#1746,#1747,#1748,#1749,#1750,#1751,#1752,#1753,#1754,
    #1755,#1756,#1757,#1758,#1759,#1760,#1761,#1762,#1763,#1764,#1765,
    #1766,#1767,#1768,#1769,#1770,#1771,#1772,#1773,#1774,#1775,#1776,
    #1777,#1778,#1779,#1780,#1781,#1782,#1783,#1784,#1785,#1786,#1787,
    #1788),.UNSPECIFIED.,.F.,.F.,(7,5,5,5,5,5,5,5,5,5,5,5,5,5,7),(0.,
    5.110479009983E-02,9.610425543793E-02,0.148026741142,0.262023844403,
    0.362077678416,0.430951735004,0.497950733962,0.59828230757,
    0.695084080375,0.738776902334,0.794593536799,0.845595880338,
    0.946306677162,1.),.UNSPECIFIED.);
#1717 = CARTESIAN_POINT('',(1.,1.55564E-12,-2.906422386363));
#1718 = CARTESIAN_POINT('',(1.,-5.35156759314E-02,-2.909829280457));
#1719 = CARTESIAN_POINT('',(0.996563256064,-0.107031748106,
    -2.913236612579));
#1720 = CARTESIAN_POINT('',(0.989689821313,-0.160270902203,
    -2.91664386171));
#1721 = CARTESIAN_POINT('',(0.979409448372,-0.212957903862,
    -2.920050718933));
#1722 = CARTESIAN_POINT('',(0.965780970565,-0.264822433789,
    -2.923457065295));
#1723 = CARTESIAN_POINT('',(0.934020104463,-0.360314949862,
    -2.929861944033));
#1724 = CARTESIAN_POINT('',(0.916620113102,-0.404187287152,
    -2.932860612952));
#1725 = CARTESIAN_POINT('',(0.896751271687,-0.44703984924,
    -2.935858975494));
#1726 = CARTESIAN_POINT('',(0.87448973487,-0.488699895804,
    -2.938857205409));
#1727 = CARTESIAN_POINT('',(0.849927537913,-0.529002540062,
    -2.941855508702));
#1728 = CARTESIAN_POINT('',(0.792299963169,-0.612549645105,-2.9483138019
    ));
#1729 = CARTESIAN_POINT('',(0.758507275465,-0.655293462212,
    -2.95177390584));
#1730 = CARTESIAN_POINT('',(0.721958649122,-0.695784563068,
    -2.955234487226));
#1731 = CARTESIAN_POINT('',(0.682844039074,-0.733803064366,
    -2.958695739973));
#1732 = CARTESIAN_POINT('',(0.641376104491,-0.769150902619,
    -2.96215774674));
#1733 = CARTESIAN_POINT('',(0.502088550104,-0.873016607661,
    -2.973222574803));
#1734 = CARTESIAN_POINT('',(0.396145314312,-0.930685263713,
    -2.980829440995));
#1735 = CARTESIAN_POINT('',(0.28245509434,-0.972782301863,-2.98843669117
    ));
#1736 = CARTESIAN_POINT('',(0.163900389266,-0.998118937028,
    -2.996042443925));
#1737 = CARTESIAN_POINT('',(4.355017299104E-02,-1.00615780576,
    -3.00364682338));
#1738 = CARTESIAN_POINT('',(-0.179957387261,-0.989238460402,
    -3.01791690738));
#1739 = CARTESIAN_POINT('',(-0.28345100707,-0.968193453377,
    -3.024585762854));
#1740 = CARTESIAN_POINT('',(-0.383868888192,-0.934164614711,
    -3.03125150568));
#1741 = CARTESIAN_POINT('',(-0.47920090879,-0.887755830275,
    -3.037916562937));
#1742 = CARTESIAN_POINT('',(-0.567591598221,-0.829950435421,
    -3.044583380646));
#1743 = CARTESIAN_POINT('',(-0.702409710611,-0.715417734268,
    -3.055840085466));
#1744 = CARTESIAN_POINT('',(-0.753336713167,-0.663962498022,
    -3.060430307293));
#1745 = CARTESIAN_POINT('',(-0.7997053693,-0.608188705377,
    -3.065021154751));
#1746 = CARTESIAN_POINT('',(-0.841066335439,-0.548606966539,
    -3.06961274969));
#1747 = CARTESIAN_POINT('',(-0.877047846679,-0.485786773932,
    -3.074205061837));
#1748 = CARTESIAN_POINT('',(-0.936855512914,-0.356684862037,
    -3.083264992137));
#1749 = CARTESIAN_POINT('',(-0.960987494036,-0.290540567962,
    -3.087732843397));
#1750 = CARTESIAN_POINT('',(-0.979497475383,-0.222479762353,
    -3.092200608707));
#1751 = CARTESIAN_POINT('',(-0.992204898234,-0.153101355158,
    -3.0966681604));
#1752 = CARTESIAN_POINT('',(-0.999014135806,-8.302345936042E-02,
    -3.101135442939));
#1753 = CARTESIAN_POINT('',(-1.001269449324,9.218211244864E-02,
    -3.112291173958));
#1754 = CARTESIAN_POINT('',(-0.989377287466,0.197419912565,
    -3.118980073278));
#1755 = CARTESIAN_POINT('',(-0.964207368897,0.300723889175,
    -3.125666867597));
#1756 = CARTESIAN_POINT('',(-0.926188693594,0.400021874756,
    -3.132353231245));
#1757 = CARTESIAN_POINT('',(-0.876145477596,0.493363872834,
    -3.139041367809));
#1758 = CARTESIAN_POINT('',(-0.756614384534,0.661672445062,
    -3.152182992894));
#1759 = CARTESIAN_POINT('',(-0.687858354584,0.737189946031,
    -3.158637990825));
#1760 = CARTESIAN_POINT('',(-0.610138574117,0.804023987865,
    -3.165093676871));
#1761 = CARTESIAN_POINT('',(-0.524853063433,0.860887387359,
    -3.171550823247));
#1762 = CARTESIAN_POINT('',(-0.433617664544,0.906780721096,
    -3.178009072356));
#1763 = CARTESIAN_POINT('',(-0.295165745247,0.956540963501,
    -3.187380161508));
#1764 = CARTESIAN_POINT('',(-0.251258447233,0.96965199486,-3.19029435931
    ));
#1765 = CARTESIAN_POINT('',(-0.206664098189,0.980340535003,
    -3.193208287976));
#1766 = CARTESIAN_POINT('',(-0.161550034062,0.988563276037,
    -3.196121875021));
#1767 = CARTESIAN_POINT('',(-0.116086827764,0.994292332731,
    -3.199035071951));
#1768 = CARTESIAN_POINT('',(-1.21428180717E-02,1.001633101059,
    -3.205668806279));
#1769 = CARTESIAN_POINT('',(4.645075573993E-02,1.001661285782,
    -3.209389133931));
#1770 = CARTESIAN_POINT('',(0.10497384897,0.99757466081,-3.213108650766)
  );
#1771 = CARTESIAN_POINT('',(0.163065915179,0.989390016653,
    -3.216827479091));
#1772 = CARTESIAN_POINT('',(0.220370759629,0.977165873521,
    -3.220545847201));
#1773 = CARTESIAN_POINT('',(0.32786728806,0.94623228056,-3.22766129212)
  );
#1774 = CARTESIAN_POINT('',(0.378247205919,0.928172857759,
    -3.231058485025));
#1775 = CARTESIAN_POINT('',(0.427416686031,0.90689977432,-3.234455619452
    ));
#1776 = CARTESIAN_POINT('',(0.475120779105,0.882516931298,
    -3.237852966571));
#1777 = CARTESIAN_POINT('',(0.521116983869,0.85515475858,-3.241250778668
    ));
#1778 = CARTESIAN_POINT('',(0.65218265182,0.765362948106,-3.251359604104
    ));
#1779 = CARTESIAN_POINT('',(0.731655264151,0.694737968657,
    -3.258073165232));
#1780 = CARTESIAN_POINT('',(0.801823223674,0.614300786057,
    -3.264788886524));
#1781 = CARTESIAN_POINT('',(0.861223164351,0.525617018128,
    -3.271507696228));
#1782 = CARTESIAN_POINT('',(0.908727717874,0.430506181613,
    -3.278226901264));
#1783 = CARTESIAN_POINT('',(0.962243743543,0.277935633456,-3.28852442241
    ));
#1784 = CARTESIAN_POINT('',(0.977274192344,0.223623740959,
    -3.292104896552));
#1785 = CARTESIAN_POINT('',(0.988618928612,0.1683585914,-3.295684640165)
  );
#1786 = CARTESIAN_POINT('',(0.996206290448,0.112453042052,
    -3.299263782905));
#1787 = CARTESIAN_POINT('',(1.,5.622624277638E-02,-3.30284276259));
#1788 = CARTESIAN_POINT('',(1.,1.10822E-12,-3.30642221467));
#1789 = ORIENTED_EDGE('',*,*,#1327,.F.);
#1790 = B_SPLINE_SURFACE_WITH_KNOTS('',1,10,(
    (#1791,#1792,#1793,#1794,#1795,#1796,#1797,#1798,#1799,#1800,#1801)
    ,(#1802,#1803,#1804,#1805,#1806,#1807,#1808,#1809,#1810,#1811,#1812
    )),.UNSPECIFIED.,.F.,.F.,.F.,(2,2),(11,11),(0.,0.28),(0.,
    6.295904828089),.PIECEWISE_BEZIER_KNOTS.);
#1791 = CARTESIAN_POINT('',(0.783498864372,3.7832574564E-07,
    -3.031427298964));
#1792 = CARTESIAN_POINT('',(0.783497904001,-0.492315549245,
    -3.071425933878));
#1793 = CARTESIAN_POINT('',(0.43984911597,-0.984327475746,
    -3.111401179054));
#1794 = CARTESIAN_POINT('',(-0.247969912336,-1.20619924278,
    -3.151499123152));
#1795 = CARTESIAN_POINT('',(-1.034044266648,-0.895267016299,
    -3.191352679467));
#1796 = CARTESIAN_POINT('',(-1.449710691253,-1.886265719531E-05,
    -3.231426803235));
#1797 = CARTESIAN_POINT('',(-1.03391184133,0.895292985333,
    -3.271500928825));
#1798 = CARTESIAN_POINT('',(-0.248099294999,1.206188719639,
    -3.311354483945));
#1799 = CARTESIAN_POINT('',(0.43989283991,0.984329537634,-3.351452428518
    ));
#1800 = CARTESIAN_POINT('',(0.783498995115,0.492316242843,
    -3.391427673611));
#1801 = CARTESIAN_POINT('',(0.783497995141,3.1527208912E-07,
    -3.43142630852));
#1802 = CARTESIAN_POINT('',(1.025982134534,-4.540083948E-08,
    -2.891420643083));
#1803 = CARTESIAN_POINT('',(1.025981790758,-0.644640039163,
    -2.931420806906));
#1804 = CARTESIAN_POINT('',(0.576029285153,-1.289298475339,
    -2.971423777709));
#1805 = CARTESIAN_POINT('',(-0.324909900576,-1.57874457793,
    -3.011412023499));
#1806 = CARTESIAN_POINT('',(-1.353723168988,-1.173075881457,
    -3.051429598208));
#1807 = CARTESIAN_POINT('',(-1.898732351943,-4.71759424148E-06,
    -3.091420702379));
#1808 = CARTESIAN_POINT('',(-1.353688017218,1.173083065537,
    -3.131411807034));
#1809 = CARTESIAN_POINT('',(-0.324943538923,1.57874189307,
    -3.171429381425));
#1810 = CARTESIAN_POINT('',(0.576041125207,1.289298868687,
    -3.211417627341));
#1811 = CARTESIAN_POINT('',(1.025982244823,0.644639955928,
    -3.251420598123));
#1812 = CARTESIAN_POINT('',(1.025981905799,-3.7833856E-08,
    -3.291420761944));
#1813 = ADVANCED_FACE('',(#1814),#1829,.T.);
#1814 = FACE_BOUND('',#1815,.T.);
#1815 = EDGE_LOOP('',(#1816,#1817,#1827,#1828));
#1816 = ORIENTED_EDGE('',*,*,#1634,.F.);
#1817 = ORIENTED_EDGE('',*,*,#1818,.T.);
#1818 = EDGE_CURVE('',#1628,#1693,#1819,.T.);
#1819 = ( BOUNDED_CURVE() B_SPLINE_CURVE(6,(#1820,#1821,#1822,#1823,
#1824,#1825,#1826),.UNSPECIFIED.,.F.,.F.) B_SPLINE_CURVE_WITH_KNOTS((7,7
),(0.,2.094395102393),.PIECEWISE_BEZIER_KNOTS.) CURVE() 
GEOMETRIC_REPRESENTATION_ITEM() RATIONAL_B_SPLINE_CURVE((1.056590953773,
    1.017435169568,0.996326512422,0.989390034249,0.996326512422,
1.017435169568,1.056590953773)) REPRESENTATION_ITEM('') );
#1820 = CARTESIAN_POINT('',(0.783501609233,3.7832334088E-07,
    -3.131427298927));
#1821 = CARTESIAN_POINT('',(0.765376803122,4.0999497269E-07,
    -3.120963600563));
#1822 = CARTESIAN_POINT('',(0.752603916737,4.3231431196E-07,
    -3.103252960649));
#1823 = CARTESIAN_POINT('',(0.747986841137,4.4038182129E-07,
    -3.081428273739));
#1824 = CARTESIAN_POINT('',(0.752602718615,4.3231536417E-07,
    -3.059603333397));
#1825 = CARTESIAN_POINT('',(0.765374632716,4.0999687795E-07,
    -3.041891992313));
#1826 = CARTESIAN_POINT('',(0.783498864372,3.7832574901E-07,
    -3.031427298964));
#1827 = ORIENTED_EDGE('',*,*,#1692,.T.);
#1828 = ORIENTED_EDGE('',*,*,#1457,.F.);
#1829 = ( BOUNDED_SURFACE() B_SPLINE_SURFACE(6,10,(
    (#1830,#1831,#1832,#1833,#1834,#1835,#1836,#1837,#1838,#1839,#1840)
    ,(#1841,#1842,#1843,#1844,#1845,#1846,#1847,#1848,#1849,#1850,#1851)
    ,(#1852,#1853,#1854,#1855,#1856,#1857,#1858,#1859,#1860,#1861,#1862)
    ,(#1863,#1864,#1865,#1866,#1867,#1868,#1869,#1870,#1871,#1872,#1873)
    ,(#1874,#1875,#1876,#1877,#1878,#1879,#1880,#1881,#1882,#1883,#1884)
    ,(#1885,#1886,#1887,#1888,#1889,#1890,#1891,#1892,#1893,#1894,#1895)
    ,(#1896,#1897,#1898,#1899,#1900,#1901,#1902,#1903,#1904,#1905,#1906
)),.UNSPECIFIED.,.F.,.F.,.F.) B_SPLINE_SURFACE_WITH_KNOTS((7,7),(11,11),
  (0.,2.094395102393),(0.,6.295904828089),.PIECEWISE_BEZIER_KNOTS.) 
GEOMETRIC_REPRESENTATION_ITEM() RATIONAL_B_SPLINE_SURFACE((
    (1.056590953773,1.056590953773,1.056590953773,1.056590953773
      ,1.056590953773,1.056590953773,1.056590953773,1.056590953773
      ,1.056590953773,1.056590953773,1.056590953773)
    ,(1.017435169568,1.017435169568,1.017435169568,1.017435169568
      ,1.017435169569,1.017435169568,1.017435169568,1.017435169568
      ,1.017435169568,1.017435169568,1.017435169568)
    ,(0.996326512422,0.996326512422,0.996326512422,0.996326512422
      ,0.996326512423,0.996326512422,0.996326512423,0.996326512422
      ,0.996326512422,0.996326512422,0.996326512422)
    ,(0.989390034249,0.989390034249,0.989390034249,0.989390034248
      ,0.989390034249,0.989390034248,0.989390034249,0.989390034248
      ,0.989390034249,0.989390034249,0.989390034249)
    ,(0.996326512422,0.996326512422,0.996326512422,0.996326512422
      ,0.996326512423,0.996326512422,0.996326512423,0.996326512422
      ,0.996326512422,0.996326512422,0.996326512422)
    ,(1.017435169568,1.017435169568,1.017435169568,1.017435169568
      ,1.017435169569,1.017435169568,1.017435169569,1.017435169568
      ,1.017435169568,1.017435169568,1.017435169568)
    ,(1.056590953773,1.056590953773,1.056590953773,1.056590953773
      ,1.056590953773,1.056590953773,1.056590953773,1.056590953773
      ,1.056590953773,1.056590953773,1.056590953773
))) REPRESENTATION_ITEM('') SURFACE() );
#1830 = CARTESIAN_POINT('',(0.783501609233,3.7832333721E-07,
    -3.131427298927));
#1831 = CARTESIAN_POINT('',(0.783500018339,-0.492317129833,
    -3.171425933857));
#1832 = CARTESIAN_POINT('',(0.439838793346,-0.984330200166,
    -3.211401179343));
#1833 = CARTESIAN_POINT('',(-0.247936943537,-1.206205819814,
    -3.251499122178));
#1834 = CARTESIAN_POINT('',(-1.034082641164,-0.89526282445,
    -3.29135268051));
#1835 = CARTESIAN_POINT('',(-1.449715350511,-2.845209811597E-05,
    -3.331426802936));
#1836 = CARTESIAN_POINT('',(-1.033880102097,0.895302942335,
    -3.371500928145));
#1837 = CARTESIAN_POINT('',(-0.248133859534,1.206189874094,
    -3.411354484652));
#1838 = CARTESIAN_POINT('',(0.439905988341,0.98433314224,-3.451452428211
    ));
#1839 = CARTESIAN_POINT('',(0.783501913021,0.492317823427,-3.49142767357
    ));
#1840 = CARTESIAN_POINT('',(0.783500282525,3.1527040908E-07,
    -3.531426308493));
#1841 = CARTESIAN_POINT('',(0.765376803122,4.0999496945E-07,
    -3.120963600563));
#1842 = CARTESIAN_POINT('',(0.7653752981,-0.48093141835,-3.160962121213)
  );
#1843 = CARTESIAN_POINT('',(0.429662268258,-0.961534799479,
    -3.200935294302));
#1844 = CARTESIAN_POINT('',(-0.242193021188,-1.178358819391,
    -3.241041436721));
#1845 = CARTESIAN_POINT('',(-1.010180448235,-0.87449908476,
    -3.280882735198));
#1846 = CARTESIAN_POINT('',(-1.416152585383,-2.750244443489E-05,
    -3.320963063142));
#1847 = CARTESIAN_POINT('',(-1.009985312209,0.874537645585,
    -3.361043393769));
#1848 = CARTESIAN_POINT('',(-0.242382959882,1.178343422663,
    -3.400884690487));
#1849 = CARTESIAN_POINT('',(0.429726934276,0.961537682058,
    -3.440990833603));
#1850 = CARTESIAN_POINT('',(0.765377072224,0.480932170008,
    -3.480964006571));
#1851 = CARTESIAN_POINT('',(0.765375524283,3.4166340249E-07,
    -3.520962527214));
#1852 = CARTESIAN_POINT('',(0.752603916737,4.3231430899E-07,
    -3.103252960649));
#1853 = CARTESIAN_POINT('',(0.752602537405,-0.472907711553,
    -3.143251400763));
#1854 = CARTESIAN_POINT('',(0.422491908985,-0.945470533864,
    -3.183223113397));
#1855 = CARTESIAN_POINT('',(-0.238148670629,-1.15873427877,
    -3.223335034215));
#1856 = CARTESIAN_POINT('',(-0.99333253787,-0.859867251378,
    -3.263167692929));
#1857 = CARTESIAN_POINT('',(-1.39250032728,-2.58419756933E-05,
    -3.303252394059));
#1858 = CARTESIAN_POINT('',(-0.993149866336,0.859903252395,
    -3.343337097701));
#1859 = CARTESIAN_POINT('',(-0.238326711584,1.158719829442,
    -3.383169754768));
#1860 = CARTESIAN_POINT('',(0.42255236666,0.945473283533,-3.423281676239
    ));
#1861 = CARTESIAN_POINT('',(0.752604143507,0.47290850413,-3.463253388759
    ));
#1862 = CARTESIAN_POINT('',(0.752602718921,3.6026279263E-07,
    -3.503251828866));
#1863 = CARTESIAN_POINT('',(0.747986841137,4.4038181779E-07,
    -3.081428273739));
#1864 = CARTESIAN_POINT('',(0.747985604482,-0.470007366503,
    -3.121426684741));
#1865 = CARTESIAN_POINT('',(0.419901835084,-0.939663820104,
    -3.161397869458));
#1866 = CARTESIAN_POINT('',(-0.236691959054,-1.151640139382,
    -3.201511879025));
#1867 = CARTESIAN_POINT('',(-0.987237083882,-0.854579344909,
    -3.241341414658));
#1868 = CARTESIAN_POINT('',(-1.383950699101,-2.376280238833E-05,
    -3.281427696647));
#1869 = CARTESIAN_POINT('',(-0.987069731405,0.85461223848,
    -3.321513980936));
#1870 = CARTESIAN_POINT('',(-0.236855283785,1.151626868825,
    -3.36134351506));
#1871 = CARTESIAN_POINT('',(0.419957151672,0.93966638598,-3.401457525226
    ));
#1872 = CARTESIAN_POINT('',(0.747987025918,0.47000817387,-3.441428709838
    ));
#1873 = CARTESIAN_POINT('',(0.747985743164,3.6698564507E-07,
    -3.481427120834));
#1874 = CARTESIAN_POINT('',(0.752602718615,4.3231536018E-07,
    -3.059603333397));
#1875 = CARTESIAN_POINT('',(0.752601614504,-0.472907021633,
    -3.099601773503));
#1876 = CARTESIAN_POINT('',(0.422496414772,-0.945469344665,
    -3.139573486002));
#1877 = CARTESIAN_POINT('',(-0.238163061387,-1.158731407919,
    -3.179685407372));
#1878 = CARTESIAN_POINT('',(-0.993315787537,-0.859869081105,
    -3.219518065205));
#1879 = CARTESIAN_POINT('',(-1.392498293531,-2.165622024838E-05,
    -3.259602766921));
#1880 = CARTESIAN_POINT('',(-0.993163720392,0.8598989062,-3.299687470729
    ));
#1881 = CARTESIAN_POINT('',(-0.238311624293,1.158719325527,
    -3.33952012719));
#1882 = CARTESIAN_POINT('',(0.422546627419,0.945471710136,
    -3.379632049105));
#1883 = CARTESIAN_POINT('',(0.752602869852,0.472907814211,
    -3.419603761508));
#1884 = CARTESIAN_POINT('',(0.752601720486,3.602635269E-07,
    -3.459602201609));
#1885 = CARTESIAN_POINT('',(0.765374632716,4.0999687462E-07,
    -3.041891992313));
#1886 = CARTESIAN_POINT('',(0.765373626259,-0.480930168554,
    -3.081890512949));
#1887 = CARTESIAN_POINT('',(0.429670430523,-0.961532645237,
    -3.121863685794));
#1888 = CARTESIAN_POINT('',(-0.242219090147,-1.178353618825,
    -3.161969829211));
#1889 = CARTESIAN_POINT('',(-1.010150104887,-0.874502399322,
    -3.201811126093));
#1890 = CARTESIAN_POINT('',(-1.416148901233,-1.991991925743E-05,
    -3.2418914551));
#1891 = CARTESIAN_POINT('',(-1.01001040893,0.874529772423,
    -3.281971786027));
#1892 = CARTESIAN_POINT('',(-0.242355629148,1.178342509818,
    -3.321813081649));
#1893 = CARTESIAN_POINT('',(0.4297165376,0.961534831838,-3.361919225566)
  );
#1894 = CARTESIAN_POINT('',(0.765374764988,0.480930920215,
    -3.401892398323));
#1895 = CARTESIAN_POINT('',(0.765373715612,3.4166473065E-07,
    -3.441890918954));
#1896 = CARTESIAN_POINT('',(0.783498864372,3.7832574507E-07,
    -3.031427298964));
#1897 = CARTESIAN_POINT('',(0.783497904001,-0.492315549245,
    -3.071425933878));
#1898 = CARTESIAN_POINT('',(0.43984911597,-0.984327475746,
    -3.111401179054));
#1899 = CARTESIAN_POINT('',(-0.247969912336,-1.20619924278,
    -3.151499123153));
#1900 = CARTESIAN_POINT('',(-1.034044266647,-0.895267016299,
    -3.191352679467));
#1901 = CARTESIAN_POINT('',(-1.449710691253,-1.886265714285E-05,
    -3.231426803236));
#1902 = CARTESIAN_POINT('',(-1.033911841329,0.895292985332,
    -3.271500928825));
#1903 = CARTESIAN_POINT('',(-0.248099294999,1.206188719639,
    -3.311354483945));
#1904 = CARTESIAN_POINT('',(0.43989283991,0.984329537634,-3.351452428518
    ));
#1905 = CARTESIAN_POINT('',(0.783498995115,0.492316242843,
    -3.391427673611));
#1906 = CARTESIAN_POINT('',(0.783497995141,3.1527208938E-07,
    -3.43142630852));
#1907 = ADVANCED_FACE('',(#1908),#2009,.T.);
#1908 = FACE_BOUND('',#1909,.T.);
#1909 = EDGE_LOOP('',(#1910,#1987,#1994,#2008));
#1910 = ORIENTED_EDGE('',*,*,#1911,.F.);
#1911 = EDGE_CURVE('',#1912,#1551,#1914,.T.);
#1912 = VERTEX_POINT('',#1913);
#1913 = CARTESIAN_POINT('',(1.,6.742E-12,-2.856413683778));
#1914 = B_SPLINE_CURVE_WITH_KNOTS('',6,(#1915,#1916,#1917,#1918,#1919,
    #1920,#1921,#1922,#1923,#1924,#1925,#1926,#1927,#1928,#1929,#1930,
    #1931,#1932,#1933,#1934,#1935,#1936,#1937,#1938,#1939,#1940,#1941,
    #1942,#1943,#1944,#1945,#1946,#1947,#1948,#1949,#1950,#1951,#1952,
    #1953,#1954,#1955,#1956,#1957,#1958,#1959,#1960,#1961,#1962,#1963,
    #1964,#1965,#1966,#1967,#1968,#1969,#1970,#1971,#1972,#1973,#1974,
    #1975,#1976,#1977,#1978,#1979,#1980,#1981,#1982,#1983,#1984,#1985,
    #1986),.UNSPECIFIED.,.F.,.F.,(7,5,5,5,5,5,5,5,5,5,5,5,5,5,7),(0.,
    5.299981879278E-02,9.899967676681E-02,0.152578529579,0.25557749632,
    0.365064335403,0.433224272262,0.496022622735,0.566963896115,
    0.634284824234,0.737998752101,0.79984209171,0.849844965848,
    0.88519699941,1.),.UNSPECIFIED.);
#1915 = CARTESIAN_POINT('',(1.,1.349854E-11,-2.856413683778));
#1916 = CARTESIAN_POINT('',(1.,-5.549999414055E-02,-2.859947059928));
#1917 = CARTESIAN_POINT('',(0.996303663371,-0.111000503477,
    -2.863480226034));
#1918 = CARTESIAN_POINT('',(0.988911041747,-0.16619211077,
    -2.867013619889));
#1919 = CARTESIAN_POINT('',(0.977856559778,-0.220767851145,
    -2.870547559282));
#1920 = CARTESIAN_POINT('',(0.963208250299,-0.274426641972,
    -2.874082120775));
#1921 = CARTESIAN_POINT('',(0.929321739072,-0.372399430795,
    -2.880685043948));
#1922 = CARTESIAN_POINT('',(0.910945058196,-0.417012291747,
    -2.883753373533));
#1923 = CARTESIAN_POINT('',(0.890002852754,-0.460524743806,
    -2.886821852595));
#1924 = CARTESIAN_POINT('',(0.866579058244,-0.50275340137,
    -2.889890305176));
#1925 = CARTESIAN_POINT('',(0.840774818541,-0.543523716448,
    -2.892958549493));
#1926 = CARTESIAN_POINT('',(0.780016130978,-0.628269646803,
    -2.899599742461));
#1927 = CARTESIAN_POINT('',(0.744254001105,-0.671667387192,
    -2.90317261838));
#1928 = CARTESIAN_POINT('',(0.705607176532,-0.712605377846,
    -2.906744727805));
#1929 = CARTESIAN_POINT('',(0.664289618301,-0.750846536962,
    -2.910316023669));
#1930 = CARTESIAN_POINT('',(0.620540441578,-0.786179117834,
    -2.913886592289));
#1931 = CARTESIAN_POINT('',(0.486346369489,-0.880398183729,
    -2.924319282396));
#1932 = CARTESIAN_POINT('',(0.39003675461,-0.93096021576,-2.931180798629
    ));
#1933 = CARTESIAN_POINT('',(0.287566981718,-0.968780699037,
    -2.938039977641));
#1934 = CARTESIAN_POINT('',(0.181058937806,-0.992991558839,
    -2.944900659562));
#1935 = CARTESIAN_POINT('',(7.276327765512E-02,-1.003164311586,
    -2.951765109697));
#1936 = CARTESIAN_POINT('',(-0.149608040702,-0.995370411447,
    -2.965929263524));
#1937 = CARTESIAN_POINT('',(-0.263657499221,-0.975589488324,
    -2.973231593732));
#1938 = CARTESIAN_POINT('',(-0.37441584033,-0.940130277042,
    -2.980534872772));
#1939 = CARTESIAN_POINT('',(-0.479228100695,-0.889736844293,
    -2.987838617893));
#1940 = CARTESIAN_POINT('',(-0.575652530249,-0.825693414889,
    -2.995142708712));
#1941 = CARTESIAN_POINT('',(-0.715144546924,-0.702611468799,
    -3.006989226073));
#1942 = CARTESIAN_POINT('',(-0.764621705583,-0.650801580276,
    -3.011534054179));
#1943 = CARTESIAN_POINT('',(-0.809561235082,-0.594842142577,
    -3.016078040155));
#1944 = CARTESIAN_POINT('',(-0.849536289133,-0.53523540409,
    -3.020621442317));
#1945 = CARTESIAN_POINT('',(-0.884195352529,-0.472538855154,
    -3.025164637162));
#1946 = CARTESIAN_POINT('',(-0.940058079536,-0.34729706629,
    -3.033893222148));
#1947 = CARTESIAN_POINT('',(-0.962106931435,-0.285125195754,
    -3.038078830701));
#1948 = CARTESIAN_POINT('',(-0.979207241786,-0.221308684454,
    -3.04226445379));
#1949 = CARTESIAN_POINT('',(-0.991213101445,-0.15634111742,
    -3.04645036984));
#1950 = CARTESIAN_POINT('',(-0.998044180966,-9.073083023852E-02,
    -3.050636783763));
#1951 = CARTESIAN_POINT('',(-1.001544216804,4.927064884468E-02,
    -3.059553086122));
#1952 = CARTESIAN_POINT('',(-0.996780657526,0.123701305187,
    -3.064283312615));
#1953 = CARTESIAN_POINT('',(-0.985378386726,0.19755717433,
    -3.069013839496));
#1954 = CARTESIAN_POINT('',(-0.967429292452,0.270100881081,
    -3.073744620794));
#1955 = CARTESIAN_POINT('',(-0.943132583388,0.340616462156,
    -3.07847551605));
#1956 = CARTESIAN_POINT('',(-0.883999084487,0.472774121033,
    -3.087694893159));
#1957 = CARTESIAN_POINT('',(-0.849761876245,0.534689015178,
    -3.092183682463));
#1958 = CARTESIAN_POINT('',(-0.810339038942,0.593590870454,
    -3.096671770841));
#1959 = CARTESIAN_POINT('',(-0.766068885227,0.648942412534,
    -3.101159121468));
#1960 = CARTESIAN_POINT('',(-0.717361500278,0.700258833588,
    -3.105645838596));
#1961 = CARTESIAN_POINT('',(-0.583547944267,0.819309204777,
    -3.117042929433));
#1962 = CARTESIAN_POINT('',(-0.49298372496,0.880935654078,
    -3.123953617526));
#1963 = CARTESIAN_POINT('',(-0.394744994337,0.930433858947,
    -3.130862208422));
#1964 = CARTESIAN_POINT('',(-0.29088443846,0.966677752949,
    -3.137771572718));
#1965 = CARTESIAN_POINT('',(-0.183637454535,0.988975447204,
    -3.144684537478));
#1966 = CARTESIAN_POINT('',(-1.076459577446E-02,1.002036923191,
    -3.155721926223));
#1967 = CARTESIAN_POINT('',(5.419175856169E-02,1.001897663662,
    -3.159845858676));
#1968 = CARTESIAN_POINT('',(0.119038462033,0.996703068659,
    -3.163970622601));
#1969 = CARTESIAN_POINT('',(0.183284824,0.986479837627,-3.168096141855)
  );
#1970 = CARTESIAN_POINT('',(0.246447595242,0.97131744463,-3.17222219769)
  );
#1971 = CARTESIAN_POINT('',(0.357874613011,0.935236621231,-3.17968431315
    ));
#1972 = CARTESIAN_POINT('',(0.406677137134,0.915975693769,
    -3.183020456554));
#1973 = CARTESIAN_POINT('',(0.45421999339,0.893664251081,-3.186356415358
    ));
#1974 = CARTESIAN_POINT('',(0.500266096814,0.868407554176,-3.18969201069
    ));
#1975 = CARTESIAN_POINT('',(0.544590588015,0.840335021978,
    -3.193027107345));
#1976 = CARTESIAN_POINT('',(0.616955147916,0.787868555292,-3.19871905584
    ));
#1977 = CARTESIAN_POINT('',(0.645961653667,0.76480655551,-3.201076233849
    ));
#1978 = CARTESIAN_POINT('',(0.673928597898,0.740466896636,
    -3.203433090135));
#1979 = CARTESIAN_POINT('',(0.700786212189,0.714908517668,
    -3.205789625515));
#1980 = CARTESIAN_POINT('',(0.726469295759,0.688195355973,
    -3.208145867608));
#1981 = CARTESIAN_POINT('',(0.830309947907,0.570121212037,
    -3.218152809484));
#1982 = CARTESIAN_POINT('',(0.896696131437,0.468373317375,
    -3.225803050898));
#1983 = CARTESIAN_POINT('',(0.947958043037,0.35754055413,-3.233449894332
    ));
#1984 = CARTESIAN_POINT('',(0.982656654119,0.240463913602,
    -3.241102459893));
#1985 = CARTESIAN_POINT('',(0.999999999999,0.120218622884,
    -3.248761142801));
#1986 = CARTESIAN_POINT('',(1.,9.88798E-12,-3.256414779801));
#1987 = ORIENTED_EDGE('',*,*,#1988,.T.);
#1988 = EDGE_CURVE('',#1912,#1989,#1991,.T.);
#1989 = VERTEX_POINT('',#1990);
#1990 = CARTESIAN_POINT('',(0.783502935946,4.41375888E-07,
    -2.731428289354));
#1991 = B_SPLINE_CURVE_WITH_KNOTS('',1,(#1992,#1993),.UNSPECIFIED.,.F.,
  .F.,(2,2),(0.,0.28),.PIECEWISE_BEZIER_KNOTS.);
#1992 = CARTESIAN_POINT('',(1.025994532154,-5.298034645E-08,
    -2.871420524025));
#1993 = CARTESIAN_POINT('',(0.783502935946,4.4137587357E-07,
    -2.731428289354));
#1994 = ORIENTED_EDGE('',*,*,#1995,.T.);
#1995 = EDGE_CURVE('',#1989,#1628,#1996,.T.);
#1996 = B_SPLINE_CURVE_WITH_KNOTS('',10,(#1997,#1998,#1999,#2000,#2001,
    #2002,#2003,#2004,#2005,#2006,#2007),.UNSPECIFIED.,.F.,.F.,(11,11),(
    0.,6.295904828089),.PIECEWISE_BEZIER_KNOTS.);
#1997 = CARTESIAN_POINT('',(0.783502935946,4.4137588792E-07,
    -2.731428289354));
#1998 = CARTESIAN_POINT('',(0.783501384653,-0.492317900197,
    -2.771426924292));
#1999 = CARTESIAN_POINT('',(0.439839617533,-0.98433183335,
    -2.811402169931));
#2000 = CARTESIAN_POINT('',(-0.247937267033,-1.206207878181,
    -2.851500112163));
#2001 = CARTESIAN_POINT('',(-1.034084318613,-0.895264427451,
    -2.891353671396));
#2002 = CARTESIAN_POINT('',(-1.44971780726,-2.85689553734E-05,
    -2.931427793365));
#2003 = CARTESIAN_POINT('',(-1.033881923325,0.895304379204,
    -2.971501918121));
#2004 = CARTESIAN_POINT('',(-0.248134377444,1.206191892416,
    -3.011355475525));
#2005 = CARTESIAN_POINT('',(0.439906654156,0.984334846247,
    -3.051453418484));
#2006 = CARTESIAN_POINT('',(0.783503200127,0.492318719896,
    -3.091428663995));
#2007 = CARTESIAN_POINT('',(0.783501609233,3.7832334074E-07,
    -3.131427298927));
#2008 = ORIENTED_EDGE('',*,*,#1627,.F.);
#2009 = B_SPLINE_SURFACE_WITH_KNOTS('',1,10,(
    (#2010,#2011,#2012,#2013,#2014,#2015,#2016,#2017,#2018,#2019,#2020)
    ,(#2021,#2022,#2023,#2024,#2025,#2026,#2027,#2028,#2029,#2030,#2031
    )),.UNSPECIFIED.,.F.,.F.,.F.,(2,2),(11,11),(0.,0.28),(0.,
    6.295904828089),.PIECEWISE_BEZIER_KNOTS.);
#2010 = CARTESIAN_POINT('',(1.025994532154,-5.298033159E-08,
    -2.871420524025));
#2011 = CARTESIAN_POINT('',(1.025991787634,-0.644647288695,
    -2.911420687926));
#2012 = CARTESIAN_POINT('',(0.575991154307,-1.289311306454,
    -2.95142366013));
#2013 = CARTESIAN_POINT('',(-0.324785254599,-1.578772590563,
    -2.991411900228));
#2014 = CARTESIAN_POINT('',(-1.353871594568,-1.173062196101,
    -3.031429483937));
#2015 = CARTESIAN_POINT('',(-1.898753699809,-4.114344642758E-05,
    -3.071420582329));
#2016 = CARTESIAN_POINT('',(-1.353569993294,1.17312316577,
    -3.111411684868));
#2017 = CARTESIAN_POINT('',(-0.325075496273,1.578749304704,
    -3.151429265857));
#2018 = CARTESIAN_POINT('',(0.576092203383,1.289315036006,
    -3.191417507033));
#2019 = CARTESIAN_POINT('',(1.025995304771,0.644647190305,
    -3.231420479051));
#2020 = CARTESIAN_POINT('',(1.025992565006,-4.540999168E-08,
    -3.27142064294));
#2021 = CARTESIAN_POINT('',(0.783502935946,4.4137588792E-07,
    -2.731428289354));
#2022 = CARTESIAN_POINT('',(0.783501384653,-0.492317900197,
    -2.771426924292));
#2023 = CARTESIAN_POINT('',(0.439839617533,-0.98433183335,
    -2.811402169931));
#2024 = CARTESIAN_POINT('',(-0.247937267033,-1.206207878181,
    -2.851500112163));
#2025 = CARTESIAN_POINT('',(-1.034084318613,-0.895264427451,
    -2.891353671396));
#2026 = CARTESIAN_POINT('',(-1.44971780726,-2.85689553734E-05,
    -2.931427793365));
#2027 = CARTESIAN_POINT('',(-1.033881923325,0.895304379204,
    -2.971501918121));
#2028 = CARTESIAN_POINT('',(-0.248134377444,1.206191892416,
    -3.011355475525));
#2029 = CARTESIAN_POINT('',(0.439906654156,0.984334846247,
    -3.051453418484));
#2030 = CARTESIAN_POINT('',(0.783503200127,0.492318719896,
    -3.091428663995));
#2031 = CARTESIAN_POINT('',(0.783501609233,3.7832334074E-07,
    -3.131427298927));
#2032 = ADVANCED_FACE('',(#2033),#2044,.T.);
#2033 = FACE_BOUND('',#2034,.T.);
#2034 = EDGE_LOOP('',(#2035,#2036,#2037,#2043));
#2035 = ORIENTED_EDGE('',*,*,#1677,.F.);
#2036 = ORIENTED_EDGE('',*,*,#1715,.F.);
#2037 = ORIENTED_EDGE('',*,*,#2038,.T.);
#2038 = EDGE_CURVE('',#1709,#1912,#2039,.T.);
#2039 = LINE('',#2040,#2041);
#2040 = CARTESIAN_POINT('',(1.,0.,-4.8));
#2041 = VECTOR('',#2042,1.);
#2042 = DIRECTION('',(0.,0.,1.));
#2043 = ORIENTED_EDGE('',*,*,#1911,.T.);
#2044 = CYLINDRICAL_SURFACE('',#2045,1.);
#2045 = AXIS2_PLACEMENT_3D('',#2046,#2047,#2048);
#2046 = CARTESIAN_POINT('',(0.,0.,-4.8));
#2047 = DIRECTION('',(0.,0.,1.));
#2048 = DIRECTION('',(1.,0.,-0.));
#2049 = ADVANCED_FACE('',(#2050),#2171,.T.);
#2050 = FACE_BOUND('',#2051,.T.);
#2051 = EDGE_LOOP('',(#2052,#2068,#2075,#2170));
#2052 = ORIENTED_EDGE('',*,*,#2053,.F.);
#2053 = EDGE_CURVE('',#2054,#1693,#2056,.T.);
#2054 = VERTEX_POINT('',#2055);
#2055 = CARTESIAN_POINT('',(0.783499733608,4.41379165E-07,
    -2.631428289405));
#2056 = ( BOUNDED_CURVE() B_SPLINE_CURVE(10,(#2057,#2058,#2059,#2060,
    #2061,#2062,#2063,#2064,#2065,#2066,#2067),.UNSPECIFIED.,.F.,.F.) 
B_SPLINE_CURVE_WITH_KNOTS((11,11),(0.,6.295904828089),
.PIECEWISE_BEZIER_KNOTS.) CURVE() GEOMETRIC_REPRESENTATION_ITEM() 
RATIONAL_B_SPLINE_CURVE((1.056590953773,1.056590953773,1.056590953773,
    1.056590953773,1.056590953773,1.056590953773,1.056590953773,
    1.056590953773,1.056590953773,1.056590953773,1.056590953773)) 
REPRESENTATION_ITEM('') );
#2057 = CARTESIAN_POINT('',(0.783499733608,4.4137916472E-07,
    -2.631428289405));
#2058 = CARTESIAN_POINT('',(0.783498812839,-0.492316032229,
    -2.671426924323));
#2059 = CARTESIAN_POINT('',(0.439849683266,-0.984328533564,
    -2.711402169601));
#2060 = CARTESIAN_POINT('',(-0.247970090764,-1.206200598284,
    -2.751500113303));
#2061 = CARTESIAN_POINT('',(-1.034045340888,-0.895268095196,
    -2.791353670208));
#2062 = CARTESIAN_POINT('',(-1.449712300865,-1.897951452845E-05,
    -2.831427793678));
#2063 = CARTESIAN_POINT('',(-1.03391305935,0.895293898095,
    -2.871501918969));
#2064 = CARTESIAN_POINT('',(-0.248099667843,1.206190035098,
    -2.911355474679));
#2065 = CARTESIAN_POINT('',(0.439893248833,0.984330666276,
    -2.951453418857));
#2066 = CARTESIAN_POINT('',(0.783499824743,0.492316851934,-2.99142866405
    ));
#2067 = CARTESIAN_POINT('',(0.783498864372,3.7832574901E-07,
    -3.031427298964));
#2068 = ORIENTED_EDGE('',*,*,#2069,.T.);
#2069 = EDGE_CURVE('',#2054,#2070,#2072,.T.);
#2070 = VERTEX_POINT('',#2071);
#2071 = CARTESIAN_POINT('',(1.,1.051E-12,-2.506422558059));
#2072 = B_SPLINE_CURVE_WITH_KNOTS('',1,(#2073,#2074),.UNSPECIFIED.,.F.,
  .F.,(2,2),(0.,0.28),.PIECEWISE_BEZIER_KNOTS.);
#2073 = CARTESIAN_POINT('',(0.783499733608,4.4137914921E-07,
    -2.631428289405));
#2074 = CARTESIAN_POINT('',(1.025982363269,-5.296789587E-08,
    -2.49142052422));
#2075 = ORIENTED_EDGE('',*,*,#2076,.T.);
#2076 = EDGE_CURVE('',#2070,#1709,#2077,.T.);
#2077 = B_SPLINE_CURVE_WITH_KNOTS('',7,(#2078,#2079,#2080,#2081,#2082,
    #2083,#2084,#2085,#2086,#2087,#2088,#2089,#2090,#2091,#2092,#2093,
    #2094,#2095,#2096,#2097,#2098,#2099,#2100,#2101,#2102,#2103,#2104,
    #2105,#2106,#2107,#2108,#2109,#2110,#2111,#2112,#2113,#2114,#2115,
    #2116,#2117,#2118,#2119,#2120,#2121,#2122,#2123,#2124,#2125,#2126,
    #2127,#2128,#2129,#2130,#2131,#2132,#2133,#2134,#2135,#2136,#2137,
    #2138,#2139,#2140,#2141,#2142,#2143,#2144,#2145,#2146,#2147,#2148,
    #2149,#2150,#2151,#2152,#2153,#2154,#2155,#2156,#2157,#2158,#2159,
    #2160,#2161,#2162,#2163,#2164,#2165,#2166,#2167,#2168,#2169),
  .UNSPECIFIED.,.F.,.F.,(8,6,6,6,6,6,6,6,6,6,6,6,6,6,6,8),(0.,
    5.110803145802E-02,9.61100234534E-02,0.148035591114,0.262039095091,
    0.362350600504,0.430803964318,0.497806716896,0.598245665022,
    0.631519800875,0.686525440303,0.704526962666,0.730528798288,
    0.910792556559,0.946794089483,1.),.UNSPECIFIED.);
#2078 = CARTESIAN_POINT('',(1.,2.1152E-12,-2.506422558059));
#2079 = CARTESIAN_POINT('',(1.,-4.587091317034E-02,-2.509342774247));
#2080 = CARTESIAN_POINT('',(0.997545147175,-9.174210938378E-02,
    -2.51226330332));
#2081 = CARTESIAN_POINT('',(0.99263547188,-0.137455119846,
    -2.515183847543));
#2082 = CARTESIAN_POINT('',(0.985283733201,-0.182852367204,
    -2.518104200084));
#2083 = CARTESIAN_POINT('',(0.975515242144,-0.227777975609,
    -2.521024238694));
#2084 = CARTESIAN_POINT('',(0.963367684827,-0.272078580775,
    -2.523943919378));
#2085 = CARTESIAN_POINT('',(0.936143788709,-0.353929561974,
    -2.529433836638));
#2086 = CARTESIAN_POINT('',(0.921590624061,-0.391654487048,
    -2.53200417075));
#2087 = CARTESIAN_POINT('',(0.905265487778,-0.428676580768,
    -2.534574283301));
#2088 = CARTESIAN_POINT('',(0.88720952675,-0.46489622802,-2.537144251478
    ));
#2089 = CARTESIAN_POINT('',(0.867470795466,-0.500216964028,
    -2.539714183784));
#2090 = CARTESIAN_POINT('',(0.846104052753,-0.534545905312,
    -2.54228418505));
#2091 = CARTESIAN_POINT('',(0.796708736428,-0.606157717326,
    -2.547819874438));
#2092 = CARTESIAN_POINT('',(0.768160643183,-0.643082974987,
    -2.550785644015));
#2093 = CARTESIAN_POINT('',(0.737620466834,-0.678433298035,
    -2.553751729746));
#2094 = CARTESIAN_POINT('',(0.705193164689,-0.712080286176,
    -2.556718239626));
#2095 = CARTESIAN_POINT('',(0.670993770801,-0.743904525217,
    -2.559685252678));
#2096 = CARTESIAN_POINT('',(0.635146703448,-0.773796317866,
    -2.562652781534));
#2097 = CARTESIAN_POINT('',(0.515756950044,-0.862823750461,
    -2.572136929522));
#2098 = CARTESIAN_POINT('',(0.426411717096,-0.914209947568,
    -2.578656437873));
#2099 = CARTESIAN_POINT('',(0.33117624409,-0.954741834567,
    -2.585176828397));
#2100 = CARTESIAN_POINT('',(0.231642607064,-0.983641643503,
    -2.591696686837));
#2101 = CARTESIAN_POINT('',(0.129511228524,-1.000416194835,
    -2.598215511105));
#2102 = CARTESIAN_POINT('',(2.654199946595E-02,-1.004870647646,
    -2.604732899008));
#2103 = CARTESIAN_POINT('',(-0.165261438176,-0.99035062664,
    -2.616978801739));
#2104 = CARTESIAN_POINT('',(-0.254332390799,-0.974123961433,
    -2.622709566564));
#2105 = CARTESIAN_POINT('',(-0.341493045893,-0.94855464771,
    -2.628438337872));
#2106 = CARTESIAN_POINT('',(-0.425573881415,-0.913925934045,
    -2.634165921322));
#2107 = CARTESIAN_POINT('',(-0.505462384296,-0.870695653714,
    -2.639893723584));
#2108 = CARTESIAN_POINT('',(-0.580127937479,-0.819486236507,
    -2.645622602331));
#2109 = CARTESIAN_POINT('',(-0.695412507477,-0.721232490109,
    -2.655261376426));
#2110 = CARTESIAN_POINT('',(-0.739317901953,-0.678026584085,
    -2.659171505742));
#2111 = CARTESIAN_POINT('',(-0.780077349162,-0.631715242493,
    -2.663082090852));
#2112 = CARTESIAN_POINT('',(-0.817429396097,-0.58257524419,
    -2.666993168284));
#2113 = CARTESIAN_POINT('',(-0.851143846844,-0.530909564794,
    -2.670904762641));
#2114 = CARTESIAN_POINT('',(-0.88102414611,-0.477044187329,
    -2.674816784624));
#2115 = CARTESIAN_POINT('',(-0.932246831252,-0.366786398603,
    -2.682558170326));
#2116 = CARTESIAN_POINT('',(-0.953757833644,-0.310469359759,
    -2.686387698962));
#2117 = CARTESIAN_POINT('',(-0.971292234911,-0.252697996968,
    -2.690217237516));
#2118 = CARTESIAN_POINT('',(-0.984734741813,-0.193809952818,
    -2.694046661732));
#2119 = CARTESIAN_POINT('',(-0.994006068811,-0.134152863262,
    -2.697875918888));
#2120 = CARTESIAN_POINT('',(-0.999063703983,-7.408090902059E-02,
    -2.701704946138));
#2121 = CARTESIAN_POINT('',(-1.001160315227,7.618445164515E-02,
    -2.711272828409));
#2122 = CARTESIAN_POINT('',(-0.992938582624,0.166462474479,-2.7170120061
    ));
#2123 = CARTESIAN_POINT('',(-0.975217073506,0.255668624337,
    -2.722749962992));
#2124 = CARTESIAN_POINT('',(-0.948174350901,0.342608429543,
    -2.728487128673));
#2125 = CARTESIAN_POINT('',(-0.912168690024,0.426128906902,
    -2.734224615242));
#2126 = CARTESIAN_POINT('',(-0.867730288698,0.505144283131,
    -2.739963164115));
#2127 = CARTESIAN_POINT('',(-0.798283232336,0.60302220947,
    -2.747603130415));
#2128 = CARTESIAN_POINT('',(-0.78015278841,0.626776850806,
    -2.749504410201));
#2129 = CARTESIAN_POINT('',(-0.761198912176,0.649893829763,
    -2.75140579497));
#2130 = CARTESIAN_POINT('',(-0.741448613049,0.672339001085,
    -2.753307290843));
#2131 = CARTESIAN_POINT('',(-0.72093060859,0.69407972326,-2.755208900117
    ));
#2132 = CARTESIAN_POINT('',(-0.69967532451,0.715084858519,
    -2.757110621263));
#2133 = CARTESIAN_POINT('',(-0.641411998904,0.76878347583,
    -2.762156369695));
#2134 = CARTESIAN_POINT('',(-0.603181571955,0.80015150601,
    -2.765300612996));
#2135 = CARTESIAN_POINT('',(-0.563168787684,0.829295054264,
    -2.76844510329));
#2136 = CARTESIAN_POINT('',(-0.521529677036,0.856093533171,
    -2.771589788793));
#2137 = CARTESIAN_POINT('',(-0.478430007622,0.880440288393,
    -2.774734610754));
#2138 = CARTESIAN_POINT('',(-0.434044163294,0.902243310067,
    -2.777879472715));
#2139 = CARTESIAN_POINT('',(-0.373666609028,0.927703784455,
    -2.782053377986));
#2140 = CARTESIAN_POINT('',(-0.35866086995,0.93370099564,-2.783082536232
    ));
#2141 = CARTESIAN_POINT('',(-0.343543163039,0.93941489892,
    -2.784111680603));
#2142 = CARTESIAN_POINT('',(-0.328319909981,0.944842998959,
    -2.785140807246));
#2143 = CARTESIAN_POINT('',(-0.312997597602,0.949982983919,
    -2.786169912384));
#2144 = CARTESIAN_POINT('',(-0.297582777863,0.954832725467,
    -2.787198992311));
#2145 = CARTESIAN_POINT('',(-0.25969246629,0.965973319318,
    -2.789714429742));
#2146 = CARTESIAN_POINT('',(-0.237123632031,0.971946758347,
    -2.791200756491));
#2147 = CARTESIAN_POINT('',(-0.214395535582,0.977304730544,
    -2.792687012425));
#2148 = CARTESIAN_POINT('',(-0.191528318442,0.982042200208,
    -2.794173187662));
#2149 = CARTESIAN_POINT('',(-0.168542293116,0.986154961254,
    -2.795659273646));
#2150 = CARTESIAN_POINT('',(-0.145457943114,0.989639637206,
    -2.797145263154));
#2151 = CARTESIAN_POINT('',(3.828015573394E-02,1.012280003393,
    -2.808932407622));
#2152 = CARTESIAN_POINT('',(0.202771917325,1.001779077104,
    -2.819240305113));
#2153 = CARTESIAN_POINT('',(0.363991949511,0.959979970087,
    -2.829532033488));
#2154 = CARTESIAN_POINT('',(0.514855794169,0.888245668056,
    -2.839814690169));
#2155 = CARTESIAN_POINT('',(0.64904015,0.789573871865,-2.850111666456));
#2156 = CARTESIAN_POINT('',(0.761008930035,0.668611692069,
    -2.860427073787));
#2157 = CARTESIAN_POINT('',(0.864188701915,0.504204286031,
    -2.872790898818));
#2158 = CARTESIAN_POINT('',(0.88033322237,0.476187989185,-2.874849175167
    ));
#2159 = CARTESIAN_POINT('',(0.895416596888,0.447571111463,
    -2.876907471269));
#2160 = CARTESIAN_POINT('',(0.909412230928,0.418401918549,
    -2.878965733248));
#2161 = CARTESIAN_POINT('',(0.922296336788,0.388730012615,
    -2.881023912578));
#2162 = CARTESIAN_POINT('',(0.934047933609,0.358606332321,
    -2.883081966082));
#2163 = CARTESIAN_POINT('',(0.960315715509,0.282973585922,
    -2.888181168186));
#2164 = CARTESIAN_POINT('',(0.973469569782,0.236990796164,
    -2.891222165688));
#2165 = CARTESIAN_POINT('',(0.984051888134,0.190303355402,
    -2.894262691815));
#2166 = CARTESIAN_POINT('',(0.992018430586,0.143083901673,
    -2.897302763765));
#2167 = CARTESIAN_POINT('',(0.997339466193,9.550814701362E-02,
    -2.900342541728));
#2168 = CARTESIAN_POINT('',(1.,4.775388528509E-02,-2.903382298042));
#2169 = CARTESIAN_POINT('',(1.,1.53666E-12,-2.906422386363));
#2170 = ORIENTED_EDGE('',*,*,#1708,.F.);
#2171 = B_SPLINE_SURFACE_WITH_KNOTS('',1,10,(
    (#2172,#2173,#2174,#2175,#2176,#2177,#2178,#2179,#2180,#2181,#2182)
    ,(#2183,#2184,#2185,#2186,#2187,#2188,#2189,#2190,#2191,#2192,#2193
    )),.UNSPECIFIED.,.F.,.F.,.F.,(2,2),(11,11),(0.,0.28),(0.,
    6.295904828089),.PIECEWISE_BEZIER_KNOTS.);
#2172 = CARTESIAN_POINT('',(0.783499733608,4.4137916407E-07,
    -2.631428289405));
#2173 = CARTESIAN_POINT('',(0.783498812839,-0.492316032229,
    -2.671426924323));
#2174 = CARTESIAN_POINT('',(0.439849683266,-0.984328533564,
    -2.711402169601));
#2175 = CARTESIAN_POINT('',(-0.247970090764,-1.206200598284,
    -2.751500113303));
#2176 = CARTESIAN_POINT('',(-1.034045340888,-0.895268095197,
    -2.791353670209));
#2177 = CARTESIAN_POINT('',(-1.449712300865,-1.897951454355E-05,
    -2.831427793678));
#2178 = CARTESIAN_POINT('',(-1.033913059351,0.895293898095,
    -2.871501918969));
#2179 = CARTESIAN_POINT('',(-0.248099667843,1.206190035098,
    -2.911355474679));
#2180 = CARTESIAN_POINT('',(0.439893248833,0.984330666276,
    -2.951453418857));
#2181 = CARTESIAN_POINT('',(0.783499824743,0.492316851934,-2.99142866405
    ));
#2182 = CARTESIAN_POINT('',(0.783498864372,3.7832575002E-07,
    -3.031427298964));
#2183 = CARTESIAN_POINT('',(1.025982363269,-5.296788321E-08,
    -2.49142052422));
#2184 = CARTESIAN_POINT('',(1.02598201474,-0.644640190417,
    -2.531420688044));
#2185 = CARTESIAN_POINT('',(0.576029404094,-1.289298767268,
    -2.571423658874));
#2186 = CARTESIAN_POINT('',(-0.324909984775,-1.578744926954,
    -2.61141190456));
#2187 = CARTESIAN_POINT('',(-1.353723479214,-1.173076133537,
    -2.651429479425));
#2188 = CARTESIAN_POINT('',(-1.898732775506,-4.70357059568E-06,
    -2.691420583516));
#2189 = CARTESIAN_POINT('',(-1.35368831019,1.173083337555,
    -2.731411688093));
#2190 = CARTESIAN_POINT('',(-0.324943599789,1.578742246899,
    -2.771429262639));
#2191 = CARTESIAN_POINT('',(0.576041263154,1.289299152117,
    -2.811417508452));
#2192 = CARTESIAN_POINT('',(1.025982478311,0.644640092049,-2.85142047926
    ));
#2193 = CARTESIAN_POINT('',(1.025982134534,-4.540083711E-08,
    -2.891420643083));
#2194 = ADVANCED_FACE('',(#2195),#2210,.T.);
#2195 = FACE_BOUND('',#2196,.T.);
#2196 = EDGE_LOOP('',(#2197,#2198,#2208,#2209));
#2197 = ORIENTED_EDGE('',*,*,#1995,.F.);
#2198 = ORIENTED_EDGE('',*,*,#2199,.T.);
#2199 = EDGE_CURVE('',#1989,#2054,#2200,.T.);
#2200 = ( BOUNDED_CURVE() B_SPLINE_CURVE(6,(#2201,#2202,#2203,#2204,
#2205,#2206,#2207),.UNSPECIFIED.,.F.,.F.) B_SPLINE_CURVE_WITH_KNOTS((7,7
),(0.,2.094395102393),.PIECEWISE_BEZIER_KNOTS.) CURVE() 
GEOMETRIC_REPRESENTATION_ITEM() RATIONAL_B_SPLINE_CURVE((1.056590953773,
    1.017435169568,0.996326512422,0.989390034249,0.996326512422,
1.017435169568,1.056590953773)) REPRESENTATION_ITEM('') );
#2201 = CARTESIAN_POINT('',(0.783502935946,4.4137587341E-07,
    -2.731428289354));
#2202 = CARTESIAN_POINT('',(0.765378081966,4.7832616279E-07,
    -2.720964673907));
#2203 = CARTESIAN_POINT('',(0.752605114559,5.0436547369E-07,
    -2.703254092426));
#2204 = CARTESIAN_POINT('',(0.747987939116,5.1377766952E-07,
    -2.681429426638));
#2205 = CARTESIAN_POINT('',(0.75260371675,5.0436690396E-07,
    -2.65960446518));
#2206 = CARTESIAN_POINT('',(0.765375549826,4.7832875133E-07,
    -2.641893065668));
#2207 = CARTESIAN_POINT('',(0.783499733608,4.4137914995E-07,
    -2.631428289405));
#2208 = ORIENTED_EDGE('',*,*,#2053,.T.);
#2209 = ORIENTED_EDGE('',*,*,#1818,.F.);
#2210 = ( BOUNDED_SURFACE() B_SPLINE_SURFACE(6,10,(
    (#2211,#2212,#2213,#2214,#2215,#2216,#2217,#2218,#2219,#2220,#2221)
    ,(#2222,#2223,#2224,#2225,#2226,#2227,#2228,#2229,#2230,#2231,#2232)
    ,(#2233,#2234,#2235,#2236,#2237,#2238,#2239,#2240,#2241,#2242,#2243)
    ,(#2244,#2245,#2246,#2247,#2248,#2249,#2250,#2251,#2252,#2253,#2254)
    ,(#2255,#2256,#2257,#2258,#2259,#2260,#2261,#2262,#2263,#2264,#2265)
    ,(#2266,#2267,#2268,#2269,#2270,#2271,#2272,#2273,#2274,#2275,#2276)
    ,(#2277,#2278,#2279,#2280,#2281,#2282,#2283,#2284,#2285,#2286,#2287
)),.UNSPECIFIED.,.F.,.F.,.F.) B_SPLINE_SURFACE_WITH_KNOTS((7,7),(11,11),
  (0.,2.094395102393),(0.,6.295904828089),.PIECEWISE_BEZIER_KNOTS.) 
GEOMETRIC_REPRESENTATION_ITEM() RATIONAL_B_SPLINE_SURFACE((
    (1.056590953773,1.056590953773,1.056590953773,1.056590953773
      ,1.056590953773,1.056590953773,1.056590953773,1.056590953773
      ,1.056590953773,1.056590953773,1.056590953773)
    ,(1.017435169568,1.017435169568,1.017435169568,1.017435169568
      ,1.017435169569,1.017435169568,1.017435169568,1.017435169568
      ,1.017435169568,1.017435169568,1.017435169568)
    ,(0.996326512422,0.996326512422,0.996326512422,0.996326512422
      ,0.996326512423,0.996326512422,0.996326512423,0.996326512422
      ,0.996326512422,0.996326512422,0.996326512422)
    ,(0.989390034249,0.989390034249,0.989390034249,0.989390034248
      ,0.989390034249,0.989390034248,0.989390034249,0.989390034248
      ,0.989390034249,0.989390034249,0.989390034249)
    ,(0.996326512422,0.996326512422,0.996326512422,0.996326512422
      ,0.996326512423,0.996326512422,0.996326512423,0.996326512422
      ,0.996326512422,0.996326512422,0.996326512422)
    ,(1.017435169568,1.017435169568,1.017435169568,1.017435169568
      ,1.017435169569,1.017435169568,1.017435169569,1.017435169568
      ,1.017435169568,1.017435169568,1.017435169568)
    ,(1.056590953773,1.056590953773,1.056590953773,1.056590953773
      ,1.056590953773,1.056590953773,1.056590953773,1.056590953773
      ,1.056590953773,1.056590953773,1.056590953773
))) REPRESENTATION_ITEM('') SURFACE() );
#2211 = CARTESIAN_POINT('',(0.783502935946,4.4137588781E-07,
    -2.731428289354));
#2212 = CARTESIAN_POINT('',(0.783501384653,-0.492317900197,
    -2.771426924292));
#2213 = CARTESIAN_POINT('',(0.439839617533,-0.98433183335,
    -2.811402169931));
#2214 = CARTESIAN_POINT('',(-0.247937267033,-1.206207878181,
    -2.851500112164));
#2215 = CARTESIAN_POINT('',(-1.034084318613,-0.89526442745,
    -2.891353671396));
#2216 = CARTESIAN_POINT('',(-1.449717807261,-2.856895557052E-05,
    -2.931427793366));
#2217 = CARTESIAN_POINT('',(-1.033881923325,0.895304379204,
    -2.97150191812));
#2218 = CARTESIAN_POINT('',(-0.248134377444,1.206191892416,
    -3.011355475526));
#2219 = CARTESIAN_POINT('',(0.439906654156,0.984334846247,
    -3.051453418484));
#2220 = CARTESIAN_POINT('',(0.783503200127,0.492318719896,
    -3.091428663995));
#2221 = CARTESIAN_POINT('',(0.783501609233,3.7832334088E-07,
    -3.131427298927));
#2222 = CARTESIAN_POINT('',(0.765378081966,4.7832617475E-07,
    -2.720964673907));
#2223 = CARTESIAN_POINT('',(0.765376619861,-0.480932153365,
    -2.760963194564));
#2224 = CARTESIAN_POINT('',(0.429663072194,-0.961536369494,
    -2.800936367802));
#2225 = CARTESIAN_POINT('',(-0.242193321366,-1.178360805889,
    -2.841042509639));
#2226 = CARTESIAN_POINT('',(-1.010182056547,-0.874500639874,
    -2.880883808984));
#2227 = CARTESIAN_POINT('',(-1.416154953491,-2.762908454082E-05,
    -2.920964136489));
#2228 = CARTESIAN_POINT('',(-1.009987076337,0.87453902066,
    -2.961044466677));
#2229 = CARTESIAN_POINT('',(-0.24238347075,1.178345365763,
    -3.000885764262));
#2230 = CARTESIAN_POINT('',(0.429727566582,0.961539328825,
    -3.040991906798));
#2231 = CARTESIAN_POINT('',(0.765378308145,0.480933041686,
    -3.080965079913));
#2232 = CARTESIAN_POINT('',(0.765376803122,4.0999497269E-07,
    -3.120963600563));
#2233 = CARTESIAN_POINT('',(0.752605114559,5.0436548782E-07,
    -2.703254092426));
#2234 = CARTESIAN_POINT('',(0.75260378048,-0.472908391952,
    -2.743252532547));
#2235 = CARTESIAN_POINT('',(0.422492672095,-0.945471999889,
    -2.78322424532));
#2236 = CARTESIAN_POINT('',(-0.23814893938,-1.158736141968,
    -2.823336165593));
#2237 = CARTESIAN_POINT('',(-0.99333403511,-0.859868718571,
    -2.86316882512));
#2238 = CARTESIAN_POINT('',(-1.392502545355,-2.597550950884E-05,
    -2.903253525839));
#2239 = CARTESIAN_POINT('',(-0.993151527873,0.859904529746,
    -2.94333822907));
#2240 = CARTESIAN_POINT('',(-0.238327202495,1.15872164688,
    -2.983170886949));
#2241 = CARTESIAN_POINT('',(0.422552948797,0.945474830488,
    -3.023282807877));
#2242 = CARTESIAN_POINT('',(0.75260529607,0.472909328632,-3.063254520535
    ));
#2243 = CARTESIAN_POINT('',(0.752603916737,4.3231431196E-07,
    -3.103252960649));
#2244 = CARTESIAN_POINT('',(0.747987939116,5.1377768429E-07,
    -2.681429426638));
#2245 = CARTESIAN_POINT('',(0.74798674856,-0.470007982837,
    -2.721427837647));
#2246 = CARTESIAN_POINT('',(0.419902543817,-0.939665159802,
    -2.761399022491));
#2247 = CARTESIAN_POINT('',(-0.236692194071,-1.151641849608,
    -2.801513031559));
#2248 = CARTESIAN_POINT('',(-0.987238447941,-0.854580699489,
    -2.841342567937));
#2249 = CARTESIAN_POINT('',(-1.38395273229,-2.389882793258E-05,
    -2.881428849549));
#2250 = CARTESIAN_POINT('',(-0.987071262828,0.854613399676,
    -2.921515133461));
#2251 = CARTESIAN_POINT('',(-0.236855745109,1.151628532438,
    -2.96134466833));
#2252 = CARTESIAN_POINT('',(0.419957676054,0.939667808118,
    -3.001458677997));
#2253 = CARTESIAN_POINT('',(0.747988077793,0.470008936997,
    -3.041429862736));
#2254 = CARTESIAN_POINT('',(0.747986841137,4.4038182129E-07,
    -3.081428273739));
#2255 = CARTESIAN_POINT('',(0.75260371675,5.0436691845E-07,
    -2.65960446518));
#2256 = CARTESIAN_POINT('',(0.752602657893,-0.472907576591,
    -2.699602905292));
#2257 = CARTESIAN_POINT('',(0.42249706575,-0.945470559544,
    -2.739574617907));
#2258 = CARTESIAN_POINT('',(-0.238163266816,-1.15873296432,
    -2.779686538822));
#2259 = CARTESIAN_POINT('',(-0.993317021478,-0.859870319529,
    -2.819519197333));
#2260 = CARTESIAN_POINT('',(-1.392500141833,-2.178975406969E-05,
    -2.859603898707));
#2261 = CARTESIAN_POINT('',(-0.993165118633,0.859899954781,
    -2.899688602171));
#2262 = CARTESIAN_POINT('',(-0.238312051884,1.158720836168,
    -2.939521259311));
#2263 = CARTESIAN_POINT('',(0.422547097423,0.945473005946,
    -2.979633180771));
#2264 = CARTESIAN_POINT('',(0.752603822727,0.472908513273,-3.01960489329
    ));
#2265 = CARTESIAN_POINT('',(0.752602718615,4.3231536417E-07,
    -3.059603333397));
#2266 = CARTESIAN_POINT('',(0.765375549826,4.7832876529E-07,
    -2.641893065668));
#2267 = CARTESIAN_POINT('',(0.765374586286,-0.480930676333,
    -2.681891586309));
#2268 = CARTESIAN_POINT('',(0.429671031331,-0.9615337603,-2.721864759261
    ));
#2269 = CARTESIAN_POINT('',(-0.242219275618,-1.178355049557,
    -2.76197090226));
#2270 = CARTESIAN_POINT('',(-1.010151236233,-0.87450354002,
    -2.801812199765));
#2271 = CARTESIAN_POINT('',(-1.416150599496,-2.004655921234E-05,
    -2.841892528457));
#2272 = CARTESIAN_POINT('',(-1.010011696093,0.874530733078,
    -2.881972859069));
#2273 = CARTESIAN_POINT('',(-0.242356025311,1.178343897153,
    -2.921814155313));
#2274 = CARTESIAN_POINT('',(0.429716966777,0.961536023654,
    -2.961920298814));
#2275 = CARTESIAN_POINT('',(0.765375639174,0.480931564658,
    -3.001893471677));
#2276 = CARTESIAN_POINT('',(0.765374632716,4.0999687795E-07,
    -3.041891992313));
#2277 = CARTESIAN_POINT('',(0.783499733608,4.4137916472E-07,
    -2.631428289405));
#2278 = CARTESIAN_POINT('',(0.783498812839,-0.492316032229,
    -2.671426924323));
#2279 = CARTESIAN_POINT('',(0.439849683266,-0.984328533564,
    -2.711402169601));
#2280 = CARTESIAN_POINT('',(-0.247970090764,-1.206200598284,
    -2.751500113303));
#2281 = CARTESIAN_POINT('',(-1.034045340888,-0.895268095196,
    -2.791353670208));
#2282 = CARTESIAN_POINT('',(-1.449712300865,-1.897951452845E-05,
    -2.831427793678));
#2283 = CARTESIAN_POINT('',(-1.03391305935,0.895293898095,
    -2.871501918969));
#2284 = CARTESIAN_POINT('',(-0.248099667843,1.206190035098,
    -2.911355474679));
#2285 = CARTESIAN_POINT('',(0.439893248833,0.984330666276,
    -2.951453418857));
#2286 = CARTESIAN_POINT('',(0.783499824743,0.492316851934,-2.99142866405
    ));
#2287 = CARTESIAN_POINT('',(0.783498864372,3.7832574901E-07,
    -3.031427298964));
#2288 = ADVANCED_FACE('',(#2289),#2395,.T.);
#2289 = FACE_BOUND('',#2290,.T.);
#2290 = EDGE_LOOP('',(#2291,#2373,#2380,#2394));
#2291 = ORIENTED_EDGE('',*,*,#2292,.F.);
#2292 = EDGE_CURVE('',#2293,#1912,#2295,.T.);
#2293 = VERTEX_POINT('',#2294);
#2294 = CARTESIAN_POINT('',(1.,8.829E-12,-2.45641258777));
#2295 = B_SPLINE_CURVE_WITH_KNOTS('',6,(#2296,#2297,#2298,#2299,#2300,
    #2301,#2302,#2303,#2304,#2305,#2306,#2307,#2308,#2309,#2310,#2311,
    #2312,#2313,#2314,#2315,#2316,#2317,#2318,#2319,#2320,#2321,#2322,
    #2323,#2324,#2325,#2326,#2327,#2328,#2329,#2330,#2331,#2332,#2333,
    #2334,#2335,#2336,#2337,#2338,#2339,#2340,#2341,#2342,#2343,#2344,
    #2345,#2346,#2347,#2348,#2349,#2350,#2351,#2352,#2353,#2354,#2355,
    #2356,#2357,#2358,#2359,#2360,#2361,#2362,#2363,#2364,#2365,#2366,
    #2367,#2368,#2369,#2370,#2371,#2372),.UNSPECIFIED.,.F.,.F.,(7,5,5,5,
    5,5,5,5,5,5,5,5,5,5,5,7),(0.,5.299976941884E-02,9.899958453994E-02,
    0.152578372408,0.2555772432,0.365063946054,0.433223604113,
    0.496021713016,0.56696269967,0.634281213717,0.737992560231,
    0.849830123913,0.902556140399,0.948555529399,0.966555123445,1.),
  .UNSPECIFIED.);
#2296 = CARTESIAN_POINT('',(1.,1.76511E-11,-2.45641258777));
#2297 = CARTESIAN_POINT('',(1.,-5.549999413607E-02,-2.459945963918));
#2298 = CARTESIAN_POINT('',(0.996303663372,-0.111000503475,
    -2.463479130024));
#2299 = CARTESIAN_POINT('',(0.988911041748,-0.166192110767,
    -2.467012523878));
#2300 = CARTESIAN_POINT('',(0.977856559779,-0.220767851139,
    -2.470546463263));
#2301 = CARTESIAN_POINT('',(0.963208250301,-0.274426641967,
    -2.474081024743));
#2302 = CARTESIAN_POINT('',(0.929321739074,-0.372399430791,
    -2.480683947886));
#2303 = CARTESIAN_POINT('',(0.910945058198,-0.417012291743,
    -2.483752277453));
#2304 = CARTESIAN_POINT('',(0.890002852756,-0.460524743803,
    -2.486820756496));
#2305 = CARTESIAN_POINT('',(0.866579058245,-0.502753401367,
    -2.489889209058));
#2306 = CARTESIAN_POINT('',(0.840774818542,-0.543523716446,
    -2.492957453359));
#2307 = CARTESIAN_POINT('',(0.780016140151,-0.628269634009,
    -2.499598645296));
#2308 = CARTESIAN_POINT('',(0.744254021172,-0.671667362841,
    -2.503171520201));
#2309 = CARTESIAN_POINT('',(0.70560720906,-0.712605343389,
    -2.506743628621));
#2310 = CARTESIAN_POINT('',(0.664289664668,-0.750846494048,
    -2.510314923489));
#2311 = CARTESIAN_POINT('',(0.620540502948,-0.78617906827,
    -2.513885491121));
#2312 = CARTESIAN_POINT('',(0.48634645264,-0.880398137795,
    -2.524318180286));
#2313 = CARTESIAN_POINT('',(0.390036842537,-0.930960178922,
    -2.531179696581));
#2314 = CARTESIAN_POINT('',(0.287567073218,-0.968780671876,
    -2.538038875666));
#2315 = CARTESIAN_POINT('',(0.181059031593,-0.992991541738,
    -2.544899557646));
#2316 = CARTESIAN_POINT('',(7.276337240223E-02,-1.003164304714,
    -2.551764007811));
#2317 = CARTESIAN_POINT('',(-0.149607910866,-0.995370426833,
    -2.565928159367));
#2318 = CARTESIAN_POINT('',(-0.263657335735,-0.975589525597,
    -2.573230487266));
#2319 = CARTESIAN_POINT('',(-0.374415647609,-0.940130345679,
    -2.580533763972));
#2320 = CARTESIAN_POINT('',(-0.479227885546,-0.889736952599,
    -2.587837506755));
#2321 = CARTESIAN_POINT('',(-0.575652301496,-0.825693569392,
    -2.595141595248));
#2322 = CARTESIAN_POINT('',(-0.715144160332,-0.702611839383,
    -2.606988095932));
#2323 = CARTESIAN_POINT('',(-0.764621191502,-0.650802144333,
    -2.611532909674));
#2324 = CARTESIAN_POINT('',(-0.809560625032,-0.594842923538,
    -2.616076881301));
#2325 = CARTESIAN_POINT('',(-0.849535618313,-0.535236420276,
    -2.620620269123));
#2326 = CARTESIAN_POINT('',(-0.88419465881,-0.472540119155,
    -2.625163449629));
#2327 = CARTESIAN_POINT('',(-0.940057424093,-0.34729880413,
    -2.633892008086));
#2328 = CARTESIAN_POINT('',(-0.962106328883,-0.285127157661,
    -2.638077604446));
#2329 = CARTESIAN_POINT('',(-0.979206724324,-0.221310870416,
    -2.642263215337));
#2330 = CARTESIAN_POINT('',(-0.991212701541,-0.156343522793,
    -2.646449119182));
#2331 = CARTESIAN_POINT('',(-0.998043930562,-9.073344572461E-02,
    -2.650635520889));
#2332 = CARTESIAN_POINT('',(-1.001544349605,4.926760090102E-02,
    -2.659551796302));
#2333 = CARTESIAN_POINT('',(-0.996781035079,0.123698038603,
    -2.664282008058));
#2334 = CARTESIAN_POINT('',(-0.985379048771,0.197553713667,
    -2.669012520202));
#2335 = CARTESIAN_POINT('',(-0.967430275449,0.270097257514,
    -2.673743286766));
#2336 = CARTESIAN_POINT('',(-0.943133919263,0.340612712832,
    -2.678474167296));
#2337 = CARTESIAN_POINT('',(-0.884002075325,0.472768161525,
    -2.687693372913));
#2338 = CARTESIAN_POINT('',(-0.849766513152,0.534681121688,
    -2.692182005446));
#2339 = CARTESIAN_POINT('',(-0.810345662446,0.59358129556,
    -2.696669937138));
#2340 = CARTESIAN_POINT('',(-0.766077795313,0.64893146226,
    -2.701157131156));
#2341 = CARTESIAN_POINT('',(-0.717372946975,0.700246859239,
    -2.705643691713));
#2342 = CARTESIAN_POINT('',(-0.583565433401,0.819296403041,
    -2.717040460683));
#2343 = CARTESIAN_POINT('',(-0.493004779611,0.880923346555,
    -2.723950983332));
#2344 = CARTESIAN_POINT('',(-0.394769710017,0.930422810715,
    -2.730859408829));
#2345 = CARTESIAN_POINT('',(-0.2909127339,0.966668759947,-2.737768607383
    ));
#2346 = CARTESIAN_POINT('',(-0.183669066472,0.988969291105,
    -2.744681405879));
#2347 = CARTESIAN_POINT('',(4.140407106067E-02,1.005982608687,
    -2.759051654558));
#2348 = CARTESIAN_POINT('',(0.159447575292,0.998400058952,-2.76651201511
    ));
#2349 = CARTESIAN_POINT('',(0.275818906221,0.974174339861,
    -2.773973740966));
#2350 = CARTESIAN_POINT('',(0.387619581352,0.933798010949,
    -2.781436738664));
#2351 = CARTESIAN_POINT('',(0.492120198414,0.878369992381,
    -2.788899154088));
#2352 = CARTESIAN_POINT('',(0.631644037091,0.777222266119,
    -2.799873203607));
#2353 = CARTESIAN_POINT('',(0.67420051193,0.741852373883,-2.803388653048
    ));
#2354 = CARTESIAN_POINT('',(0.714363783798,0.703698819664,
    -2.806903311284));
#2355 = CARTESIAN_POINT('',(0.751908708903,0.662966399998,
    -2.810417279531));
#2356 = CARTESIAN_POINT('',(0.786634026839,0.619883385143,
    -2.813930781591));
#2357 = CARTESIAN_POINT('',(0.846047861952,0.535278710465,
    -2.820509049469));
#2358 = CARTESIAN_POINT('',(0.871452067834,0.494258500767,
    -2.823573921477));
#2359 = CARTESIAN_POINT('',(0.894461719088,0.451803342218,
    -2.826638772032));
#2360 = CARTESIAN_POINT('',(0.914977394359,0.408088757358,
    -2.829703837815));
#2361 = CARTESIAN_POINT('',(0.932916966291,0.3632989298,-2.832769311418)
  );
#2362 = CARTESIAN_POINT('',(0.95420308155,0.299752791786,-2.837034880009
    ));
#2363 = CARTESIAN_POINT('',(0.959785530439,0.281745148192,
    -2.838234628851));
#2364 = CARTESIAN_POINT('',(0.964959918476,0.263613527874,
    -2.839434446136));
#2365 = CARTESIAN_POINT('',(0.969722852764,0.24536948545,-2.840634331025
    ));
#2366 = CARTESIAN_POINT('',(0.974071377232,0.227024695519,
    -2.841834279056));
#2367 = CARTESIAN_POINT('',(0.98530823309,0.174339388261,-2.845263996629
    ));
#2368 = CARTESIAN_POINT('',(0.991174075063,0.139780561148,
    -2.847493906509));
#2369 = CARTESIAN_POINT('',(0.995584297339,0.104990371537,
    -2.849723948413));
#2370 = CARTESIAN_POINT('',(0.998528083116,7.004534432133E-02,
    -2.851954022384));
#2371 = CARTESIAN_POINT('',(1.,3.502262906768E-02,-2.85418399188));
#2372 = CARTESIAN_POINT('',(1.,1.346345E-11,-2.856413683779));
#2373 = ORIENTED_EDGE('',*,*,#2374,.T.);
#2374 = EDGE_CURVE('',#2293,#2375,#2377,.T.);
#2375 = VERTEX_POINT('',#2376);
#2376 = CARTESIAN_POINT('',(0.783504262663,5.04428079E-07,
    -2.331429279775));
#2377 = B_SPLINE_CURVE_WITH_KNOTS('',1,(#2378,#2379),.UNSPECIFIED.,.F.,
  .F.,(2,2),(0.,0.28),.PIECEWISE_BEZIER_KNOTS.);
#2378 = CARTESIAN_POINT('',(1.025996499301,-6.055122582E-08,
    -2.471420405101));
#2379 = CARTESIAN_POINT('',(0.783504262663,5.0442808729E-07,
    -2.331429279775));
#2380 = ORIENTED_EDGE('',*,*,#2381,.T.);
#2381 = EDGE_CURVE('',#2375,#1989,#2382,.T.);
#2382 = B_SPLINE_CURVE_WITH_KNOTS('',10,(#2383,#2384,#2385,#2386,#2387,
    #2388,#2389,#2390,#2391,#2392,#2393),.UNSPECIFIED.,.F.,.F.,(11,11),(
    0.,6.295904828089),.PIECEWISE_BEZIER_KNOTS.);
#2383 = CARTESIAN_POINT('',(0.783504262663,5.0442807703E-07,
    -2.331429279775));
#2384 = CARTESIAN_POINT('',(0.783502750973,-0.492318670565,
    -2.371427914721));
#2385 = CARTESIAN_POINT('',(0.439840441721,-0.984333466541,
    -2.411403160513));
#2386 = CARTESIAN_POINT('',(-0.247937590531,-1.206209936554,
    -2.451501102144));
#2387 = CARTESIAN_POINT('',(-1.034085996069,-0.895266030458,
    -2.491354662274));
#2388 = CARTESIAN_POINT('',(-1.449720264019,-2.868581037241E-05,
    -2.53142878379));
#2389 = CARTESIAN_POINT('',(-1.033883744559,0.895305816079,
    -2.571502908089));
#2390 = CARTESIAN_POINT('',(-0.248134895355,1.206193910745,
    -2.611356466394));
#2391 = CARTESIAN_POINT('',(0.439907319975,0.984336550259,
    -2.651454408751));
#2392 = CARTESIAN_POINT('',(0.783504487238,0.492319616369,
    -2.691429654415));
#2393 = CARTESIAN_POINT('',(0.783502935946,4.4137587357E-07,
    -2.731428289354));
#2394 = ORIENTED_EDGE('',*,*,#1988,.F.);
#2395 = B_SPLINE_SURFACE_WITH_KNOTS('',1,10,(
    (#2396,#2397,#2398,#2399,#2400,#2401,#2402,#2403,#2404,#2405,#2406)
    ,(#2407,#2408,#2409,#2410,#2411,#2412,#2413,#2414,#2415,#2416,#2417
    )),.UNSPECIFIED.,.F.,.F.,.F.,(2,2),(11,11),(0.,0.28),(0.,
    6.295904828089),.PIECEWISE_BEZIER_KNOTS.);
#2396 = CARTESIAN_POINT('',(1.025996499301,-6.055123303E-08,
    -2.471420405101));
#2397 = CARTESIAN_POINT('',(1.025993750025,-0.644648531994,
    -2.511420569015));
#2398 = CARTESIAN_POINT('',(0.575992249432,-1.289313784775,
    -2.551423541443));
#2399 = CARTESIAN_POINT('',(-0.324785890058,-1.578775610465,
    -2.591411780653));
#2400 = CARTESIAN_POINT('',(-1.353874196988,-1.173064439773,
    -2.631429365691));
#2401 = CARTESIAN_POINT('',(-1.898757342495,-4.1129418618E-05,
    -2.671420463411));
#2402 = CARTESIAN_POINT('',(-1.353572578452,1.173125429393,
    -2.711411565274));
#2403 = CARTESIAN_POINT('',(-0.325076108387,1.578752329411,
    -2.751429147595));
#2404 = CARTESIAN_POINT('',(0.576093317521,1.289317505824,-2.79141738788
    ));
#2405 = CARTESIAN_POINT('',(1.025997276674,0.644648418464,
    -2.831420360124));
#2406 = CARTESIAN_POINT('',(1.025994532154,-5.298034645E-08,
    -2.871420524025));
#2407 = CARTESIAN_POINT('',(0.783504262663,5.0442807703E-07,
    -2.331429279775));
#2408 = CARTESIAN_POINT('',(0.783502750973,-0.492318670565,
    -2.371427914721));
#2409 = CARTESIAN_POINT('',(0.439840441721,-0.984333466541,
    -2.411403160513));
#2410 = CARTESIAN_POINT('',(-0.247937590531,-1.206209936554,
    -2.451501102144));
#2411 = CARTESIAN_POINT('',(-1.034085996069,-0.895266030458,
    -2.491354662274));
#2412 = CARTESIAN_POINT('',(-1.449720264019,-2.868581037241E-05,
    -2.53142878379));
#2413 = CARTESIAN_POINT('',(-1.033883744559,0.895305816079,
    -2.571502908089));
#2414 = CARTESIAN_POINT('',(-0.248134895355,1.206193910745,
    -2.611356466394));
#2415 = CARTESIAN_POINT('',(0.439907319975,0.984336550259,
    -2.651454408751));
#2416 = CARTESIAN_POINT('',(0.783504487238,0.492319616369,
    -2.691429654415));
#2417 = CARTESIAN_POINT('',(0.783502935946,4.4137587357E-07,
    -2.731428289354));
#2418 = ADVANCED_FACE('',(#2419),#2430,.T.);
#2419 = FACE_BOUND('',#2420,.T.);
#2420 = EDGE_LOOP('',(#2421,#2422,#2423,#2429));
#2421 = ORIENTED_EDGE('',*,*,#2038,.F.);
#2422 = ORIENTED_EDGE('',*,*,#2076,.F.);
#2423 = ORIENTED_EDGE('',*,*,#2424,.T.);
#2424 = EDGE_CURVE('',#2070,#2293,#2425,.T.);
#2425 = LINE('',#2426,#2427);
#2426 = CARTESIAN_POINT('',(1.,0.,-4.8));
#2427 = VECTOR('',#2428,1.);
#2428 = DIRECTION('',(0.,0.,1.));
#2429 = ORIENTED_EDGE('',*,*,#2292,.T.);
#2430 = CYLINDRICAL_SURFACE('',#2431,1.);
#2431 = AXIS2_PLACEMENT_3D('',#2432,#2433,#2434);
#2432 = CARTESIAN_POINT('',(0.,0.,-4.8));
#2433 = DIRECTION('',(0.,0.,1.));
#2434 = DIRECTION('',(1.,0.,-0.));
#2435 = ADVANCED_FACE('',(#2436),#2537,.T.);
#2436 = FACE_BOUND('',#2437,.T.);
#2437 = EDGE_LOOP('',(#2438,#2454,#2461,#2536));
#2438 = ORIENTED_EDGE('',*,*,#2439,.F.);
#2439 = EDGE_CURVE('',#2440,#2054,#2442,.T.);
#2440 = VERTEX_POINT('',#2441);
#2441 = CARTESIAN_POINT('',(0.783500602848,5.04432353E-07,
    -2.231429279842));
#2442 = ( BOUNDED_CURVE() B_SPLINE_CURVE(10,(#2443,#2444,#2445,#2446,
    #2447,#2448,#2449,#2450,#2451,#2452,#2453),.UNSPECIFIED.,.F.,.F.) 
B_SPLINE_CURVE_WITH_KNOTS((11,11),(0.,6.295904828089),
.PIECEWISE_BEZIER_KNOTS.) CURVE() GEOMETRIC_REPRESENTATION_ITEM() 
RATIONAL_B_SPLINE_CURVE((1.056590953773,1.056590953773,1.056590953773,
    1.056590953773,1.056590953773,1.056590953773,1.056590953773,
    1.056590953773,1.056590953773,1.056590953773,1.056590953773)) 
REPRESENTATION_ITEM('') );
#2443 = CARTESIAN_POINT('',(0.783500602848,5.0443235211E-07,
    -2.231429279842));
#2444 = CARTESIAN_POINT('',(0.783499721682,-0.492316515217,
    -2.271427914765));
#2445 = CARTESIAN_POINT('',(0.439850250564,-0.984329591388,
    -2.311403160143));
#2446 = CARTESIAN_POINT('',(-0.247970269192,-1.206201953794,
    -2.351501103452));
#2447 = CARTESIAN_POINT('',(-1.034046415135,-0.8952691741,
    -2.391354660945));
#2448 = CARTESIAN_POINT('',(-1.449713910486,-1.90963705724E-05,
    -2.431428784118));
#2449 = CARTESIAN_POINT('',(-1.033914277377,0.895294810863,
    -2.471502909109));
#2450 = CARTESIAN_POINT('',(-0.248100040689,1.206191350565,
    -2.511356465409));
#2451 = CARTESIAN_POINT('',(0.439893657759,0.984331794923,
    -2.551454409193));
#2452 = CARTESIAN_POINT('',(0.783500654376,0.492317461028,
    -2.591429654486));
#2453 = CARTESIAN_POINT('',(0.783499733608,4.4137914995E-07,
    -2.631428289405));
#2454 = ORIENTED_EDGE('',*,*,#2455,.T.);
#2455 = EDGE_CURVE('',#2440,#2456,#2458,.T.);
#2456 = VERTEX_POINT('',#2457);
#2457 = CARTESIAN_POINT('',(1.,1.387E-12,-2.106422729757));
#2458 = B_SPLINE_CURVE_WITH_KNOTS('',1,(#2459,#2460),.UNSPECIFIED.,.F.,
  .F.,(2,2),(0.,0.28),.PIECEWISE_BEZIER_KNOTS.);
#2459 = CARTESIAN_POINT('',(0.783500602848,5.0443235984E-07,
    -2.231429279842));
#2460 = CARTESIAN_POINT('',(1.025982592004,-6.053498463E-08,
    -2.091420405356));
#2461 = ORIENTED_EDGE('',*,*,#2462,.T.);
#2462 = EDGE_CURVE('',#2456,#2070,#2463,.T.);
#2463 = B_SPLINE_CURVE_WITH_KNOTS('',6,(#2464,#2465,#2466,#2467,#2468,
    #2469,#2470,#2471,#2472,#2473,#2474,#2475,#2476,#2477,#2478,#2479,
    #2480,#2481,#2482,#2483,#2484,#2485,#2486,#2487,#2488,#2489,#2490,
    #2491,#2492,#2493,#2494,#2495,#2496,#2497,#2498,#2499,#2500,#2501,
    #2502,#2503,#2504,#2505,#2506,#2507,#2508,#2509,#2510,#2511,#2512,
    #2513,#2514,#2515,#2516,#2517,#2518,#2519,#2520,#2521,#2522,#2523,
    #2524,#2525,#2526,#2527,#2528,#2529,#2530,#2531,#2532,#2533,#2534,
    #2535),.UNSPECIFIED.,.F.,.F.,(7,5,5,5,5,5,5,5,5,5,5,5,5,5,7),(0.,
    5.110545634934E-02,9.610492155775E-02,0.148027705607,0.262024808426,
    0.362537309041,0.430483726754,0.499482614121,0.598289000719,
    0.695135535042,0.738870597192,0.794736275022,0.845738609466,
    0.946388348015,1.),.UNSPECIFIED.);
#2464 = CARTESIAN_POINT('',(1.,2.7669E-12,-2.106422729757));
#2465 = CARTESIAN_POINT('',(1.,-5.351637379506E-02,-2.109829668278));
#2466 = CARTESIAN_POINT('',(0.996563166429,-0.107033143863,
    -2.113237044847));
#2467 = CARTESIAN_POINT('',(0.989689552412,-0.160272985007,
    -2.116644338414));
#2468 = CARTESIAN_POINT('',(0.979408912125,-0.21296065212,
    -2.120051240043));
#2469 = CARTESIAN_POINT('',(0.96578008195,-0.264825815474,
    -2.123457630783));
#2470 = CARTESIAN_POINT('',(0.934018595752,-0.360318860769,
    -2.129862553836));
#2471 = CARTESIAN_POINT('',(0.916618420677,-0.404191125237,
    -2.132861222705));
#2472 = CARTESIAN_POINT('',(0.89674939981,-0.447043604168,
    -2.135859585199));
#2473 = CARTESIAN_POINT('',(0.874487688528,-0.48870355756,
    -2.138857815075));
#2474 = CARTESIAN_POINT('',(0.849925322785,-0.529006099009,
    -2.14185611834));
#2475 = CARTESIAN_POINT('',(0.792297220657,-0.61255322013,-2.1483144314)
  );
#2476 = CARTESIAN_POINT('',(0.758504142865,-0.655297129929,
    -2.151774555236));
#2477 = CARTESIAN_POINT('',(0.721955105128,-0.695788284651,
    -2.155235156548));
#2478 = CARTESIAN_POINT('',(0.682840066724,-0.733806798099,
    -2.15869642925));
#2479 = CARTESIAN_POINT('',(0.64137169158,-0.769154604515,
    -2.162158455997));
#2480 = CARTESIAN_POINT('',(0.502083256879,-0.873019651866,
    -2.173223304241));
#2481 = CARTESIAN_POINT('',(0.396139671526,-0.930687665515,
    -2.180830170655));
#2482 = CARTESIAN_POINT('',(0.282449196454,-0.97278401431,
    -2.188437421006));
#2483 = CARTESIAN_POINT('',(0.163894337887,-0.998119930687,
    -2.196043173791));
#2484 = CARTESIAN_POINT('',(4.354407295105E-02,-1.006158069769,
    -2.203647553171));
#2485 = CARTESIAN_POINT('',(-0.18044231501,-0.989201111795,
    -2.217948214778));
#2486 = CARTESIAN_POINT('',(-0.284405913579,-0.967998488141,
    -2.224647646667));
#2487 = CARTESIAN_POINT('',(-0.385255617046,-0.933693373147,
    -2.231343923423));
#2488 = CARTESIAN_POINT('',(-0.480953927957,-0.886900230737,
    -2.23803952272));
#2489 = CARTESIAN_POINT('',(-0.569621330238,-0.828619555636,
    -2.24473693166));
#2490 = CARTESIAN_POINT('',(-0.703734699176,-0.714016965299,
    -2.255962434055));
#2491 = CARTESIAN_POINT('',(-0.753882770765,-0.663172978405,
    -2.260490842621));
#2492 = CARTESIAN_POINT('',(-0.799589133611,-0.608133010464,
    -2.265019863808));
#2493 = CARTESIAN_POINT('',(-0.840422892567,-0.549387634739,
    -2.269549609817));
#2494 = CARTESIAN_POINT('',(-0.876026645413,-0.48748318853,
    -2.274080049582));
#2495 = CARTESIAN_POINT('',(-0.936688630165,-0.357540210169,
    -2.28321145761));
#2496 = CARTESIAN_POINT('',(-0.961576662343,-0.289417869644,
    -2.287812692782));
#2497 = CARTESIAN_POINT('',(-0.98049963029,-0.219263387856,
    -2.292413823537));
#2498 = CARTESIAN_POINT('',(-0.993261086966,-0.147731434924,
    -2.297014718049));
#2499 = CARTESIAN_POINT('',(-0.999760186346,-7.549796242725E-02,
    -2.301615327007));
#2500 = CARTESIAN_POINT('',(-1.000330599087,0.100218308605,
    -2.312802584812));
#2501 = CARTESIAN_POINT('',(-0.987820500062,0.203737422203,
    -2.319389691184));
#2502 = CARTESIAN_POINT('',(-0.962452323319,0.305288814944,
    -2.325974827587));
#2503 = CARTESIAN_POINT('',(-0.924647732426,0.402896709495,
    -2.332559583281));
#2504 = CARTESIAN_POINT('',(-0.87520022104,0.494702260452,
    -2.339146019073));
#2505 = CARTESIAN_POINT('',(-0.756559830955,0.661742007451,
    -2.35218895785));
#2506 = CARTESIAN_POINT('',(-0.687764194923,0.737288313319,
    -2.358646944728));
#2507 = CARTESIAN_POINT('',(-0.60999737985,0.804142020013,
    -2.365105619413));
#2508 = CARTESIAN_POINT('',(-0.52465955001,0.861014343329,
    -2.371565755508));
#2509 = CARTESIAN_POINT('',(-0.433369030694,0.906904817889,
    -2.378026994555));
#2510 = CARTESIAN_POINT('',(-0.294815271861,0.956651158042,
    -2.387403886432));
#2511 = CARTESIAN_POINT('',(-0.250860458042,0.969758389833,
    -2.390320900892));
#2512 = CARTESIAN_POINT('',(-0.206218205247,0.980438164189,
    -2.393237645116));
#2513 = CARTESIAN_POINT('',(-0.161056354044,0.988647116332,
    -2.396154046518));
#2514 = CARTESIAN_POINT('',(-0.115545987366,0.994357365341,
    -2.399070056652));
#2515 = CARTESIAN_POINT('',(-1.150229304219E-02,1.001643660408,
    -2.405709867671));
#2516 = CARTESIAN_POINT('',(4.714304122836E-02,1.001633770557,
    -2.409433458506));
#2517 = CARTESIAN_POINT('',(0.10571502882,0.997501854448,-2.413156237053
    ));
#2518 = CARTESIAN_POINT('',(0.163852180674,0.989264996779,
    -2.416878326822));
#2519 = CARTESIAN_POINT('',(0.221197405402,0.976982155663,
    -2.420599957573));
#2520 = CARTESIAN_POINT('',(0.328715524519,0.945937943077,
    -2.427718664311));
#2521 = CARTESIAN_POINT('',(0.379079238172,0.927833355329,
    -2.431115856616));
#2522 = CARTESIAN_POINT('',(0.428229632592,0.906516192568,-2.43451299295
    ));
#2523 = CARTESIAN_POINT('',(0.475911851268,0.882090584734,
    -2.437910344523));
#2524 = CARTESIAN_POINT('',(0.521883509652,0.854687179531,-2.44130816329
    ));
#2525 = CARTESIAN_POINT('',(0.652815927731,0.764814056772,
    -2.451412945808));
#2526 = CARTESIAN_POINT('',(0.732181605748,0.694167378832,
    -2.458122456355));
#2527 = CARTESIAN_POINT('',(0.802246208974,0.613727996706,
    -2.464834126671));
#2528 = CARTESIAN_POINT('',(0.8615502414,0.525059762892,-2.471548870894)
  );
#2529 = CARTESIAN_POINT('',(0.908969591922,0.429979584758,
    -2.478263997548));
#2530 = CARTESIAN_POINT('',(0.962357951668,0.27752261776,-2.488551992048
    ));
#2531 = CARTESIAN_POINT('',(0.977343153787,0.223287536402,
    -2.492127016764));
#2532 = CARTESIAN_POINT('',(0.988653519379,0.16810351934,-2.495701313536
    ));
#2533 = CARTESIAN_POINT('',(0.99621782053,0.112282019574,-2.499275012319
    ));
#2534 = CARTESIAN_POINT('',(1.,5.614073512866E-02,-2.502848549533));
#2535 = CARTESIAN_POINT('',(1.,2.10798E-12,-2.506422558059));
#2536 = ORIENTED_EDGE('',*,*,#2069,.F.);
#2537 = B_SPLINE_SURFACE_WITH_KNOTS('',1,10,(
    (#2538,#2539,#2540,#2541,#2542,#2543,#2544,#2545,#2546,#2547,#2548)
    ,(#2549,#2550,#2551,#2552,#2553,#2554,#2555,#2556,#2557,#2558,#2559
    )),.UNSPECIFIED.,.F.,.F.,.F.,(2,2),(11,11),(0.,0.28),(0.,
    6.295904828089),.PIECEWISE_BEZIER_KNOTS.);
#2538 = CARTESIAN_POINT('',(0.783500602848,5.044323532E-07,
    -2.231429279842));
#2539 = CARTESIAN_POINT('',(0.783499721682,-0.492316515217,
    -2.271427914765));
#2540 = CARTESIAN_POINT('',(0.439850250564,-0.984329591388,
    -2.311403160143));
#2541 = CARTESIAN_POINT('',(-0.247970269192,-1.206201953794,
    -2.351501103451));
#2542 = CARTESIAN_POINT('',(-1.034046415136,-0.895269174101,
    -2.391354660945));
#2543 = CARTESIAN_POINT('',(-1.449713910485,-1.909637050179E-05,
    -2.431428784118));
#2544 = CARTESIAN_POINT('',(-1.033914277378,0.895294810863,
    -2.471502909109));
#2545 = CARTESIAN_POINT('',(-0.248100040689,1.206191350565,
    -2.511356465409));
#2546 = CARTESIAN_POINT('',(0.439893657759,0.984331794923,
    -2.551454409193));
#2547 = CARTESIAN_POINT('',(0.783500654376,0.492317461028,
    -2.591429654486));
#2548 = CARTESIAN_POINT('',(0.783499733608,4.4137914921E-07,
    -2.631428289405));
#2549 = CARTESIAN_POINT('',(1.025982592004,-6.053499216E-08,
    -2.091420405356));
#2550 = CARTESIAN_POINT('',(1.025982238722,-0.644640341672,
    -2.131420569182));
#2551 = CARTESIAN_POINT('',(0.576029523035,-1.289299059195,
    -2.171423540038));
#2552 = CARTESIAN_POINT('',(-0.324910068973,-1.578745275977,
    -2.21141178562));
#2553 = CARTESIAN_POINT('',(-1.35372378944,-1.173076385615,
    -2.25142936064));
#2554 = CARTESIAN_POINT('',(-1.898733199068,-4.68954735844E-06,
    -2.291420464653));
#2555 = CARTESIAN_POINT('',(-1.353688603162,1.173083609572,
    -2.331411569151));
#2556 = CARTESIAN_POINT('',(-0.324943660655,1.578742600727,
    -2.371429143853));
#2557 = CARTESIAN_POINT('',(0.576041401101,1.289299435545,
    -2.411417389561));
#2558 = CARTESIAN_POINT('',(1.025982711799,0.644640228169,
    -2.451420360395));
#2559 = CARTESIAN_POINT('',(1.025982363269,-5.296789587E-08,
    -2.49142052422));
#2560 = ADVANCED_FACE('',(#2561),#2576,.T.);
#2561 = FACE_BOUND('',#2562,.T.);
#2562 = EDGE_LOOP('',(#2563,#2564,#2574,#2575));
#2563 = ORIENTED_EDGE('',*,*,#2381,.F.);
#2564 = ORIENTED_EDGE('',*,*,#2565,.T.);
#2565 = EDGE_CURVE('',#2375,#2440,#2566,.T.);
#2566 = ( BOUNDED_CURVE() B_SPLINE_CURVE(6,(#2567,#2568,#2569,#2570,
#2571,#2572,#2573),.UNSPECIFIED.,.F.,.F.) B_SPLINE_CURVE_WITH_KNOTS((7,7
),(0.,2.094395102393),.PIECEWISE_BEZIER_KNOTS.) CURVE() 
GEOMETRIC_REPRESENTATION_ITEM() RATIONAL_B_SPLINE_CURVE((1.056590953773,
    1.017435169568,0.996326512422,0.989390034249,0.996326512422,
1.017435169568,1.056590953773)) REPRESENTATION_ITEM('') );
#2567 = CARTESIAN_POINT('',(0.783504262663,5.0442808508E-07,
    -2.331429279775));
#2568 = CARTESIAN_POINT('',(0.765379360815,5.4665704349E-07,
    -2.320965747246));
#2569 = CARTESIAN_POINT('',(0.752606312386,5.7641635362E-07,
    -2.303255224198));
#2570 = CARTESIAN_POINT('',(0.747989037101,5.8717326462E-07,
    -2.281430579533));
#2571 = CARTESIAN_POINT('',(0.752604714891,5.7641821968E-07,
    -2.259605596959));
#2572 = CARTESIAN_POINT('',(0.765376466941,5.4666042462E-07,
    -2.241894139019));
#2573 = CARTESIAN_POINT('',(0.783500602848,5.0443236005E-07,
    -2.231429279842));
#2574 = ORIENTED_EDGE('',*,*,#2439,.T.);
#2575 = ORIENTED_EDGE('',*,*,#2199,.F.);
#2576 = ( BOUNDED_SURFACE() B_SPLINE_SURFACE(6,10,(
    (#2577,#2578,#2579,#2580,#2581,#2582,#2583,#2584,#2585,#2586,#2587)
    ,(#2588,#2589,#2590,#2591,#2592,#2593,#2594,#2595,#2596,#2597,#2598)
    ,(#2599,#2600,#2601,#2602,#2603,#2604,#2605,#2606,#2607,#2608,#2609)
    ,(#2610,#2611,#2612,#2613,#2614,#2615,#2616,#2617,#2618,#2619,#2620)
    ,(#2621,#2622,#2623,#2624,#2625,#2626,#2627,#2628,#2629,#2630,#2631)
    ,(#2632,#2633,#2634,#2635,#2636,#2637,#2638,#2639,#2640,#2641,#2642)
    ,(#2643,#2644,#2645,#2646,#2647,#2648,#2649,#2650,#2651,#2652,#2653
)),.UNSPECIFIED.,.F.,.F.,.F.) B_SPLINE_SURFACE_WITH_KNOTS((7,7),(11,11),
  (0.,2.094395102393),(0.,6.295904828089),.PIECEWISE_BEZIER_KNOTS.) 
GEOMETRIC_REPRESENTATION_ITEM() RATIONAL_B_SPLINE_SURFACE((
    (1.056590953773,1.056590953773,1.056590953773,1.056590953773
      ,1.056590953773,1.056590953773,1.056590953773,1.056590953773
      ,1.056590953773,1.056590953773,1.056590953773)
    ,(1.017435169568,1.017435169568,1.017435169568,1.017435169568
      ,1.017435169569,1.017435169568,1.017435169568,1.017435169568
      ,1.017435169568,1.017435169568,1.017435169568)
    ,(0.996326512422,0.996326512422,0.996326512422,0.996326512422
      ,0.996326512423,0.996326512422,0.996326512423,0.996326512422
      ,0.996326512422,0.996326512422,0.996326512422)
    ,(0.989390034249,0.989390034249,0.989390034249,0.989390034248
      ,0.989390034249,0.989390034248,0.989390034249,0.989390034248
      ,0.989390034249,0.989390034249,0.989390034249)
    ,(0.996326512422,0.996326512422,0.996326512422,0.996326512422
      ,0.996326512423,0.996326512422,0.996326512423,0.996326512422
      ,0.996326512422,0.996326512422,0.996326512422)
    ,(1.017435169568,1.017435169568,1.017435169568,1.017435169568
      ,1.017435169569,1.017435169568,1.017435169569,1.017435169568
      ,1.017435169568,1.017435169568,1.017435169568)
    ,(1.056590953773,1.056590953773,1.056590953773,1.056590953773
      ,1.056590953773,1.056590953773,1.056590953773,1.056590953773
      ,1.056590953773,1.056590953773,1.056590953773
))) REPRESENTATION_ITEM('') SURFACE() );
#2577 = CARTESIAN_POINT('',(0.783504262663,5.0442807989E-07,
    -2.331429279775));
#2578 = CARTESIAN_POINT('',(0.783502750973,-0.492318670565,
    -2.371427914721));
#2579 = CARTESIAN_POINT('',(0.439840441721,-0.984333466541,
    -2.411403160513));
#2580 = CARTESIAN_POINT('',(-0.247937590531,-1.206209936554,
    -2.451501102144));
#2581 = CARTESIAN_POINT('',(-1.034085996069,-0.895266030458,
    -2.491354662274));
#2582 = CARTESIAN_POINT('',(-1.44972026402,-2.868581049184E-05,
    -2.531428783791));
#2583 = CARTESIAN_POINT('',(-1.033883744559,0.895305816079,
    -2.571502908089));
#2584 = CARTESIAN_POINT('',(-0.248134895355,1.206193910745,
    -2.611356466394));
#2585 = CARTESIAN_POINT('',(0.439907319975,0.984336550259,-2.65145440875
    ));
#2586 = CARTESIAN_POINT('',(0.783504487238,0.492319616369,
    -2.691429654415));
#2587 = CARTESIAN_POINT('',(0.783502935946,4.4137587341E-07,
    -2.731428289354));
#2588 = CARTESIAN_POINT('',(0.765379360815,5.4665703661E-07,
    -2.320965747246));
#2589 = CARTESIAN_POINT('',(0.765377941627,-0.480932888384,
    -2.360964267911));
#2590 = CARTESIAN_POINT('',(0.429663876131,-0.961537939516,
    -2.400937441295));
#2591 = CARTESIAN_POINT('',(-0.242193621546,-1.178362792393,
    -2.441043582553));
#2592 = CARTESIAN_POINT('',(-1.010183664868,-0.874502194996,
    -2.480884882763));
#2593 = CARTESIAN_POINT('',(-1.416157321608,-2.775572221358E-05,
    -2.520965209831));
#2594 = CARTESIAN_POINT('',(-1.009988840472,0.87454039574,-2.56104553958
    ));
#2595 = CARTESIAN_POINT('',(-0.24238398162,1.178347308872,
    -2.600886838032));
#2596 = CARTESIAN_POINT('',(0.429728198891,0.961540975598,
    -2.640992979988));
#2597 = CARTESIAN_POINT('',(0.765379544072,0.480933913367,
    -2.680966153249));
#2598 = CARTESIAN_POINT('',(0.765378081966,4.7832616279E-07,
    -2.720964673907));
#2599 = CARTESIAN_POINT('',(0.752606312386,5.7641634732E-07,
    -2.303255224198));
#2600 = CARTESIAN_POINT('',(0.752605023561,-0.472909072354,
    -2.343253664326));
#2601 = CARTESIAN_POINT('',(0.422493435207,-0.945473465921,
    -2.383225377237));
#2602 = CARTESIAN_POINT('',(-0.238149208133,-1.158738005172,
    -2.423337296968));
#2603 = CARTESIAN_POINT('',(-0.993335532357,-0.859870185772,
    -2.463169957305));
#2604 = CARTESIAN_POINT('',(-1.392504763439,-2.610904093897E-05,
    -2.503254657615));
#2605 = CARTESIAN_POINT('',(-0.993153189418,0.859905807103,
    -2.543339360433));
#2606 = CARTESIAN_POINT('',(-0.238327693408,1.158723464326,
    -2.583172019125));
#2607 = CARTESIAN_POINT('',(0.422553530937,0.94547637745,-2.623283939509
    ));
#2608 = CARTESIAN_POINT('',(0.752606448638,0.472910153136,
    -2.663255652305));
#2609 = CARTESIAN_POINT('',(0.752605114559,5.0436547369E-07,
    -2.703254092426));
#2610 = CARTESIAN_POINT('',(0.747989037101,5.8717325782E-07,
    -2.281430579533));
#2611 = CARTESIAN_POINT('',(0.747987892643,-0.470008599175,
    -2.321428990548));
#2612 = CARTESIAN_POINT('',(0.419903252552,-0.939666499507,
    -2.361400175519));
#2613 = CARTESIAN_POINT('',(-0.23669242909,-1.151643559842,
    -2.401514184089));
#2614 = CARTESIAN_POINT('',(-0.987239812007,-0.854582054077,
    -2.44134372121));
#2615 = CARTESIAN_POINT('',(-1.38395476549,-2.40348513503E-05,
    -2.481430002447));
#2616 = CARTESIAN_POINT('',(-0.987072794257,0.854614560877,
    -2.521516285981));
#2617 = CARTESIAN_POINT('',(-0.236856206434,1.15163019606,
    -2.561345821595));
#2618 = CARTESIAN_POINT('',(0.41995820044,0.939669230264,-2.601459830764
    ));
#2619 = CARTESIAN_POINT('',(0.747989129674,0.470009700126,
    -2.641431015629));
#2620 = CARTESIAN_POINT('',(0.747987939116,5.1377766952E-07,
    -2.681429426638));
#2621 = CARTESIAN_POINT('',(0.752604714891,5.764182113E-07,
    -2.259605596959));
#2622 = CARTESIAN_POINT('',(0.752603701287,-0.472908131553,
    -2.299604037077));
#2623 = CARTESIAN_POINT('',(0.422497716731,-0.945471774431,
    -2.339575749807));
#2624 = CARTESIAN_POINT('',(-0.238163472247,-1.158734520727,
    -2.37968767027));
#2625 = CARTESIAN_POINT('',(-0.993318255428,-0.85987155796,
    -2.419520329456));
#2626 = CARTESIAN_POINT('',(-1.392501990145,-2.192328635653E-05,
    -2.459605030489));
#2627 = CARTESIAN_POINT('',(-0.99316651688,0.859901003368,-2.49968973361
    ));
#2628 = CARTESIAN_POINT('',(-0.238312479476,1.158722346817,
    -2.539522391426));
#2629 = CARTESIAN_POINT('',(0.422547567431,0.945474301763,
    -2.579634312434));
#2630 = CARTESIAN_POINT('',(0.752604775608,0.472909212338,
    -2.619606025067));
#2631 = CARTESIAN_POINT('',(0.75260371675,5.0436690396E-07,
    -2.65960446518));
#2632 = CARTESIAN_POINT('',(0.76537646694,5.4666041605E-07,
    -2.241894139019));
#2633 = CARTESIAN_POINT('',(0.765375546318,-0.480931184115,
    -2.281892659665));
#2634 = CARTESIAN_POINT('',(0.429671632141,-0.96153487537,
    -2.321865832723));
#2635 = CARTESIAN_POINT('',(-0.24221946109,-1.178356480297,
    -2.361971975307));
#2636 = CARTESIAN_POINT('',(-1.010152367587,-0.874504680724,
    -2.401813273432));
#2637 = CARTESIAN_POINT('',(-1.416152297767,-2.017319787287E-05,
    -2.44189360181));
#2638 = CARTESIAN_POINT('',(-1.010012983263,0.874531693739,
    -2.481973932106));
#2639 = CARTESIAN_POINT('',(-0.242356421475,1.178345284496,
    -2.521815228973));
#2640 = CARTESIAN_POINT('',(0.429717395957,0.961537215477,
    -2.561921372058));
#2641 = CARTESIAN_POINT('',(0.765376513366,0.480932209105,
    -2.601894545026));
#2642 = CARTESIAN_POINT('',(0.765375549826,4.7832875133E-07,
    -2.641893065668));
#2643 = CARTESIAN_POINT('',(0.783500602848,5.0443235211E-07,
    -2.231429279842));
#2644 = CARTESIAN_POINT('',(0.783499721682,-0.492316515217,
    -2.271427914765));
#2645 = CARTESIAN_POINT('',(0.439850250564,-0.984329591388,
    -2.311403160143));
#2646 = CARTESIAN_POINT('',(-0.247970269192,-1.206201953794,
    -2.351501103452));
#2647 = CARTESIAN_POINT('',(-1.034046415135,-0.8952691741,
    -2.391354660945));
#2648 = CARTESIAN_POINT('',(-1.449713910486,-1.90963705724E-05,
    -2.431428784118));
#2649 = CARTESIAN_POINT('',(-1.033914277377,0.895294810863,
    -2.471502909109));
#2650 = CARTESIAN_POINT('',(-0.248100040689,1.206191350565,
    -2.511356465409));
#2651 = CARTESIAN_POINT('',(0.439893657759,0.984331794923,
    -2.551454409193));
#2652 = CARTESIAN_POINT('',(0.783500654376,0.492317461028,
    -2.591429654486));
#2653 = CARTESIAN_POINT('',(0.783499733608,4.4137914995E-07,
    -2.631428289405));
#2654 = ADVANCED_FACE('',(#2655),#2756,.T.);
#2655 = FACE_BOUND('',#2656,.T.);
#2656 = EDGE_LOOP('',(#2657,#2734,#2741,#2755));
#2657 = ORIENTED_EDGE('',*,*,#2658,.F.);
#2658 = EDGE_CURVE('',#2659,#2293,#2661,.T.);
#2659 = VERTEX_POINT('',#2660);
#2660 = CARTESIAN_POINT('',(1.,1.1185E-11,-2.056411491777));
#2661 = B_SPLINE_CURVE_WITH_KNOTS('',6,(#2662,#2663,#2664,#2665,#2666,
    #2667,#2668,#2669,#2670,#2671,#2672,#2673,#2674,#2675,#2676,#2677,
    #2678,#2679,#2680,#2681,#2682,#2683,#2684,#2685,#2686,#2687,#2688,
    #2689,#2690,#2691,#2692,#2693,#2694,#2695,#2696,#2697,#2698,#2699,
    #2700,#2701,#2702,#2703,#2704,#2705,#2706,#2707,#2708,#2709,#2710,
    #2711,#2712,#2713,#2714,#2715,#2716,#2717,#2718,#2719,#2720,#2721,
    #2722,#2723,#2724,#2725,#2726,#2727,#2728,#2729,#2730,#2731,#2732,
    #2733),.UNSPECIFIED.,.F.,.F.,(7,5,5,5,5,5,5,5,5,5,5,5,5,5,7),(0.,
    5.299977489394E-02,9.8999594767E-02,0.152578373207,0.255577254642,
    0.365063934752,0.433223385406,0.49602131842,0.56696209258,
    0.634278267939,0.737987131575,0.849821813483,0.902853182431,
    0.948852563391,1.),.UNSPECIFIED.);
#2662 = CARTESIAN_POINT('',(1.,2.235478E-11,-2.056411491777));
#2663 = CARTESIAN_POINT('',(1.000000000001,-5.549999413096E-02,
    -2.059944867923));
#2664 = CARTESIAN_POINT('',(0.996303663372,-0.111000503473,
    -2.063478034029));
#2665 = CARTESIAN_POINT('',(0.988911041749,-0.166192110763,
    -2.067011427881));
#2666 = CARTESIAN_POINT('',(0.97785655978,-0.220767851133,
    -2.070545367258));
#2667 = CARTESIAN_POINT('',(0.963208250302,-0.274426641963,
    -2.074079928726));
#2668 = CARTESIAN_POINT('',(0.929321739076,-0.372399430786,
    -2.080682851837));
#2669 = CARTESIAN_POINT('',(0.9109450582,-0.417012291739,-2.083751181388
    ));
#2670 = CARTESIAN_POINT('',(0.890002852758,-0.460524743799,
    -2.086819660411));
#2671 = CARTESIAN_POINT('',(0.866579058247,-0.502753401364,
    -2.089888112955));
#2672 = CARTESIAN_POINT('',(0.840774818544,-0.543523716443,
    -2.092956357238));
#2673 = CARTESIAN_POINT('',(0.780016149283,-0.628269621273,
    -2.099597548149));
#2674 = CARTESIAN_POINT('',(0.744254041149,-0.671667338599,
    -2.103170422046));
#2675 = CARTESIAN_POINT('',(0.705607241441,-0.712605309089,
    -2.106742529465));
#2676 = CARTESIAN_POINT('',(0.664289710826,-0.750846451326,
    -2.110313823342));
#2677 = CARTESIAN_POINT('',(0.620540564041,-0.786179018931,
    -2.113884389991));
#2678 = CARTESIAN_POINT('',(0.486346535416,-0.880398092068,
    -2.124317078218));
#2679 = CARTESIAN_POINT('',(0.390036930067,-0.93096014225,
    -2.131178594574));
#2680 = CARTESIAN_POINT('',(0.287567164305,-0.968780644839,
    -2.138037773734));
#2681 = CARTESIAN_POINT('',(0.181059124956,-0.992991524715,
    -2.144898455771));
#2682 = CARTESIAN_POINT('',(7.276346672113E-02,-1.003164297873,
    -2.151762905967));
#2683 = CARTESIAN_POINT('',(-0.149607781641,-0.995370442148,
    -2.165927055264));
#2684 = CARTESIAN_POINT('',(-0.263657173034,-0.975589562693,
    -2.173229380866));
#2685 = CARTESIAN_POINT('',(-0.374415455829,-0.940130413983,
    -2.18053265525));
#2686 = CARTESIAN_POINT('',(-0.479227671457,-0.889737060375,
    -2.187836395706));
#2687 = CARTESIAN_POINT('',(-0.575652073877,-0.82569372313,
    -2.195140481885));
#2688 = CARTESIAN_POINT('',(-0.715143775496,-0.70261220827,
    -2.20698696596));
#2689 = CARTESIAN_POINT('',(-0.764620679667,-0.65080270591,
    -2.211531765396));
#2690 = CARTESIAN_POINT('',(-0.809560017593,-0.594843701141,
    -2.216075722731));
#2691 = CARTESIAN_POINT('',(-0.849534950326,-0.535237432155,
    -2.22061909627));
#2692 = CARTESIAN_POINT('',(-0.884193967996,-0.472541377855,
    -2.225162262494));
#2693 = CARTESIAN_POINT('',(-0.940056771346,-0.3473005348,
    -2.233890794525));
#2694 = CARTESIAN_POINT('',(-0.962105728787,-0.285129111537,
    -2.238076378737));
#2695 = CARTESIAN_POINT('',(-0.979206208955,-0.221313047488,
    -2.242261977477));
#2696 = CARTESIAN_POINT('',(-0.991212303244,-0.15634591844,
    -2.246447869163));
#2697 = CARTESIAN_POINT('',(-0.998043681155,-9.073605068542E-02,
    -2.250634258701));
#2698 = CARTESIAN_POINT('',(-1.001544481863,4.926456509867E-02,
    -2.259550507269));
#2699 = CARTESIAN_POINT('',(-0.996781411118,0.123694784962,
    -2.264280704343));
#2700 = CARTESIAN_POINT('',(-0.985379708183,0.197550266653,
    -2.269011201803));
#2701 = CARTESIAN_POINT('',(-0.967431254565,0.270093648179,
    -2.273741953687));
#2702 = CARTESIAN_POINT('',(-0.94313524989,0.340608978183,
    -2.278472819546));
#2703 = CARTESIAN_POINT('',(-0.884005055937,0.472762221952,
    -2.287691854107));
#2704 = CARTESIAN_POINT('',(-0.849771135419,0.534673252602,
    -2.292180330248));
#2705 = CARTESIAN_POINT('',(-0.810352266079,0.593571748879,
    -2.296668105636));
#2706 = CARTESIAN_POINT('',(-0.766086679584,0.64892054322,
    -2.301155143425));
#2707 = CARTESIAN_POINT('',(-0.71738436133,0.700234918244,
    -2.305641547791));
#2708 = CARTESIAN_POINT('',(-0.583582886348,0.819283625288,
    -2.317037994683));
#2709 = CARTESIAN_POINT('',(-0.49302580337,0.880911053789,
    -2.323948351299));
#2710 = CARTESIAN_POINT('',(-0.394794401914,0.930411769796,
    -2.330856610807));
#2711 = CARTESIAN_POINT('',(-0.290941014004,0.966659768957,
    -2.337765643028));
#2712 = CARTESIAN_POINT('',(-0.18370067229,0.988963134082,-2.34467827467
    ));
#2713 = CARTESIAN_POINT('',(4.136625173176E-02,1.00598381183,
    -2.35904816284));
#2714 = CARTESIAN_POINT('',(0.15940692959,0.998405965822,-2.366508329388
    ));
#2715 = CARTESIAN_POINT('',(0.275776173214,0.974185760776,
    -2.373969861467));
#2716 = CARTESIAN_POINT('',(0.3875757073,0.933815597857,-2.381432666027)
  );
#2717 = CARTESIAN_POINT('',(0.492076293676,0.878394185272,
    -2.388894889002));
#2718 = CARTESIAN_POINT('',(0.631861912955,0.777067935465,
    -2.399889109486));
#2719 = CARTESIAN_POINT('',(0.674654222457,0.741478206641,
    -2.403424915237));
#2720 = CARTESIAN_POINT('',(0.715024230484,0.703073401287,
    -2.406959919174));
#2721 = CARTESIAN_POINT('',(0.7527429716,0.662062040487,-2.410494225774)
  );
#2722 = CARTESIAN_POINT('',(0.787605944041,0.618676644323,
    -2.414028064776));
#2723 = CARTESIAN_POINT('',(0.84704507606,0.533699278121,-2.4206266657)
  );
#2724 = CARTESIAN_POINT('',(0.872372692653,0.492631762609,
    -2.423691535854));
#2725 = CARTESIAN_POINT('',(0.895303084466,0.450133769103,
    -2.426756389813));
#2726 = CARTESIAN_POINT('',(0.915737158338,0.406381003603,
    -2.429821463995));
#2727 = CARTESIAN_POINT('',(0.933593130697,0.361557800964,
    -2.432886949624));
#2728 = CARTESIAN_POINT('',(0.965724225808,0.265038272927,
    -2.439361868901));
#2729 = CARTESIAN_POINT('',(0.979375185447,0.213133384868,
    -2.442771443041));
#2730 = CARTESIAN_POINT('',(0.989672630614,0.160403956748,
    -2.446181597348));
#2731 = CARTESIAN_POINT('',(0.996557524078,0.107120949472,
    -2.449592155465));
#2732 = CARTESIAN_POINT('',(1.,5.356028108697E-02,-2.453002708846));
#2733 = CARTESIAN_POINT('',(1.,1.766021E-11,-2.45641258777));
#2734 = ORIENTED_EDGE('',*,*,#2735,.T.);
#2735 = EDGE_CURVE('',#2659,#2736,#2738,.T.);
#2736 = VERTEX_POINT('',#2737);
#2737 = CARTESIAN_POINT('',(0.783505589385,5.67479883E-07,-1.93143027019
    ));
#2738 = B_SPLINE_CURVE_WITH_KNOTS('',1,(#2739,#2740),.UNSPECIFIED.,.F.,
  .F.,(2,2),(0.,0.28),.PIECEWISE_BEZIER_KNOTS.);
#2739 = CARTESIAN_POINT('',(1.025998466447,-6.812269509E-08,
    -2.071420286169));
#2740 = CARTESIAN_POINT('',(0.783505589385,5.6747989865E-07,
    -1.93143027019));
#2741 = ORIENTED_EDGE('',*,*,#2742,.T.);
#2742 = EDGE_CURVE('',#2736,#2375,#2743,.T.);
#2743 = B_SPLINE_CURVE_WITH_KNOTS('',10,(#2744,#2745,#2746,#2747,#2748,
    #2749,#2750,#2751,#2752,#2753,#2754),.UNSPECIFIED.,.F.,.F.,(11,11),(
    0.,6.295904828089),.PIECEWISE_BEZIER_KNOTS.);
#2744 = CARTESIAN_POINT('',(0.783505589385,5.6747988174E-07,
    -1.93143027019));
#2745 = CARTESIAN_POINT('',(0.783504117296,-0.492319440936,
    -1.971428905145));
#2746 = CARTESIAN_POINT('',(0.439841265911,-0.984335099738,
    -2.011404151088));
#2747 = CARTESIAN_POINT('',(-0.24793791403,-1.206211994934,
    -2.051502092119));
#2748 = CARTESIAN_POINT('',(-1.034087673532,-0.895267633471,
    -2.091355653147));
#2749 = CARTESIAN_POINT('',(-1.449722720788,-2.880266337768E-05,
    -2.131429774209));
#2750 = CARTESIAN_POINT('',(-1.033885565797,0.895307252959,
    -2.171503898053));
#2751 = CARTESIAN_POINT('',(-0.248135413268,1.206195929082,
    -2.211357457256));
#2752 = CARTESIAN_POINT('',(0.439907985797,0.984338254278,
    -2.251455399012));
#2753 = CARTESIAN_POINT('',(0.783505774354,0.492320512844,
    -2.291430644827));
#2754 = CARTESIAN_POINT('',(0.783504262663,5.0442808729E-07,
    -2.331429279775));
#2755 = ORIENTED_EDGE('',*,*,#2374,.F.);
#2756 = B_SPLINE_SURFACE_WITH_KNOTS('',1,10,(
    (#2757,#2758,#2759,#2760,#2761,#2762,#2763,#2764,#2765,#2766,#2767)
    ,(#2768,#2769,#2770,#2771,#2772,#2773,#2774,#2775,#2776,#2777,#2778
    )),.UNSPECIFIED.,.F.,.F.,.F.,(2,2),(11,11),(0.,0.28),(0.,
    6.295904828089),.PIECEWISE_BEZIER_KNOTS.);
#2757 = CARTESIAN_POINT('',(1.025998466447,-6.812271104E-08,
    -2.071420286169));
#2758 = CARTESIAN_POINT('',(1.025995712416,-0.644649775294,
    -2.111420450095));
#2759 = CARTESIAN_POINT('',(0.575993344556,-1.289316263096,
    -2.151423422748));
#2760 = CARTESIAN_POINT('',(-0.324786525518,-1.578778630366,
    -2.191411661067));
#2761 = CARTESIAN_POINT('',(-1.353876799407,-1.173066683443,
    -2.231429247437));
#2762 = CARTESIAN_POINT('',(-1.898760985182,-4.111538893614E-05,
    -2.271420344482));
#2763 = CARTESIAN_POINT('',(-1.353575163607,1.173127693016,
    -2.311411445673));
#2764 = CARTESIAN_POINT('',(-0.325076720501,1.578755354119,
    -2.351429029324));
#2765 = CARTESIAN_POINT('',(0.576094431661,1.289319975641,-2.39141726872
    ));
#2766 = CARTESIAN_POINT('',(1.025999248577,0.644649646621,
    -2.431420241188));
#2767 = CARTESIAN_POINT('',(1.025996499301,-6.055122582E-08,
    -2.471420405101));
#2768 = CARTESIAN_POINT('',(0.783505589385,5.6747988174E-07,
    -1.93143027019));
#2769 = CARTESIAN_POINT('',(0.783504117296,-0.492319440936,
    -1.971428905145));
#2770 = CARTESIAN_POINT('',(0.439841265911,-0.984335099738,
    -2.011404151088));
#2771 = CARTESIAN_POINT('',(-0.24793791403,-1.206211994934,
    -2.051502092119));
#2772 = CARTESIAN_POINT('',(-1.034087673532,-0.895267633471,
    -2.091355653147));
#2773 = CARTESIAN_POINT('',(-1.449722720788,-2.880266337768E-05,
    -2.131429774209));
#2774 = CARTESIAN_POINT('',(-1.033885565797,0.895307252959,
    -2.171503898053));
#2775 = CARTESIAN_POINT('',(-0.248135413268,1.206195929082,
    -2.211357457256));
#2776 = CARTESIAN_POINT('',(0.439907985797,0.984338254278,
    -2.251455399012));
#2777 = CARTESIAN_POINT('',(0.783505774354,0.492320512844,
    -2.291430644827));
#2778 = CARTESIAN_POINT('',(0.783504262663,5.0442808729E-07,
    -2.331429279775));
#2779 = ADVANCED_FACE('',(#2780),#2791,.T.);
#2780 = FACE_BOUND('',#2781,.T.);
#2781 = EDGE_LOOP('',(#2782,#2783,#2784,#2790));
#2782 = ORIENTED_EDGE('',*,*,#2424,.F.);
#2783 = ORIENTED_EDGE('',*,*,#2462,.F.);
#2784 = ORIENTED_EDGE('',*,*,#2785,.T.);
#2785 = EDGE_CURVE('',#2456,#2659,#2786,.T.);
#2786 = LINE('',#2787,#2788);
#2787 = CARTESIAN_POINT('',(1.,0.,-4.8));
#2788 = VECTOR('',#2789,1.);
#2789 = DIRECTION('',(0.,0.,1.));
#2790 = ORIENTED_EDGE('',*,*,#2658,.T.);
#2791 = CYLINDRICAL_SURFACE('',#2792,1.);
#2792 = AXIS2_PLACEMENT_3D('',#2793,#2794,#2795);
#2793 = CARTESIAN_POINT('',(0.,0.,-4.8));
#2794 = DIRECTION('',(0.,0.,1.));
#2795 = DIRECTION('',(1.,0.,-0.));
#2796 = ADVANCED_FACE('',(#2797),#2903,.T.);
#2797 = FACE_BOUND('',#2798,.T.);
#2798 = EDGE_LOOP('',(#2799,#2815,#2822,#2902));
#2799 = ORIENTED_EDGE('',*,*,#2800,.F.);
#2800 = EDGE_CURVE('',#2801,#2440,#2803,.T.);
#2801 = VERTEX_POINT('',#2802);
#2802 = CARTESIAN_POINT('',(0.783501472093,5.67485289E-07,
    -1.831430270275));
#2803 = ( BOUNDED_CURVE() B_SPLINE_CURVE(10,(#2804,#2805,#2806,#2807,
    #2808,#2809,#2810,#2811,#2812,#2813,#2814),.UNSPECIFIED.,.F.,.F.) 
B_SPLINE_CURVE_WITH_KNOTS((11,11),(0.,6.295904828089),
.PIECEWISE_BEZIER_KNOTS.) CURVE() GEOMETRIC_REPRESENTATION_ITEM() 
RATIONAL_B_SPLINE_CURVE((1.056590953773,1.056590953773,1.056590953773,
    1.056590953773,1.056590953773,1.056590953773,1.056590953773,
    1.056590953773,1.056590953773,1.056590953773,1.056590953773)) 
REPRESENTATION_ITEM('') );
#2804 = CARTESIAN_POINT('',(0.783501472093,5.6748528862E-07,
    -1.831430270275));
#2805 = CARTESIAN_POINT('',(0.78350063053,-0.492316998207,
    -1.871428905204));
#2806 = CARTESIAN_POINT('',(0.439850817864,-0.984330649218,
    -1.911404150681));
#2807 = CARTESIAN_POINT('',(-0.247970447623,-1.206203309311,
    -1.951502093596));
#2808 = CARTESIAN_POINT('',(-1.034047489389,-0.89527025301,
    -1.991355651677));
#2809 = CARTESIAN_POINT('',(-1.449715520117,-1.921322525758E-05,
    -2.031429774553));
#2810 = CARTESIAN_POINT('',(-1.033915495409,0.895295723636,
    -2.071503899246));
#2811 = CARTESIAN_POINT('',(-0.248100413536,1.206192666039,
    -2.111357456135));
#2812 = CARTESIAN_POINT('',(0.439894066688,0.984332923575,
    -2.151455399525));
#2813 = CARTESIAN_POINT('',(0.783501484014,0.492318070125,
    -2.191430644918));
#2814 = CARTESIAN_POINT('',(0.783500602848,5.0443236005E-07,
    -2.231429279842));
#2815 = ORIENTED_EDGE('',*,*,#2816,.T.);
#2816 = EDGE_CURVE('',#2801,#2817,#2819,.T.);
#2817 = VERTEX_POINT('',#2818);
#2818 = CARTESIAN_POINT('',(1.,1.76E-12,-1.706422901457));
#2819 = B_SPLINE_CURVE_WITH_KNOTS('',1,(#2820,#2821),.UNSPECIFIED.,.F.,
  .F.,(2,2),(0.,0.28),.PIECEWISE_BEZIER_KNOTS.);
#2820 = CARTESIAN_POINT('',(0.783501472093,5.6748530471E-07,
    -1.831430270275));
#2821 = CARTESIAN_POINT('',(1.025982820737,-6.810215169E-08,
    -1.691420286491));
#2822 = ORIENTED_EDGE('',*,*,#2823,.T.);
#2823 = EDGE_CURVE('',#2817,#2456,#2824,.T.);
#2824 = B_SPLINE_CURVE_WITH_KNOTS('',6,(#2825,#2826,#2827,#2828,#2829,
    #2830,#2831,#2832,#2833,#2834,#2835,#2836,#2837,#2838,#2839,#2840,
    #2841,#2842,#2843,#2844,#2845,#2846,#2847,#2848,#2849,#2850,#2851,
    #2852,#2853,#2854,#2855,#2856,#2857,#2858,#2859,#2860,#2861,#2862,
    #2863,#2864,#2865,#2866,#2867,#2868,#2869,#2870,#2871,#2872,#2873,
    #2874,#2875,#2876,#2877,#2878,#2879,#2880,#2881,#2882,#2883,#2884,
    #2885,#2886,#2887,#2888,#2889,#2890,#2891,#2892,#2893,#2894,#2895,
    #2896,#2897,#2898,#2899,#2900,#2901),.UNSPECIFIED.,.F.,.F.,(7,5,5,5,
    5,5,5,5,5,5,5,5,5,5,5,7),(0.,5.110577540312E-02,9.610523920656E-02,
    0.148028165156,0.262025264362,0.362201389992,0.430957247318,
    0.497956230378,0.598307197035,0.694262180888,0.739084717588,
    0.795054719098,0.84505701476,0.946485055053,0.973484609416,1.),
  .UNSPECIFIED.);
#2825 = CARTESIAN_POINT('',(1.,3.50286E-12,-1.706422901457));
#2826 = CARTESIAN_POINT('',(1.,-5.351670958511E-02,-1.709829861355));
#2827 = CARTESIAN_POINT('',(0.996563123299,-0.107033815458,
    -1.713237259312));
#2828 = CARTESIAN_POINT('',(0.989689423024,-0.160273987187,
    -1.716644574259));
#2829 = CARTESIAN_POINT('',(0.979408654097,-0.212961974495,
    -1.720051497255));
#2830 = CARTESIAN_POINT('',(0.965779654373,-0.264827442634,
    -1.723457909349));
#2831 = CARTESIAN_POINT('',(0.934017869802,-0.360320742574,
    -1.729862853723));
#2832 = CARTESIAN_POINT('',(0.916617606329,-0.404192972001,
    -1.732861522567));
#2833 = CARTESIAN_POINT('',(0.896748499116,-0.44704541092,
    -1.735859885037));
#2834 = CARTESIAN_POINT('',(0.874486703887,-0.488705319479,
    -1.738858114893));
#2835 = CARTESIAN_POINT('',(0.849924256929,-0.52900781146,
    -1.741856418145));
#2836 = CARTESIAN_POINT('',(0.792295901102,-0.612554940226,
    -1.748314740753));
#2837 = CARTESIAN_POINT('',(0.758502635686,-0.655298894544,
    -1.751774874156));
#2838 = CARTESIAN_POINT('',(0.721953400082,-0.69579007511,
    -1.755235485048));
#2839 = CARTESIAN_POINT('',(0.68283815566,-0.733808594341,
    -1.758696767345));
#2840 = CARTESIAN_POINT('',(0.641369568635,-0.769156385387,-1.7621588037
    ));
#2841 = CARTESIAN_POINT('',(0.502080710511,-0.873021116303,
    -1.773223661648));
#2842 = CARTESIAN_POINT('',(0.396136956999,-0.930688820915,
    -1.780830528172));
#2843 = CARTESIAN_POINT('',(0.28244635921,-0.972784838088,-1.78843777861
    ));
#2844 = CARTESIAN_POINT('',(0.163891426805,-0.998120408683,
    -1.796043531412));
#2845 = CARTESIAN_POINT('',(4.354113846154E-02,-1.00615819676,
    -1.803647910758));
#2846 = CARTESIAN_POINT('',(-0.18009396776,-0.989227176705,
    -1.81792614743));
#2847 = CARTESIAN_POINT('',(-0.283712773497,-0.968139433531,
    -1.824603157015));
#2848 = CARTESIAN_POINT('',(-0.384245593347,-0.934036284887,
    -1.831277042184));
#2849 = CARTESIAN_POINT('',(-0.479675029889,-0.887524448747,
    -1.837950243516));
#2850 = CARTESIAN_POINT('',(-0.568139232454,-0.829591837702,
    -1.844625217668));
#2851 = CARTESIAN_POINT('',(-0.702871538579,-0.714951536229,
    -1.855882210573));
#2852 = CARTESIAN_POINT('',(-0.75367811523,-0.663553231584,
    -1.860464560561));
#2853 = CARTESIAN_POINT('',(-0.799939519111,-0.607853957834,
    -1.865047534724));
#2854 = CARTESIAN_POINT('',(-0.841208995033,-0.548361925498,
    -1.869631253113));
#2855 = CARTESIAN_POINT('',(-0.877116860104,-0.485643791808,
    -1.874215684881));
#2856 = CARTESIAN_POINT('',(-0.936867991873,-0.356652083447,
    -1.883267735084));
#2857 = CARTESIAN_POINT('',(-0.9609976586,-0.290506945512,
    -1.887735586407));
#2858 = CARTESIAN_POINT('',(-0.979505258585,-0.222445492744,
    -1.892203351691));
#2859 = CARTESIAN_POINT('',(-0.992210254057,-0.153066641374,
    -1.896670903275));
#2860 = CARTESIAN_POINT('',(-0.999017039844,-8.298850770022E-02,
    -1.901138185645));
#2861 = CARTESIAN_POINT('',(-1.001266484629,9.223747296203E-02,
    -1.912295210683));
#2862 = CARTESIAN_POINT('',(-0.989365775248,0.197495267384,
    -1.918985404673));
#2863 = CARTESIAN_POINT('',(-0.964182226976,0.3008176101,-1.925673492252
    ));
#2864 = CARTESIAN_POINT('',(-0.926145256423,0.400131153362,
    -1.932361149483));
#2865 = CARTESIAN_POINT('',(-0.876079782094,0.493484850399,
    -1.939050581771));
#2866 = CARTESIAN_POINT('',(-0.757024035041,0.661068359217,
    -1.952137055685));
#2867 = CARTESIAN_POINT('',(-0.688945088324,0.735976172527,
    -1.958535556806));
#2868 = CARTESIAN_POINT('',(-0.612050434419,0.802363955846,
    -1.964934752058));
#2869 = CARTESIAN_POINT('',(-0.527699187964,0.858975868242,
    -1.971335383384));
#2870 = CARTESIAN_POINT('',(-0.437461662766,0.904833615567,
    -1.977737105682));
#2871 = CARTESIAN_POINT('',(-0.298990187216,0.955409837065,
    -1.987127115647));
#2872 = CARTESIAN_POINT('',(-0.253994782355,0.969029710465,
    -1.990116683091));
#2873 = CARTESIAN_POINT('',(-0.208267610331,0.980102349458,
    -1.993105970541));
#2874 = CARTESIAN_POINT('',(-0.161989221231,0.988580489339,
    -1.996094899695));
#2875 = CARTESIAN_POINT('',(-0.115343776937,0.994433940142,
    -1.999083418615));
#2876 = CARTESIAN_POINT('',(-1.004529262018E-02,1.001665718175,
    -2.005802655752));
#2877 = CARTESIAN_POINT('',(4.871002186327E-02,1.001569072874,
    -2.009533184767));
#2878 = CARTESIAN_POINT('',(0.10738547061,0.997335047888,-2.01326289843)
  );
#2879 = CARTESIAN_POINT('',(0.16561755702,0.988981392489,-2.016991922942
    ));
#2880 = CARTESIAN_POINT('',(0.223047284554,0.976568035711,
    -2.020720491278));
#2881 = CARTESIAN_POINT('',(0.329602431706,0.94557070655,-2.027779518769
    ));
#2882 = CARTESIAN_POINT('',(0.378961356772,0.927785519457,-2.03111009991
    ));
#2883 = CARTESIAN_POINT('',(0.427152890499,0.906913395404,
    -2.034440630954));
#2884 = CARTESIAN_POINT('',(0.473936901174,0.883052418973,
    -2.037771365416));
#2885 = CARTESIAN_POINT('',(0.519084751258,0.856325186678,
    -2.041102539467));
#2886 = CARTESIAN_POINT('',(0.650208815745,0.767144149666,
    -2.051192435765));
#2887 = CARTESIAN_POINT('',(0.730434256812,0.69620818155,-2.057953767874
    ));
#2888 = CARTESIAN_POINT('',(0.801242733507,0.615296528407,
    -2.064717271446));
#2889 = CARTESIAN_POINT('',(0.861136334444,0.526006212593,-2.07148394734
    ));
#2890 = CARTESIAN_POINT('',(0.908962227743,0.430195629449,
    -2.078251034818));
#2891 = CARTESIAN_POINT('',(0.953332490261,0.303243301169,
    -2.086816108761));
#2892 = CARTESIAN_POINT('',(0.961755046319,0.27623738009,-2.088616636469
    ));
#2893 = CARTESIAN_POINT('',(0.969258677316,0.248953427806,
    -2.090417017099));
#2894 = CARTESIAN_POINT('',(0.97583215922,0.221430504234,-2.092217243985
    ));
#2895 = CARTESIAN_POINT('',(0.981466488397,0.193708245905,
    -2.094017328338));
#2896 = CARTESIAN_POINT('',(0.990759201207,0.138445462957,
    -2.097584992558));
#2897 = CARTESIAN_POINT('',(0.99445122427,0.110910500954,-2.099352578106
    ));
#2898 = CARTESIAN_POINT('',(0.997224531641,8.326007696155E-02,
    -2.101120086943));
#2899 = CARTESIAN_POINT('',(0.999074839626,5.553248777646E-02,
    -2.102887567858));
#2900 = CARTESIAN_POINT('',(1.,2.776622999346E-02,-2.104655087376));
#2901 = CARTESIAN_POINT('',(1.,2.75635E-12,-2.106422729757));
#2902 = ORIENTED_EDGE('',*,*,#2455,.F.);
#2903 = B_SPLINE_SURFACE_WITH_KNOTS('',1,10,(
    (#2904,#2905,#2906,#2907,#2908,#2909,#2910,#2911,#2912,#2913,#2914)
    ,(#2915,#2916,#2917,#2918,#2919,#2920,#2921,#2922,#2923,#2924,#2925
    )),.UNSPECIFIED.,.F.,.F.,.F.,(2,2),(11,11),(0.,0.28),(0.,
    6.295904828089),.PIECEWISE_BEZIER_KNOTS.);
#2904 = CARTESIAN_POINT('',(0.783501472093,5.6748528894E-07,
    -1.831430270275));
#2905 = CARTESIAN_POINT('',(0.78350063053,-0.492316998207,
    -1.871428905204));
#2906 = CARTESIAN_POINT('',(0.439850817864,-0.984330649218,
    -1.911404150681));
#2907 = CARTESIAN_POINT('',(-0.247970447623,-1.206203309311,
    -1.951502093596));
#2908 = CARTESIAN_POINT('',(-1.034047489389,-0.89527025301,
    -1.991355651678));
#2909 = CARTESIAN_POINT('',(-1.449715520116,-1.92132252026E-05,
    -2.031429774553));
#2910 = CARTESIAN_POINT('',(-1.033915495409,0.895295723636,
    -2.071503899247));
#2911 = CARTESIAN_POINT('',(-0.248100413536,1.206192666039,
    -2.111357456135));
#2912 = CARTESIAN_POINT('',(0.439894066688,0.984332923575,
    -2.151455399525));
#2913 = CARTESIAN_POINT('',(0.783501484014,0.492318070125,
    -2.191430644918));
#2914 = CARTESIAN_POINT('',(0.783500602848,5.0443235984E-07,
    -2.231429279842));
#2915 = CARTESIAN_POINT('',(1.025982820737,-6.81021684E-08,
    -1.691420286491));
#2916 = CARTESIAN_POINT('',(1.025982462703,-0.644640492926,
    -1.731420450319));
#2917 = CARTESIAN_POINT('',(0.576029641975,-1.289299351123,-1.7714234212
    ));
#2918 = CARTESIAN_POINT('',(-0.324910153171,-1.578745624999,
    -1.81141166668));
#2919 = CARTESIAN_POINT('',(-1.353724099666,-1.173076637693,
    -1.851429241854));
#2920 = CARTESIAN_POINT('',(-1.898733622629,-4.67552377348E-06,
    -1.891420345789));
#2921 = CARTESIAN_POINT('',(-1.353688896132,1.173083881589,
    -1.931411450208));
#2922 = CARTESIAN_POINT('',(-0.324943721521,1.578742954554,
    -1.971429025065));
#2923 = CARTESIAN_POINT('',(0.576041539048,1.289299718973,-2.01141727067
    ));
#2924 = CARTESIAN_POINT('',(1.025982945286,0.644640364289,-2.05142024153
    ));
#2925 = CARTESIAN_POINT('',(1.025982592004,-6.053498463E-08,
    -2.091420405356));
#2926 = ADVANCED_FACE('',(#2927),#2942,.T.);
#2927 = FACE_BOUND('',#2928,.T.);
#2928 = EDGE_LOOP('',(#2929,#2930,#2940,#2941));
#2929 = ORIENTED_EDGE('',*,*,#2742,.F.);
#2930 = ORIENTED_EDGE('',*,*,#2931,.T.);
#2931 = EDGE_CURVE('',#2736,#2801,#2932,.T.);
#2932 = ( BOUNDED_CURVE() B_SPLINE_CURVE(6,(#2933,#2934,#2935,#2936,
#2937,#2938,#2939),.UNSPECIFIED.,.F.,.F.) B_SPLINE_CURVE_WITH_KNOTS((7,7
),(0.,2.094395102393),.PIECEWISE_BEZIER_KNOTS.) CURVE() 
GEOMETRIC_REPRESENTATION_ITEM() RATIONAL_B_SPLINE_CURVE((1.056590953773,
    1.017435169568,0.996326512422,0.989390034249,0.996326512422,
1.017435169568,1.056590953773)) REPRESENTATION_ITEM('') );
#2933 = CARTESIAN_POINT('',(0.783505589385,5.6747989871E-07,
    -1.93143027019));
#2934 = CARTESIAN_POINT('',(0.765380639669,6.149875422E-07,
    -1.920966820579));
#2935 = CARTESIAN_POINT('',(0.752607510219,6.4846687201E-07,
    -1.903256355965));
#2936 = CARTESIAN_POINT('',(0.747990135091,6.6056852854E-07,
    -1.881431732423));
#2937 = CARTESIAN_POINT('',(0.752605713036,6.4846923162E-07,
    -1.859606728733));
#2938 = CARTESIAN_POINT('',(0.76537738406,6.1499181736E-07,
    -1.841895212366));
#2939 = CARTESIAN_POINT('',(0.783501472093,5.674853048E-07,
    -1.831430270275));
#2940 = ORIENTED_EDGE('',*,*,#2800,.T.);
#2941 = ORIENTED_EDGE('',*,*,#2565,.F.);
#2942 = ( BOUNDED_SURFACE() B_SPLINE_SURFACE(6,10,(
    (#2943,#2944,#2945,#2946,#2947,#2948,#2949,#2950,#2951,#2952,#2953)
    ,(#2954,#2955,#2956,#2957,#2958,#2959,#2960,#2961,#2962,#2963,#2964)
    ,(#2965,#2966,#2967,#2968,#2969,#2970,#2971,#2972,#2973,#2974,#2975)
    ,(#2976,#2977,#2978,#2979,#2980,#2981,#2982,#2983,#2984,#2985,#2986)
    ,(#2987,#2988,#2989,#2990,#2991,#2992,#2993,#2994,#2995,#2996,#2997)
    ,(#2998,#2999,#3000,#3001,#3002,#3003,#3004,#3005,#3006,#3007,#3008)
    ,(#3009,#3010,#3011,#3012,#3013,#3014,#3015,#3016,#3017,#3018,#3019
)),.UNSPECIFIED.,.F.,.F.,.F.) B_SPLINE_SURFACE_WITH_KNOTS((7,7),(11,11),
  (0.,2.094395102393),(0.,6.295904828089),.PIECEWISE_BEZIER_KNOTS.) 
GEOMETRIC_REPRESENTATION_ITEM() RATIONAL_B_SPLINE_SURFACE((
    (1.056590953773,1.056590953773,1.056590953773,1.056590953773
      ,1.056590953773,1.056590953773,1.056590953773,1.056590953773
      ,1.056590953773,1.056590953773,1.056590953773)
    ,(1.017435169568,1.017435169568,1.017435169568,1.017435169568
      ,1.017435169569,1.017435169568,1.017435169568,1.017435169568
      ,1.017435169568,1.017435169568,1.017435169568)
    ,(0.996326512422,0.996326512422,0.996326512422,0.996326512422
      ,0.996326512423,0.996326512422,0.996326512423,0.996326512422
      ,0.996326512422,0.996326512422,0.996326512422)
    ,(0.989390034249,0.989390034249,0.989390034249,0.989390034248
      ,0.989390034249,0.989390034248,0.989390034249,0.989390034248
      ,0.989390034249,0.989390034249,0.989390034249)
    ,(0.996326512422,0.996326512422,0.996326512422,0.996326512422
      ,0.996326512423,0.996326512422,0.996326512423,0.996326512422
      ,0.996326512422,0.996326512422,0.996326512422)
    ,(1.017435169568,1.017435169568,1.017435169568,1.017435169568
      ,1.017435169569,1.017435169568,1.017435169569,1.017435169568
      ,1.017435169568,1.017435169568,1.017435169568)
    ,(1.056590953773,1.056590953773,1.056590953773,1.056590953773
      ,1.056590953773,1.056590953773,1.056590953773,1.056590953773
      ,1.056590953773,1.056590953773,1.056590953773
))) REPRESENTATION_ITEM('') SURFACE() );
#2943 = CARTESIAN_POINT('',(0.783505589385,5.67479883E-07,-1.93143027019
    ));
#2944 = CARTESIAN_POINT('',(0.783504117296,-0.492319440936,
    -1.971428905145));
#2945 = CARTESIAN_POINT('',(0.439841265911,-0.984335099738,
    -2.011404151088));
#2946 = CARTESIAN_POINT('',(-0.24793791403,-1.206211994934,
    -2.051502092119));
#2947 = CARTESIAN_POINT('',(-1.034087673531,-0.895267633471,
    -2.091355653147));
#2948 = CARTESIAN_POINT('',(-1.449722720788,-2.880266337604E-05,
    -2.131429774209));
#2949 = CARTESIAN_POINT('',(-1.033885565797,0.895307252959,
    -2.171503898053));
#2950 = CARTESIAN_POINT('',(-0.248135413268,1.206195929083,
    -2.211357457256));
#2951 = CARTESIAN_POINT('',(0.439907985797,0.984338254277,
    -2.251455399012));
#2952 = CARTESIAN_POINT('',(0.783505774354,0.492320512844,
    -2.291430644828));
#2953 = CARTESIAN_POINT('',(0.783504262663,5.0442808508E-07,
    -2.331429279775));
#2954 = CARTESIAN_POINT('',(0.765380639669,6.1498752535E-07,
    -1.920966820579));
#2955 = CARTESIAN_POINT('',(0.765379263398,-0.480933623406,
    -1.960965341251));
#2956 = CARTESIAN_POINT('',(0.429664680071,-0.961539509545,
    -2.000938514782));
#2957 = CARTESIAN_POINT('',(-0.242193921729,-1.178364778905,
    -2.041044655461));
#2958 = CARTESIAN_POINT('',(-1.010185273195,-0.874503750123,
    -2.080885956536));
#2959 = CARTESIAN_POINT('',(-1.416159689736,-2.788235776563E-05,
    -2.120966283167));
#2960 = CARTESIAN_POINT('',(-1.009990604612,0.874541770825,
    -2.161046612477));
#2961 = CARTESIAN_POINT('',(-0.242384492492,1.178349251989,
    -2.200887911795));
#2962 = CARTESIAN_POINT('',(0.429728831204,0.961542622377,
    -2.240994053172));
#2963 = CARTESIAN_POINT('',(0.765380780003,0.480934785051,-2.28096722658
    ));
#2964 = CARTESIAN_POINT('',(0.765379360815,5.4665704349E-07,
    -2.320965747246));
#2965 = CARTESIAN_POINT('',(0.752607510219,6.4846685641E-07,
    -1.903256355965));
#2966 = CARTESIAN_POINT('',(0.752606266648,-0.47290975276,-1.9432547961)
  );
#2967 = CARTESIAN_POINT('',(0.422494198322,-0.94547493196,
    -1.983226509148));
#2968 = CARTESIAN_POINT('',(-0.238149476888,-1.158739868384,
    -2.023338428337));
#2969 = CARTESIAN_POINT('',(-0.993337029612,-0.859871652979,
    -2.063171089484));
#2970 = CARTESIAN_POINT('',(-1.392506981535,-2.62425707224E-05,
    -2.103255789384));
#2971 = CARTESIAN_POINT('',(-0.993154850968,0.859907084466,
    -2.143340491792));
#2972 = CARTESIAN_POINT('',(-0.238328184323,1.158725281781,
    -2.183173151294));
#2973 = CARTESIAN_POINT('',(0.422554113082,0.945477924418,
    -2.223285071137));
#2974 = CARTESIAN_POINT('',(0.752607601212,0.472910977643,
    -2.263256784069));
#2975 = CARTESIAN_POINT('',(0.752606312386,5.7641635362E-07,
    -2.303255224198));
#2976 = CARTESIAN_POINT('',(0.747990135091,6.6056851181E-07,
    -1.881431732423));
#2977 = CARTESIAN_POINT('',(0.747989036731,-0.470009215517,
    -1.921430143445));
#2978 = CARTESIAN_POINT('',(0.41990396129,-0.93966783922,-1.961401328542
    ));
#2979 = CARTESIAN_POINT('',(-0.236692664112,-1.151645270083,
    -2.001515336614));
#2980 = CARTESIAN_POINT('',(-0.987241176081,-0.854583408671,
    -2.041344874478));
#2981 = CARTESIAN_POINT('',(-1.3839567987,-2.417087344442E-05,
    -2.081431155339));
#2982 = CARTESIAN_POINT('',(-0.987074325692,0.854615722084,
    -2.121517438497));
#2983 = CARTESIAN_POINT('',(-0.236856667762,1.151631859691,
    -2.161346974854));
#2984 = CARTESIAN_POINT('',(0.41995872483,0.939670652415,-2.201460983526
    ));
#2985 = CARTESIAN_POINT('',(0.74799018156,0.470010463258,-2.241432168517
    ));
#2986 = CARTESIAN_POINT('',(0.747989037101,5.8717326462E-07,
    -2.281430579533));
#2987 = CARTESIAN_POINT('',(0.752605713036,6.4846921635E-07,
    -1.859606728733));
#2988 = CARTESIAN_POINT('',(0.752604744687,-0.472908686518,
    -1.899605168857));
#2989 = CARTESIAN_POINT('',(0.422498367714,-0.945472989325,
    -1.939576881702));
#2990 = CARTESIAN_POINT('',(-0.23816367768,-1.158736077142,
    -1.979688801712));
#2991 = CARTESIAN_POINT('',(-0.993319489384,-0.859872796398,
    -2.019521461574));
#2992 = CARTESIAN_POINT('',(-1.392503838468,-2.205681685846E-05,
    -2.059606162266));
#2993 = CARTESIAN_POINT('',(-0.993167915132,0.85990205196,
    -2.099690865044));
#2994 = CARTESIAN_POINT('',(-0.23831290707,1.158723857475,
    -2.139523523536));
#2995 = CARTESIAN_POINT('',(0.422548037443,0.945475597586,
    -2.179635444092));
#2996 = CARTESIAN_POINT('',(0.752605728494,0.472909911405,-2.21960715684
    ));
#2997 = CARTESIAN_POINT('',(0.752604714891,5.7641821968E-07,
    -2.259605596959));
#2998 = CARTESIAN_POINT('',(0.76537738406,6.1499179996E-07,
    -1.841895212366));
#2999 = CARTESIAN_POINT('',(0.765376506356,-0.480931691901,
    -1.881893733018));
#3000 = CARTESIAN_POINT('',(0.429672232953,-0.961535990448,
    -1.92186690618));
#3001 = CARTESIAN_POINT('',(-0.242219646564,-1.178357911043,
    -1.961973048349));
#3002 = CARTESIAN_POINT('',(-1.010153498947,-0.874505821435,
    -2.001814347095));
#3003 = CARTESIAN_POINT('',(-1.41615399605,-2.029983484697E-05,
    -2.041894675159));
#3004 = CARTESIAN_POINT('',(-1.010014270437,0.874532654404,
    -2.081975005141));
#3005 = CARTESIAN_POINT('',(-0.242356817641,1.178346671848,
    -2.121816302629));
#3006 = CARTESIAN_POINT('',(0.429717825141,0.961538407305,
    -2.161922445298));
#3007 = CARTESIAN_POINT('',(0.765377387563,0.480932853554,
    -2.201895618371));
#3008 = CARTESIAN_POINT('',(0.765376466941,5.4666042462E-07,
    -2.241894139019));
#3009 = CARTESIAN_POINT('',(0.783501472093,5.6748528862E-07,
    -1.831430270275));
#3010 = CARTESIAN_POINT('',(0.78350063053,-0.492316998207,
    -1.871428905204));
#3011 = CARTESIAN_POINT('',(0.439850817864,-0.984330649218,
    -1.911404150681));
#3012 = CARTESIAN_POINT('',(-0.247970447623,-1.206203309311,
    -1.951502093596));
#3013 = CARTESIAN_POINT('',(-1.034047489389,-0.89527025301,
    -1.991355651677));
#3014 = CARTESIAN_POINT('',(-1.449715520117,-1.921322525758E-05,
    -2.031429774553));
#3015 = CARTESIAN_POINT('',(-1.033915495409,0.895295723636,
    -2.071503899246));
#3016 = CARTESIAN_POINT('',(-0.248100413536,1.206192666039,
    -2.111357456135));
#3017 = CARTESIAN_POINT('',(0.439894066688,0.984332923575,
    -2.151455399525));
#3018 = CARTESIAN_POINT('',(0.783501484014,0.492318070125,
    -2.191430644918));
#3019 = CARTESIAN_POINT('',(0.783500602848,5.0443236005E-07,
    -2.231429279842));
#3020 = ADVANCED_FACE('',(#3021),#3122,.T.);
#3021 = FACE_BOUND('',#3022,.T.);
#3022 = EDGE_LOOP('',(#3023,#3100,#3107,#3121));
#3023 = ORIENTED_EDGE('',*,*,#3024,.F.);
#3024 = EDGE_CURVE('',#3025,#2659,#3027,.T.);
#3025 = VERTEX_POINT('',#3026);
#3026 = CARTESIAN_POINT('',(1.,1.3803E-11,-1.656410395797));
#3027 = B_SPLINE_CURVE_WITH_KNOTS('',6,(#3028,#3029,#3030,#3031,#3032,
    #3033,#3034,#3035,#3036,#3037,#3038,#3039,#3040,#3041,#3042,#3043,
    #3044,#3045,#3046,#3047,#3048,#3049,#3050,#3051,#3052,#3053,#3054,
    #3055,#3056,#3057,#3058,#3059,#3060,#3061,#3062,#3063,#3064,#3065,
    #3066,#3067,#3068,#3069,#3070,#3071,#3072,#3073,#3074,#3075,#3076,
    #3077,#3078,#3079,#3080,#3081,#3082,#3083,#3084,#3085,#3086,#3087,
    #3088,#3089,#3090,#3091,#3092,#3093,#3094,#3095,#3096,#3097,#3098,
    #3099),.UNSPECIFIED.,.F.,.F.,(7,5,5,5,5,5,5,5,5,5,5,5,5,5,7),(0.,
    5.299977466276E-02,9.899959433519E-02,0.152578357515,0.255577238504,
    0.365063883961,0.43322311956,0.496020869432,0.566961422957,
    0.634275243969,0.737981589406,0.849813352114,0.902152691364,
    0.949152066745,1.),.UNSPECIFIED.);
#3028 = CARTESIAN_POINT('',(1.,2.760814E-11,-1.656410395797));
#3029 = CARTESIAN_POINT('',(1.000000000001,-5.549999412527E-02,
    -1.659943771941));
#3030 = CARTESIAN_POINT('',(0.996303663373,-0.111000503471,
    -1.663476938049));
#3031 = CARTESIAN_POINT('',(0.98891104175,-0.166192110759,
    -1.667010331898));
#3032 = CARTESIAN_POINT('',(0.977856559781,-0.220767851126,
    -1.670544271268));
#3033 = CARTESIAN_POINT('',(0.963208250304,-0.274426641957,
    -1.674078832723));
#3034 = CARTESIAN_POINT('',(0.929321739078,-0.372399430781,
    -1.680681755803));
#3035 = CARTESIAN_POINT('',(0.910945058202,-0.417012291734,
    -1.683750085336));
#3036 = CARTESIAN_POINT('',(0.890002852761,-0.460524743795,
    -1.686818564341));
#3037 = CARTESIAN_POINT('',(0.86657905825,-0.50275340136,-1.689887016865
    ));
#3038 = CARTESIAN_POINT('',(0.840774818547,-0.543523716439,
    -1.692955261132));
#3039 = CARTESIAN_POINT('',(0.780016158453,-0.628269608482,
    -1.699596451012));
#3040 = CARTESIAN_POINT('',(0.744254061211,-0.671667314254,
    -1.703169323897));
#3041 = CARTESIAN_POINT('',(0.70560727396,-0.712605274642,
    -1.706741430311));
#3042 = CARTESIAN_POINT('',(0.66428975718,-0.750846408424,
    -1.710312723192));
#3043 = CARTESIAN_POINT('',(0.620540625394,-0.786178969381,
    -1.713883288853));
#3044 = CARTESIAN_POINT('',(0.486346618544,-0.880398046147,
    -1.724315976138));
#3045 = CARTESIAN_POINT('',(0.390037017969,-0.930960105422,
    -1.731177492557));
#3046 = CARTESIAN_POINT('',(0.287567255779,-0.968780617686,
    -1.73803667179));
#3047 = CARTESIAN_POINT('',(0.181059218716,-0.992991507619,
    -1.744897353885));
#3048 = CARTESIAN_POINT('',(7.27635614411E-02,-1.003164291002,
    -1.751761804111));
#3049 = CARTESIAN_POINT('',(-0.149607651891,-0.995370457527,
    -1.765925951142));
#3050 = CARTESIAN_POINT('',(-0.263657009692,-0.975589599938,
    -1.773228274439));
#3051 = CARTESIAN_POINT('',(-0.374415263305,-0.940130482555,
    -1.780531546492));
#3052 = CARTESIAN_POINT('',(-0.479227456549,-0.889737168565,
    -1.787835284613));
#3053 = CARTESIAN_POINT('',(-0.575651845394,-0.825693877452,
    -1.795139368471));
#3054 = CARTESIAN_POINT('',(-0.7151433896,-0.702612578202,
    -1.806985835908));
#3055 = CARTESIAN_POINT('',(-0.764620166626,-0.650803268844,
    -1.811530621017));
#3056 = CARTESIAN_POINT('',(-0.809559408849,-0.594844480446,
    -1.81607456404));
#3057 = CARTESIAN_POINT('',(-0.849534280989,-0.535238446105,
    -1.820617923275));
#3058 = CARTESIAN_POINT('',(-0.884193275843,-0.472542639005,
    -1.825161075197));
#3059 = CARTESIAN_POINT('',(-0.940056117306,-0.347302268862,
    -1.833889580748));
#3060 = CARTESIAN_POINT('',(-0.962105127455,-0.285131069377,
    -1.83807515278));
#3061 = CARTESIAN_POINT('',(-0.979205692491,-0.221315229104,
    -1.842260739335));
#3062 = CARTESIAN_POINT('',(-0.991211904078,-0.156348319204,
    -1.846446618829));
#3063 = CARTESIAN_POINT('',(-0.998043431191,-9.073866132014E-02,
    -1.850632996166));
#3064 = CARTESIAN_POINT('',(-1.001544614404,4.926152255807E-02,
    -1.859549217821));
#3065 = CARTESIAN_POINT('',(-0.996781787981,0.123691524083,
    -1.86427940018));
#3066 = CARTESIAN_POINT('',(-0.985380369052,0.197546811955,
    -1.869009882923));
#3067 = CARTESIAN_POINT('',(-0.967432235851,0.270090030786,
    -1.873740620093));
#3068 = CARTESIAN_POINT('',(-0.943136583475,0.340605235182,
    -1.878471471247));
#3069 = CARTESIAN_POINT('',(-0.884008044537,0.472756266047,
    -1.887690334157));
#3070 = CARTESIAN_POINT('',(-0.849775771183,0.534665360054,
    -1.892178653347));
#3071 = CARTESIAN_POINT('',(-0.810358889942,0.593562172465,
    -1.89666627187));
#3072 = CARTESIAN_POINT('',(-0.766095591907,0.648909589228,
    -1.901153152869));
#3073 = CARTESIAN_POINT('',(-0.717395812474,0.700222938291,
    -1.905639400485));
#3074 = CARTESIAN_POINT('',(-0.583600408887,0.819270794046,
    -1.91703552313));
#3075 = CARTESIAN_POINT('',(-0.493046923824,0.880898701141,
    -1.923945712102));
#3076 = CARTESIAN_POINT('',(-0.394819220042,0.930400669076,
    -1.930853804012));
#3077 = CARTESIAN_POINT('',(-0.290969450736,0.966650725274,
    -1.937762668292));
#3078 = CARTESIAN_POINT('',(-0.183732464321,0.988956938645,
    -1.944675131466));
#3079 = CARTESIAN_POINT('',(4.132819058022E-02,1.005985020399,
    -1.959044655815));
#3080 = CARTESIAN_POINT('',(0.159366016407,0.998411908595,
    -1.966504626661));
#3081 = CARTESIAN_POINT('',(0.275733151993,0.974197255338,
    -1.973965963262));
#3082 = CARTESIAN_POINT('',(0.387531531087,0.933833302309,
    -1.981428572992));
#3083 = CARTESIAN_POINT('',(0.49203208115,0.87841854417,-1.988890601828)
  );
#3084 = CARTESIAN_POINT('',(0.631233834601,0.777526806154,
    -1.999838480767));
#3085 = CARTESIAN_POINT('',(0.67349754582,0.742442358698,-2.003328153501
    ));
#3086 = CARTESIAN_POINT('',(0.713405103542,0.704613386674,-2.0068170483)
  );
#3087 = CARTESIAN_POINT('',(0.75073610945,0.664239999164,-2.010305262063
    ));
#3088 = CARTESIAN_POINT('',(0.785293326162,0.621545128492,
    -2.013793011084));
#3089 = CARTESIAN_POINT('',(0.845291923578,0.536566702162,
    -2.020412161401));
#3090 = CARTESIAN_POINT('',(0.871304071578,0.49468500105,-2.023543660105
    ));
#3091 = CARTESIAN_POINT('',(0.894817580299,0.451302699749,
    -2.026675131417));
#3092 = CARTESIAN_POINT('',(0.915726308105,0.406606997954,
    -2.029806830161));
#3093 = CARTESIAN_POINT('',(0.933942966034,0.360794523175,-2.03293896268
    ));
#3094 = CARTESIAN_POINT('',(0.966122754114,0.263518299163,
    -2.039460600207));
#3095 = CARTESIAN_POINT('',(0.979615678541,0.211898199556,
    -2.042850222314));
#3096 = CARTESIAN_POINT('',(0.989793224836,0.159467894282,
    -2.046240415265));
#3097 = CARTESIAN_POINT('',(0.996597722364,0.106493676248,-2.04963100219
    ));
#3098 = CARTESIAN_POINT('',(0.999999999999,5.324665259089E-02,
    -2.053021579799));
#3099 = CARTESIAN_POINT('',(1.,2.236411E-11,-2.056411491777));
#3100 = ORIENTED_EDGE('',*,*,#3101,.T.);
#3101 = EDGE_CURVE('',#3025,#3102,#3104,.T.);
#3102 = VERTEX_POINT('',#3103);
#3103 = CARTESIAN_POINT('',(0.783506916112,6.30531315E-07,-1.5314312606)
  );
#3104 = B_SPLINE_CURVE_WITH_KNOTS('',1,(#3105,#3106),.UNSPECIFIED.,.F.,
  .F.,(2,2),(0.,0.28),.PIECEWISE_BEZIER_KNOTS.);
#3105 = CARTESIAN_POINT('',(1.026000433594,-7.569476557E-08,
    -1.671420167227));
#3106 = CARTESIAN_POINT('',(0.783506916112,6.3053131383E-07,
    -1.5314312606));
#3107 = ORIENTED_EDGE('',*,*,#3108,.T.);
#3108 = EDGE_CURVE('',#3102,#2736,#3109,.T.);
#3109 = B_SPLINE_CURVE_WITH_KNOTS('',10,(#3110,#3111,#3112,#3113,#3114,
    #3115,#3116,#3117,#3118,#3119,#3120),.UNSPECIFIED.,.F.,.F.,(11,11),(
    0.,6.295904828089),.PIECEWISE_BEZIER_KNOTS.);
#3110 = CARTESIAN_POINT('',(0.783506916112,6.3053131429E-07,
    -1.5314312606));
#3111 = CARTESIAN_POINT('',(0.783505483624,-0.49232021131,
    -1.571429895562));
#3112 = CARTESIAN_POINT('',(0.439842090105,-0.98433673294,
    -1.611405141659));
#3113 = CARTESIAN_POINT('',(-0.247938237533,-1.206214053323,
    -1.651503082087));
#3114 = CARTESIAN_POINT('',(-1.034089351001,-0.895269236485,
    -1.691356644014));
#3115 = CARTESIAN_POINT('',(-1.449725177564,-2.891952042017E-05,
    -1.731430764622));
#3116 = CARTESIAN_POINT('',(-1.033887387044,0.895308689849,
    -1.771504888009));
#3117 = CARTESIAN_POINT('',(-0.24813593118,1.206197947425,
    -1.811358448113));
#3118 = CARTESIAN_POINT('',(0.439908651621,0.984339958302,
    -1.851456389266));
#3119 = CARTESIAN_POINT('',(0.783507061475,0.492321409321,
    -1.891431635235));
#3120 = CARTESIAN_POINT('',(0.783505589385,5.6747989865E-07,
    -1.93143027019));
#3121 = ORIENTED_EDGE('',*,*,#2735,.F.);
#3122 = B_SPLINE_SURFACE_WITH_KNOTS('',1,10,(
    (#3123,#3124,#3125,#3126,#3127,#3128,#3129,#3130,#3131,#3132,#3133)
    ,(#3134,#3135,#3136,#3137,#3138,#3139,#3140,#3141,#3142,#3143,#3144
    )),.UNSPECIFIED.,.F.,.F.,.F.,(2,2),(11,11),(0.,0.28),(0.,
    6.295904828089),.PIECEWISE_BEZIER_KNOTS.);
#3123 = CARTESIAN_POINT('',(1.026000433594,-7.569476428E-08,
    -1.671420167227));
#3124 = CARTESIAN_POINT('',(1.025997674806,-0.644651018594,
    -1.711420331166));
#3125 = CARTESIAN_POINT('',(0.57599443968,-1.289318741416,
    -1.751423304044));
#3126 = CARTESIAN_POINT('',(-0.324787160981,-1.578781650268,
    -1.791411541473));
#3127 = CARTESIAN_POINT('',(-1.353879401827,-1.173068927108,
    -1.831429129174));
#3128 = CARTESIAN_POINT('',(-1.898764627867,-4.11013640873E-05,
    -1.871420225545));
#3129 = CARTESIAN_POINT('',(-1.353577748765,1.173129956644,
    -1.911411326062));
#3130 = CARTESIAN_POINT('',(-0.325077332612,1.578758378824,
    -1.951428911045));
#3131 = CARTESIAN_POINT('',(0.576095545799,1.289322445458,-1.99141714955
    ));
#3132 = CARTESIAN_POINT('',(1.02600122048,0.644650874777,-2.031420122243
    ));
#3133 = CARTESIAN_POINT('',(1.025998466447,-6.812269509E-08,
    -2.071420286169));
#3134 = CARTESIAN_POINT('',(0.783506916112,6.3053131429E-07,
    -1.5314312606));
#3135 = CARTESIAN_POINT('',(0.783505483624,-0.49232021131,
    -1.571429895562));
#3136 = CARTESIAN_POINT('',(0.439842090105,-0.98433673294,
    -1.611405141659));
#3137 = CARTESIAN_POINT('',(-0.247938237533,-1.206214053323,
    -1.651503082087));
#3138 = CARTESIAN_POINT('',(-1.034089351001,-0.895269236485,
    -1.691356644014));
#3139 = CARTESIAN_POINT('',(-1.449725177564,-2.891952042017E-05,
    -1.731430764622));
#3140 = CARTESIAN_POINT('',(-1.033887387044,0.895308689849,
    -1.771504888009));
#3141 = CARTESIAN_POINT('',(-0.24813593118,1.206197947425,
    -1.811358448113));
#3142 = CARTESIAN_POINT('',(0.439908651621,0.984339958302,
    -1.851456389266));
#3143 = CARTESIAN_POINT('',(0.783507061475,0.492321409321,
    -1.891431635235));
#3144 = CARTESIAN_POINT('',(0.783505589385,5.6747989865E-07,
    -1.93143027019));
#3145 = ADVANCED_FACE('',(#3146),#3157,.T.);
#3146 = FACE_BOUND('',#3147,.T.);
#3147 = EDGE_LOOP('',(#3148,#3149,#3150,#3156));
#3148 = ORIENTED_EDGE('',*,*,#2785,.F.);
#3149 = ORIENTED_EDGE('',*,*,#2823,.F.);
#3150 = ORIENTED_EDGE('',*,*,#3151,.T.);
#3151 = EDGE_CURVE('',#2817,#3025,#3152,.T.);
#3152 = LINE('',#3153,#3154);
#3153 = CARTESIAN_POINT('',(1.,0.,-4.8));
#3154 = VECTOR('',#3155,1.);
#3155 = DIRECTION('',(0.,0.,1.));
#3156 = ORIENTED_EDGE('',*,*,#3024,.T.);
#3157 = CYLINDRICAL_SURFACE('',#3158,1.);
#3158 = AXIS2_PLACEMENT_3D('',#3159,#3160,#3161);
#3159 = CARTESIAN_POINT('',(0.,0.,-4.8));
#3160 = DIRECTION('',(0.,0.,1.));
#3161 = DIRECTION('',(1.,0.,-0.));
#3162 = ADVANCED_FACE('',(#3163),#3264,.T.);
#3163 = FACE_BOUND('',#3164,.T.);
#3164 = EDGE_LOOP('',(#3165,#3181,#3188,#3263));
#3165 = ORIENTED_EDGE('',*,*,#3166,.F.);
#3166 = EDGE_CURVE('',#3167,#2801,#3169,.T.);
#3167 = VERTEX_POINT('',#3168);
#3168 = CARTESIAN_POINT('',(0.783502341343,6.30537986E-07,
    -1.431431260705));
#3169 = ( BOUNDED_CURVE() B_SPLINE_CURVE(10,(#3170,#3171,#3172,#3173,
    #3174,#3175,#3176,#3177,#3178,#3179,#3180),.UNSPECIFIED.,.F.,.F.) 
B_SPLINE_CURVE_WITH_KNOTS((11,11),(0.,6.295904828089),
.PIECEWISE_BEZIER_KNOTS.) CURVE() GEOMETRIC_REPRESENTATION_ITEM() 
RATIONAL_B_SPLINE_CURVE((1.056590953773,1.056590953773,1.056590953773,
    1.056590953773,1.056590953773,1.056590953773,1.056590953773,
    1.056590953773,1.056590953773,1.056590953773,1.056590953773)) 
REPRESENTATION_ITEM('') );
#3170 = CARTESIAN_POINT('',(0.783502341343,6.3053798663E-07,
    -1.431431260705));
#3171 = CARTESIAN_POINT('',(0.783501539381,-0.492317481201,
    -1.471429895638));
#3172 = CARTESIAN_POINT('',(0.439851385166,-0.984331707054,
    -1.511405141216));
#3173 = CARTESIAN_POINT('',(-0.247970626056,-1.206204664837,
    -1.551503083735));
#3174 = CARTESIAN_POINT('',(-1.034048563649,-0.895271331922,
    -1.591356642407));
#3175 = CARTESIAN_POINT('',(-1.449717129754,-1.933008255139E-05,
    -1.631430764985));
#3176 = CARTESIAN_POINT('',(-1.033916713448,0.895296636417,
    -1.671504889378));
#3177 = CARTESIAN_POINT('',(-0.248100786383,1.20619398152,
    -1.711358446858));
#3178 = CARTESIAN_POINT('',(0.439894475619,0.984334052234,
    -1.751456389852));
#3179 = CARTESIAN_POINT('',(0.783502313657,0.492318679224,
    -1.791431635346));
#3180 = CARTESIAN_POINT('',(0.783501472093,5.674853048E-07,
    -1.831430270275));
#3181 = ORIENTED_EDGE('',*,*,#3182,.T.);
#3182 = EDGE_CURVE('',#3167,#3183,#3185,.T.);
#3183 = VERTEX_POINT('',#3184);
#3184 = CARTESIAN_POINT('',(1.,2.162E-12,-1.306423073159));
#3185 = B_SPLINE_CURVE_WITH_KNOTS('',1,(#3186,#3187),.UNSPECIFIED.,.F.,
  .F.,(2,2),(0.,0.28),.PIECEWISE_BEZIER_KNOTS.);
#3186 = CARTESIAN_POINT('',(0.783502341343,6.3053798527E-07,
    -1.431431260705));
#3187 = CARTESIAN_POINT('',(1.025983049471,-7.566941407E-08,
    -1.291420167625));
#3188 = ORIENTED_EDGE('',*,*,#3189,.T.);
#3189 = EDGE_CURVE('',#3183,#2817,#3190,.T.);
#3190 = B_SPLINE_CURVE_WITH_KNOTS('',6,(#3191,#3192,#3193,#3194,#3195,
    #3196,#3197,#3198,#3199,#3200,#3201,#3202,#3203,#3204,#3205,#3206,
    #3207,#3208,#3209,#3210,#3211,#3212,#3213,#3214,#3215,#3216,#3217,
    #3218,#3219,#3220,#3221,#3222,#3223,#3224,#3225,#3226,#3227,#3228,
    #3229,#3230,#3231,#3232,#3233,#3234,#3235,#3236,#3237,#3238,#3239,
    #3240,#3241,#3242,#3243,#3244,#3245,#3246,#3247,#3248,#3249,#3250,
    #3251,#3252,#3253,#3254,#3255,#3256,#3257,#3258,#3259,#3260,#3261,
    #3262),.UNSPECIFIED.,.F.,.F.,(7,5,5,5,5,5,5,5,5,5,5,5,5,5,7),(0.,
    5.110623323674E-02,9.610574153127E-02,0.148028900885,0.262026112732,
    0.362337724756,0.401339765578,0.500069155566,0.563481886594,
    0.632023418008,0.738657287497,0.794346035641,0.845348458849,
    0.946217098015,1.),.UNSPECIFIED.);
#3191 = CARTESIAN_POINT('',(1.,4.32532E-12,-1.306423073159));
#3192 = CARTESIAN_POINT('',(1.,-5.351713612256E-02,-1.309830060211));
#3193 = CARTESIAN_POINT('',(0.996563068513,-0.107034668552,
    -1.313237485334));
#3194 = CARTESIAN_POINT('',(0.989689258667,-0.160275260207,
    -1.316644827439));
#3195 = CARTESIAN_POINT('',(0.979408326334,-0.212963654242,
    -1.320051777577));
#3196 = CARTESIAN_POINT('',(0.965779111238,-0.264829509534,
    -1.323458216797));
#3197 = CARTESIAN_POINT('',(0.934016947658,-0.360323132934,
    -1.329863188262));
#3198 = CARTESIAN_POINT('',(0.916616571898,-0.40419531785,
    -1.332861857079));
#3199 = CARTESIAN_POINT('',(0.896747355004,-0.447047705943,
    -1.335860219524));
#3200 = CARTESIAN_POINT('',(0.874485453142,-0.488707557554,
    -1.33885844936));
#3201 = CARTESIAN_POINT('',(0.849922903021,-0.529009986697,
    -1.341856752599));
#3202 = CARTESIAN_POINT('',(0.792294225076,-0.612557124966,
    -1.348315087329));
#3203 = CARTESIAN_POINT('',(0.758500721499,-0.655301135643,
    -1.351775232871));
#3204 = CARTESIAN_POINT('',(0.72195123475,-0.695792348872,
    -1.355235855919));
#3205 = CARTESIAN_POINT('',(0.68283572885,-0.733810875306,
    -1.358697150387));
#3206 = CARTESIAN_POINT('',(0.641366872916,-0.769158646713,
    -1.362159198928));
#3207 = CARTESIAN_POINT('',(0.502077477298,-0.873022975733,
    -1.373224069175));
#3208 = CARTESIAN_POINT('',(0.396133510271,-0.930690287953,
    -1.380830935821));
#3209 = CARTESIAN_POINT('',(0.282442756664,-0.972785884054,
    -1.388438186347));
#3210 = CARTESIAN_POINT('',(0.163887730506,-0.9981210156,-1.396043939153
    ));
#3211 = CARTESIAN_POINT('',(4.353741244211E-02,-1.006158357992,
    -1.403648318446));
#3212 = CARTESIAN_POINT('',(-0.180238999496,-0.989215806494,
    -1.417935580805));
#3213 = CARTESIAN_POINT('',(-0.283996416558,-0.968081359684,
    -1.424621610945));
#3214 = CARTESIAN_POINT('',(-0.384656590883,-0.933896531416,
    -1.431304505524));
#3215 = CARTESIAN_POINT('',(-0.480194065072,-0.887271132328,
    -1.437986720011));
#3216 = CARTESIAN_POINT('',(-0.568739880148,-0.829198110741,
    -1.444670723961));
#3217 = CARTESIAN_POINT('',(-0.679769003557,-0.734562605522,
    -1.453954059999));
#3218 = CARTESIAN_POINT('',(-0.70955424965,-0.706544946696,
    -1.456553202196));
#3219 = CARTESIAN_POINT('',(-0.737947300202,-0.677083754434,
    -1.459152567635));
#3220 = CARTESIAN_POINT('',(-0.764861650195,-0.646265913369,
    -1.461752167873));
#3221 = CARTESIAN_POINT('',(-0.790218184748,-0.614185081155,
    -1.464351996175));
#3222 = CARTESIAN_POINT('',(-0.874007463821,-0.496789684823,
    -1.473533721787));
#3223 = CARTESIAN_POINT('',(-0.923636325927,-0.405176244074,
    -1.480117528038));
#3224 = CARTESIAN_POINT('',(-0.961654820415,-0.307741461677,
    -1.48670137534));
#3225 = CARTESIAN_POINT('',(-0.987266785945,-0.206337726734,
    -1.493285120261));
#3226 = CARTESIAN_POINT('',(-1.000046348747,-0.102934945753,
    -1.499868911418));
#3227 = CARTESIAN_POINT('',(-0.999970064984,6.685177665611E-02,
    -1.510678553388));
#3228 = CARTESIAN_POINT('',(-0.994649000491,0.133253266223,
    -1.514905837896));
#3229 = CARTESIAN_POINT('',(-0.984036921066,0.199123932643,
    -1.519132612825));
#3230 = CARTESIAN_POINT('',(-0.968204359616,0.263938536774,
    -1.523359090619));
#3231 = CARTESIAN_POINT('',(-0.947290359655,0.327185632846,
    -1.527585561459));
#3232 = CARTESIAN_POINT('',(-0.893625115728,0.454517032552,
    -1.536380365664));
#3233 = CARTESIAN_POINT('',(-0.860051868772,0.518258611372,
    -1.540948926505));
#3234 = CARTESIAN_POINT('',(-0.821040927889,0.578984095544,
    -1.545517712144));
#3235 = CARTESIAN_POINT('',(-0.776938435491,0.6361195448,-1.550087112407
    ));
#3236 = CARTESIAN_POINT('',(-0.728168647784,0.689146000246,
    -1.55465739572));
#3237 = CARTESIAN_POINT('',(-0.592859941534,0.813010672598,
    -1.566339208845));
#3238 = CARTESIAN_POINT('',(-0.500376563061,0.877386026551,
    -1.573452930595));
#3239 = CARTESIAN_POINT('',(-0.399650932777,0.929008681342,
    -1.580566507878));
#3240 = CARTESIAN_POINT('',(-0.292906669285,0.966637292127,
    -1.587679785015));
#3241 = CARTESIAN_POINT('',(-0.182573225237,0.989512847642,
    -1.59479218649));
#3242 = CARTESIAN_POINT('',(-1.302614363623E-02,1.001614191213,
    -1.605613322999));
#3243 = CARTESIAN_POINT('',(4.543236877082E-02,1.001695418441,
    -1.609325129335));
#3244 = CARTESIAN_POINT('',(0.103824611899,0.997680691836,
    -1.613036128863));
#3245 = CARTESIAN_POINT('',(0.161792504036,0.989586322288,
    -1.616746441626));
#3246 = CARTESIAN_POINT('',(0.218982228781,0.977469973856,
    -1.620456292889));
#3247 = CARTESIAN_POINT('',(0.326397783839,0.946740182187,
    -1.627563222838));
#3248 = CARTESIAN_POINT('',(0.376805666498,0.928759005296,
    -1.630960416635));
#3249 = CARTESIAN_POINT('',(0.426008103536,0.907562293921,
    -1.634357547614));
#3250 = CARTESIAN_POINT('',(0.473749985479,0.88325355257,-1.637754886893
    ));
#3251 = CARTESIAN_POINT('',(0.519788609394,0.855962833694,
    -1.641152687335));
#3252 = CARTESIAN_POINT('',(0.651129883457,0.766281529379,
    -1.651271977168));
#3253 = CARTESIAN_POINT('',(0.730824875432,0.69565234849,-1.657996016875
    ));
#3254 = CARTESIAN_POINT('',(0.801198520835,0.61516765099,-1.664722217569
    ));
#3255 = CARTESIAN_POINT('',(0.860778656264,0.526398719292,
    -1.671451534964));
#3256 = CARTESIAN_POINT('',(0.908430867322,0.43117263106,-1.678181268313
    ));
#3257 = CARTESIAN_POINT('',(0.962118421751,0.278388081831,
    -1.688495280155));
#3258 = CARTESIAN_POINT('',(0.977198518834,0.223992064605,
    -1.692081724818));
#3259 = CARTESIAN_POINT('',(0.988580970259,0.16863804221,-1.695667436003
    ));
#3260 = CARTESIAN_POINT('',(0.996193637362,0.112640415343,
    -1.699252542986));
#3261 = CARTESIAN_POINT('',(1.,5.631992787782E-02,-1.702837485236));
#3262 = CARTESIAN_POINT('',(1.,3.5173E-12,-1.706422901457));
#3263 = ORIENTED_EDGE('',*,*,#2816,.F.);
#3264 = B_SPLINE_SURFACE_WITH_KNOTS('',1,10,(
    (#3265,#3266,#3267,#3268,#3269,#3270,#3271,#3272,#3273,#3274,#3275)
    ,(#3276,#3277,#3278,#3279,#3280,#3281,#3282,#3283,#3284,#3285,#3286
    )),.UNSPECIFIED.,.F.,.F.,.F.,(2,2),(11,11),(0.,0.28),(0.,
    6.295904828089),.PIECEWISE_BEZIER_KNOTS.);
#3265 = CARTESIAN_POINT('',(0.783502341343,6.3053798645E-07,
    -1.431431260705));
#3266 = CARTESIAN_POINT('',(0.783501539381,-0.492317481201,
    -1.471429895638));
#3267 = CARTESIAN_POINT('',(0.439851385167,-0.984331707054,
    -1.511405141216));
#3268 = CARTESIAN_POINT('',(-0.247970626056,-1.206204664836,
    -1.551503083735));
#3269 = CARTESIAN_POINT('',(-1.034048563649,-0.895271331923,
    -1.591356642407));
#3270 = CARTESIAN_POINT('',(-1.449717129754,-1.933008249777E-05,
    -1.631430764985));
#3271 = CARTESIAN_POINT('',(-1.033916713449,0.895296636417,
    -1.671504889378));
#3272 = CARTESIAN_POINT('',(-0.248100786383,1.206193981519,
    -1.711358446858));
#3273 = CARTESIAN_POINT('',(0.439894475619,0.984334052234,
    -1.751456389852));
#3274 = CARTESIAN_POINT('',(0.783502313657,0.492318679224,
    -1.791431635346));
#3275 = CARTESIAN_POINT('',(0.783501472093,5.6748530471E-07,
    -1.831430270275));
#3276 = CARTESIAN_POINT('',(1.025983049471,-7.566941406E-08,
    -1.291420167625));
#3277 = CARTESIAN_POINT('',(1.025982686683,-0.644640644179,
    -1.331420331454));
#3278 = CARTESIAN_POINT('',(0.576029760915,-1.289299643049,
    -1.371423302362));
#3279 = CARTESIAN_POINT('',(-0.32491023737,-1.578745974021,
    -1.411411547737));
#3280 = CARTESIAN_POINT('',(-1.353724409891,-1.17307688977,
    -1.451429123067));
#3281 = CARTESIAN_POINT('',(-1.898734046189,-4.66150050116E-06,
    -1.491420226924));
#3282 = CARTESIAN_POINT('',(-1.353689189103,1.173084153606,
    -1.531411331264));
#3283 = CARTESIAN_POINT('',(-0.324943782386,1.578743308381,
    -1.571428906276));
#3284 = CARTESIAN_POINT('',(0.576041676994,1.2893000024,-1.611417151777)
  );
#3285 = CARTESIAN_POINT('',(1.025983178773,0.644640500408,
    -1.651420122664));
#3286 = CARTESIAN_POINT('',(1.025982820737,-6.810215169E-08,
    -1.691420286491));
#3287 = ADVANCED_FACE('',(#3288),#3303,.T.);
#3288 = FACE_BOUND('',#3289,.T.);
#3289 = EDGE_LOOP('',(#3290,#3291,#3301,#3302));
#3290 = ORIENTED_EDGE('',*,*,#3108,.F.);
#3291 = ORIENTED_EDGE('',*,*,#3292,.T.);
#3292 = EDGE_CURVE('',#3102,#3167,#3293,.T.);
#3293 = ( BOUNDED_CURVE() B_SPLINE_CURVE(6,(#3294,#3295,#3296,#3297,
#3298,#3299,#3300),.UNSPECIFIED.,.F.,.F.) B_SPLINE_CURVE_WITH_KNOTS((7,7
),(0.,2.094395102393),.PIECEWISE_BEZIER_KNOTS.) CURVE() 
GEOMETRIC_REPRESENTATION_ITEM() RATIONAL_B_SPLINE_CURVE((1.056590953773,
    1.017435169568,0.996326512422,0.989390034249,0.996326512422,
1.017435169568,1.056590953773)) REPRESENTATION_ITEM('') );
#3294 = CARTESIAN_POINT('',(0.783506916112,6.3053131394E-07,
    -1.5314312606));
#3295 = CARTESIAN_POINT('',(0.765381918529,6.8331765701E-07,
    -1.520967893906));
#3296 = CARTESIAN_POINT('',(0.752608708057,7.2051703343E-07,
    -1.503257487727));
#3297 = CARTESIAN_POINT('',(0.747991233087,7.3396346395E-07,
    -1.481432885308));
#3298 = CARTESIAN_POINT('',(0.752606711188,7.2051994526E-07,
    -1.459607860503));
#3299 = CARTESIAN_POINT('',(0.765378301185,6.8332293213E-07,
    -1.441896285709));
#3300 = CARTESIAN_POINT('',(0.783502341343,6.3053798521E-07,
    -1.431431260705));
#3301 = ORIENTED_EDGE('',*,*,#3166,.T.);
#3302 = ORIENTED_EDGE('',*,*,#2931,.F.);
#3303 = ( BOUNDED_SURFACE() B_SPLINE_SURFACE(6,10,(
    (#3304,#3305,#3306,#3307,#3308,#3309,#3310,#3311,#3312,#3313,#3314)
    ,(#3315,#3316,#3317,#3318,#3319,#3320,#3321,#3322,#3323,#3324,#3325)
    ,(#3326,#3327,#3328,#3329,#3330,#3331,#3332,#3333,#3334,#3335,#3336)
    ,(#3337,#3338,#3339,#3340,#3341,#3342,#3343,#3344,#3345,#3346,#3347)
    ,(#3348,#3349,#3350,#3351,#3352,#3353,#3354,#3355,#3356,#3357,#3358)
    ,(#3359,#3360,#3361,#3362,#3363,#3364,#3365,#3366,#3367,#3368,#3369)
    ,(#3370,#3371,#3372,#3373,#3374,#3375,#3376,#3377,#3378,#3379,#3380
)),.UNSPECIFIED.,.F.,.F.,.F.) B_SPLINE_SURFACE_WITH_KNOTS((7,7),(11,11),
  (0.,2.094395102393),(0.,6.295904828089),.PIECEWISE_BEZIER_KNOTS.) 
GEOMETRIC_REPRESENTATION_ITEM() RATIONAL_B_SPLINE_SURFACE((
    (1.056590953773,1.056590953773,1.056590953773,1.056590953773
      ,1.056590953773,1.056590953773,1.056590953773,1.056590953773
      ,1.056590953773,1.056590953773,1.056590953773)
    ,(1.017435169568,1.017435169568,1.017435169568,1.017435169568
      ,1.017435169569,1.017435169568,1.017435169568,1.017435169568
      ,1.017435169568,1.017435169568,1.017435169568)
    ,(0.996326512422,0.996326512422,0.996326512422,0.996326512422
      ,0.996326512423,0.996326512422,0.996326512423,0.996326512422
      ,0.996326512422,0.996326512422,0.996326512422)
    ,(0.989390034249,0.989390034249,0.989390034249,0.989390034248
      ,0.989390034249,0.989390034248,0.989390034249,0.989390034248
      ,0.989390034249,0.989390034249,0.989390034249)
    ,(0.996326512422,0.996326512422,0.996326512422,0.996326512422
      ,0.996326512423,0.996326512422,0.996326512423,0.996326512422
      ,0.996326512422,0.996326512422,0.996326512422)
    ,(1.017435169568,1.017435169568,1.017435169568,1.017435169568
      ,1.017435169569,1.017435169568,1.017435169569,1.017435169568
      ,1.017435169568,1.017435169568,1.017435169568)
    ,(1.056590953773,1.056590953773,1.056590953773,1.056590953773
      ,1.056590953773,1.056590953773,1.056590953773,1.056590953773
      ,1.056590953773,1.056590953773,1.056590953773
))) REPRESENTATION_ITEM('') SURFACE() );
#3304 = CARTESIAN_POINT('',(0.783506916112,6.3053131419E-07,
    -1.5314312606));
#3305 = CARTESIAN_POINT('',(0.783505483624,-0.49232021131,
    -1.571429895562));
#3306 = CARTESIAN_POINT('',(0.439842090105,-0.98433673294,
    -1.611405141659));
#3307 = CARTESIAN_POINT('',(-0.247938237533,-1.206214053323,
    -1.651503082087));
#3308 = CARTESIAN_POINT('',(-1.034089351,-0.895269236485,-1.691356644014
    ));
#3309 = CARTESIAN_POINT('',(-1.449725177564,-2.891952029452E-05,
    -1.731430764622));
#3310 = CARTESIAN_POINT('',(-1.033887387044,0.895308689848,
    -1.771504888009));
#3311 = CARTESIAN_POINT('',(-0.24813593118,1.206197947426,
    -1.811358448113));
#3312 = CARTESIAN_POINT('',(0.439908651621,0.984339958302,
    -1.851456389266));
#3313 = CARTESIAN_POINT('',(0.783507061475,0.492321409321,
    -1.891431635235));
#3314 = CARTESIAN_POINT('',(0.783505589385,5.6747989871E-07,
    -1.93143027019));
#3315 = CARTESIAN_POINT('',(0.765381918529,6.8331765829E-07,
    -1.520967893906));
#3316 = CARTESIAN_POINT('',(0.765380585174,-0.480934358432,
    -1.560966414586));
#3317 = CARTESIAN_POINT('',(0.429665484014,-0.961541079579,
    -1.600939588265));
#3318 = CARTESIAN_POINT('',(-0.242194221914,-1.178366765426,
    -1.641045728362));
#3319 = CARTESIAN_POINT('',(-1.010186881529,-0.874505305252,
    -1.680887030305));
#3320 = CARTESIAN_POINT('',(-1.416162057873,-2.800899757857E-05,
    -1.720967356498));
#3321 = CARTESIAN_POINT('',(-1.009992368761,0.874543145921,
    -1.761047685367));
#3322 = CARTESIAN_POINT('',(-0.242385003363,1.178351195112,
    -1.800888985554));
#3323 = CARTESIAN_POINT('',(0.429729463519,0.961544269163,
    -1.840995126349));
#3324 = CARTESIAN_POINT('',(0.765382015941,0.480935656737,
    -1.880968299905));
#3325 = CARTESIAN_POINT('',(0.765380639669,6.149875422E-07,
    -1.920966820579));
#3326 = CARTESIAN_POINT('',(0.752608708057,7.2051703429E-07,
    -1.503257487727));
#3327 = CARTESIAN_POINT('',(0.752607509739,-0.47291043317,
    -1.543255927868));
#3328 = CARTESIAN_POINT('',(0.42249496144,-0.945476398006,
    -1.583227641056));
#3329 = CARTESIAN_POINT('',(-0.238149745646,-1.158741731606,
    -1.623339559699));
#3330 = CARTESIAN_POINT('',(-0.993338526874,-0.859873120187,
    -1.663172221659));
#3331 = CARTESIAN_POINT('',(-1.392509199639,-2.637610439599E-05,
    -1.703256921149));
#3332 = CARTESIAN_POINT('',(-0.993156512527,0.859908361839,
    -1.743341623144));
#3333 = CARTESIAN_POINT('',(-0.238328675237,1.158727099243,
    -1.78317428346));
#3334 = CARTESIAN_POINT('',(0.422554695228,0.945479471393,
    -1.823286202758));
#3335 = CARTESIAN_POINT('',(0.752608753791,0.472911802154,
    -1.863257915829));
#3336 = CARTESIAN_POINT('',(0.752607510219,6.4846687201E-07,
    -1.903256355965));
#3337 = CARTESIAN_POINT('',(0.747991233087,7.3396346467E-07,
    -1.481432885308));
#3338 = CARTESIAN_POINT('',(0.747990180824,-0.470009831862,
    -1.521431296336));
#3339 = CARTESIAN_POINT('',(0.419904670031,-0.939669178938,
    -1.56140248156));
#3340 = CARTESIAN_POINT('',(-0.236692899136,-1.151646980335,
    -1.601516489133));
#3341 = CARTESIAN_POINT('',(-0.987242540162,-0.854584763268,
    -1.641346027742));
#3342 = CARTESIAN_POINT('',(-1.38395883192,-2.430689887176E-05,
    -1.681432308227));
#3343 = CARTESIAN_POINT('',(-0.987075857136,0.854616883301,
    -1.721518591007));
#3344 = CARTESIAN_POINT('',(-0.236857129089,1.151633523329,
    -1.76134812811));
#3345 = CARTESIAN_POINT('',(0.419959249222,0.939672074574,
    -1.801462136283));
#3346 = CARTESIAN_POINT('',(0.747991233452,0.470011226394,-1.8414333214)
  );
#3347 = CARTESIAN_POINT('',(0.747990135091,6.6056852854E-07,
    -1.881431732423));
#3348 = CARTESIAN_POINT('',(0.752606711188,7.205199466E-07,
    -1.459607860503));
#3349 = CARTESIAN_POINT('',(0.752605788091,-0.472909241487,
    -1.499606300633));
#3350 = CARTESIAN_POINT('',(0.4224990187,-0.945474204225,-1.539578013594
    ));
#3351 = CARTESIAN_POINT('',(-0.238163883116,-1.158737633567,
    -1.57968993315));
#3352 = CARTESIAN_POINT('',(-0.993320723347,-0.859874034838,
    -1.619522593689));
#3353 = CARTESIAN_POINT('',(-1.3925056868,-2.219035057974E-05,
    -1.659607294038));
#3354 = CARTESIAN_POINT('',(-0.993169313393,0.859903100561,
    -1.699691996473));
#3355 = CARTESIAN_POINT('',(-0.238313334664,1.15872536814,
    -1.739524655644));
#3356 = CARTESIAN_POINT('',(0.422548507457,0.945476893416,
    -1.779636575745));
#3357 = CARTESIAN_POINT('',(0.752606681387,0.472910610476,
    -1.819608288608));
#3358 = CARTESIAN_POINT('',(0.752605713036,6.4846923162E-07,
    -1.859606728733));
#3359 = CARTESIAN_POINT('',(0.765378301185,6.8332293299E-07,
    -1.441896285709));
#3360 = CARTESIAN_POINT('',(0.765377466398,-0.480932199691,
    -1.481894806366));
#3361 = CARTESIAN_POINT('',(0.429672833768,-0.961537105531,
    -1.521867979635));
#3362 = CARTESIAN_POINT('',(-0.242219832041,-1.178359341799,
    -1.561974121385));
#3363 = CARTESIAN_POINT('',(-1.010154630315,-0.874506962148,
    -1.601815420754));
#3364 = CARTESIAN_POINT('',(-1.41615569434,-2.04264747411E-05,
    -1.641895748504));
#3365 = CARTESIAN_POINT('',(-1.01001555762,0.874533615079,-1.68197607817
    ));
#3366 = CARTESIAN_POINT('',(-0.242357213807,1.178348059207,
    -1.721817376282));
#3367 = CARTESIAN_POINT('',(0.429718254327,0.96153959914,-1.761923518533
    ));
#3368 = CARTESIAN_POINT('',(0.765378261765,0.480933498006,
    -1.801896691713));
#3369 = CARTESIAN_POINT('',(0.76537738406,6.1499181736E-07,
    -1.841895212366));
#3370 = CARTESIAN_POINT('',(0.783502341343,6.3053798663E-07,
    -1.431431260705));
#3371 = CARTESIAN_POINT('',(0.783501539381,-0.492317481201,
    -1.471429895638));
#3372 = CARTESIAN_POINT('',(0.439851385166,-0.984331707054,
    -1.511405141216));
#3373 = CARTESIAN_POINT('',(-0.247970626056,-1.206204664837,
    -1.551503083735));
#3374 = CARTESIAN_POINT('',(-1.034048563649,-0.895271331922,
    -1.591356642407));
#3375 = CARTESIAN_POINT('',(-1.449717129754,-1.933008255139E-05,
    -1.631430764985));
#3376 = CARTESIAN_POINT('',(-1.033916713448,0.895296636417,
    -1.671504889378));
#3377 = CARTESIAN_POINT('',(-0.248100786383,1.20619398152,
    -1.711358446858));
#3378 = CARTESIAN_POINT('',(0.439894475619,0.984334052234,
    -1.751456389852));
#3379 = CARTESIAN_POINT('',(0.783502313657,0.492318679224,
    -1.791431635346));
#3380 = CARTESIAN_POINT('',(0.783501472093,5.674853048E-07,
    -1.831430270275));
#3381 = ADVANCED_FACE('',(#3382),#3427,.T.);
#3382 = FACE_BOUND('',#3383,.T.);
#3383 = EDGE_LOOP('',(#3384,#3385,#3416));
#3384 = ORIENTED_EDGE('',*,*,#3101,.F.);
#3385 = ORIENTED_EDGE('',*,*,#3386,.F.);
#3386 = EDGE_CURVE('',#3387,#3025,#3389,.T.);
#3387 = VERTEX_POINT('',#3388);
#3388 = CARTESIAN_POINT('',(-0.64677107596,0.762684191066,
    -1.393801817871));
#3389 = B_SPLINE_CURVE_WITH_KNOTS('',7,(#3390,#3391,#3392,#3393,#3394,
    #3395,#3396,#3397,#3398,#3399,#3400,#3401,#3402,#3403,#3404,#3405,
    #3406,#3407,#3408,#3409,#3410,#3411,#3412,#3413,#3414,#3415),
  .UNSPECIFIED.,.F.,.F.,(8,6,6,6,8),(0.,0.221076222057,0.42771347272,
    0.62740926661,1.),.UNSPECIFIED.);
#3390 = CARTESIAN_POINT('',(-0.64677107596,0.762684191066,
    -1.393801817871));
#3391 = CARTESIAN_POINT('',(-0.594393654789,0.807101266238,
    -1.402982141164));
#3392 = CARTESIAN_POINT('',(-0.538284118816,0.84746872707,
    -1.412404025534));
#3393 = CARTESIAN_POINT('',(-0.478794260019,0.883402653185,
    -1.422025231046));
#3394 = CARTESIAN_POINT('',(-0.416326289786,0.914551012799,
    -1.431801458039));
#3395 = CARTESIAN_POINT('',(-0.351330180091,0.940603287706,
    -1.44168737666));
#3396 = CARTESIAN_POINT('',(-0.284301004665,0.961300098246,
    -1.451637656411));
#3397 = CARTESIAN_POINT('',(-0.151727055241,0.990596553527,
    -1.470927150311));
#3398 = CARTESIAN_POINT('',(-8.636768212435E-02,0.999898885676,
    -1.480264325615));
#3399 = CARTESIAN_POINT('',(-2.013731777923E-02,1.004187431896,
    -1.489582888427));
#3400 = CARTESIAN_POINT('',(4.649982521248E-02,1.003349054527,
    -1.498847934009));
#3401 = CARTESIAN_POINT('',(0.113061053754,0.997324748865,
    -1.508026140638));
#3402 = CARTESIAN_POINT('',(0.179051769343,0.986114520947,
    -1.517085624186));
#3403 = CARTESIAN_POINT('',(0.306711484307,0.953998650608,
    -1.534606646595));
#3404 = CARTESIAN_POINT('',(0.368455129524,0.933430366208,
    -1.543078551087));
#3405 = CARTESIAN_POINT('',(0.428751219365,0.908135001658,
    -1.551383713541));
#3406 = CARTESIAN_POINT('',(0.487151565481,0.87822437796,-1.559496324322
    ));
#3407 = CARTESIAN_POINT('',(0.54321878009,0.843865044343,-1.567392337734
    ));
#3408 = CARTESIAN_POINT('',(0.59653350544,0.805278775014,-1.57504925296)
  );
#3409 = CARTESIAN_POINT('',(0.740304933046,0.683380297477,
    -1.596246487536));
#3410 = CARTESIAN_POINT('',(0.823018189939,0.590215563238,
    -1.609150452243));
#3411 = CARTESIAN_POINT('',(0.892178919665,0.485086986152,-1.62100673123
    ));
#3412 = CARTESIAN_POINT('',(0.945650883625,0.370462757452,
    -1.631711283808));
#3413 = CARTESIAN_POINT('',(0.981886722422,0.249221416173,
    -1.641190969088));
#3414 = CARTESIAN_POINT('',(0.999999999998,0.124602244462,
    -1.649421271656));
#3415 = CARTESIAN_POINT('',(1.,2.760522E-11,-1.656410395797));
#3416 = ORIENTED_EDGE('',*,*,#3417,.T.);
#3417 = EDGE_CURVE('',#3387,#3102,#3418,.T.);
#3418 = B_SPLINE_CURVE_WITH_KNOTS('',7,(#3419,#3420,#3421,#3422,#3423,
    #3424,#3425,#3426),.UNSPECIFIED.,.F.,.F.,(8,8),(0.,3.147952414045),
  .PIECEWISE_BEZIER_KNOTS.);
#3419 = CARTESIAN_POINT('',(-1.053417310066,-5.9465067404E-07,
    -1.331430620926));
#3420 = CARTESIAN_POINT('',(-1.053417942272,0.412182254017,
    -1.360002322172));
#3421 = CARTESIAN_POINT('',(-0.837571792574,0.824548960557,
    -1.388589358933));
#3422 = CARTESIAN_POINT('',(-0.406204810737,1.102191085157,
    -1.417108396472));
#3423 = CARTESIAN_POINT('',(0.136325037277,1.102191577489,
    -1.445753485004));
#3424 = CARTESIAN_POINT('',(0.567617953926,0.824549515112,
    -1.474272522655));
#3425 = CARTESIAN_POINT('',(0.783506267798,0.412183479199,
    -1.502859559355));
#3426 = CARTESIAN_POINT('',(0.783506916112,6.3053131383E-07,
    -1.5314312606));
#3427 = B_SPLINE_SURFACE_WITH_KNOTS('',1,7,(
    (#3428,#3429,#3430,#3431,#3432,#3433,#3434,#3435)
    ,(#3436,#3437,#3438,#3439,#3440,#3441,#3442,#3443
  )),.UNSPECIFIED.,.F.,.F.,.F.,(2,2),(8,8),(0.,0.28),(0.,3.147952414045)
  ,.PIECEWISE_BEZIER_KNOTS.);
#3428 = CARTESIAN_POINT('',(-1.295910413921,7.138567826E-08,
    -1.471420244049));
#3429 = CARTESIAN_POINT('',(-1.295910923461,0.521038287302,
    -1.499991639874));
#3430 = CARTESIAN_POINT('',(-1.023065086311,1.042062624003,
    -1.528561194028));
#3431 = CARTESIAN_POINT('',(-0.47785235875,1.39332667442,-1.557138914414
    ));
#3432 = CARTESIAN_POINT('',(0.207990137161,1.393326824144,
    -1.585701496789));
#3433 = CARTESIAN_POINT('',(0.753092451671,1.042061944231,
    -1.614279217339));
#3434 = CARTESIAN_POINT('',(1.025999925989,0.521038140222,
    -1.642848771404));
#3435 = CARTESIAN_POINT('',(1.026000433594,-7.569476557E-08,
    -1.671420167227));
#3436 = CARTESIAN_POINT('',(-1.053417310066,-5.9465067404E-07,
    -1.331430620926));
#3437 = CARTESIAN_POINT('',(-1.053417942272,0.412182254017,
    -1.360002322172));
#3438 = CARTESIAN_POINT('',(-0.837571792574,0.824548960557,
    -1.388589358933));
#3439 = CARTESIAN_POINT('',(-0.406204810737,1.102191085157,
    -1.417108396472));
#3440 = CARTESIAN_POINT('',(0.136325037277,1.102191577489,
    -1.445753485004));
#3441 = CARTESIAN_POINT('',(0.567617953926,0.824549515112,
    -1.474272522655));
#3442 = CARTESIAN_POINT('',(0.783506267798,0.412183479199,
    -1.502859559355));
#3443 = CARTESIAN_POINT('',(0.783506916112,6.3053131383E-07,
    -1.5314312606));
#3444 = ADVANCED_FACE('',(#3445),#3548,.T.);
#3445 = FACE_BOUND('',#3446,.T.);
#3446 = EDGE_LOOP('',(#3447,#3448,#3449,#3457,#3464,#3465,#3502,#3547));
#3447 = ORIENTED_EDGE('',*,*,#3151,.F.);
#3448 = ORIENTED_EDGE('',*,*,#3189,.F.);
#3449 = ORIENTED_EDGE('',*,*,#3450,.T.);
#3450 = EDGE_CURVE('',#3183,#3451,#3453,.T.);
#3451 = VERTEX_POINT('',#3452);
#3452 = CARTESIAN_POINT('',(1.,0.,-1.241421356237));
#3453 = LINE('',#3454,#3455);
#3454 = CARTESIAN_POINT('',(1.,0.,-4.8));
#3455 = VECTOR('',#3456,1.);
#3456 = DIRECTION('',(0.,0.,1.));
#3457 = ORIENTED_EDGE('',*,*,#3458,.F.);
#3458 = EDGE_CURVE('',#3451,#3451,#3459,.T.);
#3459 = CIRCLE('',#3460,1.);
#3460 = AXIS2_PLACEMENT_3D('',#3461,#3462,#3463);
#3461 = CARTESIAN_POINT('',(0.,0.,-1.241421356237));
#3462 = DIRECTION('',(0.,0.,1.));
#3463 = DIRECTION('',(1.,0.,-0.));
#3464 = ORIENTED_EDGE('',*,*,#3450,.F.);
#3465 = ORIENTED_EDGE('',*,*,#3466,.T.);
#3466 = EDGE_CURVE('',#3183,#3467,#3469,.T.);
#3467 = VERTEX_POINT('',#3468);
#3468 = CARTESIAN_POINT('',(-0.647066628509,0.762433458257,
    -1.293776788995));
#3469 = B_SPLINE_CURVE_WITH_KNOTS('',7,(#3470,#3471,#3472,#3473,#3474,
    #3475,#3476,#3477,#3478,#3479,#3480,#3481,#3482,#3483,#3484,#3485,
    #3486,#3487,#3488,#3489,#3490,#3491,#3492,#3493,#3494,#3495,#3496,
    #3497,#3498,#3499,#3500,#3501),.UNSPECIFIED.,.F.,.F.,(8,6,6,6,6,8),(
    0.,2.941395031628E-02,0.409563461323,0.603941579851,0.794478602989,
    1.),.UNSPECIFIED.);
#3470 = CARTESIAN_POINT('',(1.,4.32493E-12,-1.306423073159));
#3471 = CARTESIAN_POINT('',(1.,9.791814486075E-03,-1.305873829347));
#3472 = CARTESIAN_POINT('',(0.999888140449,1.958393916841E-02,
    -1.305332234595));
#3473 = CARTESIAN_POINT('',(0.999664408559,2.937478818695E-02,
    -1.304798288082));
#3474 = CARTESIAN_POINT('',(0.999328821414,3.916277602064E-02,
    -1.304271987466));
#3475 = CARTESIAN_POINT('',(0.998881425971,4.894631749181E-02,
    -1.30375332888));
#3476 = CARTESIAN_POINT('',(0.99832229906,5.872382776612E-02,
    -1.303242306933));
#3477 = CARTESIAN_POINT('',(0.988982670243,0.194761041421,
    -1.296233011742));
#3478 = CARTESIAN_POINT('',(0.961663899987,0.319828435518,
    -1.290997779935));
#3479 = CARTESIAN_POINT('',(0.915896451711,0.440135149936,-1.28702817616
    ));
#3480 = CARTESIAN_POINT('',(0.852829597744,0.552342160571,
    -1.284255694832));
#3481 = CARTESIAN_POINT('',(0.774291855771,0.653536355061,
    -1.282563898613));
#3482 = CARTESIAN_POINT('',(0.682718613587,0.741279242778,
    -1.281808221023));
#3483 = CARTESIAN_POINT('',(0.52909429529,0.850962820348,-1.281816632788
    ));
#3484 = CARTESIAN_POINT('',(0.474465336808,0.884119692751,-1.28201852846
    ));
#3485 = CARTESIAN_POINT('',(0.417562442338,0.913099046132,
    -1.282396336051));
#3486 = CARTESIAN_POINT('',(0.358784594408,0.937726517125,
    -1.282925292913));
#3487 = CARTESIAN_POINT('',(0.298543660733,0.957878196666,
    -1.283579144623));
#3488 = CARTESIAN_POINT('',(0.237258088927,0.973479954642,
    -1.284330278028));
#3489 = CARTESIAN_POINT('',(0.114658542986,0.995315674275,
    -1.285953234935));
#3490 = CARTESIAN_POINT('',(5.336581575539E-02,1.001729253989,
    -1.286822398956));
#3491 = CARTESIAN_POINT('',(-8.137874718257E-03,1.003723819919,
    -1.287730248872));
#3492 = CARTESIAN_POINT('',(-6.946525755925E-02,1.001321792848,
    -1.288648485631));
#3493 = CARTESIAN_POINT('',(-0.130239890762,0.994588230704,
    -1.289547936303));
#3494 = CARTESIAN_POINT('',(-0.190100555157,0.983627361157,
    -1.290398881792));
#3495 = CARTESIAN_POINT('',(-0.311919612939,0.952347430271,
    -1.292004639101));
#3496 = CARTESIAN_POINT('',(-0.373675744526,0.931359366263,
    -1.292746670953));
#3497 = CARTESIAN_POINT('',(-0.433545359,0.905790334648,-1.293360090533)
  );
#3498 = CARTESIAN_POINT('',(-0.491133426381,0.875861262406,
    -1.293807354524));
#3499 = CARTESIAN_POINT('',(-0.546080486026,0.841831508298,
    -1.294051929042));
#3500 = CARTESIAN_POINT('',(-0.598064561825,0.80399178014,
    -1.294059452839));
#3501 = CARTESIAN_POINT('',(-0.646803077385,0.762657052079,
    -1.293798900485));
#3502 = ORIENTED_EDGE('',*,*,#3503,.T.);
#3503 = EDGE_CURVE('',#3467,#3387,#3504,.T.);
#3504 = B_SPLINE_CURVE_WITH_KNOTS('',6,(#3505,#3506,#3507,#3508,#3509,
    #3510,#3511,#3512,#3513,#3514,#3515,#3516,#3517,#3518,#3519,#3520,
    #3521,#3522,#3523,#3524,#3525,#3526,#3527,#3528,#3529,#3530,#3531,
    #3532,#3533,#3534,#3535,#3536,#3537,#3538,#3539,#3540,#3541,#3542,
    #3543,#3544,#3545,#3546),.UNSPECIFIED.,.F.,.F.,(7,5,5,5,5,5,5,5,7),(
    0.,0.25567669961,0.367525342645,0.414313107315,0.498498231666,
    0.602495980507,0.669142848171,0.880360414877,1.),.UNSPECIFIED.);
#3505 = CARTESIAN_POINT('',(-0.647066628509,0.762433458257,
    -1.293776788995));
#3506 = CARTESIAN_POINT('',(-0.674242192792,0.739369936362,
    -1.293627665724));
#3507 = CARTESIAN_POINT('',(-0.699985272177,0.715522618149,
    -1.293906004166));
#3508 = CARTESIAN_POINT('',(-0.724127058357,0.691157530226,
    -1.294626301298));
#3509 = CARTESIAN_POINT('',(-0.746430079533,0.666687580233,
    -1.295820381802));
#3510 = CARTESIAN_POINT('',(-0.766621970584,0.642730002277,
    -1.297534436813));
#3511 = CARTESIAN_POINT('',(-0.792020058805,0.610622181756,
    -1.300890275732));
#3512 = CARTESIAN_POINT('',(-0.79926239502,0.601166580554,
    -1.302029812984));
#3513 = CARTESIAN_POINT('',(-0.805983087306,0.592118856042,
    -1.303295544731));
#3514 = CARTESIAN_POINT('',(-0.812134644736,0.58360217088,
    -1.304696784323));
#3515 = CARTESIAN_POINT('',(-0.817660579239,0.575763452188,
    -1.306242698284));
#3516 = CARTESIAN_POINT('',(-0.824523394584,0.565839055312,
    -1.308651113825));
#3517 = CARTESIAN_POINT('',(-0.826427129984,0.563059272257,
    -1.309387994165));
#3518 = CARTESIAN_POINT('',(-0.828205775613,0.560439096922,
    -1.310151938842));
#3519 = CARTESIAN_POINT('',(-0.829854642458,0.557990722008,
    -1.310943276671));
#3520 = CARTESIAN_POINT('',(-0.831369078694,0.555726215142,
    -1.311762150146));
#3521 = CARTESIAN_POINT('',(-0.835219207736,0.549935318138,
    -1.314131378703));
#3522 = CARTESIAN_POINT('',(-0.837244378426,0.546845919453,
    -1.315743464927));
#3523 = CARTESIAN_POINT('',(-0.838792818716,0.544458715532,
    -1.317443822973));
#3524 = CARTESIAN_POINT('',(-0.839842098304,0.542831646781,
    -1.319228982255));
#3525 = CARTESIAN_POINT('',(-0.840378945182,0.5419992902,-1.321092139157
    ));
#3526 = CARTESIAN_POINT('',(-0.840434216351,0.541913582744,
    -1.325406813414));
#3527 = CARTESIAN_POINT('',(-0.839683180836,0.543077892103,-1.3278946149
    ));
#3528 = CARTESIAN_POINT('',(-0.838150321152,0.545456489154,
    -1.330464955207));
#3529 = CARTESIAN_POINT('',(-0.83586731645,0.548968338648,
    -1.333094658759));
#3530 = CARTESIAN_POINT('',(-0.832884035579,0.553485639897,
    -1.335760976212));
#3531 = CARTESIAN_POINT('',(-0.826929014312,0.562321726511,
    -1.34016405927));
#3532 = CARTESIAN_POINT('',(-0.824337451088,0.566129934214,
    -1.341891121389));
#3533 = CARTESIAN_POINT('',(-0.821493654404,0.57026023672,
    -1.343620922725));
#3534 = CARTESIAN_POINT('',(-0.818411293607,0.574677167171,
    -1.34534947203));
#3535 = CARTESIAN_POINT('',(-0.815103304653,0.579347002599,
    -1.347073474134));
#3536 = CARTESIAN_POINT('',(-0.800418209346,0.599746405593,
    -1.354231523099));
#3537 = CARTESIAN_POINT('',(-0.787116661303,0.61747467561,
    -1.359594673367));
#3538 = CARTESIAN_POINT('',(-0.772019949813,0.636493878703,
    -1.364811582502));
#3539 = CARTESIAN_POINT('',(-0.755373813945,0.65615756341,
    -1.369840997596));
#3540 = CARTESIAN_POINT('',(-0.737362244676,0.676065220201,
    -1.374661810866));
#3541 = CARTESIAN_POINT('',(-0.707165234253,0.707222384009,
    -1.381871551163));
#3542 = CARTESIAN_POINT('',(-0.695845722382,0.718477340767,
    -1.384407196406));
#3543 = CARTESIAN_POINT('',(-0.684150884315,0.729667763406,
    -1.386868422076));
#3544 = CARTESIAN_POINT('',(-0.672103584923,0.740750742893,
    -1.389252512674));
#3545 = CARTESIAN_POINT('',(-0.659725388639,0.751690987033,
    -1.39155696611));
#3546 = CARTESIAN_POINT('',(-0.64703719126,0.762458440261,
    -1.393779435603));
#3547 = ORIENTED_EDGE('',*,*,#3386,.T.);
#3548 = CYLINDRICAL_SURFACE('',#3549,1.);
#3549 = AXIS2_PLACEMENT_3D('',#3550,#3551,#3552);
#3550 = CARTESIAN_POINT('',(0.,0.,-4.8));
#3551 = DIRECTION('',(0.,0.,1.));
#3552 = DIRECTION('',(1.,0.,-0.));
#3553 = ADVANCED_FACE('',(#3554),#3570,.T.);
#3554 = FACE_BOUND('',#3555,.T.);
#3555 = EDGE_LOOP('',(#3556,#3568,#3569));
#3556 = ORIENTED_EDGE('',*,*,#3557,.F.);
#3557 = EDGE_CURVE('',#3467,#3167,#3558,.T.);
#3558 = ( BOUNDED_CURVE() B_SPLINE_CURVE(8,(#3559,#3560,#3561,#3562,
    #3563,#3564,#3565,#3566,#3567),.UNSPECIFIED.,.F.,.F.) 
B_SPLINE_CURVE_WITH_KNOTS((9,9),(0.,3.147952414045),
.PIECEWISE_BEZIER_KNOTS.) CURVE() GEOMETRIC_REPRESENTATION_ITEM() 
RATIONAL_B_SPLINE_CURVE((1.056590953773,1.056590953773,1.056590953773,
    1.056590953773,1.056590953773,1.056590953773,1.056590953773,
1.056590953773,1.056590953773)) REPRESENTATION_ITEM('') );
#3559 = CARTESIAN_POINT('',(-1.053413030767,-5.9465661179E-07,
    -1.231430621017));
#3560 = CARTESIAN_POINT('',(-1.053413473744,0.360657659042,
    -1.256430859613));
#3561 = CARTESIAN_POINT('',(-0.891524324244,0.721453759381,
    -1.281442600071));
#3562 = CARTESIAN_POINT('',(-0.567936759016,0.997040725448,
    -1.306413757097));
#3563 = CARTESIAN_POINT('',(-0.13499941951,1.104068971697,
    -1.331430940927));
#3564 = CARTESIAN_POINT('',(0.298086376016,0.997041262512,
    -1.356448124528));
#3565 = CARTESIAN_POINT('',(0.621591745253,0.721454580546,
    -1.381419281682));
#3566 = CARTESIAN_POINT('',(0.783501884272,0.360658884236,-1.40643102211
    ));
#3567 = CARTESIAN_POINT('',(0.783502341343,6.3053798521E-07,
    -1.431431260705));
#3568 = ORIENTED_EDGE('',*,*,#3466,.F.);
#3569 = ORIENTED_EDGE('',*,*,#3182,.F.);
#3570 = B_SPLINE_SURFACE_WITH_KNOTS('',1,7,(
    (#3571,#3572,#3573,#3574,#3575,#3576,#3577,#3578)
    ,(#3579,#3580,#3581,#3582,#3583,#3584,#3585,#3586
  )),.UNSPECIFIED.,.F.,.F.,.F.,(2,2),(8,8),(0.,0.28),(0.,3.147952414045)
  ,.PIECEWISE_BEZIER_KNOTS.);
#3571 = CARTESIAN_POINT('',(-1.053413030767,-5.9465661184E-07,
    -1.231430621017));
#3572 = CARTESIAN_POINT('',(-1.053413537026,0.412180266713,
    -1.260002322269));
#3573 = CARTESIAN_POINT('',(-0.837561253317,0.824544923604,
    -1.288589359338));
#3574 = CARTESIAN_POINT('',(-0.406209183123,1.102185792559,
    -1.317108395825));
#3575 = CARTESIAN_POINT('',(0.136318048531,1.102186239968,
    -1.345753485863));
#3576 = CARTESIAN_POINT('',(0.567621720678,0.824545610092,
    -1.374272522424));
#3577 = CARTESIAN_POINT('',(0.783501818976,0.412181491908,
    -1.402859559454));
#3578 = CARTESIAN_POINT('',(0.783502341343,6.3053798527E-07,
    -1.431431260705));
#3579 = CARTESIAN_POINT('',(-1.295894152585,7.136311453E-08,
    -1.091420244397));
#3580 = CARTESIAN_POINT('',(-1.295894183524,0.521030735548,
    -1.119991640243));
#3581 = CARTESIAN_POINT('',(-1.023025037135,1.042047283581,
    -1.14856119557));
#3582 = CARTESIAN_POINT('',(-0.477868973816,1.393306562547,
    -1.177138911957));
#3583 = CARTESIAN_POINT('',(0.207963579924,1.393306541562,
    -1.205701500056));
#3584 = CARTESIAN_POINT('',(0.753106765329,1.042047105155,
    -1.234279216463));
#3585 = CARTESIAN_POINT('',(1.025983020465,0.521030588516,
    -1.262848771779));
#3586 = CARTESIAN_POINT('',(1.025983049471,-7.566941407E-08,
    -1.291420167625));
#3587 = ADVANCED_FACE('',(#3588),#3594,.T.);
#3588 = FACE_BOUND('',#3589,.T.);
#3589 = EDGE_LOOP('',(#3590,#3591,#3592,#3593));
#3590 = ORIENTED_EDGE('',*,*,#3417,.F.);
#3591 = ORIENTED_EDGE('',*,*,#3503,.F.);
#3592 = ORIENTED_EDGE('',*,*,#3557,.T.);
#3593 = ORIENTED_EDGE('',*,*,#3292,.F.);
#3594 = ( BOUNDED_SURFACE() B_SPLINE_SURFACE(6,8,(
    (#3595,#3596,#3597,#3598,#3599,#3600,#3601,#3602,#3603)
    ,(#3604,#3605,#3606,#3607,#3608,#3609,#3610,#3611,#3612)
    ,(#3613,#3614,#3615,#3616,#3617,#3618,#3619,#3620,#3621)
    ,(#3622,#3623,#3624,#3625,#3626,#3627,#3628,#3629,#3630)
    ,(#3631,#3632,#3633,#3634,#3635,#3636,#3637,#3638,#3639)
    ,(#3640,#3641,#3642,#3643,#3644,#3645,#3646,#3647,#3648)
    ,(#3649,#3650,#3651,#3652,#3653,#3654,#3655,#3656,#3657
)),.UNSPECIFIED.,.F.,.F.,.F.) B_SPLINE_SURFACE_WITH_KNOTS((7,7),(9,9),(
    0.,2.094395102393),(0.,3.147952414045),.PIECEWISE_BEZIER_KNOTS.) 
GEOMETRIC_REPRESENTATION_ITEM() RATIONAL_B_SPLINE_SURFACE((
    (1.056590953773,1.056590953773,1.056590953773,1.056590953773
      ,1.056590953773,1.056590953773,1.056590953773,1.056590953773
      ,1.056590953773)
    ,(1.017435169568,1.017435169568,1.017435169568,1.017435169568
      ,1.017435169568,1.017435169568,1.017435169568,1.017435169568
      ,1.017435169568)
    ,(0.996326512422,0.996326512422,0.996326512422,0.996326512422
      ,0.996326512422,0.996326512422,0.996326512422,0.996326512422
      ,0.996326512422)
    ,(0.989390034249,0.989390034249,0.989390034249,0.989390034249
      ,0.989390034249,0.989390034249,0.989390034249,0.989390034249
      ,0.989390034249)
    ,(0.996326512422,0.996326512422,0.996326512422,0.996326512422
      ,0.996326512422,0.996326512422,0.996326512422,0.996326512422
      ,0.996326512422)
    ,(1.017435169568,1.017435169568,1.017435169568,1.017435169568
      ,1.017435169568,1.017435169568,1.017435169568,1.017435169568
      ,1.017435169568)
    ,(1.056590953773,1.056590953773,1.056590953773,1.056590953773
      ,1.056590953773,1.056590953773,1.056590953773,1.056590953773
,1.056590953773))) REPRESENTATION_ITEM('') SURFACE() );
#3595 = CARTESIAN_POINT('',(-1.053417310066,-5.9465067381E-07,
    -1.331430620926));
#3596 = CARTESIAN_POINT('',(-1.053417863247,0.360659397933,
    -1.356430859516));
#3597 = CARTESIAN_POINT('',(-0.891533329998,0.721457283922,
    -1.381442599743));
#3598 = CARTESIAN_POINT('',(-0.567922479053,0.997045547162,
    -1.406413757326));
#3599 = CARTESIAN_POINT('',(-0.135022080782,1.104074286789,
    -1.431430940862));
#3600 = CARTESIAN_POINT('',(0.298104830893,0.997046062827,
    -1.456448124055));
#3601 = CARTESIAN_POINT('',(0.621590032394,0.721458006134,-1.48141928183
    ));
#3602 = CARTESIAN_POINT('',(0.783506348837,0.360660623115,
    -1.506431022011));
#3603 = CARTESIAN_POINT('',(0.783506916112,6.3053131394E-07,
    -1.5314312606));
#3604 = CARTESIAN_POINT('',(-1.035292343398,-6.4443306552E-07,
    -1.320967200677));
#3605 = CARTESIAN_POINT('',(-1.035292904602,0.35354007388,
    -1.345967459243));
#3606 = CARTESIAN_POINT('',(-0.876603671929,0.707229770382,
    -1.370980182366));
#3607 = CARTESIAN_POINT('',(-0.559377864798,0.977348463668,
    -1.395948925255));
#3608 = CARTESIAN_POINT('',(-0.135019771216,1.082313452079,
    -1.420967547388));
#3609 = CARTESIAN_POINT('',(0.289556679999,0.977349029935,
    -1.445986169189));
#3610 = CARTESIAN_POINT('',(0.606661415343,0.70723058743,-1.470954912263
    ));
#3611 = CARTESIAN_POINT('',(0.765381342051,0.353541401631,
    -1.495967635342));
#3612 = CARTESIAN_POINT('',(0.765381918529,6.8331765701E-07,
    -1.520967893906));
#3613 = CARTESIAN_POINT('',(-1.022519185256,-6.7951547295E-07,
    -1.303256756757));
#3614 = CARTESIAN_POINT('',(-1.022519740721,0.348522886132,-1.3282570294
    ));
#3615 = CARTESIAN_POINT('',(-0.866081768319,0.697203236613,
    -1.353270445197));
#3616 = CARTESIAN_POINT('',(-0.553357926815,0.963467374238,
    -1.378237486385));
#3617 = CARTESIAN_POINT('',(-0.135015801197,1.066977980269,
    -1.403257122333));
#3618 = CARTESIAN_POINT('',(0.283530865988,0.963467978376,
    -1.428276757967));
#3619 = CARTESIAN_POINT('',(0.596141353308,0.69720413072,-1.453243799329
    ));
#3620 = CARTESIAN_POINT('',(0.752608136486,0.348524286165,
    -1.478257215086));
#3621 = CARTESIAN_POINT('',(0.752608708057,7.2051703343E-07,
    -1.503257487727));
#3622 = CARTESIAN_POINT('',(-1.017901774771,-6.9219662924E-07,
    -1.281432140696));
#3623 = CARTESIAN_POINT('',(-1.017902311165,0.346709197664,
    -1.306432418427));
#3624 = CARTESIAN_POINT('',(-0.862277325855,0.693578686792,
    -1.331446084621));
#3625 = CARTESIAN_POINT('',(-0.551184273357,0.958449427657,
    -1.356412510658));
#3626 = CARTESIAN_POINT('',(-0.135010871146,1.061434283327,
    -1.381432513085));
#3627 = CARTESIAN_POINT('',(0.281350039888,0.958450048785,
    -1.406452515225));
#3628 = CARTESIAN_POINT('',(0.592339229632,0.693579624015,
    -1.431418941422));
#3629 = CARTESIAN_POINT('',(0.747990680286,0.346710623825,
    -1.456432607578));
#3630 = CARTESIAN_POINT('',(0.747991233087,7.3396346395E-07,
    -1.481432885308));
#3631 = CARTESIAN_POINT('',(-1.022517317358,-6.7951806482E-07,
    -1.259607129528));
#3632 = CARTESIAN_POINT('',(-1.02251782472,0.348522127112,
    -1.284607402173));
#3633 = CARTESIAN_POINT('',(-0.866077837341,0.697201698164,
    -1.309620818072));
#3634 = CARTESIAN_POINT('',(-0.553364159966,0.963465269578,
    -1.334587859016));
#3635 = CARTESIAN_POINT('',(-0.135005909636,1.066975660251,
    -1.359607495092));
#3636 = CARTESIAN_POINT('',(0.283522810503,0.963465883057,
    -1.384627130905));
#3637 = CARTESIAN_POINT('',(0.596142100965,0.697202635464,
    -1.409594171996));
#3638 = CARTESIAN_POINT('',(0.75260618772,0.34852352715,-1.43460758786)
  );
#3639 = CARTESIAN_POINT('',(0.752606711188,7.2051994526E-07,
    -1.459607860503));
#3640 = CARTESIAN_POINT('',(-1.035288959688,-6.444377606E-07,
    -1.24189559247));
#3641 = CARTESIAN_POINT('',(-1.035289433751,0.353538698911,
    -1.266895851039));
#3642 = CARTESIAN_POINT('',(-0.876596550934,0.707226983471,
    -1.291908574346));
#3643 = CARTESIAN_POINT('',(-0.559389156194,0.977344651062,
    -1.316877316794));
#3644 = CARTESIAN_POINT('',(-0.135001852583,1.082309249349,
    -1.341895939159));
#3645 = CARTESIAN_POINT('',(0.28954208743,0.977345234249,-1.366914561283
    ));
#3646 = CARTESIAN_POINT('',(0.606662769728,0.707227878762,
    -1.391883303865));
#3647 = CARTESIAN_POINT('',(0.765377811847,0.353540026672,-1.41689602714
    ));
#3648 = CARTESIAN_POINT('',(0.765378301185,6.8332293213E-07,
    -1.441896285709));
#3649 = CARTESIAN_POINT('',(-1.053413030767,-5.9465661179E-07,
    -1.231430621017));
#3650 = CARTESIAN_POINT('',(-1.053413473744,0.360657659042,
    -1.256430859613));
#3651 = CARTESIAN_POINT('',(-0.891524324244,0.721453759381,
    -1.281442600071));
#3652 = CARTESIAN_POINT('',(-0.567936759016,0.997040725448,
    -1.306413757097));
#3653 = CARTESIAN_POINT('',(-0.13499941951,1.104068971697,
    -1.331430940927));
#3654 = CARTESIAN_POINT('',(0.298086376016,0.997041262512,
    -1.356448124528));
#3655 = CARTESIAN_POINT('',(0.621591745253,0.721454580546,
    -1.381419281682));
#3656 = CARTESIAN_POINT('',(0.783501884272,0.360658884236,-1.40643102211
    ));
#3657 = CARTESIAN_POINT('',(0.783502341343,6.3053798521E-07,
    -1.431431260705));
#3658 = ADVANCED_FACE('',(#3659),#3679,.F.);
#3659 = FACE_BOUND('',#3660,.T.);
#3660 = EDGE_LOOP('',(#3661,#3662,#3671,#3678));
#3661 = ORIENTED_EDGE('',*,*,#3458,.T.);
#3662 = ORIENTED_EDGE('',*,*,#3663,.T.);
#3663 = EDGE_CURVE('',#3451,#3664,#3666,.T.);
#3664 = VERTEX_POINT('',#3665);
#3665 = CARTESIAN_POINT('',(1.029289321881,0.,-1.170710678119));
#3666 = CIRCLE('',#3667,0.1);
#3667 = AXIS2_PLACEMENT_3D('',#3668,#3669,#3670);
#3668 = CARTESIAN_POINT('',(1.1,0.,-1.241421356237));
#3669 = DIRECTION('',(0.,1.,0.));
#3670 = DIRECTION('',(-1.,0.,4.44E-15));
#3671 = ORIENTED_EDGE('',*,*,#3672,.F.);
#3672 = EDGE_CURVE('',#3664,#3664,#3673,.T.);
#3673 = CIRCLE('',#3674,1.029289321881);
#3674 = AXIS2_PLACEMENT_3D('',#3675,#3676,#3677);
#3675 = CARTESIAN_POINT('',(0.,0.,-1.170710678119));
#3676 = DIRECTION('',(0.,0.,1.));
#3677 = DIRECTION('',(1.,0.,-0.));
#3678 = ORIENTED_EDGE('',*,*,#3663,.F.);
#3679 = TOROIDAL_SURFACE('',#3680,1.1,0.1);
#3680 = AXIS2_PLACEMENT_3D('',#3681,#3682,#3683);
#3681 = CARTESIAN_POINT('',(0.,0.,-1.241421356237));
#3682 = DIRECTION('',(-0.,-0.,-1.));
#3683 = DIRECTION('',(1.,0.,-0.));
#3684 = ADVANCED_FACE('',(#3685),#3704,.T.);
#3685 = FACE_BOUND('',#3686,.T.);
#3686 = EDGE_LOOP('',(#3687,#3688,#3696,#3703));
#3687 = ORIENTED_EDGE('',*,*,#3672,.T.);
#3688 = ORIENTED_EDGE('',*,*,#3689,.T.);
#3689 = EDGE_CURVE('',#3664,#3690,#3692,.T.);
#3690 = VERTEX_POINT('',#3691);
#3691 = CARTESIAN_POINT('',(1.9,0.,-0.3));
#3692 = LINE('',#3693,#3694);
#3693 = CARTESIAN_POINT('',(1.029289321881,0.,-1.170710678119));
#3694 = VECTOR('',#3695,1.);
#3695 = DIRECTION('',(0.707106781187,0.,0.707106781187));
#3696 = ORIENTED_EDGE('',*,*,#3697,.F.);
#3697 = EDGE_CURVE('',#3690,#3690,#3698,.T.);
#3698 = CIRCLE('',#3699,1.9);
#3699 = AXIS2_PLACEMENT_3D('',#3700,#3701,#3702);
#3700 = CARTESIAN_POINT('',(0.,0.,-0.3));
#3701 = DIRECTION('',(0.,0.,1.));
#3702 = DIRECTION('',(1.,0.,-0.));
#3703 = ORIENTED_EDGE('',*,*,#3689,.F.);
#3704 = CONICAL_SURFACE('',#3705,1.029289321881,0.785398163397);
#3705 = AXIS2_PLACEMENT_3D('',#3706,#3707,#3708);
#3706 = CARTESIAN_POINT('',(0.,0.,-1.170710678119));
#3707 = DIRECTION('',(0.,0.,1.));
#3708 = DIRECTION('',(1.,0.,-0.));
#3709 = ADVANCED_FACE('',(#3710),#3729,.T.);
#3710 = FACE_BOUND('',#3711,.T.);
#3711 = EDGE_LOOP('',(#3712,#3713,#3721,#3728));
#3712 = ORIENTED_EDGE('',*,*,#3697,.T.);
#3713 = ORIENTED_EDGE('',*,*,#3714,.T.);
#3714 = EDGE_CURVE('',#3690,#3715,#3717,.T.);
#3715 = VERTEX_POINT('',#3716);
#3716 = CARTESIAN_POINT('',(1.9,0.,0.));
#3717 = LINE('',#3718,#3719);
#3718 = CARTESIAN_POINT('',(1.9,0.,-0.3));
#3719 = VECTOR('',#3720,1.);
#3720 = DIRECTION('',(0.,0.,1.));
#3721 = ORIENTED_EDGE('',*,*,#3722,.F.);
#3722 = EDGE_CURVE('',#3715,#3715,#3723,.T.);
#3723 = CIRCLE('',#3724,1.9);
#3724 = AXIS2_PLACEMENT_3D('',#3725,#3726,#3727);
#3725 = CARTESIAN_POINT('',(0.,0.,0.));
#3726 = DIRECTION('',(0.,0.,1.));
#3727 = DIRECTION('',(1.,0.,-0.));
#3728 = ORIENTED_EDGE('',*,*,#3714,.F.);
#3729 = CYLINDRICAL_SURFACE('',#3730,1.9);
#3730 = AXIS2_PLACEMENT_3D('',#3731,#3732,#3733);
#3731 = CARTESIAN_POINT('',(0.,0.,-0.3));
#3732 = DIRECTION('',(0.,0.,1.));
#3733 = DIRECTION('',(1.,0.,-0.));
#3734 = ADVANCED_FACE('',(#3735,#3738),#3848,.T.);
#3735 = FACE_BOUND('',#3736,.T.);
#3736 = EDGE_LOOP('',(#3737));
#3737 = ORIENTED_EDGE('',*,*,#3722,.T.);
#3738 = FACE_BOUND('',#3739,.T.);
#3739 = EDGE_LOOP('',(#3740,#3751,#3760,#3769,#3778,#3787,#3796,#3805,
    #3814,#3823,#3832,#3841));
#3740 = ORIENTED_EDGE('',*,*,#3741,.F.);
#3741 = EDGE_CURVE('',#3742,#3744,#3746,.T.);
#3742 = VERTEX_POINT('',#3743);
#3743 = CARTESIAN_POINT('',(0.757673851631,-0.138151715343,0.));
#3744 = VERTEX_POINT('',#3745);
#3745 = CARTESIAN_POINT('',(0.757673851631,0.138151715343,0.));
#3746 = CIRCLE('',#3747,0.14);
#3747 = AXIS2_PLACEMENT_3D('',#3748,#3749,#3750);
#3748 = CARTESIAN_POINT('',(0.735,1.E-17,0.));
#3749 = DIRECTION('',(0.,-0.,1.));
#3750 = DIRECTION('',(0.161956083081,-0.986797966735,-0.));
#3751 = ORIENTED_EDGE('',*,*,#3752,.T.);
#3752 = EDGE_CURVE('',#3742,#3753,#3755,.T.);
#3753 = VERTEX_POINT('',#3754);
#3754 = CARTESIAN_POINT('',(0.498479820879,-0.587088945624,0.));
#3755 = CIRCLE('',#3756,0.335043068793);
#3756 = AXIS2_PLACEMENT_3D('',#3757,#3758,#3759);
#3757 = CARTESIAN_POINT('',(0.811936114716,-0.468771534396,0.));
#3758 = DIRECTION('',(0.,0.,1.));
#3759 = DIRECTION('',(-0.935570149136,-0.353140901122,0.));
#3760 = ORIENTED_EDGE('',*,*,#3761,.F.);
#3761 = EDGE_CURVE('',#3762,#3753,#3764,.T.);
#3762 = VERTEX_POINT('',#3763);
#3763 = CARTESIAN_POINT('',(0.259194030752,-0.725240660967,0.));
#3764 = CIRCLE('',#3765,0.14);
#3765 = AXIS2_PLACEMENT_3D('',#3766,#3767,#3768);
#3766 = CARTESIAN_POINT('',(0.3675,-0.636528671782,0.));
#3767 = DIRECTION('',(0.,0.,1.));
#3768 = DIRECTION('',(-0.773614066055,-0.633657065613,0.));
#3769 = ORIENTED_EDGE('',*,*,#3770,.T.);
#3770 = EDGE_CURVE('',#3762,#3771,#3773,.T.);
#3771 = VERTEX_POINT('',#3772);
#3772 = CARTESIAN_POINT('',(-0.259194030752,-0.725240660967,0.));
#3773 = CIRCLE('',#3774,0.335043068793);
#3774 = AXIS2_PLACEMENT_3D('',#3775,#3776,#3777);
#3775 = CARTESIAN_POINT('',(-5.E-16,-0.937543068793,0.));
#3776 = DIRECTION('',(0.,0.,1.));
#3777 = DIRECTION('',(-0.773614066055,0.633657065613,0.));
#3778 = ORIENTED_EDGE('',*,*,#3779,.F.);
#3779 = EDGE_CURVE('',#3780,#3771,#3782,.T.);
#3780 = VERTEX_POINT('',#3781);
#3781 = CARTESIAN_POINT('',(-0.498479820879,-0.587088945624,0.));
#3782 = CIRCLE('',#3783,0.14);
#3783 = AXIS2_PLACEMENT_3D('',#3784,#3785,#3786);
#3784 = CARTESIAN_POINT('',(-0.3675,-0.636528671782,0.));
#3785 = DIRECTION('',(0.,0.,1.));
#3786 = DIRECTION('',(-0.935570149136,0.353140901122,0.));
#3787 = ORIENTED_EDGE('',*,*,#3788,.T.);
#3788 = EDGE_CURVE('',#3780,#3789,#3791,.T.);
#3789 = VERTEX_POINT('',#3790);
#3790 = CARTESIAN_POINT('',(-0.757673851631,-0.138151715343,0.));
#3791 = CIRCLE('',#3792,0.335043068793);
#3792 = AXIS2_PLACEMENT_3D('',#3793,#3794,#3795);
#3793 = CARTESIAN_POINT('',(-0.811936114716,-0.468771534396,0.));
#3794 = DIRECTION('',(0.,-0.,1.));
#3795 = DIRECTION('',(0.161956083081,0.986797966735,0.));
#3796 = ORIENTED_EDGE('',*,*,#3797,.F.);
#3797 = EDGE_CURVE('',#3798,#3789,#3800,.T.);
#3798 = VERTEX_POINT('',#3799);
#3799 = CARTESIAN_POINT('',(-0.757673851631,0.138151715343,0.));
#3800 = CIRCLE('',#3801,0.14);
#3801 = AXIS2_PLACEMENT_3D('',#3802,#3803,#3804);
#3802 = CARTESIAN_POINT('',(-0.735,2.3E-16,0.));
#3803 = DIRECTION('',(0.,0.,1.));
#3804 = DIRECTION('',(-0.161956083081,0.986797966735,0.));
#3805 = ORIENTED_EDGE('',*,*,#3806,.T.);
#3806 = EDGE_CURVE('',#3798,#3807,#3809,.T.);
#3807 = VERTEX_POINT('',#3808);
#3808 = CARTESIAN_POINT('',(-0.498479820879,0.587088945624,0.));
#3809 = CIRCLE('',#3810,0.335043068793);
#3810 = AXIS2_PLACEMENT_3D('',#3811,#3812,#3813);
#3811 = CARTESIAN_POINT('',(-0.811936114716,0.468771534396,0.));
#3812 = DIRECTION('',(0.,-0.,1.));
#3813 = DIRECTION('',(0.935570149136,0.353140901122,0.));
#3814 = ORIENTED_EDGE('',*,*,#3815,.F.);
#3815 = EDGE_CURVE('',#3816,#3807,#3818,.T.);
#3816 = VERTEX_POINT('',#3817);
#3817 = CARTESIAN_POINT('',(-0.259194030752,0.725240660967,0.));
#3818 = CIRCLE('',#3819,0.14);
#3819 = AXIS2_PLACEMENT_3D('',#3820,#3821,#3822);
#3820 = CARTESIAN_POINT('',(-0.3675,0.636528671782,0.));
#3821 = DIRECTION('',(0.,0.,1.));
#3822 = DIRECTION('',(0.773614066055,0.633657065613,-0.));
#3823 = ORIENTED_EDGE('',*,*,#3824,.T.);
#3824 = EDGE_CURVE('',#3816,#3825,#3827,.T.);
#3825 = VERTEX_POINT('',#3826);
#3826 = CARTESIAN_POINT('',(0.259194030752,0.725240660967,0.));
#3827 = CIRCLE('',#3828,0.335043068793);
#3828 = AXIS2_PLACEMENT_3D('',#3829,#3830,#3831);
#3829 = CARTESIAN_POINT('',(1.8E-16,0.937543068793,0.));
#3830 = DIRECTION('',(0.,-0.,1.));
#3831 = DIRECTION('',(0.773614066055,-0.633657065613,-0.));
#3832 = ORIENTED_EDGE('',*,*,#3833,.F.);
#3833 = EDGE_CURVE('',#3834,#3825,#3836,.T.);
#3834 = VERTEX_POINT('',#3835);
#3835 = CARTESIAN_POINT('',(0.498479820879,0.587088945624,0.));
#3836 = CIRCLE('',#3837,0.14);
#3837 = AXIS2_PLACEMENT_3D('',#3838,#3839,#3840);
#3838 = CARTESIAN_POINT('',(0.3675,0.636528671782,0.));
#3839 = DIRECTION('',(0.,0.,1.));
#3840 = DIRECTION('',(0.935570149136,-0.353140901122,0.));
#3841 = ORIENTED_EDGE('',*,*,#3842,.T.);
#3842 = EDGE_CURVE('',#3834,#3744,#3843,.T.);
#3843 = CIRCLE('',#3844,0.335043068793);
#3844 = AXIS2_PLACEMENT_3D('',#3845,#3846,#3847);
#3845 = CARTESIAN_POINT('',(0.811936114716,0.468771534396,0.));
#3846 = DIRECTION('',(0.,0.,1.));
#3847 = DIRECTION('',(-0.161956083081,-0.986797966735,0.));
#3848 = PLANE('',#3849);
#3849 = AXIS2_PLACEMENT_3D('',#3850,#3851,#3852);
#3850 = CARTESIAN_POINT('',(0.,0.,0.));
#3851 = DIRECTION('',(0.,0.,1.));
#3852 = DIRECTION('',(1.,0.,-0.));
#3853 = ADVANCED_FACE('',(#3854),#3898,.F.);
#3854 = FACE_BOUND('',#3855,.F.);
#3855 = EDGE_LOOP('',(#3856,#3857,#3865,#3892));
#3856 = ORIENTED_EDGE('',*,*,#3741,.F.);
#3857 = ORIENTED_EDGE('',*,*,#3858,.T.);
#3858 = EDGE_CURVE('',#3742,#3859,#3861,.T.);
#3859 = VERTEX_POINT('',#3860);
#3860 = CARTESIAN_POINT('',(0.757673851631,-0.138151715343,
    -0.700525977723));
#3861 = LINE('',#3862,#3863);
#3862 = CARTESIAN_POINT('',(0.757673851631,-0.138151715343,0.64));
#3863 = VECTOR('',#3864,1.);
#3864 = DIRECTION('',(0.,0.,-1.));
#3865 = ORIENTED_EDGE('',*,*,#3866,.T.);
#3866 = EDGE_CURVE('',#3859,#3867,#3869,.T.);
#3867 = VERTEX_POINT('',#3868);
#3868 = CARTESIAN_POINT('',(0.757673851631,0.138151715343,
    -0.700525977723));
#3869 = B_SPLINE_CURVE_WITH_KNOTS('',6,(#3870,#3871,#3872,#3873,#3874,
    #3875,#3876,#3877,#3878,#3879,#3880,#3881,#3882,#3883,#3884,#3885,
    #3886,#3887,#3888,#3889,#3890,#3891),.UNSPECIFIED.,.F.,.F.,(7,5,5,5,
    7),(0.,0.125915259474,0.500023885497,0.87413274214,1.),
  .UNSPECIFIED.);
#3870 = CARTESIAN_POINT('',(0.757673851631,-0.138151715343,
    -0.700525977723));
#3871 = CARTESIAN_POINT('',(0.765811264445,-0.136816180056,
    -0.696042358147));
#3872 = CARTESIAN_POINT('',(0.773855772077,-0.134905218366,
    -0.691664302086));
#3873 = CARTESIAN_POINT('',(0.78175648096,-0.13242684807,-0.687414696985
    ));
#3874 = CARTESIAN_POINT('',(0.789464245803,-0.129394676025,
    -0.683314410003));
#3875 = CARTESIAN_POINT('',(0.796931669591,-0.125827898151,
    -0.679382288011));
#3876 = CARTESIAN_POINT('',(0.825449964704,-0.109639258741,
    -0.664502004881));
#3877 = CARTESIAN_POINT('',(0.844265815928,-9.30251712658E-02,
    -0.65500090082));
#3878 = CARTESIAN_POINT('',(0.859374901652,-7.255513840127E-02,
    -0.647577333461));
#3879 = CARTESIAN_POINT('',(0.869794793681,-4.929682379946E-02,
    -0.642524501229));
#3880 = CARTESIAN_POINT('',(0.875001664589,-2.464202106928E-02,
    -0.639999192717));
#3881 = CARTESIAN_POINT('',(0.874998334772,2.466094686718E-02,
    -0.640000807593));
#3882 = CARTESIAN_POINT('',(0.86978812724,4.931505170559E-02,
    -0.6425277343));
#3883 = CARTESIAN_POINT('',(0.859365088327,7.257195344704E-02,
    -0.647582128931));
#3884 = CARTESIAN_POINT('',(0.844253240622,9.303993587281E-02,
    -0.655007145357));
#3885 = CARTESIAN_POINT('',(0.825435151924,0.10965147667,-0.664509530487
    ));
#3886 = CARTESIAN_POINT('',(0.796917415875,0.12583470579,-0.67938979386)
  );
#3887 = CARTESIAN_POINT('',(0.789452478184,0.129399305942,
    -0.683320669954));
#3888 = CARTESIAN_POINT('',(0.781747433251,0.132429686464,
    -0.687419563309));
#3889 = CARTESIAN_POINT('',(0.773849623858,0.134906678425,
    -0.691667647982));
#3890 = CARTESIAN_POINT('',(0.765808146548,0.136816691774,
    -0.696044076072));
#3891 = CARTESIAN_POINT('',(0.757673851631,0.138151715343,
    -0.700525977723));
#3892 = ORIENTED_EDGE('',*,*,#3893,.F.);
#3893 = EDGE_CURVE('',#3744,#3867,#3894,.T.);
#3894 = LINE('',#3895,#3896);
#3895 = CARTESIAN_POINT('',(0.757673851631,0.138151715343,0.64));
#3896 = VECTOR('',#3897,1.);
#3897 = DIRECTION('',(0.,0.,-1.));
#3898 = CYLINDRICAL_SURFACE('',#3899,0.14);
#3899 = AXIS2_PLACEMENT_3D('',#3900,#3901,#3902);
#3900 = CARTESIAN_POINT('',(0.735,1.E-17,0.64));
#3901 = DIRECTION('',(0.,-0.,1.));
#3902 = DIRECTION('',(0.161956083081,-0.986797966735,-0.));
#3903 = ADVANCED_FACE('',(#3904),#3941,.T.);
#3904 = FACE_BOUND('',#3905,.F.);
#3905 = EDGE_LOOP('',(#3906,#3907,#3908,#3935));
#3906 = ORIENTED_EDGE('',*,*,#3842,.T.);
#3907 = ORIENTED_EDGE('',*,*,#3893,.T.);
#3908 = ORIENTED_EDGE('',*,*,#3909,.T.);
#3909 = EDGE_CURVE('',#3867,#3910,#3912,.T.);
#3910 = VERTEX_POINT('',#3911);
#3911 = CARTESIAN_POINT('',(0.498479820879,0.587088945624,
    -0.700525977723));
#3912 = B_SPLINE_CURVE_WITH_KNOTS('',6,(#3913,#3914,#3915,#3916,#3917,
    #3918,#3919,#3920,#3921,#3922,#3923,#3924,#3925,#3926,#3927,#3928,
    #3929,#3930,#3931,#3932,#3933,#3934),.UNSPECIFIED.,.F.,.F.,(7,5,5,5,
    7),(0.,0.261520512093,0.499736358837,0.737962727257,1.),
  .UNSPECIFIED.);
#3913 = CARTESIAN_POINT('',(0.757673851631,0.138151715343,
    -0.700525977723));
#3914 = CARTESIAN_POINT('',(0.731840566336,0.142391547447,
    -0.714759816698));
#3915 = CARTESIAN_POINT('',(0.706384514289,0.149056826384,
    -0.728458488869));
#3916 = CARTESIAN_POINT('',(0.681625888856,0.158102981091,
    -0.741365604421));
#3917 = CARTESIAN_POINT('',(0.657888844501,0.169413804314,
    -0.753187261585));
#3918 = CARTESIAN_POINT('',(0.635455380675,0.182804218417,-0.76361296191
    ));
#3919 = CARTESIAN_POINT('',(0.595520514544,0.211919162039,
    -0.780402295518));
#3920 = CARTESIAN_POINT('',(0.577751963714,0.227333426937,
    -0.787047560198));
#3921 = CARTESIAN_POINT('',(0.561423054313,0.244111639415,
    -0.792151075332));
#3922 = CARTESIAN_POINT('',(0.546623825803,0.262082452858,
    -0.795592831115));
#3923 = CARTESIAN_POINT('',(0.533412849427,0.281123099026,
    -0.797318400236));
#3924 = CARTESIAN_POINT('',(0.510300994374,0.321111634997,
    -0.797337433561));
#3925 = CARTESIAN_POINT('',(0.500397521271,0.342064350287,
    -0.795630748322));
#3926 = CARTESIAN_POINT('',(0.492214165859,0.363858696525,-0.79220736804
    ));
#3927 = CARTESIAN_POINT('',(0.485827816211,0.386382758455,
    -0.787121327132));
#3928 = CARTESIAN_POINT('',(0.481341864697,0.409473292769,
    -0.780492189716));
#3929 = CARTESIAN_POINT('',(0.476044652153,0.458659610641,
    -0.763716184114));
#3930 = CARTESIAN_POINT('',(0.475644681887,0.484834005972,
    -0.753280858913));
#3931 = CARTESIAN_POINT('',(0.477707214815,0.511099702475,
    -0.741442202631));
#3932 = CARTESIAN_POINT('',(0.482251704873,0.537118002299,
    -0.728512747899));
#3933 = CARTESIAN_POINT('',(0.489216694013,0.562548302056,
    -0.714787971592));
#3934 = CARTESIAN_POINT('',(0.498479820879,0.587088945624,
    -0.700525977723));
#3935 = ORIENTED_EDGE('',*,*,#3936,.F.);
#3936 = EDGE_CURVE('',#3834,#3910,#3937,.T.);
#3937 = LINE('',#3938,#3939);
#3938 = CARTESIAN_POINT('',(0.498479820879,0.587088945624,0.64));
#3939 = VECTOR('',#3940,1.);
#3940 = DIRECTION('',(0.,0.,-1.));
#3941 = CYLINDRICAL_SURFACE('',#3942,0.335043068793);
#3942 = AXIS2_PLACEMENT_3D('',#3943,#3944,#3945);
#3943 = CARTESIAN_POINT('',(0.811936114716,0.468771534396,0.64));
#3944 = DIRECTION('',(-0.,-0.,1.));
#3945 = DIRECTION('',(-0.161956083081,-0.986797966735,-0.));
#3946 = ADVANCED_FACE('',(#3947),#3984,.F.);
#3947 = FACE_BOUND('',#3948,.F.);
#3948 = EDGE_LOOP('',(#3949,#3950,#3951,#3978));
#3949 = ORIENTED_EDGE('',*,*,#3833,.F.);
#3950 = ORIENTED_EDGE('',*,*,#3936,.T.);
#3951 = ORIENTED_EDGE('',*,*,#3952,.T.);
#3952 = EDGE_CURVE('',#3910,#3953,#3955,.T.);
#3953 = VERTEX_POINT('',#3954);
#3954 = CARTESIAN_POINT('',(0.259194030752,0.725240660967,
    -0.700525977723));
#3955 = B_SPLINE_CURVE_WITH_KNOTS('',6,(#3956,#3957,#3958,#3959,#3960,
    #3961,#3962,#3963,#3964,#3965,#3966,#3967,#3968,#3969,#3970,#3971,
    #3972,#3973,#3974,#3975,#3976,#3977),.UNSPECIFIED.,.F.,.F.,(7,5,5,5,
    7),(0.,0.125915259474,0.500023885498,0.87413274214,1.),
  .UNSPECIFIED.);
#3956 = CARTESIAN_POINT('',(0.498479820879,0.587088945624,
    -0.700525977723));
#3957 = CARTESIAN_POINT('',(0.5013919198,0.594803919486,-0.696042358147)
  );
#3958 = CARTESIAN_POINT('',(0.503759232247,0.602726148301,
    -0.691664302086));
#3959 = CARTESIAN_POINT('',(0.505563255051,0.61080754805,-0.687414696985
    ));
#3960 = CARTESIAN_POINT('',(0.506791199453,0.618998754232,
    -0.683314410003));
#3961 = CARTESIAN_POINT('',(0.507435991099,0.62724912187,-0.679382288011
    ));
#3962 = CARTESIAN_POINT('',(0.507675365673,0.660041009616,
    -0.664502004881));
#3963 = CARTESIAN_POINT('',(0.502695069472,0.684643058508,-0.65500090082
    ));
#3964 = CARTESIAN_POINT('',(0.492522043856,0.707962927004,
    -0.647577333461));
#3965 = CARTESIAN_POINT('',(0.477589698576,0.728615975507,
    -0.642524501229));
#3966 = CARTESIAN_POINT('',(0.458841448541,0.745452659353,
    -0.639999192717));
#3967 = CARTESIAN_POINT('',(0.416142160917,0.770101259615,
    -0.640000807593));
#3968 = CARTESIAN_POINT('',(0.392185976054,0.777916139953,-0.6425277343)
  );
#3969 = CARTESIAN_POINT('',(0.366833388876,0.78051797434,-0.647582128931
    ));
#3970 = CARTESIAN_POINT('',(0.341551672278,0.777664721542,
    -0.655007145357));
#3971 = CARTESIAN_POINT('',(0.317756611604,0.769673549078,
    -0.664509530487));
#3972 = CARTESIAN_POINT('',(0.289482656046,0.753068079761,-0.67938979386
    ));
#3973 = CARTESIAN_POINT('',(0.282663152914,0.748385554159,
    -0.683320669954));
#3974 = CARTESIAN_POINT('',(0.276186243932,0.743227979771,
    -0.687419563309));
#3975 = CARTESIAN_POINT('',(0.270092201273,0.737626772182,
    -0.691667647982));
#3976 = CARTESIAN_POINT('',(0.264417342536,0.731617655223,
    -0.696044076072));
#3977 = CARTESIAN_POINT('',(0.259194030752,0.725240660967,
    -0.700525977723));
#3978 = ORIENTED_EDGE('',*,*,#3979,.F.);
#3979 = EDGE_CURVE('',#3825,#3953,#3980,.T.);
#3980 = LINE('',#3981,#3982);
#3981 = CARTESIAN_POINT('',(0.259194030752,0.725240660967,0.64));
#3982 = VECTOR('',#3983,1.);
#3983 = DIRECTION('',(0.,0.,-1.));
#3984 = CYLINDRICAL_SURFACE('',#3985,0.14);
#3985 = AXIS2_PLACEMENT_3D('',#3986,#3987,#3988);
#3986 = CARTESIAN_POINT('',(0.3675,0.636528671782,0.64));
#3987 = DIRECTION('',(0.,0.,1.));
#3988 = DIRECTION('',(0.935570149136,-0.353140901122,0.));
#3989 = ADVANCED_FACE('',(#3990),#4027,.T.);
#3990 = FACE_BOUND('',#3991,.F.);
#3991 = EDGE_LOOP('',(#3992,#3993,#3994,#4021));
#3992 = ORIENTED_EDGE('',*,*,#3824,.T.);
#3993 = ORIENTED_EDGE('',*,*,#3979,.T.);
#3994 = ORIENTED_EDGE('',*,*,#3995,.T.);
#3995 = EDGE_CURVE('',#3953,#3996,#3998,.T.);
#3996 = VERTEX_POINT('',#3997);
#3997 = CARTESIAN_POINT('',(-0.259194030752,0.725240660967,
    -0.700525977723));
#3998 = B_SPLINE_CURVE_WITH_KNOTS('',6,(#3999,#4000,#4001,#4002,#4003,
    #4004,#4005,#4006,#4007,#4008,#4009,#4010,#4011,#4012,#4013,#4014,
    #4015,#4016,#4017,#4018,#4019,#4020),.UNSPECIFIED.,.F.,.F.,(7,5,5,5,
    7),(0.,0.261520512093,0.499736358837,0.737962727258,1.),
  .UNSPECIFIED.);
#3999 = CARTESIAN_POINT('',(0.259194030752,0.725240660967,
    -0.700525977723));
#4000 = CARTESIAN_POINT('',(0.242605585794,0.70498829569,-0.714759816698
    ));
#4001 = CARTESIAN_POINT('',(0.224105258889,0.686275347406,
    -0.728458488869));
#4002 = CARTESIAN_POINT('',(0.203891746389,0.669356826172,
    -0.741365604421));
#4003 = CARTESIAN_POINT('',(0.182227763963,0.654455354361,
    -0.753187261585));
#4004 = CARTESIAN_POINT('',(0.15941459327,0.641722611844,-0.76361296191)
  );
#4005 = CARTESIAN_POINT('',(0.114232879398,0.621695475089,
    -0.780402295518));
#4006 = CARTESIAN_POINT('',(9.199945900017E-02,0.614014591131,
    -0.787047560198));
#4007 = CARTESIAN_POINT('',(6.930464606388E-02,0.608262447013,
    -0.792151075332));
#4008 = CARTESIAN_POINT('',(4.634185084028E-02,0.604431345888,
    -0.795592831115));
#4009 = CARTESIAN_POINT('',(2.324667936599E-02,0.602510627822,
    -0.797318400236));
#4010 = CARTESIAN_POINT('',(-2.294033617109E-02,0.602489442203,
    -0.797337433561));
#4011 = CARTESIAN_POINT('',(-4.603765644148E-02,0.604389140555,
    -0.795630748322));
#4012 = CARTESIAN_POINT('',(-6.90037916493E-02,0.608199319999,
    -0.79220736804));
#4013 = CARTESIAN_POINT('',(-9.170337630067E-02,0.613930609931,
    -0.787121327132));
#4014 = CARTESIAN_POINT('',(-0.11394334136,0.621590929117,
    -0.780492189716));
#4015 = CARTESIAN_POINT('',(-0.159188548429,0.641596567421,
    -0.763716184114));
#4016 = CARTESIAN_POINT('',(-0.182056224846,0.654337380675,
    -0.753280858913));
#4017 = CARTESIAN_POINT('',(-0.203771718803,0.669256434838,
    -0.741442202631));
#4018 = CARTESIAN_POINT('',(-0.224031982384,0.686201228587,
    -0.728512747899));
#4019 = CARTESIAN_POINT('',(-0.24257277343,0.704948235998,
    -0.714787971592));
#4020 = CARTESIAN_POINT('',(-0.259194030752,0.725240660967,
    -0.700525977723));
#4021 = ORIENTED_EDGE('',*,*,#4022,.F.);
#4022 = EDGE_CURVE('',#3816,#3996,#4023,.T.);
#4023 = LINE('',#4024,#4025);
#4024 = CARTESIAN_POINT('',(-0.259194030752,0.725240660967,0.64));
#4025 = VECTOR('',#4026,1.);
#4026 = DIRECTION('',(0.,0.,-1.));
#4027 = CYLINDRICAL_SURFACE('',#4028,0.335043068793);
#4028 = AXIS2_PLACEMENT_3D('',#4029,#4030,#4031);
#4029 = CARTESIAN_POINT('',(1.8E-16,0.937543068793,0.64));
#4030 = DIRECTION('',(0.,-0.,1.));
#4031 = DIRECTION('',(0.773614066055,-0.633657065613,-0.));
#4032 = ADVANCED_FACE('',(#4033),#4070,.F.);
#4033 = FACE_BOUND('',#4034,.F.);
#4034 = EDGE_LOOP('',(#4035,#4036,#4037,#4064));
#4035 = ORIENTED_EDGE('',*,*,#3815,.F.);
#4036 = ORIENTED_EDGE('',*,*,#4022,.T.);
#4037 = ORIENTED_EDGE('',*,*,#4038,.T.);
#4038 = EDGE_CURVE('',#3996,#4039,#4041,.T.);
#4039 = VERTEX_POINT('',#4040);
#4040 = CARTESIAN_POINT('',(-0.498479820879,0.587088945624,
    -0.700525977723));
#4041 = B_SPLINE_CURVE_WITH_KNOTS('',6,(#4042,#4043,#4044,#4045,#4046,
    #4047,#4048,#4049,#4050,#4051,#4052,#4053,#4054,#4055,#4056,#4057,
    #4058,#4059,#4060,#4061,#4062,#4063),.UNSPECIFIED.,.F.,.F.,(7,5,5,5,
    7),(0.,0.125915259474,0.500023885497,0.87413274214,1.),
  .UNSPECIFIED.);
#4042 = CARTESIAN_POINT('',(-0.259194030752,0.725240660967,
    -0.700525977723));
#4043 = CARTESIAN_POINT('',(-0.264419344646,0.731620099542,
    -0.696042358147));
#4044 = CARTESIAN_POINT('',(-0.27009653983,0.737631366667,
    -0.691664302086));
#4045 = CARTESIAN_POINT('',(-0.276193225909,0.743234396119,
    -0.687414696985));
#4046 = CARTESIAN_POINT('',(-0.28267304635,0.748393430257,
    -0.683314410003));
#4047 = CARTESIAN_POINT('',(-0.289495678492,0.753077020021,
    -0.679382288011));
#4048 = CARTESIAN_POINT('',(-0.31777459903,0.769680268357,
    -0.664502004881));
#4049 = CARTESIAN_POINT('',(-0.341570746457,0.777668229774,
    -0.65500090082));
#4050 = CARTESIAN_POINT('',(-0.366852857795,0.780518065406,
    -0.647577333461));
#4051 = CARTESIAN_POINT('',(-0.392205095104,0.777912799307,
    -0.642524501229));
#4052 = CARTESIAN_POINT('',(-0.416160216048,0.770094680422,
    -0.639999192717));
#4053 = CARTESIAN_POINT('',(-0.458856173854,0.745440312748,
    -0.640000807593));
#4054 = CARTESIAN_POINT('',(-0.477602151186,0.728601088247,-0.6425277343
    ));
#4055 = CARTESIAN_POINT('',(-0.492531699451,0.707946020893,
    -0.647582128931));
#4056 = CARTESIAN_POINT('',(-0.502701568343,0.684624785669,
    -0.655007145357));
#4057 = CARTESIAN_POINT('',(-0.507678540321,0.660022072408,
    -0.664509530487));
#4058 = CARTESIAN_POINT('',(-0.50743475983,0.627233373971,-0.67938979386
    ));
#4059 = CARTESIAN_POINT('',(-0.50678932527,0.618986248217,
    -0.683320669954));
#4060 = CARTESIAN_POINT('',(-0.505561189319,0.610798293307,
    -0.687419563309));
#4061 = CARTESIAN_POINT('',(-0.503757422585,0.602720093757,
    -0.691667647982));
#4062 = CARTESIAN_POINT('',(-0.501390804012,0.594800963449,
    -0.696044076072));
#4063 = CARTESIAN_POINT('',(-0.498479820879,0.587088945624,
    -0.700525977723));
#4064 = ORIENTED_EDGE('',*,*,#4065,.F.);
#4065 = EDGE_CURVE('',#3807,#4039,#4066,.T.);
#4066 = LINE('',#4067,#4068);
#4067 = CARTESIAN_POINT('',(-0.498479820879,0.587088945624,0.64));
#4068 = VECTOR('',#4069,1.);
#4069 = DIRECTION('',(0.,0.,-1.));
#4070 = CYLINDRICAL_SURFACE('',#4071,0.14);
#4071 = AXIS2_PLACEMENT_3D('',#4072,#4073,#4074);
#4072 = CARTESIAN_POINT('',(-0.3675,0.636528671782,0.64));
#4073 = DIRECTION('',(0.,0.,1.));
#4074 = DIRECTION('',(0.773614066055,0.633657065613,-0.));
#4075 = ADVANCED_FACE('',(#4076),#4113,.T.);
#4076 = FACE_BOUND('',#4077,.F.);
#4077 = EDGE_LOOP('',(#4078,#4079,#4080,#4107));
#4078 = ORIENTED_EDGE('',*,*,#3806,.T.);
#4079 = ORIENTED_EDGE('',*,*,#4065,.T.);
#4080 = ORIENTED_EDGE('',*,*,#4081,.T.);
#4081 = EDGE_CURVE('',#4039,#4082,#4084,.T.);
#4082 = VERTEX_POINT('',#4083);
#4083 = CARTESIAN_POINT('',(-0.757673851631,0.138151715343,
    -0.700525977723));
#4084 = B_SPLINE_CURVE_WITH_KNOTS('',6,(#4085,#4086,#4087,#4088,#4089,
    #4090,#4091,#4092,#4093,#4094,#4095,#4096,#4097,#4098,#4099,#4100,
    #4101,#4102,#4103,#4104,#4105,#4106),.UNSPECIFIED.,.F.,.F.,(7,5,5,5,
    7),(0.,0.261520512093,0.499736358837,0.737962727257,1.),
  .UNSPECIFIED.);
#4085 = CARTESIAN_POINT('',(-0.498479820879,0.587088945624,
    -0.700525977723));
#4086 = CARTESIAN_POINT('',(-0.489234980541,0.562596748243,
    -0.714759816698));
#4087 = CARTESIAN_POINT('',(-0.4822792554,0.537218521022,-0.728458488869
    ));
#4088 = CARTESIAN_POINT('',(-0.477734142467,0.511253845081,
    -0.741365604421));
#4089 = CARTESIAN_POINT('',(-0.475661080538,0.485041550047,
    -0.753187261585));
#4090 = CARTESIAN_POINT('',(-0.476040787405,0.458918393428,
    -0.76361296191));
#4091 = CARTESIAN_POINT('',(-0.481287635146,0.40977631305,
    -0.780402295518));
#4092 = CARTESIAN_POINT('',(-0.485752504714,0.386681164194,
    -0.787047560198));
#4093 = CARTESIAN_POINT('',(-0.49211840825,0.364150807598,
    -0.792151075332));
#4094 = CARTESIAN_POINT('',(-0.500281974963,0.34234889303,
    -0.795592831115));
#4095 = CARTESIAN_POINT('',(-0.510166170061,0.321387528795,
    -0.797318400236));
#4096 = CARTESIAN_POINT('',(-0.533241330545,0.281377807206,
    -0.797337433561));
#4097 = CARTESIAN_POINT('',(-0.546435177713,0.262324790268,
    -0.795630748322));
#4098 = CARTESIAN_POINT('',(-0.561217957508,0.244340623474,
    -0.79220736804));
#4099 = CARTESIAN_POINT('',(-0.577531192512,0.227547851476,
    -0.787121327132));
#4100 = CARTESIAN_POINT('',(-0.595285206057,0.212117636348,
    -0.780492189716));
#4101 = CARTESIAN_POINT('',(-0.635233200582,0.18293695678,
    -0.763716184114));
#4102 = CARTESIAN_POINT('',(-0.657700906733,0.169503374704,
    -0.753280858913));
#4103 = CARTESIAN_POINT('',(-0.681478933617,0.158156732363,
    -0.741442202631));
#4104 = CARTESIAN_POINT('',(-0.706283687257,0.149083226289,
    -0.728512747899));
#4105 = CARTESIAN_POINT('',(-0.731789467442,0.142399933942,
    -0.714787971592));
#4106 = CARTESIAN_POINT('',(-0.757673851631,0.138151715343,
    -0.700525977723));
#4107 = ORIENTED_EDGE('',*,*,#4108,.F.);
#4108 = EDGE_CURVE('',#3798,#4082,#4109,.T.);
#4109 = LINE('',#4110,#4111);
#4110 = CARTESIAN_POINT('',(-0.757673851631,0.138151715343,0.64));
#4111 = VECTOR('',#4112,1.);
#4112 = DIRECTION('',(0.,0.,-1.));
#4113 = CYLINDRICAL_SURFACE('',#4114,0.335043068793);
#4114 = AXIS2_PLACEMENT_3D('',#4115,#4116,#4117);
#4115 = CARTESIAN_POINT('',(-0.811936114716,0.468771534396,0.64));
#4116 = DIRECTION('',(-0.,-0.,1.));
#4117 = DIRECTION('',(0.935570149136,0.353140901122,0.));
#4118 = ADVANCED_FACE('',(#4119),#4163,.F.);
#4119 = FACE_BOUND('',#4120,.F.);
#4120 = EDGE_LOOP('',(#4121,#4122,#4123,#4140,#4157));
#4121 = ORIENTED_EDGE('',*,*,#3797,.F.);
#4122 = ORIENTED_EDGE('',*,*,#4108,.T.);
#4123 = ORIENTED_EDGE('',*,*,#4124,.T.);
#4124 = EDGE_CURVE('',#4082,#4125,#4127,.T.);
#4125 = VERTEX_POINT('',#4126);
#4126 = CARTESIAN_POINT('',(-0.875,-0.,-0.64));
#4127 = B_SPLINE_CURVE_WITH_KNOTS('',6,(#4128,#4129,#4130,#4131,#4132,
    #4133,#4134,#4135,#4136,#4137,#4138,#4139),.UNSPECIFIED.,.F.,.F.,(7,
    5,7),(0.,0.251830531602,1.),.UNSPECIFIED.);
#4128 = CARTESIAN_POINT('',(-0.757673851631,0.138151715343,
    -0.700525977723));
#4129 = CARTESIAN_POINT('',(-0.765811264445,0.136816180056,
    -0.696042358147));
#4130 = CARTESIAN_POINT('',(-0.773855772077,0.134905218366,
    -0.691664302086));
#4131 = CARTESIAN_POINT('',(-0.78175648096,0.13242684807,-0.687414696985
    ));
#4132 = CARTESIAN_POINT('',(-0.789464245803,0.129394676025,
    -0.683314410003));
#4133 = CARTESIAN_POINT('',(-0.796931669591,0.125827898151,
    -0.679382288011));
#4134 = CARTESIAN_POINT('',(-0.825448600988,0.109640032865,
    -0.664502716441));
#4135 = CARTESIAN_POINT('',(-0.844263410207,9.302729528252E-02,
    -0.655002115642));
#4136 = CARTESIAN_POINT('',(-0.859372003672,7.255906446618E-02,
    -0.647578757233));
#4137 = CARTESIAN_POINT('',(-0.869792129671,4.930277071275E-02,
    -0.642525793159));
#4138 = CARTESIAN_POINT('',(-0.875,2.464990082509E-02,-0.64));
#4139 = CARTESIAN_POINT('',(-0.875,1.E-17,-0.64));
#4140 = ORIENTED_EDGE('',*,*,#4141,.T.);
#4141 = EDGE_CURVE('',#4125,#4142,#4144,.T.);
#4142 = VERTEX_POINT('',#4143);
#4143 = CARTESIAN_POINT('',(-0.757673851631,-0.138151715343,
    -0.700525977723));
#4144 = B_SPLINE_CURVE_WITH_KNOTS('',6,(#4145,#4146,#4147,#4148,#4149,
    #4150,#4151,#4152,#4153,#4154,#4155,#4156),.UNSPECIFIED.,.F.,.F.,(7,
    5,7),(0.,0.749135540241,1.),.UNSPECIFIED.);
#4145 = CARTESIAN_POINT('',(-0.875,0.,-0.64));
#4146 = CARTESIAN_POINT('',(-0.875,-2.468173024241E-02,-0.64));
#4147 = CARTESIAN_POINT('',(-0.869778673479,-4.936644473739E-02,
    -0.642532320143));
#4148 = CARTESIAN_POINT('',(-0.859331601,-7.264915863634E-02,
    -0.647598347395));
#4149 = CARTESIAN_POINT('',(-0.844185326392,-9.313298822124E-02,
    -0.655040483729));
#4150 = CARTESIAN_POINT('',(-0.825327061489,-0.109747231088,
    -0.664564090636));
#4151 = CARTESIAN_POINT('',(-0.796788385143,-0.125896242727,
    -0.67945774564));
#4152 = CARTESIAN_POINT('',(-0.789345941347,-0.129441161683,
    -0.683377348653));
#4153 = CARTESIAN_POINT('',(-0.781665534765,-0.132455350272,
    -0.687463615583));
#4154 = CARTESIAN_POINT('',(-0.773794033415,-0.13491987518,
    -0.691697901493));
#4155 = CARTESIAN_POINT('',(-0.765780031945,-0.136821306023,
    -0.696059566891));
#4156 = CARTESIAN_POINT('',(-0.757673851631,-0.138151715343,
    -0.700525977723));
#4157 = ORIENTED_EDGE('',*,*,#4158,.F.);
#4158 = EDGE_CURVE('',#3789,#4142,#4159,.T.);
#4159 = LINE('',#4160,#4161);
#4160 = CARTESIAN_POINT('',(-0.757673851631,-0.138151715343,0.64));
#4161 = VECTOR('',#4162,1.);
#4162 = DIRECTION('',(0.,0.,-1.));
#4163 = CYLINDRICAL_SURFACE('',#4164,0.14);
#4164 = AXIS2_PLACEMENT_3D('',#4165,#4166,#4167);
#4165 = CARTESIAN_POINT('',(-0.735,2.3E-16,0.64));
#4166 = DIRECTION('',(0.,0.,1.));
#4167 = DIRECTION('',(-0.161956083081,0.986797966735,0.));
#4168 = ADVANCED_FACE('',(#4169),#4206,.T.);
#4169 = FACE_BOUND('',#4170,.F.);
#4170 = EDGE_LOOP('',(#4171,#4172,#4173,#4200));
#4171 = ORIENTED_EDGE('',*,*,#3788,.T.);
#4172 = ORIENTED_EDGE('',*,*,#4158,.T.);
#4173 = ORIENTED_EDGE('',*,*,#4174,.T.);
#4174 = EDGE_CURVE('',#4142,#4175,#4177,.T.);
#4175 = VERTEX_POINT('',#4176);
#4176 = CARTESIAN_POINT('',(-0.498479820879,-0.587088945624,
    -0.700525977723));
#4177 = B_SPLINE_CURVE_WITH_KNOTS('',6,(#4178,#4179,#4180,#4181,#4182,
    #4183,#4184,#4185,#4186,#4187,#4188,#4189,#4190,#4191,#4192,#4193,
    #4194,#4195,#4196,#4197,#4198,#4199),.UNSPECIFIED.,.F.,.F.,(7,5,5,5,
    7),(0.,0.261520512093,0.499736358837,0.737962727257,1.),
  .UNSPECIFIED.);
#4178 = CARTESIAN_POINT('',(-0.757673851631,-0.138151715343,
    -0.700525977723));
#4179 = CARTESIAN_POINT('',(-0.731840566336,-0.142391547447,
    -0.714759816698));
#4180 = CARTESIAN_POINT('',(-0.706384514289,-0.149056826384,
    -0.728458488869));
#4181 = CARTESIAN_POINT('',(-0.681625888856,-0.158102981091,
    -0.741365604421));
#4182 = CARTESIAN_POINT('',(-0.657888844501,-0.169413804314,
    -0.753187261585));
#4183 = CARTESIAN_POINT('',(-0.635455380675,-0.182804218417,
    -0.76361296191));
#4184 = CARTESIAN_POINT('',(-0.595520514543,-0.211919162039,
    -0.780402295518));
#4185 = CARTESIAN_POINT('',(-0.577751963714,-0.227333426937,
    -0.787047560198));
#4186 = CARTESIAN_POINT('',(-0.561423054313,-0.244111639415,
    -0.792151075332));
#4187 = CARTESIAN_POINT('',(-0.546623825803,-0.262082452858,
    -0.795592831115));
#4188 = CARTESIAN_POINT('',(-0.533412849427,-0.281123099026,
    -0.797318400236));
#4189 = CARTESIAN_POINT('',(-0.510300994374,-0.321111634997,
    -0.797337433561));
#4190 = CARTESIAN_POINT('',(-0.500397521271,-0.342064350287,
    -0.795630748322));
#4191 = CARTESIAN_POINT('',(-0.492214165859,-0.363858696525,
    -0.79220736804));
#4192 = CARTESIAN_POINT('',(-0.485827816211,-0.386382758455,
    -0.787121327132));
#4193 = CARTESIAN_POINT('',(-0.481341864697,-0.409473292769,
    -0.780492189716));
#4194 = CARTESIAN_POINT('',(-0.476044652153,-0.458659610641,
    -0.763716184114));
#4195 = CARTESIAN_POINT('',(-0.475644681887,-0.484834005971,
    -0.753280858913));
#4196 = CARTESIAN_POINT('',(-0.477707214815,-0.511099702475,
    -0.741442202631));
#4197 = CARTESIAN_POINT('',(-0.482251704873,-0.537118002299,
    -0.728512747899));
#4198 = CARTESIAN_POINT('',(-0.489216694013,-0.562548302056,
    -0.714787971592));
#4199 = CARTESIAN_POINT('',(-0.498479820879,-0.587088945624,
    -0.700525977723));
#4200 = ORIENTED_EDGE('',*,*,#4201,.F.);
#4201 = EDGE_CURVE('',#3780,#4175,#4202,.T.);
#4202 = LINE('',#4203,#4204);
#4203 = CARTESIAN_POINT('',(-0.498479820879,-0.587088945624,0.64));
#4204 = VECTOR('',#4205,1.);
#4205 = DIRECTION('',(0.,0.,-1.));
#4206 = CYLINDRICAL_SURFACE('',#4207,0.335043068793);
#4207 = AXIS2_PLACEMENT_3D('',#4208,#4209,#4210);
#4208 = CARTESIAN_POINT('',(-0.811936114716,-0.468771534396,0.64));
#4209 = DIRECTION('',(-0.,-0.,1.));
#4210 = DIRECTION('',(0.161956083081,0.986797966735,0.));
#4211 = ADVANCED_FACE('',(#4212),#4249,.F.);
#4212 = FACE_BOUND('',#4213,.F.);
#4213 = EDGE_LOOP('',(#4214,#4215,#4216,#4243));
#4214 = ORIENTED_EDGE('',*,*,#3779,.F.);
#4215 = ORIENTED_EDGE('',*,*,#4201,.T.);
#4216 = ORIENTED_EDGE('',*,*,#4217,.T.);
#4217 = EDGE_CURVE('',#4175,#4218,#4220,.T.);
#4218 = VERTEX_POINT('',#4219);
#4219 = CARTESIAN_POINT('',(-0.259194030752,-0.725240660967,
    -0.700525977723));
#4220 = B_SPLINE_CURVE_WITH_KNOTS('',6,(#4221,#4222,#4223,#4224,#4225,
    #4226,#4227,#4228,#4229,#4230,#4231,#4232,#4233,#4234,#4235,#4236,
    #4237,#4238,#4239,#4240,#4241,#4242),.UNSPECIFIED.,.F.,.F.,(7,5,5,5,
    7),(0.,0.125915259474,0.500023885498,0.87413274214,1.),
  .UNSPECIFIED.);
#4221 = CARTESIAN_POINT('',(-0.498479820879,-0.587088945624,
    -0.700525977723));
#4222 = CARTESIAN_POINT('',(-0.5013919198,-0.594803919486,
    -0.696042358147));
#4223 = CARTESIAN_POINT('',(-0.503759232247,-0.602726148301,
    -0.691664302086));
#4224 = CARTESIAN_POINT('',(-0.505563255051,-0.61080754805,
    -0.687414696985));
#4225 = CARTESIAN_POINT('',(-0.506791199453,-0.618998754232,
    -0.683314410003));
#4226 = CARTESIAN_POINT('',(-0.507435991099,-0.62724912187,
    -0.679382288011));
#4227 = CARTESIAN_POINT('',(-0.507675365673,-0.660041009616,
    -0.664502004881));
#4228 = CARTESIAN_POINT('',(-0.502695069472,-0.684643058508,
    -0.65500090082));
#4229 = CARTESIAN_POINT('',(-0.492522043856,-0.707962927004,
    -0.647577333461));
#4230 = CARTESIAN_POINT('',(-0.477589698577,-0.728615975507,
    -0.642524501229));
#4231 = CARTESIAN_POINT('',(-0.458841448541,-0.745452659353,
    -0.639999192717));
#4232 = CARTESIAN_POINT('',(-0.416142160917,-0.770101259615,
    -0.640000807593));
#4233 = CARTESIAN_POINT('',(-0.392185976054,-0.777916139953,
    -0.6425277343));
#4234 = CARTESIAN_POINT('',(-0.366833388876,-0.78051797434,
    -0.647582128931));
#4235 = CARTESIAN_POINT('',(-0.341551672278,-0.777664721542,
    -0.655007145357));
#4236 = CARTESIAN_POINT('',(-0.317756611604,-0.769673549078,
    -0.664509530487));
#4237 = CARTESIAN_POINT('',(-0.289482656046,-0.753068079761,
    -0.67938979386));
#4238 = CARTESIAN_POINT('',(-0.282663152914,-0.748385554159,
    -0.683320669954));
#4239 = CARTESIAN_POINT('',(-0.276186243932,-0.743227979771,
    -0.687419563309));
#4240 = CARTESIAN_POINT('',(-0.270092201273,-0.737626772182,
    -0.691667647982));
#4241 = CARTESIAN_POINT('',(-0.264417342536,-0.731617655223,
    -0.696044076072));
#4242 = CARTESIAN_POINT('',(-0.259194030752,-0.725240660967,
    -0.700525977723));
#4243 = ORIENTED_EDGE('',*,*,#4244,.F.);
#4244 = EDGE_CURVE('',#3771,#4218,#4245,.T.);
#4245 = LINE('',#4246,#4247);
#4246 = CARTESIAN_POINT('',(-0.259194030752,-0.725240660967,0.64));
#4247 = VECTOR('',#4248,1.);
#4248 = DIRECTION('',(0.,0.,-1.));
#4249 = CYLINDRICAL_SURFACE('',#4250,0.14);
#4250 = AXIS2_PLACEMENT_3D('',#4251,#4252,#4253);
#4251 = CARTESIAN_POINT('',(-0.3675,-0.636528671782,0.64));
#4252 = DIRECTION('',(0.,0.,1.));
#4253 = DIRECTION('',(-0.935570149136,0.353140901122,0.));
#4254 = ADVANCED_FACE('',(#4255),#4292,.T.);
#4255 = FACE_BOUND('',#4256,.F.);
#4256 = EDGE_LOOP('',(#4257,#4258,#4259,#4286));
#4257 = ORIENTED_EDGE('',*,*,#3770,.T.);
#4258 = ORIENTED_EDGE('',*,*,#4244,.T.);
#4259 = ORIENTED_EDGE('',*,*,#4260,.T.);
#4260 = EDGE_CURVE('',#4218,#4261,#4263,.T.);
#4261 = VERTEX_POINT('',#4262);
#4262 = CARTESIAN_POINT('',(0.259194030752,-0.725240660967,
    -0.700525977723));
#4263 = B_SPLINE_CURVE_WITH_KNOTS('',6,(#4264,#4265,#4266,#4267,#4268,
    #4269,#4270,#4271,#4272,#4273,#4274,#4275,#4276,#4277,#4278,#4279,
    #4280,#4281,#4282,#4283,#4284,#4285),.UNSPECIFIED.,.F.,.F.,(7,5,5,5,
    7),(0.,0.261520512093,0.499736358838,0.737962727258,1.),
  .UNSPECIFIED.);
#4264 = CARTESIAN_POINT('',(-0.259194030752,-0.725240660967,
    -0.700525977723));
#4265 = CARTESIAN_POINT('',(-0.242605585794,-0.70498829569,
    -0.714759816698));
#4266 = CARTESIAN_POINT('',(-0.224105258889,-0.686275347406,
    -0.728458488869));
#4267 = CARTESIAN_POINT('',(-0.203891746389,-0.669356826172,
    -0.741365604421));
#4268 = CARTESIAN_POINT('',(-0.182227763963,-0.654455354361,
    -0.753187261585));
#4269 = CARTESIAN_POINT('',(-0.15941459327,-0.641722611844,
    -0.76361296191));
#4270 = CARTESIAN_POINT('',(-0.114232879398,-0.621695475089,
    -0.780402295518));
#4271 = CARTESIAN_POINT('',(-9.199945900011E-02,-0.614014591131,
    -0.787047560199));
#4272 = CARTESIAN_POINT('',(-6.930464606395E-02,-0.608262447013,
    -0.792151075332));
#4273 = CARTESIAN_POINT('',(-4.634185084023E-02,-0.604431345888,
    -0.795592831115));
#4274 = CARTESIAN_POINT('',(-2.324667936601E-02,-0.602510627822,
    -0.797318400236));
#4275 = CARTESIAN_POINT('',(2.29403361711E-02,-0.602489442203,
    -0.797337433561));
#4276 = CARTESIAN_POINT('',(4.603765644144E-02,-0.604389140555,
    -0.795630748322));
#4277 = CARTESIAN_POINT('',(6.900379164936E-02,-0.608199319999,
    -0.79220736804));
#4278 = CARTESIAN_POINT('',(9.170337630063E-02,-0.613930609931,
    -0.787121327132));
#4279 = CARTESIAN_POINT('',(0.11394334136,-0.621590929117,
    -0.780492189716));
#4280 = CARTESIAN_POINT('',(0.159188548429,-0.641596567421,
    -0.763716184114));
#4281 = CARTESIAN_POINT('',(0.182056224846,-0.654337380675,
    -0.753280858913));
#4282 = CARTESIAN_POINT('',(0.203771718803,-0.669256434838,
    -0.741442202631));
#4283 = CARTESIAN_POINT('',(0.224031982384,-0.686201228587,
    -0.728512747899));
#4284 = CARTESIAN_POINT('',(0.24257277343,-0.704948235998,
    -0.714787971592));
#4285 = CARTESIAN_POINT('',(0.259194030752,-0.725240660967,
    -0.700525977723));
#4286 = ORIENTED_EDGE('',*,*,#4287,.F.);
#4287 = EDGE_CURVE('',#3762,#4261,#4288,.T.);
#4288 = LINE('',#4289,#4290);
#4289 = CARTESIAN_POINT('',(0.259194030752,-0.725240660967,0.64));
#4290 = VECTOR('',#4291,1.);
#4291 = DIRECTION('',(0.,0.,-1.));
#4292 = CYLINDRICAL_SURFACE('',#4293,0.335043068793);
#4293 = AXIS2_PLACEMENT_3D('',#4294,#4295,#4296);
#4294 = CARTESIAN_POINT('',(-5.E-16,-0.937543068793,0.64));
#4295 = DIRECTION('',(-0.,-0.,1.));
#4296 = DIRECTION('',(-0.773614066055,0.633657065613,0.));
#4297 = ADVANCED_FACE('',(#4298),#4335,.F.);
#4298 = FACE_BOUND('',#4299,.F.);
#4299 = EDGE_LOOP('',(#4300,#4301,#4302,#4329));
#4300 = ORIENTED_EDGE('',*,*,#3761,.F.);
#4301 = ORIENTED_EDGE('',*,*,#4287,.T.);
#4302 = ORIENTED_EDGE('',*,*,#4303,.T.);
#4303 = EDGE_CURVE('',#4261,#4304,#4306,.T.);
#4304 = VERTEX_POINT('',#4305);
#4305 = CARTESIAN_POINT('',(0.498479820879,-0.587088945624,
    -0.700525977723));
#4306 = B_SPLINE_CURVE_WITH_KNOTS('',6,(#4307,#4308,#4309,#4310,#4311,
    #4312,#4313,#4314,#4315,#4316,#4317,#4318,#4319,#4320,#4321,#4322,
    #4323,#4324,#4325,#4326,#4327,#4328),.UNSPECIFIED.,.F.,.F.,(7,5,5,5,
    7),(0.,0.125915259474,0.500023885498,0.87413274214,1.),
  .UNSPECIFIED.);
#4307 = CARTESIAN_POINT('',(0.259194030752,-0.725240660967,
    -0.700525977723));
#4308 = CARTESIAN_POINT('',(0.264419344646,-0.731620099542,
    -0.696042358147));
#4309 = CARTESIAN_POINT('',(0.27009653983,-0.737631366667,
    -0.691664302086));
#4310 = CARTESIAN_POINT('',(0.276193225909,-0.743234396119,
    -0.687414696985));
#4311 = CARTESIAN_POINT('',(0.28267304635,-0.748393430257,
    -0.683314410003));
#4312 = CARTESIAN_POINT('',(0.289495678492,-0.753077020021,
    -0.679382288011));
#4313 = CARTESIAN_POINT('',(0.31777459903,-0.769680268357,
    -0.664502004881));
#4314 = CARTESIAN_POINT('',(0.341570746457,-0.777668229774,
    -0.65500090082));
#4315 = CARTESIAN_POINT('',(0.366852857795,-0.780518065406,
    -0.647577333461));
#4316 = CARTESIAN_POINT('',(0.392205095104,-0.777912799307,
    -0.642524501229));
#4317 = CARTESIAN_POINT('',(0.416160216048,-0.770094680422,
    -0.639999192717));
#4318 = CARTESIAN_POINT('',(0.458856173854,-0.745440312748,
    -0.640000807593));
#4319 = CARTESIAN_POINT('',(0.477602151186,-0.728601088247,-0.6425277343
    ));
#4320 = CARTESIAN_POINT('',(0.492531699451,-0.707946020894,
    -0.647582128931));
#4321 = CARTESIAN_POINT('',(0.502701568343,-0.684624785669,
    -0.655007145357));
#4322 = CARTESIAN_POINT('',(0.507678540321,-0.660022072408,
    -0.664509530487));
#4323 = CARTESIAN_POINT('',(0.50743475983,-0.627233373971,-0.67938979386
    ));
#4324 = CARTESIAN_POINT('',(0.50678932527,-0.618986248217,
    -0.683320669954));
#4325 = CARTESIAN_POINT('',(0.505561189319,-0.610798293307,
    -0.687419563309));
#4326 = CARTESIAN_POINT('',(0.503757422585,-0.602720093757,
    -0.691667647982));
#4327 = CARTESIAN_POINT('',(0.501390804012,-0.594800963449,
    -0.696044076072));
#4328 = CARTESIAN_POINT('',(0.498479820879,-0.587088945624,
    -0.700525977723));
#4329 = ORIENTED_EDGE('',*,*,#4330,.F.);
#4330 = EDGE_CURVE('',#3753,#4304,#4331,.T.);
#4331 = LINE('',#4332,#4333);
#4332 = CARTESIAN_POINT('',(0.498479820879,-0.587088945624,0.64));
#4333 = VECTOR('',#4334,1.);
#4334 = DIRECTION('',(0.,0.,-1.));
#4335 = CYLINDRICAL_SURFACE('',#4336,0.14);
#4336 = AXIS2_PLACEMENT_3D('',#4337,#4338,#4339);
#4337 = CARTESIAN_POINT('',(0.3675,-0.636528671782,0.64));
#4338 = DIRECTION('',(0.,0.,1.));
#4339 = DIRECTION('',(-0.773614066055,-0.633657065613,0.));
#4340 = ADVANCED_FACE('',(#4341),#4371,.T.);
#4341 = FACE_BOUND('',#4342,.F.);
#4342 = EDGE_LOOP('',(#4343,#4344,#4345,#4370));
#4343 = ORIENTED_EDGE('',*,*,#3752,.T.);
#4344 = ORIENTED_EDGE('',*,*,#4330,.T.);
#4345 = ORIENTED_EDGE('',*,*,#4346,.T.);
#4346 = EDGE_CURVE('',#4304,#3859,#4347,.T.);
#4347 = B_SPLINE_CURVE_WITH_KNOTS('',6,(#4348,#4349,#4350,#4351,#4352,
    #4353,#4354,#4355,#4356,#4357,#4358,#4359,#4360,#4361,#4362,#4363,
    #4364,#4365,#4366,#4367,#4368,#4369),.UNSPECIFIED.,.F.,.F.,(7,5,5,5,
    7),(0.,0.261520512093,0.499736358837,0.737962727257,1.),
  .UNSPECIFIED.);
#4348 = CARTESIAN_POINT('',(0.498479820879,-0.587088945624,
    -0.700525977723));
#4349 = CARTESIAN_POINT('',(0.489234980541,-0.562596748243,
    -0.714759816698));
#4350 = CARTESIAN_POINT('',(0.4822792554,-0.537218521022,-0.728458488869
    ));
#4351 = CARTESIAN_POINT('',(0.477734142467,-0.511253845081,
    -0.741365604421));
#4352 = CARTESIAN_POINT('',(0.475661080538,-0.485041550047,
    -0.753187261585));
#4353 = CARTESIAN_POINT('',(0.476040787405,-0.458918393428,
    -0.76361296191));
#4354 = CARTESIAN_POINT('',(0.481287635146,-0.40977631305,
    -0.780402295518));
#4355 = CARTESIAN_POINT('',(0.485752504714,-0.386681164194,
    -0.787047560198));
#4356 = CARTESIAN_POINT('',(0.49211840825,-0.364150807598,
    -0.792151075332));
#4357 = CARTESIAN_POINT('',(0.500281974963,-0.34234889303,
    -0.795592831115));
#4358 = CARTESIAN_POINT('',(0.510166170061,-0.321387528795,
    -0.797318400236));
#4359 = CARTESIAN_POINT('',(0.533241330545,-0.281377807206,
    -0.797337433561));
#4360 = CARTESIAN_POINT('',(0.546435177713,-0.262324790268,
    -0.795630748322));
#4361 = CARTESIAN_POINT('',(0.561217957508,-0.244340623474,
    -0.79220736804));
#4362 = CARTESIAN_POINT('',(0.577531192511,-0.227547851476,
    -0.787121327132));
#4363 = CARTESIAN_POINT('',(0.595285206057,-0.212117636348,
    -0.780492189716));
#4364 = CARTESIAN_POINT('',(0.635233200582,-0.18293695678,
    -0.763716184114));
#4365 = CARTESIAN_POINT('',(0.657700906733,-0.169503374704,
    -0.753280858913));
#4366 = CARTESIAN_POINT('',(0.681478933618,-0.158156732363,
    -0.741442202631));
#4367 = CARTESIAN_POINT('',(0.706283687257,-0.149083226289,
    -0.728512747899));
#4368 = CARTESIAN_POINT('',(0.731789467442,-0.142399933942,
    -0.714787971592));
#4369 = CARTESIAN_POINT('',(0.757673851631,-0.138151715343,
    -0.700525977723));
#4370 = ORIENTED_EDGE('',*,*,#3858,.F.);
#4371 = CYLINDRICAL_SURFACE('',#4372,0.335043068793);
#4372 = AXIS2_PLACEMENT_3D('',#4373,#4374,#4375);
#4373 = CARTESIAN_POINT('',(0.811936114716,-0.468771534396,0.64));
#4374 = DIRECTION('',(-0.,-0.,1.));
#4375 = DIRECTION('',(-0.935570149136,-0.353140901122,-0.));
#4376 = ADVANCED_FACE('',(#4377),#4408,.F.);
#4377 = FACE_BOUND('',#4378,.F.);
#4378 = EDGE_LOOP('',(#4379,#4387,#4394,#4395,#4396,#4397,#4398,#4399,
    #4400,#4401,#4402,#4403,#4404,#4405,#4406,#4407));
#4379 = ORIENTED_EDGE('',*,*,#4380,.T.);
#4380 = EDGE_CURVE('',#4125,#4381,#4383,.T.);
#4381 = VERTEX_POINT('',#4382);
#4382 = CARTESIAN_POINT('',(-0.12124355653,-0.,-1.075181485541));
#4383 = LINE('',#4384,#4385);
#4384 = CARTESIAN_POINT('',(-3.092025033688,-7.6E-16,0.64));
#4385 = VECTOR('',#4386,1.);
#4386 = DIRECTION('',(0.866025403784,2.1E-16,-0.5));
#4387 = ORIENTED_EDGE('',*,*,#4388,.F.);
#4388 = EDGE_CURVE('',#4381,#4381,#4389,.T.);
#4389 = CIRCLE('',#4390,0.12124355653);
#4390 = AXIS2_PLACEMENT_3D('',#4391,#4392,#4393);
#4391 = CARTESIAN_POINT('',(0.,0.,-1.075181485541));
#4392 = DIRECTION('',(0.,0.,-1.));
#4393 = DIRECTION('',(-1.,0.,-0.));
#4394 = ORIENTED_EDGE('',*,*,#4380,.F.);
#4395 = ORIENTED_EDGE('',*,*,#4124,.F.);
#4396 = ORIENTED_EDGE('',*,*,#4081,.F.);
#4397 = ORIENTED_EDGE('',*,*,#4038,.F.);
#4398 = ORIENTED_EDGE('',*,*,#3995,.F.);
#4399 = ORIENTED_EDGE('',*,*,#3952,.F.);
#4400 = ORIENTED_EDGE('',*,*,#3909,.F.);
#4401 = ORIENTED_EDGE('',*,*,#3866,.F.);
#4402 = ORIENTED_EDGE('',*,*,#4346,.F.);
#4403 = ORIENTED_EDGE('',*,*,#4303,.F.);
#4404 = ORIENTED_EDGE('',*,*,#4260,.F.);
#4405 = ORIENTED_EDGE('',*,*,#4217,.F.);
#4406 = ORIENTED_EDGE('',*,*,#4174,.F.);
#4407 = ORIENTED_EDGE('',*,*,#4141,.F.);
#4408 = CONICAL_SURFACE('',#4409,3.092025033688,1.047197551197);
#4409 = AXIS2_PLACEMENT_3D('',#4410,#4411,#4412);
#4410 = CARTESIAN_POINT('',(0.,0.,0.64));
#4411 = DIRECTION('',(-0.,-0.,1.));
#4412 = DIRECTION('',(-1.,0.,-0.));
#4413 = ADVANCED_FACE('',(#4414),#4417,.F.);
#4414 = FACE_BOUND('',#4415,.F.);
#4415 = EDGE_LOOP('',(#4416));
#4416 = ORIENTED_EDGE('',*,*,#4388,.T.);
#4417 = PLANE('',#4418);
#4418 = AXIS2_PLACEMENT_3D('',#4419,#4420,#4421);
#4419 = CARTESIAN_POINT('',(0.,0.,-1.075181485541));
#4420 = DIRECTION('',(0.,0.,-1.));
#4421 = DIRECTION('',(-1.,0.,-0.));
#4422 = ( GEOMETRIC_REPRESENTATION_CONTEXT(3) 
GLOBAL_UNCERTAINTY_ASSIGNED_CONTEXT((#4426)) 
GLOBAL_UNIT_ASSIGNED_CONTEXT((#4423,#4424,#4425)) REPRESENTATION_CONTEXT
('Context #1','3D Context with UNIT and UNCERTAINTY') );
#4423 = ( LENGTH_UNIT() NAMED_UNIT(*) SI_UNIT(.MILLI.,.METRE.) );
#4424 = ( NAMED_UNIT(*) PLANE_ANGLE_UNIT() SI_UNIT($,.RADIAN.) );
#4425 = ( NAMED_UNIT(*) SI_UNIT($,.STERADIAN.) SOLID_ANGLE_UNIT() );
#4426 = UNCERTAINTY_MEASURE_WITH_UNIT(LENGTH_MEASURE(1.E-05),#4423,
  'distance_accuracy_value','confusion accuracy');
#4427 = PRODUCT_RELATED_PRODUCT_CATEGORY('part',$,(#7));
#4428 = MECHANICAL_DESIGN_GEOMETRIC_PRESENTATION_REPRESENTATION('',(
    #4429),#4422);
#4429 = STYLED_ITEM('color',(#4430),#15);
#4430 = PRESENTATION_STYLE_ASSIGNMENT((#4431,#4437));
#4431 = SURFACE_STYLE_USAGE(.BOTH.,#4432);
#4432 = SURFACE_SIDE_STYLE('',(#4433));
#4433 = SURFACE_STYLE_FILL_AREA(#4434);
#4434 = FILL_AREA_STYLE('',(#4435));
#4435 = FILL_AREA_STYLE_COLOUR('',#4436);
#4436 = COLOUR_RGB('',0.800000010877,0.800000010877,0.800000010877);
#4437 = CURVE_STYLE('',#4438,POSITIVE_LENGTH_MEASURE(0.1),#4439);
#4438 = DRAUGHTING_PRE_DEFINED_CURVE_FONT('continuous');
#4439 = COLOUR_RGB('',9.803921802644E-02,9.803921802644E-02,
  9.803921802644E-02);
ENDSEC;
END-ISO-10303-21;
